ESid	ESid2	Editing_Index	Gene	Location	Mutation	REDIportal_info	rmsk	known_a_i	rep_type	Function
chr1:110891472:G:A	chr1:110891472:G:A	C:T	CD53	splicing	unknown	.	.	FALSE	None	splicing
chr1:119997119:G:A	chr1:119997119:C:T	C:T	NOTCH2	exonic	nonsynonymous SNV	.	.	FALSE	None	exonic
chr1:120461383:C:T	chr1:120461383:C:T	C:T	NBPF8	exonic	synonymous SNV	.	.	FALSE	None	exonic
chr1:120841618:A:G	chr1:120841618:A:G	A:G	NBPF26	UTR3	unknown	.	Name=L1MC4	FALSE	LINE	UTR3
chr1:12200752:A:G	chr1:12200752:A:G	A:G	TNFRSF1B	intronic	unknown	A;G;+;A||R;ALU;-;SINE/AluSp;intronic;TNFRSF1B;-;-;intronic;TNFRSF1B;-;-;intronic;TNFRSF1B;-;-;-;390;23;37	Name=AluSp	TRUE	Alu	intronic
chr1:145923163:T:C	chr1:145923163:T:C	A:G	GNRHR2	ncRNA
intronic	unknown	.	Name=AluY	FALSE	Alu	ncRNA
chr1:146156641:G:A	chr1:146156641:C:T	C:T	NOTCH2NLA	exonic	nonsynonymous SNV	.	.	FALSE	None	exonic
chr1:146995600:A:G	chr1:146995600:A:G	A:G	NBPF12	UTR3	unknown	A;G;+;A||R||D;REP;-;LINE/L1MC4;UTR3;NBPF12;-;-;ncRNA_intronic;NBPF25P;-;-;UTR3;LOC100288142||NBPF10||NBPF12;-;-;-;2450;30;53	Name=L1MC4	TRUE	LINE	UTR3
chr1:148102644:T:C	chr1:148102644:A:G	A:G	NBPF11	UTR3	unknown	T;C;-;R||D;REP;-;LINE/L1MC4;downstream;NBPF24;-;-;UTR3;NBPF11||NBPF8;-;-;UTR3;NBPF24||NBPF8;-;-;-;0;0;0	Name=L1MC4	TRUE	LINE	UTR3
chr1:148532070:T:C	chr1:148532070:A:G	A:G	NBPF14	UTR3	unknown	.	Name=L1MC4	FALSE	LINE	UTR3
chr1:148532133:T:C	chr1:148532133:A:G	A:G	NBPF14	UTR3	unknown	T;C;-;A||R;NONREP;-;-/-;UTR3;NBPF20;-;-;ncRNA_intronic;NBPF25P;-;-;UTR3;NBPF14||NBPF9;-;-;-;1244;30;53	Name=L1MC4	TRUE	LINE	UTR3
chr1:148532139:T:C	chr1:148532139:A:G	A:G	NBPF14	UTR3	unknown	T;C;-;A||R;NONREP;-;-/-;UTR3;NBPF20;-;-;ncRNA_intronic;NBPF25P;-;-;UTR3;NBPF14||NBPF9;-;-;-;1;1;1	Name=L1MC4	TRUE	LINE	UTR3
chr1:148532191:T:C	chr1:148532191:A:G	A:G	NBPF14	UTR3	unknown	T;C;-;A;REP;-;LINE/L1MC4;UTR3;NBPF20;-;-;ncRNA_intronic;NBPF25P;-;-;UTR3;NBPF14||NBPF9;-;-;-;134;26;42	Name=L1MC4	TRUE	LINE	UTR3
chr1:148532206:T:C	chr1:148532206:A:G	A:G	NBPF14	UTR3	unknown	.	Name=L1MC4	FALSE	LINE	UTR3
chr1:148532209:T:C	chr1:148532209:A:G	A:G	NBPF14	UTR3	unknown	.	Name=L1MC4	FALSE	LINE	UTR3
chr1:148532213:T:C	chr1:148532213:A:G	A:G	NBPF14	UTR3	unknown	.	Name=L1MC4	FALSE	LINE	UTR3
chr1:148978057:T:C	chr1:148978057:T:C	A:G	PDE4DIP	intronic	unknown	.	.	FALSE	None	intronic
chr1:149054720:T:C	chr1:149054720:A:G	A:G	NBPF9	UTR3	unknown	.	Name=L1MC4	FALSE	LINE	UTR3
chr1:149054790:T:C	chr1:149054790:A:G	A:G	NBPF9	UTR3	unknown	.	.	FALSE	None	UTR3
chr1:149054842:T:C	chr1:149054842:A:G	A:G	NBPF9	UTR3	unknown	.	.	FALSE	None	UTR3
chr1:149054864:T:C	chr1:149054864:A:G	A:G	NBPF9	UTR3	unknown	.	.	FALSE	None	UTR3
chr1:149055001:T:C	chr1:149055001:A:G	A:G	NBPF9	UTR3	unknown	.	.	FALSE	None	UTR3
chr1:149555530:A:G	chr1:149555530:A:G	A:G	NBPF19	UTR3	unknown	.	.	FALSE	None	UTR3
chr1:149555534:A:G	chr1:149555534:A:G	A:G	NBPF19	UTR3	unknown	.	.	FALSE	None	UTR3
chr1:149555537:A:G	chr1:149555537:A:G	A:G	NBPF19	UTR3	unknown	.	.	FALSE	None	UTR3
chr1:149555552:A:G	chr1:149555552:A:G	A:G	NBPF19	UTR3	unknown	.	.	FALSE	None	UTR3
chr1:149555580:A:G	chr1:149555580:A:G	A:G	NBPF19	UTR3	unknown	.	.	FALSE	None	UTR3
chr1:149555604:A:G	chr1:149555604:A:G	A:G	NBPF19	UTR3	unknown	.	.	FALSE	None	UTR3
chr1:149555610:A:G	chr1:149555610:A:G	A:G	NBPF19	UTR3	unknown	.	.	FALSE	None	UTR3
chr1:149555673:A:G	chr1:149555673:A:G	A:G	NBPF19	UTR3	unknown	.	Name=L1MC4	FALSE	LINE	UTR3
chr1:149555763:A:G	chr1:149555763:A:G	A:G	NBPF19	UTR3	unknown	.	Name=L1MC4	FALSE	LINE	UTR3
chr1:149621730:T:C	chr1:149621730:T:C	A:G	LINC00869	ncRNA
intronic	unknown	.	.	FALSE	None	ncRNA
chr1:150731136:T:C	chr1:150731136:A:G	A:G	CTSS	UTR3	unknown	T;C;-;A||R||D;ALU;-;SINE/AluSx;UTR3;CTSS;-;-;UTR3;CTSS;-;-;UTR3;CTSS;-;-;-;1156;30;54	Name=AluSx	TRUE	Alu	UTR3
chr1:150731137:T:C	chr1:150731137:A:G	A:G	CTSS	UTR3	unknown	T;C;-;A||R||D;ALU;-;SINE/AluSx;UTR3;CTSS;-;-;UTR3;CTSS;-;-;UTR3;CTSS;-;-;-;1233;30;55	Name=AluSx	TRUE	Alu	UTR3
chr1:150731143:T:C	chr1:150731143:A:G	A:G	CTSS	UTR3	unknown	T;C;-;A||R||D;ALU;-;SINE/AluSx;UTR3;CTSS;-;-;UTR3;CTSS;-;-;UTR3;CTSS;-;-;-;931;29;51	Name=AluSx	TRUE	Alu	UTR3
chr1:150731158:T:C	chr1:150731158:A:G	A:G	CTSS	UTR3	unknown	T;C;-;A||R;ALU;-;SINE/AluSx;UTR3;CTSS;-;-;UTR3;CTSS;-;-;UTR3;CTSS;-;-;-;787;28;47	Name=AluSx	TRUE	Alu	UTR3
chr1:150731203:T:C	chr1:150731203:A:G	A:G	CTSS	UTR3	unknown	T;C;-;A||R||D;ALU;-;SINE/AluSx;UTR3;CTSS;-;-;UTR3;CTSS;-;-;UTR3;CTSS;-;-;-;771;26;44	Name=AluSx	TRUE	Alu	UTR3
chr1:150731216:T:C	chr1:150731216:A:G	A:G	CTSS	UTR3	unknown	T;C;-;A||R||D;ALU;-;SINE/AluSx;UTR3;CTSS;-;-;UTR3;CTSS;-;-;UTR3;CTSS;-;-;-;849;27;45	Name=AluSx	TRUE	Alu	UTR3
chr1:150731222:T:C	chr1:150731222:A:G	A:G	CTSS	UTR3	unknown	T;C;-;A||R||D;ALU;-;SINE/AluSx;UTR3;CTSS;-;-;UTR3;CTSS;-;-;UTR3;CTSS;-;-;-;874;27;47	Name=AluSx	TRUE	Alu	UTR3
chr1:150731225:T:C	chr1:150731225:A:G	A:G	CTSS	UTR3	unknown	T;C;-;A||R||D;ALU;-;SINE/AluSx;UTR3;CTSS;-;-;UTR3;CTSS;-;-;UTR3;CTSS;-;-;-;851;27;46	Name=AluSx	TRUE	Alu	UTR3
chr1:150731239:T:C	chr1:150731239:A:G	A:G	CTSS	UTR3	unknown	T;C;-;A||R||D;ALU;-;SINE/AluSx;UTR3;CTSS;-;-;UTR3;CTSS;-;-;UTR3;CTSS;-;-;-;626;26;40	Name=AluSx	TRUE	Alu	UTR3
chr1:150731240:T:C	chr1:150731240:A:G	A:G	CTSS	UTR3	unknown	T;C;-;A||R||D;ALU;-;SINE/AluSx;UTR3;CTSS;-;-;UTR3;CTSS;-;-;UTR3;CTSS;-;-;-;706;28;43	Name=AluSx	TRUE	Alu	UTR3
chr1:150731244:T:C	chr1:150731244:A:G	A:G	CTSS	UTR3	unknown	T;C;-;A||R||D;ALU;-;SINE/AluSx;UTR3;CTSS;-;-;UTR3;CTSS;-;-;UTR3;CTSS;-;-;-;927;28;44	Name=AluSx	TRUE	Alu	UTR3
chr1:150731276:T:C	chr1:150731276:A:G	A:G	CTSS	UTR3	unknown	T;C;-;A||R||D;ALU;-;SINE/AluSx;UTR3;CTSS;-;-;UTR3;CTSS;-;-;UTR3;CTSS;-;-;-;1184;30;52	Name=AluSx	TRUE	Alu	UTR3
chr1:150731937:T:C	chr1:150731937:A:G	A:G	CTSS	UTR3	unknown	T;C;-;A||R||D;ALU;-;SINE/AluJo;UTR3;CTSS;-;-;UTR3;CTSS;-;-;UTR3;CTSS;-;-;-;1285;30;53	Name=AluJo	TRUE	Alu	UTR3
chr1:150731942:T:C	chr1:150731942:A:G	A:G	CTSS	UTR3	unknown	T;C;-;A||R||D;ALU;-;SINE/AluJo;UTR3;CTSS;-;-;UTR3;CTSS;-;-;UTR3;CTSS;-;-;-;1098;28;50	Name=AluJo	TRUE	Alu	UTR3
chr1:150732005:T:C	chr1:150732005:A:G	A:G	CTSS	UTR3	unknown	T;C;-;A||R||D;ALU;-;SINE/AluJo;UTR3;CTSS;-;-;UTR3;CTSS;-;-;UTR3;CTSS;-;-;-;1149;30;51	Name=AluJo	TRUE	Alu	UTR3
chr1:150732007:T:C	chr1:150732007:A:G	A:G	CTSS	UTR3	unknown	T;C;-;A||R||D;ALU;-;SINE/AluJo;UTR3;CTSS;-;-;UTR3;CTSS;-;-;UTR3;CTSS;-;-;-;1204;30;53	Name=AluJo	TRUE	Alu	UTR3
chr1:150732010:T:C	chr1:150732010:A:G	A:G	CTSS	UTR3	unknown	T;C;-;A||R||D;ALU;-;SINE/AluJo;UTR3;CTSS;-;-;UTR3;CTSS;-;-;UTR3;CTSS;-;-;-;1167;30;54	Name=AluJo	TRUE	Alu	UTR3
chr1:150732024:T:C	chr1:150732024:A:G	A:G	CTSS	UTR3	unknown	T;C;-;A||R||D;ALU;-;SINE/AluJo;UTR3;CTSS;-;-;UTR3;CTSS;-;-;UTR3;CTSS;-;-;-;998;30;51	Name=AluJo	TRUE	Alu	UTR3
chr1:150732068:T:C	chr1:150732068:A:G	A:G	CTSS	UTR3	unknown	T;C;-;A||R||D;ALU;-;SINE/AluJo;UTR3;CTSS;-;-;UTR3;CTSS;-;-;UTR3;CTSS;-;-;-;1019;30;52	Name=AluJo	TRUE	Alu	UTR3
chr1:150732109:T:C	chr1:150732109:A:G	A:G	CTSS	UTR3	unknown	T;C;-;A||R||D;ALU;-;SINE/AluJo;UTR3;CTSS;-;-;UTR3;CTSS;-;-;UTR3;CTSS;-;-;-;1000;30;51	Name=AluJo	TRUE	Alu	UTR3
chr1:150732111:T:C	chr1:150732111:A:G	A:G	CTSS	UTR3	unknown	T;C;-;A||R||D;ALU;-;SINE/AluJo;UTR3;CTSS;-;-;UTR3;CTSS;-;-;UTR3;CTSS;-;-;-;879;29;50	Name=AluJo	TRUE	Alu	UTR3
chr1:150732129:T:C	chr1:150732129:A:G	A:G	CTSS	UTR3	unknown	T;C;-;A||R||D;ALU;-;SINE/AluJo;UTR3;CTSS;-;-;UTR3;CTSS;-;-;UTR3;CTSS;-;-;-;922;30;52	Name=AluJo	TRUE	Alu	UTR3
chr1:150732160:T:C	chr1:150732160:A:G	A:G	CTSS	UTR3	unknown	T;C;-;A||R||D;ALU;-;SINE/AluJo;UTR3;CTSS;-;-;UTR3;CTSS;-;-;UTR3;CTSS;-;-;-;1124;30;53	Name=AluJo	TRUE	Alu	UTR3
chr1:150732177:T:C	chr1:150732177:A:G	A:G	CTSS	UTR3	unknown	T;C;-;A||R||D;ALU;-;SINE/AluJo;UTR3;CTSS;-;-;UTR3;CTSS;-;-;UTR3;CTSS;-;-;-;799;29;51	Name=AluJo	TRUE	Alu	UTR3
chr1:150732183:T:C	chr1:150732183:A:G	A:G	CTSS	UTR3	unknown	T;C;-;A||R||D;ALU;-;SINE/AluJo;UTR3;CTSS;-;-;UTR3;CTSS;-;-;UTR3;CTSS;-;-;-;797;29;51	Name=AluJo	TRUE	Alu	UTR3
chr1:150732184:T:C	chr1:150732184:A:G	A:G	CTSS	UTR3	unknown	T;C;-;A||R||D;ALU;-;SINE/AluJo;UTR3;CTSS;-;-;UTR3;CTSS;-;-;UTR3;CTSS;-;-;-;777;29;51	Name=AluJo	TRUE	Alu	UTR3
chr1:153535366:A:G	chr1:153535366:T:C	A:G	S100A6	intronic	unknown	.	.	FALSE	None	intronic
chr1:155726659:A:G	chr1:155726659:A:G	A:G	DAP3	intronic	unknown	A;G;+;A||R;REP;-;SINE/FRAM;intronic;DAP3||MSTO1;-;-;intronic;DAP3;-;-;intronic;DAP3||YY1AP1;-;-;-;605;30;48	Name=FRAM	TRUE	Other	intronic
chr1:160317394:T:C	chr1:160317394:T:C	A:G	SUMO1P3	ncRNA
exonic	unknown	.	.	FALSE	None	ncRNA
chr1:160895144:T:C	chr1:160895144:A:G	A:G	ITLN1	upstream	unknown	.	.	FALSE	None	upstream
chr1:160996561:T:C	chr1:160996561:A:G	A:G	F11R	UTR3	unknown	T;C;-;A||R||D;ALU;-;SINE/AluSg;UTR3;F11R;-;-;UTR3;F11R;-;-;UTR3;F11R;-;-;-;1957;30;55	Name=AluSg	TRUE	Alu	UTR3
chr1:160996562:T:C	chr1:160996562:A:G	A:G	F11R	UTR3	unknown	T;C;-;A||R||D;ALU;-;SINE/AluSg;UTR3;F11R;-;-;UTR3;F11R;-;-;UTR3;F11R;-;-;-;1965;30;55	Name=AluSg	TRUE	Alu	UTR3
chr1:160996563:T:C	chr1:160996563:A:G	A:G	F11R	UTR3	unknown	T;C;-;A||R||D;ALU;-;SINE/AluSg;UTR3;F11R;-;-;UTR3;F11R;-;-;UTR3;F11R;-;-;-;2402;30;55	Name=AluSg	TRUE	Alu	UTR3
chr1:160998043:T:C	chr1:160998043:A:G	A:G	F11R	UTR3	unknown	T;C;-;A||R||D;ALU;-;SINE/AluSp;UTR3;F11R;-;-;UTR3;F11R;-;-;UTR3;F11R;-;-;475;114;2257;30;55	Name=AluSp	TRUE	Alu	UTR3
chr1:160998067:T:C	chr1:160998067:A:G	A:G	F11R	UTR3	unknown	T;C;-;A||R||D;ALU;-;SINE/AluSp;UTR3;F11R;-;-;UTR3;F11R;-;-;UTR3;F11R;-;-;475;114;16;6;6	Name=AluSp	TRUE	Alu	UTR3
chr1:168251251:A:G	chr1:168251251:A:G	A:G	SFT2D2	UTR3	unknown	A;G;+;A||R||D;ALU;-;SINE/AluSz6;UTR3;SFT2D2;-;-;intergenic;ANKRD36BP1||TBX19;-;-;intronic;TBX19;-;-;-;2332;30;55	Name=AluSz6	TRUE	Alu	UTR3
chr1:179350403:G:A	chr1:179350403:G:A	C:T	SOAT1	exonic	synonymous SNV	.	.	FALSE	None	exonic
chr1:184792178:T:C	chr1:184792178:A:G	A:G	NIBAN1	UTR3	unknown	T;C;-;A||R||D;ALU;-;SINE/AluJo;UTR3;FAM129A;-;-;UTR3;FAM129A;-;-;UTR3;FAM129A;-;-;-;2148;30;55	Name=AluJo	TRUE	Alu	UTR3
chr1:192716584:C:T	chr1:192716584:C:T	C:T	MIR4426	downstream	unknown	.	.	FALSE	None	downstream
chr1:19329136:A:G	chr1:19329136:A:G	A:G	SLC66A1	UTR3	unknown	A;G;+;A||R||D;ALU;-;SINE/AluSz;UTR3;PQLC2;-;-;UTR3;PQLC2;-;-;UTR3;PQLC2;-;-;-;2415;30;54	Name=AluSz	TRUE	Alu	UTR3
chr1:214605760:T:C	chr1:214605760:T:C	A:G	CENPF	intronic	unknown	.	.	FALSE	None	intronic
chr1:214605763:T:C	chr1:214605763:T:C	A:G	CENPF	intronic	unknown	.	.	FALSE	None	intronic
chr1:220058802:T:C	chr1:220058802:A:G	A:G	BPNT1	UTR3	unknown	T;C;-;A||R||D;ALU;-;SINE/AluSz;UTR3;BPNT1;-;-;ncRNA_intronic;RNU5F-1;-;-;ncRNA_intronic;RNU5F-1;-;-;-;2134;30;55	Name=AluSz	TRUE	Alu	UTR3
chr1:225786912:A:G	chr1:225786912:A:G	A:G	SRP9	exonic	nonsynonymous SNV	A;G;+;A||R||D;ALU;-;SINE/AluJo;exonic;SRP9;nonsynonymous	Name=AluJo	TRUE	Alu	exonic
chr1:236483736:G:A	chr1:236483736:G:A	C:T	EDARADD	UTR3	unknown	.	.	FALSE	None	UTR3
chr1:236483781:G:A	chr1:236483781:G:A	C:T	EDARADD	UTR3	unknown	.	.	FALSE	None	UTR3
chr1:236484362:T:C	chr1:236484362:T:C	A:G	EDARADD	UTR3	unknown	.	.	FALSE	None	UTR3
chr1:241532375:T:C	chr1:241532375:T:C	A:G	KMO	upstream	unknown	.	.	FALSE	None	upstream
chr1:241532376:A:G	chr1:241532376:A:G	A:G	KMO	upstream	unknown	.	.	FALSE	None	upstream
chr1:26280764:G:A	chr1:26280764:G:A	C:T	SH3BGRL3	splicing	unknown	.	.	FALSE	None	splicing
chr1:28335065:A:G	chr1:28335065:A:G	A:G	MED18	UTR3	unknown	A;G;+;A||R||D;ALU;-;SINE/AluSg;UTR3;MED18;-;-;UTR3;MED18;-;-;UTR3;MED18;-;-;325;28;2216;30;54	Name=AluSg	TRUE	Alu	UTR3
chr1:28335145:A:G	chr1:28335145:A:G	A:G	MED18	UTR3	unknown	A;G;+;A||R||D;ALU;-;SINE/AluSg;UTR3;MED18;-;-;UTR3;MED18;-;-;UTR3;MED18;-;-;-;2009;30;54	Name=AluSg	TRUE	Alu	UTR3
chr1:28335688:A:G	chr1:28335688:A:G	A:G	MED18	UTR3	unknown	A;G;+;A||R||D;ALU;-;SINE/AluSq2;UTR3;MED18;-;-;UTR3;MED18;-;-;UTR3;MED18;-;-;-;2391;30;55	Name=AluSq2	TRUE	Alu	UTR3
chr1:28498819:A:G	chr1:28498819:A:G	A:G	PHACTR4	UTR3	unknown	A;G;+;A||R||D;ALU;-;SINE/AluSg;UTR3;PHACTR4;-;-;UTR3;PHACTR4;-;-;UTR3;PHACTR4;-;-;-;2186;30;55	Name=AluSg	TRUE	Alu	UTR3
chr1:28499519:A:G	chr1:28499519:A:G	A:G	PHACTR4	UTR3	unknown	A;G;+;A||R||D;ALU;-;SINE/AluJb;UTR3;PHACTR4;-;-;UTR3;PHACTR4;-;-;UTR3;PHACTR4;-;-;-;2188;30;55	Name=AluJb	TRUE	Alu	UTR3
chr1:28499678:A:G	chr1:28499678:A:G	A:G	PHACTR4	UTR3	unknown	A;G;+;A||R||D;ALU;-;SINE/AluJb;UTR3;PHACTR4;-;-;UTR3;PHACTR4;-;-;UTR3;PHACTR4;-;-;-;2376;30;55	Name=AluJb	TRUE	Alu	UTR3
chr1:35351354:A:G	chr1:35351354:A:G	A:G	ZMYM4	intronic	unknown	.	.	FALSE	None	intronic
chr1:35602076:T:C	chr1:35602076:A:G	A:G	PSMB2	UTR3	unknown	T;C;-;A||R||D;ALU;-;SINE/AluJb;UTR3;PSMB2;-;-;UTR3;PSMB2;-;-;UTR3;PSMB2;-;-;-;2345;30;55	Name=AluJb	TRUE	Alu	UTR3
chr1:35602148:T:C	chr1:35602148:A:G	A:G	PSMB2	UTR3	unknown	T;C;-;A||R||D;ALU;-;SINE/AluJb;UTR3;PSMB2;-;-;UTR3;PSMB2;-;-;UTR3;PSMB2;-;-;-;2358;30;54	Name=AluJb	TRUE	Alu	UTR3
chr1:35602151:T:C	chr1:35602151:A:G	A:G	PSMB2	UTR3	unknown	T;C;-;A||R||D;ALU;-;SINE/AluJb;UTR3;PSMB2;-;-;UTR3;PSMB2;-;-;UTR3;PSMB2;-;-;-;2399;30;55	Name=AluJb	TRUE	Alu	UTR3
chr1:35602159:T:C	chr1:35602159:A:G	A:G	PSMB2	UTR3	unknown	T;C;-;A||R||D;ALU;-;SINE/AluJb;UTR3;PSMB2;-;-;UTR3;PSMB2;-;-;UTR3;PSMB2;-;-;-;2607;30;55	Name=AluJb	TRUE	Alu	UTR3
chr1:35602216:T:C	chr1:35602216:A:G	A:G	PSMB2	UTR3	unknown	T;C;-;A||R||D;ALU;-;SINE/AluJb;UTR3;PSMB2;-;-;UTR3;PSMB2;-;-;UTR3;PSMB2;-;-;-;2559;30;55	Name=AluJb	TRUE	Alu	UTR3
chr1:35602237:T:C	chr1:35602237:A:G	A:G	PSMB2	UTR3	unknown	T;C;-;A||R||D;ALU;-;SINE/AluJb;UTR3;PSMB2;-;-;UTR3;PSMB2;-;-;UTR3;PSMB2;-;-;-;2482;30;55	Name=AluJb	TRUE	Alu	UTR3
chr1:35602583:T:C	chr1:35602583:A:G	A:G	PSMB2	UTR3	unknown	T;C;-;A||R||D;ALU;-;SINE/AluSc;UTR3;PSMB2;-;-;UTR3;PSMB2;-;-;UTR3;PSMB2;-;-;-;2447;30;54	Name=AluSc	TRUE	Alu	UTR3
chr1:35602594:T:C	chr1:35602594:A:G	A:G	PSMB2	UTR3	unknown	T;C;-;R||D;ALU;-;SINE/AluSc;UTR3;PSMB2;-;-;UTR3;PSMB2;-;-;UTR3;PSMB2;-;-;-;629;30;53	Name=AluSc	TRUE	Alu	UTR3
chr1:35602609:T:C	chr1:35602609:A:G	A:G	PSMB2	UTR3	unknown	T;C;-;A||R||D;ALU;-;SINE/AluSc;UTR3;PSMB2;-;-;UTR3;PSMB2;-;-;UTR3;PSMB2;-;-;-;2404;30;54	Name=AluSc	TRUE	Alu	UTR3
chr1:35602674:T:C	chr1:35602674:A:G	A:G	PSMB2	UTR3	unknown	T;C;-;A||R||D;ALU;-;SINE/AluSc;UTR3;PSMB2;-;-;UTR3;PSMB2;-;-;UTR3;PSMB2;-;-;-;5;3;3	Name=AluSc	TRUE	Alu	UTR3
chr1:35602675:T:C	chr1:35602675:A:G	A:G	PSMB2	UTR3	unknown	T;C;-;A||R||D;ALU;-;SINE/AluSc;UTR3;PSMB2;-;-;UTR3;PSMB2;-;-;UTR3;PSMB2;-;-;-;4;2;2	Name=AluSc	TRUE	Alu	UTR3
chr1:35602694:T:C	chr1:35602694:A:G	A:G	PSMB2	UTR3	unknown	T;C;-;A||R||D;ALU;-;SINE/AluSc;UTR3;PSMB2;-;-;UTR3;PSMB2;-;-;UTR3;PSMB2;-;-;-;2202;30;54	Name=AluSc	TRUE	Alu	UTR3
chr1:35602768:T:C	chr1:35602768:A:G	A:G	PSMB2	UTR3	unknown	T;C;-;A||R||D;ALU;-;SINE/AluSc;UTR3;PSMB2;-;-;UTR3;PSMB2;-;-;UTR3;PSMB2;-;-;-;2118;30;55	Name=AluSc	TRUE	Alu	UTR3
chr1:35602769:T:C	chr1:35602769:A:G	A:G	PSMB2	UTR3	unknown	T;C;-;A||R||D;ALU;-;SINE/AluSc;UTR3;PSMB2;-;-;UTR3;PSMB2;-;-;UTR3;PSMB2;-;-;-;2455;30;55	Name=AluSc	TRUE	Alu	UTR3
chr1:37860971:T:C	chr1:37860971:A:G	A:G	INPP5B	UTR3	unknown	T;C;-;A||R||D;ALU;-;SINE/AluJr;ncRNA_exonic;RP11-109P14.10;-;-;UTR3;INPP5B;-;-;UTR3;INPP5B;-;-;-;2474;30;55	Name=AluJr	TRUE	Alu	UTR3
chr1:37861056:T:C	chr1:37861056:A:G	A:G	INPP5B	UTR3	unknown	T;C;-;A||R||D;ALU;-;SINE/AluJr;ncRNA_exonic;RP11-109P14.10;-;-;UTR3;INPP5B;-;-;UTR3;INPP5B;-;-;-;2587;30;55	Name=AluJr	TRUE	Alu	UTR3
chr1:39561754:G:A	chr1:39561754:C:T	C:T	PABPC4	exonic	nonsynonymous SNV	.	.	FALSE	None	exonic
chr1:89103571:A:G	chr1:89103571:T:C	A:G	GBP2	downstream	unknown	.	.	FALSE	None	downstream
chr1:89103837:G:A	chr1:89103837:C:T	C:T	GBP2	downstream	unknown	.	.	FALSE	None	downstream
chr1:89183779:T:C	chr1:89183779:A:G	A:G	GBP4	UTR3	unknown	T;C;-;A||R||D;ALU;-;SINE/AluJb;UTR3;GBP4;-;-;UTR3;GBP4;-;-;UTR3;GBP4;-;-;-;971;30;55	Name=AluJb	TRUE	Alu	UTR3
chr1:89183866:T:C	chr1:89183866:A:G	A:G	GBP4	UTR3	unknown	T;C;-;A||R||D;ALU;-;SINE/AluJb;UTR3;GBP4;-;-;UTR3;GBP4;-;-;UTR3;GBP4;-;-;-;1313;30;55	Name=AluJb	TRUE	Alu	UTR3
chr1:9100917:T:C	chr1:9100917:A:G	A:G	GPR157	UTR3	unknown	T;C;-;A||R;ALU;-;SINE/AluJb;UTR3;GPR157;-;-;intergenic;SLC2A5||GPR157;-;-;intergenic;SLC2A5||GPR157;-;-;-;1250;30;46	Name=AluJb	TRUE	Alu	UTR3
chr1:9149019:T:C	chr1:9149019:A:G	A:G	MIR34AHG	ncRNA
exonic	unknown	T;C;-;A||R||D;ALU;-;SINE/AluSx1;intergenic;GPR157||MIR34A;-;-;ncRNA_exonic;MIR34AHG;-;-;UTR3;mir-34;-;-;-;1878;30;54	Name=AluSx1	TRUE	Alu	ncRNA
chr1:9267987:A:G	chr1:9267987:A:G	A:G	H6PD	UTR3	unknown	A;G;+;A||R||D;ALU;-;SINE/AluJr;UTR3;H6PD;-;-;UTR3;H6PD;-;-;UTR3;H6PD;-;-;-;1850;30;55	Name=AluJr	TRUE	Alu	UTR3
chr1:9268183:A:G	chr1:9268183:A:G	A:G	H6PD	UTR3	unknown	A;G;+;A||R||D;ALU;-;SINE/AluJr;UTR3;H6PD;-;-;UTR3;H6PD;-;-;UTR3;H6PD;-;-;-;1503;30;55	Name=AluJr	TRUE	Alu	UTR3
chr1:9268184:A:G	chr1:9268184:A:G	A:G	H6PD	UTR3	unknown	A;G;+;A||R||D;ALU;-;SINE/AluJr;UTR3;H6PD;-;-;UTR3;H6PD;-;-;UTR3;H6PD;-;-;-;2177;30;55	Name=AluJr	TRUE	Alu	UTR3
chr1:93155737:T:C	chr1:93155737:A:G	A:G	TMED5	intronic	unknown	T;C;-;A||R||D;REP;-;SINE/FAM;intronic;TMED5;-;-;intronic;TMED5;-;-;intronic;TMED5;-;-;-;966;29;53	Name=AluJr	TRUE	Alu	intronic
chr1:9982897:A:G	chr1:9982897:A:G	A:G	NMNAT1	UTR3	unknown	A;G;+;R||D;ALU;-;SINE/AluSc;UTR3;NMNAT1;-;-;UTR3;NMNAT1;-;-;UTR3;NMNAT1;-;-;-;1400;30;53	Name=AluSc	TRUE	Alu	UTR3
chr1:148532069:T:C	chr1:148532069:A:G	A:G	NBPF14	UTR3	unknown	.	Name=L1MC4	FALSE	LINE	UTR3
chr1:154215292:T:C	chr1:154215292:A:G	A:G	C1orf43	intronic	unknown	.	Name=AluY	FALSE	Alu	intronic
chr1:15828340:T:C	chr1:15828340:A:G	A:G	FLJ37453	downstream	unknown	T;C;-;R;NONREP;-;-/-;intergenic;FBLIM1||RP11-169K16.9;-;-;intergenic;UQCRHL||FLJ37453;-;-;intergenic;UQCRHL||FLJ37453;-;-;715;1076;57;15;25	.	TRUE	None	downstream
chr1:223105662:T:C	chr1:223105662:A:G	A:G	TLR5	downstream	unknown	.	Name=MER1A	FALSE	Other	downstream
chr1:35602285:T:C	chr1:35602285:A:G	A:G	PSMB2	UTR3	unknown	T;C;-;A||R||D;ALU;-;SINE/AluJb;UTR3;PSMB2;-;-;UTR3;PSMB2;-;-;UTR3;PSMB2;-;-;-;1920;30;55	Name=AluJb	TRUE	Alu	UTR3
chr1:35602630:T:C	chr1:35602630:A:G	A:G	PSMB2	UTR3	unknown	T;C;-;A||R||D;ALU;-;SINE/AluSc;UTR3;PSMB2;-;-;UTR3;PSMB2;-;-;UTR3;PSMB2;-;-;-;2474;30;55	Name=AluSc	TRUE	Alu	UTR3
chr1:9101159:T:C	chr1:9101159:A:G	A:G	GPR157	UTR3	unknown	T;C;-;A||R;ALU;-;SINE/AluSx;UTR3;GPR157;-;-;intergenic;SLC2A5||GPR157;-;-;intergenic;SLC2A5||GPR157;-;-;-;1110;30;43	Name=AluSx	TRUE	Alu	UTR3
chr1:10406294:A:G	chr1:10406294:A:G	A:G	PGD	intronic	unknown	A;G;+;A||R;REP;-;SINE/FLAM_A;intronic;PGD;-;-;intronic;PGD;-;-;intronic;PGD;-;-;-;118;15;17	Name=FLAM_A	TRUE	Other	intronic
chr1:11669202:A:G	chr1:11669202:A:G	A:G	FBXO6	intronic	unknown	A;G;+;R||D;ALU;-;SINE/AluSq2;intronic;FBXO6;-;-;intronic;FBXO6;-;-;intronic;FBXO6;-;-;-;91;22;30	Name=AluSq2	TRUE	Alu	intronic
chr1:145923018:T:C	chr1:145923018:T:C	A:G	GNRHR2	ncRNA
intronic	unknown	.	Name=AluY	FALSE	Alu	ncRNA
chr1:146995389:A:G	chr1:146995389:A:G	A:G	NBPF12	UTR3	unknown	.	Name=L1MC4	FALSE	LINE	UTR3
chr1:149054632:T:C	chr1:149054632:A:G	A:G	NBPF9	UTR3	unknown	.	Name=L1MC4	FALSE	LINE	UTR3
chr1:149054721:T:C	chr1:149054721:A:G	A:G	NBPF9	UTR3	unknown	.	Name=L1MC4	FALSE	LINE	UTR3
chr1:149555674:A:G	chr1:149555674:A:G	A:G	NBPF19	UTR3	unknown	.	Name=L1MC4	FALSE	LINE	UTR3
chr1:149555762:A:G	chr1:149555762:A:G	A:G	NBPF19	UTR3	unknown	.	Name=L1MC4	FALSE	LINE	UTR3
chr1:150570877:T:C	chr1:150570877:A:G	A:G	ADAMTSL4-AS1	ncRNA
intronic	unknown	T;C;-;A;ALU;-;SINE/AluSx4;intergenic;RN7SL600P||MCL1;-;-;ncRNA_intronic;ADAMTSL4-AS1;-;-;intergenic;ADAMTSL4||MCL1;-;-;-;68;19;21	Name=AluSx4	TRUE	Alu	ncRNA
chr1:150732137:T:C	chr1:150732137:A:G	A:G	CTSS	UTR3	unknown	T;C;-;A||R||D;ALU;-;SINE/AluJo;UTR3;CTSS;-;-;UTR3;CTSS;-;-;UTR3;CTSS;-;-;-;1013;28;50	Name=AluJo	TRUE	Alu	UTR3
chr1:157710331:G:A	chr1:157710331:C:T	C:T	FCRL3	upstream	unknown	.	.	FALSE	None	upstream
chr1:160318213:A:G	chr1:160318213:A:G	A:G	SUMO1P3	ncRNA
exonic	unknown	.	.	FALSE	None	ncRNA
chr1:192716528:T:C	chr1:192716528:T:C	A:G	MIR4426	downstream	unknown	.	.	FALSE	None	downstream
chr1:220254848:T:C	chr1:220254848:A:G	A:G	RAB3GAP2	intronic	unknown	.	.	FALSE	None	intronic
chr1:224190322:A:G	chr1:224190322:A:G	A:G	DEGS1	intronic	unknown	.	.	FALSE	None	intronic
chr1:247206976:T:C	chr1:247206976:A:G	A:G	MIR3916	upstream	unknown	T;C;-;A||R||D;ALU;-;SINE/AluY;ncRNA_intronic;MIR3916;-;-;intergenic;MIR3916||VN1R5;-;-;intergenic;MIR3916||VN1R5;-;-;-;69;21;24	Name=AluY	TRUE	Alu	upstream
chr1:28335742:A:G	chr1:28335742:A:G	A:G	MED18	UTR3	unknown	A;G;+;A||R||D;ALU;-;SINE/AluSq2;UTR3;MED18;-;-;UTR3;MED18;-;-;UTR3;MED18;-;-;-;1865;30;54	Name=AluSq2	TRUE	Alu	UTR3
chr1:28335743:A:G	chr1:28335743:A:G	A:G	MED18	UTR3	unknown	A;G;+;A||R||D;ALU;-;SINE/AluSq2;UTR3;MED18;-;-;UTR3;MED18;-;-;UTR3;MED18;-;-;-;1541;30;55	Name=AluSq2	TRUE	Alu	UTR3
chr1:35602220:T:C	chr1:35602220:A:G	A:G	PSMB2	UTR3	unknown	T;C;-;A||R||D;ALU;-;SINE/AluJb;UTR3;PSMB2;-;-;UTR3;PSMB2;-;-;UTR3;PSMB2;-;-;-;2209;30;55	Name=AluJb	TRUE	Alu	UTR3
chr1:35602724:T:C	chr1:35602724:A:G	A:G	PSMB2	UTR3	unknown	T;C;-;R||D;ALU;-;SINE/AluSc;UTR3;PSMB2;-;-;UTR3;PSMB2;-;-;UTR3;PSMB2;-;-;-;2355;30;53	Name=AluSc	TRUE	Alu	UTR3
chr1:35602763:T:C	chr1:35602763:A:G	A:G	PSMB2	UTR3	unknown	T;C;-;A||R||D;ALU;-;SINE/AluSc;UTR3;PSMB2;-;-;UTR3;PSMB2;-;-;UTR3;PSMB2;-;-;-;1886;30;55	Name=AluSc	TRUE	Alu	UTR3
chr1:37861028:T:C	chr1:37861028:A:G	A:G	INPP5B	UTR3	unknown	T;C;-;A||R||D;ALU;-;SINE/AluJr;ncRNA_exonic;RP11-109P14.10;-;-;UTR3;INPP5B;-;-;UTR3;INPP5B;-;-;-;2571;30;55	Name=AluJr	TRUE	Alu	UTR3
chr1:37862028:T:C	chr1:37862028:A:G	A:G	INPP5B	UTR3	unknown	T;C;-;A||R||D;ALU;-;SINE/AluSx3;UTR3;INPP5B;-;-;UTR3;INPP5B;-;-;UTR3;INPP5B;-;-;-;2308;30;54	Name=AluSx3	TRUE	Alu	UTR3
chr1:52823198:A:G	chr1:52823198:A:G	A:G	ZYG11B	UTR3	unknown	A;G;+;A||R||D;REP;-;SINE/FLAM_C;UTR3;ZYG11B;-;-;UTR3;ZYG11B;-;-;UTR3;ZYG11B;-;-;-;1722;30;55	Name=FLAM_C	TRUE	Other	UTR3
chr1:77129238:A:G	chr1:77129238:T:C	A:G	PIGK	intronic	unknown	.	.	FALSE	None	intronic
chr1:88982037:G:A	chr1:88982037:C:T	C:T	RBMXL1	UTR3	unknown	.	.	FALSE	None	UTR3
chr1:89104264:C:T	chr1:89104264:G:A	C:T	GBP2	downstream	unknown	.	.	FALSE	None	downstream
chr1:89182706:T:C	chr1:89182706:A:G	A:G	GBP4	UTR3	unknown	T;C;-;A||R||D;ALU;-;SINE/AluYg6;UTR3;GBP4;-;-;UTR3;GBP4;-;-;UTR3;GBP4;-;-;-;1571;30;55	Name=AluYg6	TRUE	Alu	UTR3
chr1:9101144:T:C	chr1:9101144:A:G	A:G	GPR157	UTR3	unknown	T;C;-;A||R;ALU;-;SINE/AluSx;UTR3;GPR157;-;-;intergenic;SLC2A5||GPR157;-;-;intergenic;SLC2A5||GPR157;-;-;-;730;30;42	Name=AluSx	TRUE	Alu	UTR3
chr1:9271035:A:G	chr1:9271035:A:G	A:G	H6PD	UTR3	unknown	A;G;+;A||R||D;ALU;-;SINE/AluSx;UTR3;H6PD;-;-;UTR3;H6PD;-;-;UTR3;H6PD;-;-;-;2508;30;55	Name=AluSx	TRUE	Alu	UTR3
chr1:145921979:T:C	chr1:145921979:T:C	A:G	GNRHR2	ncRNA
intronic	unknown	.	Name=AluSz6	FALSE	Alu	ncRNA
chr1:145921980:T:C	chr1:145921980:T:C	A:G	GNRHR2	ncRNA
intronic	unknown	.	Name=AluSz6	FALSE	Alu	ncRNA
chr1:145921994:T:C	chr1:145921994:T:C	A:G	GNRHR2	ncRNA
intronic	unknown	.	Name=AluSz6	FALSE	Alu	ncRNA
chr1:149054793:T:C	chr1:149054793:A:G	A:G	NBPF9	UTR3	unknown	.	.	FALSE	None	UTR3
chr1:150309507:A:G	chr1:150309507:A:G	A:G	MRPS21	downstream	unknown	A;G;+;A||R||D;ALU;-;SINE/AluY;downstream;MRPS21;-;-;downstream;MRPS21;-;-;intergenic;MRPS21||PRPF3;-;-;-;2086;30;55	Name=AluYj4	TRUE	Alu	downstream
chr1:150732772:T:C	chr1:150732772:A:G	A:G	CTSS	UTR3	unknown	T;C;-;A||R||D;ALU;-;SINE/AluSz6;UTR3;CTSS;-;-;UTR3;CTSS;-;-;UTR3;CTSS;-;-;-;2260;30;55	Name=AluSz6	TRUE	Alu	UTR3
chr1:182806863:A:G	chr1:182806863:A:G	A:G	NPL	intronic	unknown	A;G;+;A||R||D;ALU;-;SINE/AluSc8;intronic;NPL;-;-;intronic;NPL;-;-;intronic;NPL;-;-;-;37;11;11	Name=AluSc8	TRUE	Alu	intronic
chr1:182806908:A:G	chr1:182806908:A:G	A:G	NPL	intronic	unknown	A;G;+;A||R;ALU;-;SINE/AluSc8;intronic;NPL;-;-;intronic;NPL;-;-;intronic;NPL;-;-;-;21;7;8	Name=AluSc8	TRUE	Alu	intronic
chr1:26448375:A:G	chr1:26448375:A:G	A:G	DHDDS	intronic	unknown	A;G;+;A||R||D;ALU;-;SINE/AluSx4;exonic;DHDDS;nonsynonymous	Name=AluSx4	TRUE	Alu	intronic
chr1:26448423:A:G	chr1:26448423:A:G	A:G	DHDDS	intronic	unknown	A;G;+;A||R||D;ALU;-;SINE/AluSx4;UTR3;DHDDS;-;-;intronic;DHDDS;-;-;intronic;DHDDS;-;-;-;309;28;43	Name=AluSx4	TRUE	Alu	intronic
chr1:27874303:A:G	chr1:27874303:A:G	A:G	THEMIS2	intronic	unknown	A;G;+;A||R||D;ALU;-;SINE/AluJb;intronic;THEMIS2;-;-;intronic;THEMIS2;-;-;intronic;THEMIS2;-;-;-;104;7;11	Name=AluJb	TRUE	Alu	intronic
chr1:28335594:A:G	chr1:28335594:A:G	A:G	MED18	UTR3	unknown	A;G;+;A||R||D;ALU;-;SINE/AluSq2;UTR3;MED18;-;-;UTR3;MED18;-;-;UTR3;MED18;-;-;-;2192;30;54	Name=AluSq2	TRUE	Alu	UTR3
chr1:28335701:A:G	chr1:28335701:A:G	A:G	MED18	UTR3	unknown	A;G;+;A||R||D;ALU;rs752418310;SINE/AluSq2;UTR3;MED18;-;-;UTR3;MED18;-;-;UTR3;MED18;-;-;-;1538;30;55	Name=AluSq2	TRUE	Alu	UTR3
chr1:28335702:A:G	chr1:28335702:A:G	A:G	MED18	UTR3	unknown	A;G;+;A||R||D;ALU;-;SINE/AluSq2;UTR3;MED18;-;-;UTR3;MED18;-;-;UTR3;MED18;-;-;-;1574;30;53	Name=AluSq2	TRUE	Alu	UTR3
chr1:35599888:T:C	chr1:35599888:A:G	A:G	PSMB2	UTR3	unknown	T;C;-;A||R||D;ALU;-;SINE/AluJr;intergenic;TFAP2E||PSMB2;-;-;UTR3;PSMB2;-;-;UTR3;PSMB2;-;-;-;1724;30;54	Name=AluJr	TRUE	Alu	UTR3
chr1:35602324:T:C	chr1:35602324:A:G	A:G	PSMB2	UTR3	unknown	T;C;-;A||R||D;ALU;-;SINE/AluJb;UTR3;PSMB2;-;-;UTR3;PSMB2;-;-;UTR3;PSMB2;-;-;-;2472;30;55	Name=AluJb	TRUE	Alu	UTR3
chr1:35602595:T:C	chr1:35602595:A:G	A:G	PSMB2	UTR3	unknown	T;C;-;A||R||D;ALU;-;SINE/AluSc;UTR3;PSMB2;-;-;UTR3;PSMB2;-;-;UTR3;PSMB2;-;-;-;1518;30;54	Name=AluSc	TRUE	Alu	UTR3
chr1:52823252:A:G	chr1:52823252:A:G	A:G	ZYG11B	UTR3	unknown	A;G;+;A||R||D;REP;-;SINE/FLAM_C;UTR3;ZYG11B;-;-;UTR3;ZYG11B;-;-;UTR3;ZYG11B;-;-;346;34;1525;30;55	Name=FLAM_C	TRUE	Other	UTR3
chr1:9101137:T:C	chr1:9101137:A:G	A:G	GPR157	UTR3	unknown	T;C;-;A||R;ALU;-;SINE/AluSx;UTR3;GPR157;-;-;intergenic;SLC2A5||GPR157;-;-;intergenic;SLC2A5||GPR157;-;-;-;1047;29;42	Name=AluSx	TRUE	Alu	UTR3
chr1:145923019:T:C	chr1:145923019:T:C	A:G	GNRHR2	ncRNA
intronic	unknown	.	Name=AluY	FALSE	Alu	ncRNA
chr1:150753720:T:C	chr1:150753720:A:G	A:G	CTSS	intronic	unknown	T;C;-;A||R||D;ALU;-;SINE/AluJb;intronic;CTSS;-;-;intronic;CTSS;-;-;intronic;CTSS;-;-;-;32;7;9	Name=AluJb	TRUE	Alu	intronic
chr1:15828246:C:T	chr1:15828246:G:A	C:T	FLJ37453	downstream	unknown	.	.	FALSE	None	downstream
chr1:159918942:C:T	chr1:159918942:G:A	C:T	TAGLN2	splicing	unknown	.	.	FALSE	None	splicing
chr1:159918944:G:A	chr1:159918944:C:T	C:T	TAGLN2	intronic	unknown	.	.	FALSE	None	intronic
chr1:197223130:A:G	chr1:197223130:A:G	A:G	CRB1	intronic	unknown	.	.	FALSE	None	intronic
chr1:197223147:T:C	chr1:197223147:T:C	A:G	CRB1	intronic	unknown	.	.	FALSE	None	intronic
chr1:197223157:C:T	chr1:197223157:C:T	C:T	CRB1	intronic	unknown	.	.	FALSE	None	intronic
chr1:197223174:T:C	chr1:197223174:T:C	A:G	CRB1	intronic	unknown	.	.	FALSE	None	intronic
chr1:202943946:C:T	chr1:202943946:G:A	C:T	ADIPOR1	splicing	unknown	.	.	FALSE	None	splicing
chr1:206696084:C:T	chr1:206696084:C:T	C:T	MAPKAPK2	intronic	unknown	.	.	FALSE	None	intronic
chr1:206696095:T:C	chr1:206696095:T:C	A:G	MAPKAPK2	intronic	unknown	.	.	FALSE	None	intronic
chr1:225983699:T:C	chr1:225983699:A:G	A:G	SDE2	UTR3	unknown	T;C;-;A||R||D;NONREP;-;-/-;UTR3;SDE2;-;-;UTR3;SDE2;-;-;UTR3;SDE2;-;-;431;75;2295;30;55	Name=AluSz6	TRUE	Alu	UTR3
chr1:228109303:A:G	chr1:228109303:T:C	A:G	MRPL55	UTR5	unknown	.	.	FALSE	None	UTR5
chr1:26282947:A:G	chr1:26282947:T:C	A:G	UBXN11	intronic	unknown	.	.	FALSE	None	intronic
chr1:27325941:A:G	chr1:27325941:A:G	A:G	ACTG1P20	ncRNA
exonic	unknown	.	.	FALSE	None	ncRNA
chr1:27326050:C:T	chr1:27326050:C:T	C:T	ACTG1P20	ncRNA
exonic	unknown	.	.	FALSE	None	ncRNA
chr1:28096397:T:C	chr1:28096397:A:G	A:G	EYA3	upstream	unknown	.	.	FALSE	None	upstream
chr1:35351302:C:T	chr1:35351302:C:T	C:T	ZMYM4	intronic	unknown	.	.	FALSE	None	intronic
chr1:35351343:A:G	chr1:35351343:A:G	A:G	ZMYM4	intronic	unknown	.	.	FALSE	None	intronic
chr1:36478794:T:C	chr1:36478794:A:G	A:G	CSF3R	intronic	unknown	T;C;-;A||R;ALU;-;SINE/AluJb;intronic;CSF3R;-;-;intronic;CSF3R;-;-;intronic;CSF3R;-;-;-;432;25;38	Name=AluJb	TRUE	Alu	intronic
chr1:52823190:A:G	chr1:52823190:A:G	A:G	ZYG11B	UTR3	unknown	A;G;+;A||R||D;REP;-;SINE/FLAM_C;UTR3;ZYG11B;-;-;UTR3;ZYG11B;-;-;UTR3;ZYG11B;-;-;-;959;30;54	Name=FLAM_C	TRUE	Other	UTR3
chr1:52823875:A:G	chr1:52823875:A:G	A:G	ZYG11B	UTR3	unknown	A;G;+;A||R||D;ALU;-;SINE/AluSz;UTR3;ZYG11B;-;-;UTR3;ZYG11B;-;-;UTR3;ZYG11B;-;-;-;2061;30;55	Name=AluSz	TRUE	Alu	UTR3
chr1:84244672:T:C	chr1:84244672:T:C	A:G	PRKACB	downstream	unknown	.	.	FALSE	None	downstream
chr1:89010942:C:T	chr1:89010942:G:A	C:T	GBP3	exonic	nonsynonymous SNV	.	.	FALSE	None	exonic
chr1:89010963:T:C	chr1:89010963:A:G	A:G	GBP3	exonic	nonsynonymous SNV	.	.	FALSE	None	exonic
chr1:89010972:A:G	chr1:89010972:T:C	A:G	GBP3	exonic	nonsynonymous SNV	.	.	FALSE	None	exonic
chr1:89183874:T:C	chr1:89183874:A:G	A:G	GBP4	UTR3	unknown	T;C;-;A||R||D;ALU;-;SINE/AluJb;UTR3;GBP4;-;-;UTR3;GBP4;-;-;UTR3;GBP4;-;-;-;1246;30;55	Name=AluJb	TRUE	Alu	UTR3
chr1:89183877:T:C	chr1:89183877:A:G	A:G	GBP4	UTR3	unknown	T;C;-;A||R||D;ALU;-;SINE/AluJb;UTR3;GBP4;-;-;UTR3;GBP4;-;-;UTR3;GBP4;-;-;-;811;30;54	Name=AluJb	TRUE	Alu	UTR3
chr1:9149390:T:C	chr1:9149390:A:G	A:G	MIR34AHG	ncRNA
exonic	unknown	T;C;-;A||R||D;ALU;-;SINE/AluJb;intergenic;GPR157||MIR34A;-;-;ncRNA_exonic;MIR34AHG;-;-;UTR3;mir-34;-;-;-;1364;30;53	Name=AluJb	TRUE	Alu	ncRNA
chr1:155734405:A:G	chr1:155734405:A:G	A:G	DAP3	intronic	unknown	A;G;+;A||R||D;ALU;-;SINE/AluJr;intronic;DAP3||MSTO1;-;-;intronic;DAP3;-;-;intronic;DAP3||YY1AP1;-;-;-;1827;30;53	Name=AluJr	TRUE	Alu	intronic
chr1:155734424:A:G	chr1:155734424:A:G	A:G	DAP3	intronic	unknown	A;G;+;A||R||D;ALU;-;SINE/AluJr;intronic;DAP3||MSTO1;-;-;intronic;DAP3;-;-;intronic;DAP3||YY1AP1;-;-;-;1480;30;53	Name=AluJr	TRUE	Alu	intronic
chr1:241555948:A:G	chr1:241555948:A:G	A:G	KMO	intronic	unknown	A;G;+;A||R;ALU;-;SINE/AluJb;intronic;KMO;-;-;intronic;KMO;-;-;intronic;KMO;-;-;-;9;6;6	Name=AluJb	TRUE	Alu	intronic
chr1:26447747:A:G	chr1:26447747:A:G	A:G	DHDDS	intronic	unknown	A;G;+;A||R||D;ALU;-;SINE/AluSz6;exonic;DHDDS;stoploss;DHDDS:ENST00000374185.3:exon6:c.A629G:p.X210W;intronic;DHDDS;-;-;intronic;DHDDS;-;-;-;494;29;47	Name=AluSz6	TRUE	Alu	intronic
chr1:89182709:T:C	chr1:89182709:A:G	A:G	GBP4	UTR3	unknown	T;C;-;A||R;ALU;rs375707680;SINE/AluYg6;UTR3;GBP4;-;-;UTR3;GBP4;-;-;UTR3;GBP4;-;-;-;1323;30;54	Name=AluYg6	TRUE	Alu	UTR3
chr1:109409711:T:C	chr1:109409711:A:G	A:G	PSMA5	intronic	unknown	T;C;-;A||R||D;ALU;-;SINE/AluJr;intronic;PSMA5;-;-;intronic;PSMA5;-;-;intronic;PSMA5;-;-;-;732;29;46	Name=AluJr	TRUE	Alu	intronic
chr1:150732000:T:C	chr1:150732000:A:G	A:G	CTSS	UTR3	unknown	T;C;-;A||R||D;ALU;-;SINE/AluJo;UTR3;CTSS;-;-;UTR3;CTSS;-;-;UTR3;CTSS;-;-;-;1255;30;55	Name=AluJo	TRUE	Alu	UTR3
chr1:161507358:A:G	chr1:161507358:A:G	A:G	FCGR2A	intronic	unknown	A;G;+;R;ALU;-;SINE/AluJr;intronic;FCGR2A;-;-;intronic;FCGR2A;-;-;intronic;FCGR2A;-;-;-;132;11;15	Name=AluJr	TRUE	Alu	intronic
chr1:161507385:A:G	chr1:161507385:A:G	A:G	FCGR2A	intronic	unknown	A;G;+;A||R;ALU;-;SINE/AluJr;intronic;FCGR2A;-;-;intronic;FCGR2A;-;-;intronic;FCGR2A;-;-;-;202;13;17	Name=AluJr	TRUE	Alu	intronic
chr1:16215726:T:C	chr1:16215726:A:G	A:G	ARHGEF19	upstream	unknown	T;C;-;A||R;ALU;-;SINE/AluSp;downstream;ANO7P1;-;-;intergenic;ARHGEF19||RSG1;-;-;intergenic;ARHGEF19||RSG1;-;-;-;373;25;40	Name=AluSp	TRUE	Alu	upstream
chr1:1772528:T:C	chr1:1772528:A:G	A:G	NADK	intronic	unknown	T;C;-;A||R;ALU;-;SINE/AluJo;intronic;NADK;-;-;intronic;NADK;-;-;intronic;NADK;-;-;-;5;5;5	Name=FLAM_C	TRUE	Other	intronic
chr1:206386086:A:G	chr1:206386086:A:G	A:G	SRGAP2	intronic	unknown	A;G;+;A;REP;-;DNA/MER20;intronic;SRGAP2;-;-;ncRNA_intronic;SRGAP2D;-;-;intronic;SRGAP2||SRGAP2C;-;-;-;22;7;9	Name=MER20	TRUE	Other	intronic
chr1:206386153:A:G	chr1:206386153:A:G	A:G	SRGAP2	intronic	unknown	A;G;+;A;REP;-;DNA/MER20;intronic;SRGAP2;-;-;ncRNA_intronic;SRGAP2D;-;-;intronic;SRGAP2||SRGAP2C;-;-;-;21;6;8	Name=MER20	TRUE	Other	intronic
chr1:212798270:A:G	chr1:212798270:A:G	A:G	TATDN3	intronic	unknown	A;G;+;A||R||D;ALU;-;SINE/AluSc8;intronic;TATDN3;-;-;intronic;TATDN3;-;-;intronic;TATDN3;-;-;-;10;6;8	Name=AluSc8	TRUE	Alu	intronic
chr1:220057912:T:C	chr1:220057912:A:G	A:G	BPNT1	UTR3	unknown	T;C;-;A||R||D;ALU;-;SINE/AluY;exonic;BPNT1;stoploss;BPNT1:ENST00000354807.3:exon11:c.A876G:p.X292W;ncRNA_intronic;RNU5F-1;-;-;ncRNA_intronic;RNU5F-1;-;-;-;1868;30;54	Name=AluY	TRUE	Alu	UTR3
chr1:247207119:T:C	chr1:247207119:A:G	A:G	MIR3916	upstream	unknown	T;C;-;A||R||D;ALU;-;SINE/AluY;ncRNA_intronic;MIR3916;-;-;intergenic;MIR3916||VN1R5;-;-;intergenic;MIR3916||VN1R5;-;-;-;203;25;36	Name=AluY	TRUE	Alu	upstream
chr1:247207120:T:C	chr1:247207120:A:G	A:G	MIR3916	upstream	unknown	T;C;-;A||R||D;ALU;-;SINE/AluY;ncRNA_intronic;MIR3916;-;-;intergenic;MIR3916||VN1R5;-;-;intergenic;MIR3916||VN1R5;-;-;-;229;25;35	Name=AluY	TRUE	Alu	upstream
chr1:27875090:T:C	chr1:27875090:T:C	A:G	THEMIS2	intronic	unknown	.	Name=AluSx1	FALSE	Alu	intronic
chr1:27875116:T:C	chr1:27875116:T:C	A:G	THEMIS2	intronic	unknown	.	Name=AluSx1	FALSE	Alu	intronic
chr1:27875117:T:C	chr1:27875117:T:C	A:G	THEMIS2	intronic	unknown	.	Name=AluSx1	FALSE	Alu	intronic
chr1:27875230:T:C	chr1:27875230:T:C	A:G	THEMIS2	intronic	unknown	.	Name=AluSx1	FALSE	Alu	intronic
chr1:27875251:T:C	chr1:27875251:T:C	A:G	THEMIS2	intronic	unknown	.	Name=AluSx1	FALSE	Alu	intronic
chr1:27876586:A:G	chr1:27876586:A:G	A:G	THEMIS2	splicing	unknown	.	.	FALSE	None	splicing
chr1:28335142:A:G	chr1:28335142:A:G	A:G	MED18	UTR3	unknown	A;G;+;A||R;ALU;-;SINE/AluSg;UTR3;MED18;-;-;UTR3;MED18;-;-;UTR3;MED18;-;-;-;1572;30;54	Name=AluSg	TRUE	Alu	UTR3
chr1:28335171:A:G	chr1:28335171:A:G	A:G	MED18	UTR3	unknown	A;G;+;A||R||D;ALU;-;SINE/AluSg;UTR3;MED18;-;-;UTR3;MED18;-;-;UTR3;MED18;-;-;-;1013;30;53	Name=AluSg	TRUE	Alu	UTR3
chr1:28335181:A:G	chr1:28335181:A:G	A:G	MED18	UTR3	unknown	A;G;+;A||R||D;ALU;-;SINE/AluSg;UTR3;MED18;-;-;UTR3;MED18;-;-;UTR3;MED18;-;-;-;1338;30;53	Name=AluSg	TRUE	Alu	UTR3
chr1:28335546:A:G	chr1:28335546:A:G	A:G	MED18	UTR3	unknown	A;G;+;A||R;ALU;-;SINE/AluSq2;UTR3;MED18;-;-;UTR3;MED18;-;-;UTR3;MED18;-;-;-;1273;30;53	Name=AluSq2	TRUE	Alu	UTR3
chr1:28335561:A:G	chr1:28335561:A:G	A:G	MED18	UTR3	unknown	A;G;+;A||R||D;ALU;-;SINE/AluSq2;UTR3;MED18;-;-;UTR3;MED18;-;-;UTR3;MED18;-;-;-;1952;30;54	Name=AluSq2	TRUE	Alu	UTR3
chr1:28335675:A:G	chr1:28335675:A:G	A:G	MED18	UTR3	unknown	A;G;+;A||R||D;ALU;-;SINE/AluSq2;UTR3;MED18;-;-;UTR3;MED18;-;-;UTR3;MED18;-;-;-;2011;30;55	Name=AluSq2	TRUE	Alu	UTR3
chr1:28499573:A:G	chr1:28499573:A:G	A:G	PHACTR4	UTR3	unknown	A;G;+;A||R||D;ALU;-;SINE/AluJb;UTR3;PHACTR4;-;-;UTR3;PHACTR4;-;-;UTR3;PHACTR4;-;-;-;2532;30;55	Name=AluJb	TRUE	Alu	UTR3
chr1:35602565:T:C	chr1:35602565:A:G	A:G	PSMB2	UTR3	unknown	T;C;-;A||R||D;ALU;-;SINE/AluSc;UTR3;PSMB2;-;-;UTR3;PSMB2;-;-;UTR3;PSMB2;-;-;-;2139;30;53	Name=AluSc	TRUE	Alu	UTR3
chr1:78659496:C:T	chr1:78659496:C:T	C:T	IFI44	intronic	unknown	.	.	FALSE	None	intronic
chr1:78659498:A:G	chr1:78659498:A:G	A:G	IFI44	intronic	unknown	.	.	FALSE	None	intronic
chr1:89020203:T:C	chr1:89020203:A:G	A:G	GBP3	UTR5	unknown	T;C;-;A||R||D;ALU;-;SINE/AluJb;intronic;GBP3;-;-;intronic;GBP3;-;-;UTR5;GBP3;-;-;-;772;30;47	Name=AluJb	TRUE	Alu	UTR5
chr1:89104140:C:T	chr1:89104140:G:A	C:T	GBP2	downstream	unknown	.	.	FALSE	None	downstream
chr1:89104182:G:A	chr1:89104182:C:T	C:T	GBP2	downstream	unknown	.	.	FALSE	None	downstream
chr1:89183644:T:C	chr1:89183644:A:G	A:G	GBP4	UTR3	unknown	T;C;-;A||R||D;ALU;-;SINE/AluJb;UTR3;GBP4;-;-;UTR3;GBP4;-;-;UTR3;GBP4;-;-;-;1650;30;55	Name=AluJb	TRUE	Alu	UTR3
chr1:89183686:T:C	chr1:89183686:A:G	A:G	GBP4	UTR3	unknown	T;C;-;A||R||D;ALU;-;SINE/AluJb;UTR3;GBP4;-;-;UTR3;GBP4;-;-;UTR3;GBP4;-;-;-;1594;30;55	Name=AluJb	TRUE	Alu	UTR3
chr1:89183780:T:C	chr1:89183780:A:G	A:G	GBP4	UTR3	unknown	T;C;-;A||R||D;ALU;-;SINE/AluJb;UTR3;GBP4;-;-;UTR3;GBP4;-;-;UTR3;GBP4;-;-;-;1187;30;55	Name=AluJb	TRUE	Alu	UTR3
chr1:89183839:T:C	chr1:89183839:A:G	A:G	GBP4	UTR3	unknown	T;C;-;A||R;ALU;-;SINE/AluJb;UTR3;GBP4;-;-;UTR3;GBP4;-;-;UTR3;GBP4;-;-;-;1414;30;54	Name=AluJb	TRUE	Alu	UTR3
chr1:89420247:A:G	chr1:89420247:A:G	A:G	GBP1P1	ncRNA
exonic	unknown	.	.	FALSE	None	ncRNA
chr1:89426660:G:A	chr1:89426660:G:A	C:T	GBP1P1	downstream	unknown	.	.	FALSE	None	downstream
chr1:89426662:G:A	chr1:89426662:G:A	C:T	GBP1P1	downstream	unknown	.	.	FALSE	None	downstream
chr1:89426669:A:G	chr1:89426669:A:G	A:G	GBP1P1	downstream	unknown	.	.	FALSE	None	downstream
chr1:9982995:A:G	chr1:9982995:A:G	A:G	NMNAT1	UTR3	unknown	A;G;+;A||R||D;ALU;-;SINE/AluSc;UTR3;NMNAT1;-;-;UTR3;NMNAT1;-;-;UTR3;NMNAT1;-;-;-;970;30;55	Name=AluSc	TRUE	Alu	UTR3
chr1:150753747:T:C	chr1:150753747:A:G	A:G	CTSS	intronic	unknown	T;C;-;A||R||D;ALU;-;SINE/AluJb;intronic;CTSS;-;-;intronic;CTSS;-;-;intronic;CTSS;-;-;-;34;4;5	Name=AluJb	TRUE	Alu	intronic
chr1:179357751:A:G	chr1:179357751:A:G	A:G	SOAT1	UTR3	unknown	A;G;+;A||R||D;ALU;-;SINE/AluJo;UTR3;SOAT1;-;-;UTR3;SOAT1;-;-;UTR3;SOAT1;-;-;-;1575;30;55	Name=AluJo	TRUE	Alu	UTR3
chr1:72274785:T:C	chr1:72274785:A:G	A:G	NEGR1	intronic	unknown	T;C;-;R;NONREP;-;-/-;intronic;NEGR1;-;-;intronic;NEGR1;-;-;intronic;NEGR1;-;-;764;1704;13;9;10	.	TRUE	None	intronic
chr1:11655849:A:G	chr1:11655849:A:G	A:G	FBXO44	exonic	nonsynonymous SNV	.	.	FALSE	None	exonic
chr1:11655853:C:T	chr1:11655853:C:T	C:T	FBXO44	exonic	synonymous SNV	.	.	FALSE	None	exonic
chr1:203179758:T:C	chr1:203179758:A:G	A:G	CHI3L1	intronic	unknown	.	.	FALSE	None	intronic
chr1:235826738:T:C	chr1:235826738:A:G	A:G	LYST	intronic	unknown	T;C;-;A||R||D;ALU;-;SINE/AluJb;intronic;LYST;-;-;intronic;LYST;-;-;intronic;LYST;-;-;-;1654;30;54	Name=AluJb	TRUE	Alu	intronic
chr1:37544948:C:T	chr1:37544948:G:A	C:T	SNIP1	intronic	unknown	.	.	FALSE	None	intronic
chr1:37544949:A:G	chr1:37544949:T:C	A:G	SNIP1	intronic	unknown	.	.	FALSE	None	intronic
chr1:37544985:T:C	chr1:37544985:A:G	A:G	SNIP1	intronic	unknown	.	.	FALSE	None	intronic
chr1:9982879:A:G	chr1:9982879:A:G	A:G	NMNAT1	UTR3	unknown	A;G;+;A||R;ALU;-;SINE/AluSc;UTR3;NMNAT1;-;-;UTR3;NMNAT1;-;-;UTR3;NMNAT1;-;-;-;969;30;54	Name=AluSc	TRUE	Alu	UTR3
chr1:204557532:A:G	chr1:204557532:A:G	A:G	MDM4	UTR3	unknown	A;G;+;A||R||D;ALU;-;SINE/AluSx;UTR3;MDM4;-;-;UTR3;MDM4;-;-;UTR3;MDM4;-;-;-;2577;30;55	Name=AluSx	TRUE	Alu	UTR3
chr1:235826820:T:C	chr1:235826820:A:G	A:G	LYST	intronic	unknown	T;C;-;A||R||D;ALU;-;SINE/AluJb;intronic;LYST;-;-;intronic;LYST;-;-;intronic;LYST;-;-;-;1467;30;54	Name=AluJb	TRUE	Alu	intronic
chr1:9101083:T:C	chr1:9101083:A:G	A:G	GPR157	UTR3	unknown	T;C;-;A||R||D;ALU;-;SINE/AluSx;UTR3;GPR157;-;-;intergenic;SLC2A5||GPR157;-;-;intergenic;SLC2A5||GPR157;-;-;-;1320;30;42	Name=AluSx	TRUE	Alu	UTR3
chr1:9101133:T:C	chr1:9101133:A:G	A:G	GPR157	UTR3	unknown	T;C;-;A||R;ALU;-;SINE/AluSx;UTR3;GPR157;-;-;intergenic;SLC2A5||GPR157;-;-;intergenic;SLC2A5||GPR157;-;-;-;1108;30;43	Name=AluSx	TRUE	Alu	UTR3
chr1:144422141:T:C	chr1:144422141:A:G	A:G	NBPF15	UTR3	unknown	.	Name=L1MC4	FALSE	LINE	UTR3
chr1:155961413:T:C	chr1:155961413:A:G	A:G	ARHGEF2	intronic	unknown	T;C;-;A;ALU;-;SINE/AluY;intronic;ARHGEF2;-;-;intronic;ARHGEF2;-;-;intronic;ARHGEF2;-;-;-;5;5;5	Name=AluYm1	TRUE	Alu	intronic
chr1:1575949:C:T	chr1:1575949:G:A	C:T	SSU72	upstream	unknown	.	Name=AluY	FALSE	Alu	upstream
chr1:160317339:T:C	chr1:160317339:T:C	A:G	SUMO1P3	ncRNA
exonic	unknown	.	.	FALSE	None	ncRNA
chr1:1729448:T:C	chr1:1729448:A:G	A:G	SLC35E2A	UTR3	unknown	T;C;-;A||R||D;ALU;-;SINE/AluSg;ncRNA_intronic;RP1-283E3.4||RP1-283E3.8;-;-;UTR3;SLC35E2;-;-;UTR3;SLC35E2;-;-;-;2474;30;54	Name=AluSg	TRUE	Alu	UTR3
chr1:1729519:T:C	chr1:1729519:A:G	A:G	SLC35E2A	UTR3	unknown	T;C;-;A||R||D;ALU;-;SINE/AluSg;ncRNA_intronic;RP1-283E3.4||RP1-283E3.8;-;-;UTR3;SLC35E2;-;-;UTR3;SLC35E2;-;-;-;2124;30;55	Name=AluSg	TRUE	Alu	UTR3
chr1:197223118:A:G	chr1:197223118:A:G	A:G	CRB1	intronic	unknown	.	.	FALSE	None	intronic
chr1:202001490:T:C	chr1:202001490:T:C	A:G	RNPEP	splicing	unknown	.	.	FALSE	None	splicing
chr1:202001496:C:T	chr1:202001496:G:A	C:T	ELF3-AS1	ncRNA
intronic	unknown	.	.	FALSE	None	ncRNA
chr1:204556521:A:G	chr1:204556521:A:G	A:G	MDM4	UTR3	unknown	A;G;+;A||R||D;ALU;-;SINE/AluJb;UTR3;MDM4;-;-;UTR3;MDM4;-;-;UTR3;MDM4;-;-;-;1386;30;55	Name=AluJb	TRUE	Alu	UTR3
chr1:212590041:T:C	chr1:212590041:T:C	A:G	ATF3	intronic	unknown	.	.	FALSE	None	intronic
chr1:26282338:G:A	chr1:26282338:C:T	C:T	UBXN11	exonic	synonymous SNV	.	Name=(GGACCG)n	FALSE	Simple
repeat	exonic
chr1:26282793:C:T	chr1:26282793:G:A	C:T	UBXN11	intronic	unknown	.	.	FALSE	None	intronic
chr1:26282795:C:T	chr1:26282795:G:A	C:T	UBXN11	intronic	unknown	.	.	FALSE	None	intronic
chr1:26282799:C:T	chr1:26282799:G:A	C:T	UBXN11	intronic	unknown	.	.	FALSE	None	intronic
chr1:28335183:A:G	chr1:28335183:A:G	A:G	MED18	UTR3	unknown	A;G;+;A||R||D;ALU;-;SINE/AluSg;UTR3;MED18;-;-;UTR3;MED18;-;-;UTR3;MED18;-;-;-;975;30;54	Name=AluSg	TRUE	Alu	UTR3
chr1:28335671:A:G	chr1:28335671:A:G	A:G	MED18	UTR3	unknown	A;G;+;A||R||D;ALU;-;SINE/AluSq2;UTR3;MED18;-;-;UTR3;MED18;-;-;UTR3;MED18;-;-;-;1443;30;54	Name=AluSq2	TRUE	Alu	UTR3
chr1:35599889:T:C	chr1:35599889:A:G	A:G	PSMB2	UTR3	unknown	T;C;-;A||R||D;ALU;-;SINE/AluJr;intergenic;TFAP2E||PSMB2;-;-;UTR3;PSMB2;-;-;UTR3;PSMB2;-;-;-;1264;30;54	Name=AluJr	TRUE	Alu	UTR3
chr1:35599903:T:C	chr1:35599903:A:G	A:G	PSMB2	UTR3	unknown	T;C;-;A||R||D;ALU;-;SINE/AluJr;intergenic;TFAP2E||PSMB2;-;-;UTR3;PSMB2;-;-;UTR3;PSMB2;-;-;-;1479;30;54	Name=AluJr	TRUE	Alu	UTR3
chr1:36478030:T:C	chr1:36478030:A:G	A:G	CSF3R	intronic	unknown	T;C;-;A||R;ALU;-;SINE/AluY;intronic;CSF3R;-;-;intronic;CSF3R;-;-;intronic;CSF3R;-;-;-;405;27;44	Name=AluY	TRUE	Alu	intronic
chr1:52824087:A:G	chr1:52824087:A:G	A:G	ZYG11B	UTR3	unknown	A;G;+;A||R||D;ALU;-;SINE/AluSz;UTR3;ZYG11B;-;-;UTR3;ZYG11B;-;-;UTR3;ZYG11B;-;-;-;2032;30;55	Name=AluSz	TRUE	Alu	UTR3
chr1:52825753:A:G	chr1:52825753:A:G	A:G	ZYG11B	UTR3	unknown	A;G;+;A||R||D;ALU;-;SINE/AluJr;UTR3;ZYG11B;-;-;UTR3;ZYG11B;-;-;UTR3;ZYG11B;-;-;-;2513;30;55	Name=AluJr	TRUE	Alu	UTR3
chr1:109409792:T:C	chr1:109409792:A:G	A:G	PSMA5	intronic	unknown	T;C;-;A||R||D;ALU;-;SINE/AluJr;intronic;PSMA5;-;-;intronic;PSMA5;-;-;intronic;PSMA5;-;-;-;589;30;45	Name=AluJr	TRUE	Alu	intronic
chr1:155751407:A:G	chr1:155751407:T:C	A:G	GON4L	intronic	unknown	A;G;+;A||R||D;ALU;-;SINE/AluSx1;intronic;GON4L;-;-;intronic;GON4L;-;-;intronic;GON4L||YY1AP1;-;-;-;2196;30;54	Name=AluSx1	TRUE	Alu	intronic
chr1:1664147:T:C	chr1:1664147:A:G	A:G	SLC35E2B	UTR3	unknown	T;C;-;R||D;ALU;-;SINE/AluJo;UTR3;SLC35E2B;-;-;UTR3;SLC35E2B;-;-;UTR3;SLC35E2B;-;-;-;1729;30;53	Name=AluJo	TRUE	Alu	UTR3
chr1:20649499:T:C	chr1:20649499:A:G	A:G	PINK1-AS	ncRNA
exonic	unknown	T;C;-;A||R;ALU;-;SINE/AluSz6;ncRNA_exonic;PINK1-AS;-;-;ncRNA_exonic;PINK1-AS;-;-;intronic;PINK1;-;-;-;1633;30;54	Name=AluSz6	TRUE	Alu	ncRNA
chr1:225787044:A:G	chr1:225787044:A:G	A:G	SRP9	intronic	unknown	A;G;+;A||R||D;ALU;-;SINE/AluJo;intronic;SRP9;-;-;intronic;SRP9;-;-;intronic;SRP9;-;-;-;1883;30;55	Name=AluJo	TRUE	Alu	intronic
chr1:46586842:T:C	chr1:46586842:A:G	A:G	MKNK1	intronic	unknown	T;C;-;A||R||D;ALU;-;SINE/AluSx3;intronic;MKNK1;-;-;intronic;MKNK1;-;-;intronic;MKNK1;-;-;-;1343;30;54	Name=AluSx3	TRUE	Alu	intronic
chr1:52825748:A:G	chr1:52825748:A:G	A:G	ZYG11B	UTR3	unknown	A;G;+;A||R||D;ALU;-;SINE/AluJr;UTR3;ZYG11B;-;-;UTR3;ZYG11B;-;-;UTR3;ZYG11B;-;-;-;2120;30;55	Name=AluJr	TRUE	Alu	UTR3
chr1:145745992:T:C	chr1:145745992:A:G	A:G	RNF115	UTR3	unknown	.	Name=AluSc8	FALSE	Alu	UTR3
chr1:153853082:A:G	chr1:153853082:T:C	A:G	GATAD2B	intronic	unknown	.	.	FALSE	None	intronic
chr1:153853102:C:T	chr1:153853102:G:A	C:T	GATAD2B	intronic	unknown	.	.	FALSE	None	intronic
chr1:174904701:A:G	chr1:174904701:A:G	A:G	RABGAP1L	intronic	unknown	A;G;+;A||R||D;ALU;-;SINE/AluJb;intronic;RABGAP1L;-;-;intronic;RABGAP1L;-;-;intronic;RABGAP1L;-;-;-;7;3;4	Name=AluJo	TRUE	Alu	intronic
chr1:184793353:T:C	chr1:184793353:A:G	A:G	NIBAN1	UTR3	unknown	T;C;-;A||R||D;ALU;-;SINE/AluSz;UTR3;FAM129A;-;-;UTR3;FAM129A;-;-;UTR3;FAM129A;-;-;-;1884;30;54	Name=AluSz	TRUE	Alu	UTR3
chr1:184793390:T:C	chr1:184793390:A:G	A:G	NIBAN1	UTR3	unknown	T;C;-;A||R||D;ALU;-;SINE/AluSz;UTR3;FAM129A;-;-;UTR3;FAM129A;-;-;UTR3;FAM129A;-;-;-;2195;30;55	Name=AluSz	TRUE	Alu	UTR3
chr1:23073309:C:T	chr1:23073309:C:T	C:T	KDM1A	exonic	nonsynonymous SNV	.	.	FALSE	None	exonic
chr1:27875075:T:C	chr1:27875075:T:C	A:G	THEMIS2	intronic	unknown	.	Name=AluSx1	FALSE	Alu	intronic
chr1:27880241:A:G	chr1:27880241:A:G	A:G	THEMIS2	intronic	unknown	A;G;+;A||R||D;ALU;-;SINE/AluSq2;intronic;THEMIS2;-;-;intronic;THEMIS2;-;-;intronic;THEMIS2;-;-;-;569;27;42	Name=AluSq2	TRUE	Alu	intronic
chr1:36477831:T:C	chr1:36477831:A:G	A:G	CSF3R	intronic	unknown	T;C;-;A||R;ALU;-;SINE/AluY;intronic;CSF3R;-;-;intronic;CSF3R;-;-;intronic;CSF3R;-;-;-;598;29;49	Name=AluY	TRUE	Alu	intronic
chr1:52920689:G:A	chr1:52920689:C:T	C:T	ECHDC2	intronic	unknown	.	.	FALSE	None	intronic
chr1:89424396:G:A	chr1:89424396:G:A	C:T	GBP1P1	ncRNA
exonic	unknown	.	.	FALSE	None	ncRNA
chr1:10404639:A:G	chr1:10404639:A:G	A:G	PGD	intronic	unknown	A;G;+;A||R||D;ALU;-;SINE/AluSx;intronic;PGD;-;-;intronic;PGD;-;-;intronic;PGD;-;-;-;28;6;6	Name=AluSx	TRUE	Alu	intronic
chr1:204556513:A:G	chr1:204556513:A:G	A:G	MDM4	UTR3	unknown	A;G;+;A||R||D;ALU;rs779502088;SINE/AluJb;UTR3;MDM4;-;-;UTR3;MDM4;-;-;UTR3;MDM4;-;-;-;2100;30;55	Name=AluJb	TRUE	Alu	UTR3
chr1:247305244:T:C	chr1:247305244:A:G	A:G	ZNF496	intronic	unknown	T;C;-;A||R||D;ALU;-;SINE/AluSx;intronic;ZNF496;-;-;intronic;ZNF496;-;-;intronic;ZNF496;-;-;-;386;30;48	Name=AluSx3	TRUE	Alu	intronic
chr1:27874372:A:G	chr1:27874372:A:G	A:G	THEMIS2	intronic	unknown	A;G;+;A||R;ALU;-;SINE/AluJr4;intronic;THEMIS2;-;-;intronic;THEMIS2;-;-;intronic;THEMIS2;-;-;-;100;8;11	Name=AluJr4	TRUE	Alu	intronic
chr1:7920479:T:C	chr1:7920479:A:G	A:G	TNFRSF9	UTR3	unknown	T;C;-;A||R||D;ALU;-;SINE/AluJb;UTR3;TNFRSF9;-;-;UTR3;TNFRSF9;-;-;UTR3;TNFRSF9;-;-;-;27;6;7	Name=AluJb	TRUE	Alu	UTR3
chr1:11656042:G:A	chr1:11656042:G:A	C:T	FBXO44	exonic	synonymous SNV	.	.	FALSE	None	exonic
chr1:11656055:T:C	chr1:11656055:T:C	A:G	FBXO44	exonic	synonymous SNV	.	.	FALSE	None	exonic
chr1:179357744:A:G	chr1:179357744:A:G	A:G	SOAT1	UTR3	unknown	A;G;+;A||R;ALU;-;SINE/AluJo;UTR3;SOAT1;-;-;UTR3;SOAT1;-;-;UTR3;SOAT1;-;-;-;4;2;2	Name=AluJo	TRUE	Alu	UTR3
chr1:1729477:T:C	chr1:1729477:A:G	A:G	SLC35E2A	UTR3	unknown	T;C;-;A||R||D;ALU;-;SINE/AluSg;ncRNA_intronic;RP1-283E3.4||RP1-283E3.8;-;-;UTR3;SLC35E2;-;-;UTR3;SLC35E2;-;-;-;1592;30;54	Name=AluSg	TRUE	Alu	UTR3
chr1:179357143:A:G	chr1:179357143:A:G	A:G	SOAT1	UTR3	unknown	A;G;+;A||R;NONREP;-;-/-;UTR3;SOAT1;-;-;UTR3;SOAT1;-;-;UTR3;SOAT1;-;-;-;1605;30;54	.	TRUE	None	UTR3
chr1:35599961:T:C	chr1:35599961:A:G	A:G	PSMB2	UTR3	unknown	T;C;-;A||R||D;ALU;-;SINE/AluJr;intergenic;TFAP2E||PSMB2;-;-;UTR3;PSMB2;-;-;UTR3;PSMB2;-;-;-;1596;30;53	Name=AluJr	TRUE	Alu	UTR3
chr1:109628809:G:A	chr1:109628809:G:A	C:T	AMPD2	intronic	unknown	.	.	FALSE	None	intronic
chr1:203179750:G:A	chr1:203179750:C:T	C:T	CHI3L1	intronic	unknown	.	.	FALSE	None	intronic
chr1:203179756:C:T	chr1:203179756:G:A	C:T	CHI3L1	intronic	unknown	.	.	FALSE	None	intronic
chr1:40091326:T:C	chr1:40091326:A:G	A:G	PPT1	intronic	unknown	.	.	FALSE	None	intronic
chr1:9103328:T:C	chr1:9103328:A:G	A:G	GPR157	UTR3	unknown	T;C;-;A||R||D;ALU;-;SINE/AluSq2;UTR3;GPR157;-;-;intergenic;SLC2A5||GPR157;-;-;intergenic;SLC2A5||GPR157;-;-;-;949;30;42	Name=AluSq2	TRUE	Alu	UTR3
chr1:153853164:A:G	chr1:153853164:T:C	A:G	GATAD2B	intronic	unknown	A;G;+;R;NONREP;-;-/-;intronic;GATAD2B;-;-;intronic;GATAD2B;-;-;intronic;GATAD2B;-;-;-;1;1;1	.	TRUE	None	intronic
chr1:153853170:A:G	chr1:153853170:T:C	A:G	GATAD2B	intronic	unknown	A;G;+;R;NONREP;-;-/-;intronic;GATAD2B;-;-;intronic;GATAD2B;-;-;intronic;GATAD2B;-;-;-;1;1;1	.	TRUE	None	intronic
chr1:153853191:A:G	chr1:153853191:T:C	A:G	GATAD2B	intronic	unknown	A;G;+;R;NONREP;-;-/-;intronic;GATAD2B;-;-;intronic;GATAD2B;-;-;intronic;GATAD2B;-;-;603;376;1;1;1	.	TRUE	None	intronic
chr1:97546696:A:G	chr1:97546696:T:C	A:G	DPYD	intronic	unknown	A;G;+;R;NONREP;-;-/-;intronic;DPYD;-;-;intronic;DPYD;-;-;intronic;DPYD;-;-;731;1251;54;13;15	.	TRUE	None	intronic
chr1:97546699:A:G	chr1:97546699:T:C	A:G	DPYD	intronic	unknown	A;G;+;R;NONREP;-;-/-;intronic;DPYD;-;-;intronic;DPYD;-;-;intronic;DPYD;-;-;731;1251;55;13;15	.	TRUE	None	intronic
chr1:97546714:A:G	chr1:97546714:T:C	A:G	DPYD	intronic	unknown	A;G;+;R;NONREP;-;-/-;intronic;DPYD;-;-;intronic;DPYD;-;-;intronic;DPYD;-;-;731;1251;73;13;19	.	TRUE	None	intronic
chr1:179350294:A:G	chr1:179350294:A:G	A:G	SOAT1	splicing	unknown	.	.	FALSE	None	splicing
chr1:183902607:A:G	chr1:183902607:A:G	A:G	RGL1	intronic	unknown	.	.	FALSE	None	intronic
chr1:183902608:G:A	chr1:183902608:G:A	C:T	RGL1	intronic	unknown	.	.	FALSE	None	intronic
chr1:236484308:A:G	chr1:236484308:A:G	A:G	EDARADD	UTR3	unknown	.	.	FALSE	None	UTR3
chr1:27105987:G:A	chr1:27105987:C:T	C:T	SLC9A1	exonic	synonymous SNV	.	.	FALSE	None	exonic
chr1:37861509:T:C	chr1:37861509:A:G	A:G	INPP5B	UTR3	unknown	T;C;-;A||R||D;ALU;-;SINE/AluSq;ncRNA_exonic;RP11-109P14.10;-;-;UTR3;INPP5B;-;-;UTR3;INPP5B;-;-;-;2352;30;55	Name=AluSq	TRUE	Alu	UTR3
chr1:168249305:A:G	chr1:168249305:A:G	A:G	SFT2D2	UTR3	unknown	A;G;+;A||R||D;ALU;-;SINE/AluSz;UTR3;SFT2D2;-;-;intergenic;ANKRD36BP1||TBX19;-;-;exonic;DQ576756;synonymous	Name=AluSz	TRUE	Alu	UTR3
chr1:179357160:A:G	chr1:179357160:A:G	A:G	SOAT1	UTR3	unknown	A;G;+;A||R;NONREP;-;-/-;UTR3;SOAT1;-;-;UTR3;SOAT1;-;-;UTR3;SOAT1;-;-;-;753;30;54	.	TRUE	None	UTR3
chr1:20774876:T:C	chr1:20774876:A:G	A:G	HP1BP3	intronic	unknown	T;C;-;A||R||D;ALU;-;SINE/AluSc;UTR5;HP1BP3;-;-;intronic;HP1BP3;-;-;UTR5;HP1BP3;-;-;-;2037;30;55	Name=AluSc	TRUE	Alu	intronic
chr1:15491752:T:C	chr1:15491752:A:G	A:G	CASP9	UTR3	unknown	T;C;-;A||R||D;ALU;-;SINE/AluJb;UTR3;CASP9;-;-;UTR3;CASP9;-;-;UTR3;CASP9;-;-;-;974;30;54	Name=AluJb	TRUE	Alu	UTR3
chr1:204556511:A:G	chr1:204556511:A:G	A:G	MDM4	UTR3	unknown	A;G;+;A||R||D;ALU;-;SINE/AluJb;UTR3;MDM4;-;-;UTR3;MDM4;-;-;UTR3;MDM4;-;-;-;1644;30;55	Name=AluJb	TRUE	Alu	UTR3
chr1:160317832:C:T	chr1:160317832:C:T	C:T	SUMO1P3	ncRNA
exonic	unknown	.	.	FALSE	None	ncRNA
chr1:207652660:G:A	chr1:207652660:G:A	C:T	CR1L	intronic	unknown	.	.	FALSE	None	intronic
chr1:51251278:A:G	chr1:51251278:A:G	A:G	RNF11	intronic	unknown	.	.	FALSE	None	intronic
chr1:51251284:G:A	chr1:51251284:G:A	C:T	RNF11	intronic	unknown	.	.	FALSE	None	intronic
chr1:89104384:A:G	chr1:89104384:T:C	A:G	GBP2	downstream	unknown	.	.	FALSE	None	downstream
chr1:151118856:A:G	chr1:151118856:A:G	A:G	GABPB2	UTR3	unknown	A;G;+;A||R||D;ALU;-;SINE/AluSz6;UTR3;GABPB2;-;-;downstream;GABPB2;-;-;downstream;GABPB2;-;-;-;736;30;54	Name=AluSc8	TRUE	Alu	UTR3
chr1:6222164:T:C	chr1:6222164:A:G	A:G	ICMT	UTR3	unknown	T;C;-;A||R||D;ALU;-;SINE/AluSz;UTR3;ICMT;-;-;UTR3;ICMT;-;-;UTR3;ICMT;-;-;-;2334;30;55	Name=AluSz	TRUE	Alu	UTR3
chr1:182381005:T:C	chr1:182381005:A:G	A:G	GLUL	UTR3	unknown	T;C;-;A||R;ALU;-;SINE/AluSz;downstream;GLUL;-;-;UTR3;GLUL;-;-;downstream;GLUL;-;-;-;536;28;50	Name=AluSz	TRUE	Alu	UTR3
chr1:9149136:T:C	chr1:9149136:A:G	A:G	MIR34AHG	ncRNA
exonic	unknown	T;C;-;A||R||D;ALU;-;SINE/AluSx1;intergenic;GPR157||MIR34A;-;-;ncRNA_exonic;MIR34AHG;-;-;UTR3;mir-34;-;-;-;1283;30;51	Name=AluSx1	TRUE	Alu	ncRNA
chr1:182381184:T:C	chr1:182381184:A:G	A:G	GLUL	UTR3	unknown	T;C;-;A||R;ALU;-;SINE/AluSz;downstream;GLUL;-;-;UTR3;GLUL;-;-;downstream;GLUL;-;-;-;278;20;38	Name=AluSz	TRUE	Alu	UTR3
chr1:9928633:T:C	chr1:9928633:A:G	A:G	LZIC	UTR3	unknown	T;C;-;A||R||D;ALU;-;SINE/AluSq2;downstream;LZIC;-;-;UTR3;LZIC;-;-;intergenic;CTNNBIP1||LZIC;-;-;-;1415;30;55	Name=AluSp	TRUE	Alu	UTR3
chr1:72274784:G:A	chr1:72274784:C:T	C:T	NEGR1	intronic	unknown	.	.	FALSE	None	intronic
chr1:1520923:A:G	chr1:1520923:A:G	A:G	ATAD3A	intronic	unknown	A;G;+;A||R||D;ALU;-;SINE/AluJb;intronic;ATAD3A;-;-;intronic;ATAD3A;-;-;intronic;ATAD3A;-;-;-;395;29;46	Name=AluJb	TRUE	Alu	intronic
chr1:236483672:G:A	chr1:236483672:G:A	C:T	EDARADD	UTR3	unknown	.	.	FALSE	None	UTR3
chr1:36477851:T:C	chr1:36477851:A:G	A:G	CSF3R	intronic	unknown	T;C;-;A||R;ALU;-;SINE/AluY;intronic;CSF3R;-;-;intronic;CSF3R;-;-;intronic;CSF3R;-;-;-;540;26;44	Name=AluY	TRUE	Alu	intronic
chr1:151118851:A:G	chr1:151118851:A:G	A:G	GABPB2	UTR3	unknown	A;G;+;A||R||D;ALU;-;SINE/AluSz6;UTR3;GABPB2;-;-;downstream;GABPB2;-;-;downstream;GABPB2;-;-;-;977;30;54	Name=AluSc8	TRUE	Alu	UTR3
chr1:145921978:T:C	chr1:145921978:T:C	A:G	GNRHR2	ncRNA
intronic	unknown	.	Name=AluSz6	FALSE	Alu	ncRNA
chr1:155750864:A:G	chr1:155750864:T:C	A:G	GON4L	intronic	unknown	A;G;+;A||R||D;ALU;-;SINE/AluSx1;intronic;GON4L;-;-;intronic;GON4L;-;-;UTR3;MSTO2P;-;-;-;1987;30;53	Name=AluSx1	TRUE	Alu	intronic
chr1:182807081:A:G	chr1:182807081:A:G	A:G	NPL	intronic	unknown	A;G;+;A||R||D;ALU;-;SINE/AluSc8;intronic;NPL;-;-;intronic;NPL;-;-;intronic;NPL;-;-;-;39;15;16	Name=AluSc8	TRUE	Alu	intronic
chr1:28335208:A:G	chr1:28335208:A:G	A:G	MED18	UTR3	unknown	A;G;+;A||R||D;ALU;-;SINE/AluSg;UTR3;MED18;-;-;UTR3;MED18;-;-;UTR3;MED18;-;-;-;1035;30;53	Name=AluSg	TRUE	Alu	UTR3
chr1:225788239:A:G	chr1:225788239:A:G	A:G	SRP9	intronic	unknown	A;G;+;A||R||D;ALU;-;SINE/AluSx;intronic;SRP9;-;-;intronic;SRP9;-;-;intronic;SRP9;-;-;-;1891;30;54	Name=AluSx	TRUE	Alu	intronic
chr1:27874244:A:G	chr1:27874244:A:G	A:G	THEMIS2	intronic	unknown	A;G;+;A||R||D;ALU;-;SINE/AluJb;intronic;THEMIS2;-;-;intronic;THEMIS2;-;-;intronic;THEMIS2;-;-;-;88;4;6	Name=AluJb	TRUE	Alu	intronic
chr1:20649530:T:C	chr1:20649530:A:G	A:G	PINK1-AS	ncRNA
exonic	unknown	T;C;-;A||R||D;ALU;-;SINE/AluSz6;ncRNA_exonic;PINK1-AS;-;-;ncRNA_exonic;PINK1-AS;-;-;intronic;PINK1;-;-;-;1548;30;54	Name=AluSz6	TRUE	Alu	ncRNA
chr1:176616578:C:T	chr1:176616578:C:T	C:T	PAPPA2	intronic	unknown	.	.	FALSE	None	intronic
chr1:176616591:T:C	chr1:176616591:T:C	A:G	PAPPA2	intronic	unknown	.	.	FALSE	None	intronic
chr1:176616592:G:A	chr1:176616592:G:A	C:T	PAPPA2	intronic	unknown	.	.	FALSE	None	intronic
chr1:180436608:A:G	chr1:180436608:T:C	A:G	ACBD6	intronic	unknown	.	.	FALSE	None	intronic
chr1:19216965:T:C	chr1:19216965:T:C	A:G	EMC1-AS1	ncRNA
intronic	unknown	T;C;-;A||R||D;ALU;-;SINE/AluJo;ncRNA_intronic;RP1-43E13.2;-;-;UTR3;EMC1;-;-;UTR3;EMC1;-;-;-;2342;30;55	Name=AluJo	TRUE	Alu	ncRNA
chr1:9984309:A:G	chr1:9984309:A:G	A:G	NMNAT1	UTR3	unknown	A;G;+;A||R||D;ALU;-;SINE/AluSx1;ncRNA_exonic;RP11-807G9.2;-;-;UTR3;NMNAT1;-;-;UTR3;NMNAT1;-;-;-;1898;30;54	Name=AluSx1	TRUE	Alu	UTR3
chr1:156165021:T:C	chr1:156165021:T:C	A:G	SEMA4A	intronic	unknown	.	Name=AluSx	FALSE	Alu	intronic
chr1:244858845:A:G	chr1:244858845:T:C	A:G	HNRNPU	intronic	unknown	.	.	FALSE	None	intronic
chr1:155750947:A:G	chr1:155750947:T:C	A:G	GON4L	intronic	unknown	A;G;+;A||R||D;ALU;-;SINE/AluSx1;intronic;GON4L;-;-;intronic;GON4L;-;-;intronic;GON4L||YY1AP1;-;-;-;1404;30;53	Name=AluSx1	TRUE	Alu	intronic
chr1:179117064:T:C	chr1:179117064:A:G	A:G	ABL2	intronic	unknown	T;C;-;R;ALU;-;SINE/AluSz;intronic;ABL2;-;-;intronic;ABL2;-;-;UTR3;ABL2;-;-;-;46;14;19	Name=AluSz	TRUE	Alu	intronic
chr1:180436596:A:G	chr1:180436596:T:C	A:G	ACBD6	intronic	unknown	.	.	FALSE	None	intronic
chr1:171270632:G:A	chr1:171270632:G:A	C:T	FMO1	intronic	unknown	.	.	FALSE	None	intronic
chr1:1729971:T:C	chr1:1729971:A:G	A:G	SLC35E2A	UTR3	unknown	T;C;-;R||D;ALU;-;SINE/AluJo;ncRNA_intronic;RP1-283E3.4||RP1-283E3.8;-;-;UTR3;SLC35E2;-;-;UTR3;SLC35E2;-;-;-;1957;30;53	Name=AluJo	TRUE	Alu	UTR3
chr1:144423049:G:A	chr1:144423049:C:T	C:T	NBPF15	exonic	synonymous SNV	.	.	FALSE	None	exonic
chr1:145922075:T:C	chr1:145922075:T:C	A:G	GNRHR2	ncRNA
intronic	unknown	.	Name=AluSz6	FALSE	Alu	ncRNA
chr1:207652651:C:T	chr1:207652651:C:T	C:T	CR1L	intronic	unknown	.	.	FALSE	None	intronic
chr1:70305073:T:C	chr1:70305073:A:G	A:G	ANKRD13C	intronic	unknown	T;C;-;A||R||D;REP;-;SINE/FLAM_C;intronic;ANKRD13C;-;-;intronic;ANKRD13C;-;-;intronic;ANKRD13C;-;-;-;122;16;21	Name=FLAM_C	TRUE	Other	intronic
chr1:70305086:T:C	chr1:70305086:A:G	A:G	ANKRD13C	intronic	unknown	T;C;-;A||R||D;REP;-;SINE/FLAM_C;intronic;ANKRD13C;-;-;intronic;ANKRD13C;-;-;intronic;ANKRD13C;-;-;-;128;15;19	Name=FLAM_C	TRUE	Other	intronic
chr1:236144294:A:G	chr1:236144294:A:G	A:G	GPR137B	intronic	unknown	A;G;+;R||D;ALU;-;SINE/AluJb;intronic;GPR137B;-;-;intronic;GPR137B;-;-;intronic;GPR137B;-;-;-;1;1;1	Name=AluJb	TRUE	Alu	intronic
chr1:145782392:T:C	chr1:145782392:A:G	A:G	RNF115	intronic	unknown	.	Name=FLAM_A	FALSE	Other	intronic
chr1:28335302:A:G	chr1:28335302:A:G	A:G	MED18	UTR3	unknown	A;G;+;A||R;ALU;-;SINE/AluSg;UTR3;MED18;-;-;UTR3;MED18;-;-;UTR3;MED18;-;-;-;1051;30;53	Name=AluSg	TRUE	Alu	UTR3
chr1:121367423:A:G	chr1:121367423:T:C	A:G	SRGAP2-AS1	ncRNA
intronic	unknown	.	Name=MER20	FALSE	Other	ncRNA
chr1:145093100:A:G	chr1:145093100:T:C	A:G	SRGAP2B	UTR5	unknown	.	.	FALSE	None	UTR5
chr1:206406675:G:A	chr1:206406675:G:A	C:T	SRGAP2	intronic	unknown	.	.	FALSE	None	intronic
chr1:3737322:G:A	chr1:3737322:C:T	C:T	TP73-AS1	ncRNA
exonic	unknown	.	.	FALSE	None	ncRNA
chr1:147083400:T:C	chr1:147083400:A:G	A:G	RNVU1-8	downstream	unknown	.	.	FALSE	None	downstream
chr1:119834312:T:C	chr1:119834312:A:G	A:G	NBPF7	downstream	unknown	.	Name=L1MC4	FALSE	LINE	downstream
chr1:119834380:T:C	chr1:119834380:A:G	A:G	NBPF7	downstream	unknown	.	.	FALSE	None	downstream
chr1:119834432:T:C	chr1:119834432:A:G	A:G	NBPF7	downstream	unknown	.	.	FALSE	None	downstream
chr1:119834454:T:C	chr1:119834454:A:G	A:G	NBPF7	downstream	unknown	.	.	FALSE	None	downstream
chr1:144068191:C:T	chr1:144068191:C:T	C:T	SRGAP2D	ncRNA
exonic	unknown	.	.	FALSE	None	ncRNA
chr1:119834225:T:C	chr1:119834225:A:G	A:G	NBPF7	downstream	unknown	.	Name=L1MC4	FALSE	LINE	downstream
chr1:89057388:T:C	chr1:89057388:A:G	A:G	GBP1	intronic	unknown	.	.	FALSE	None	intronic
chr1:89114014:A:G	chr1:89114014:T:C	A:G	GBP2	splicing	unknown	.	.	FALSE	None	splicing
chr1:156156575:G:A	chr1:156156575:G:A	C:T	SEMA4A	splicing	unknown	.	.	FALSE	None	splicing
chr1:176616697:A:G	chr1:176616697:A:G	A:G	PAPPA2	intronic	unknown	.	.	FALSE	None	intronic
chr2:161136960:A:G	chr2:161136960:A:G	A:G	TANK	UTR5	unknown	.	.	FALSE	None	UTR5
chr2:178435262:A:G	chr2:178435262:A:G	A:G	CHROMR	ncRNA
intronic	unknown	A;G;+;A||R||D;ALU;-;SINE/AluSx;ncRNA_intronic;AC009948.5;-;-;ncRNA_intronic;LOC101927027||MIR548N;-;-;ncRNA_intronic;MIR548N;-;-;-;730;29;49	Name=AluSq	TRUE	Alu	ncRNA
chr2:178435308:A:G	chr2:178435308:A:G	A:G	CHROMR	ncRNA
intronic	unknown	A;G;+;A||R;ALU;-;SINE/AluSx;ncRNA_intronic;AC009948.5;-;-;ncRNA_intronic;LOC101927027||MIR548N;-;-;ncRNA_intronic;MIR548N;-;-;-;1076;30;53	Name=AluSq	TRUE	Alu	ncRNA
chr2:184790745:A:G	chr2:184790745:A:G	A:G	ZNF804A	intronic	unknown	.	Name=AluY	FALSE	Alu	intronic
chr2:184790752:T:C	chr2:184790752:T:C	A:G	ZNF804A	intronic	unknown	.	Name=AluY	FALSE	Alu	intronic
chr2:184790878:T:C	chr2:184790878:T:C	A:G	ZNF804A	intronic	unknown	.	Name=AluY	FALSE	Alu	intronic
chr2:190934866:A:G	chr2:190934866:A:G	A:G	GLS	UTR3	unknown	A;G;+;A||R;NONREP;-;-/-;UTR3;GLS;-;-;UTR3;GLS;-;-;UTR3;GLS;-;-;-;2175;30;55	.	TRUE	None	UTR3
chr2:201164010:A:G	chr2:201164010:A:G	A:G	CFLAR	UTR3	unknown	A;G;+;A||R||D;ALU;-;SINE/AluSx1;UTR3;CFLAR;-;-;UTR3;CFLAR;-;-;UTR3;CFLAR;-;-;-;2203;30;55	Name=AluSx1	TRUE	Alu	UTR3
chr2:201164144:A:G	chr2:201164144:A:G	A:G	CFLAR	UTR3	unknown	A;G;+;A||R||D;ALU;-;SINE/AluSx1;UTR3;CFLAR;-;-;UTR3;CFLAR;-;-;UTR3;CFLAR;-;-;-;2389;30;55	Name=AluSx1	TRUE	Alu	UTR3
chr2:201165371:A:G	chr2:201165371:A:G	A:G	CFLAR	UTR3	unknown	A;G;+;A||R||D;ALU;-;SINE/AluSx1;UTR3;CFLAR;-;-;UTR3;CFLAR;-;-;UTR3;CFLAR;-;-;-;1295;30;55	Name=AluSx1	TRUE	Alu	UTR3
chr2:201219150:A:G	chr2:201219150:A:G	A:G	CASP10	UTR3	unknown	A;G;+;A||R||D;ALU;-;SINE/AluSz6;UTR3;CASP10;-;-;UTR3;CASP10;-;-;UTR3;CASP10;-;-;-;1664;30;55	Name=AluSz6	TRUE	Alu	UTR3
chr2:201219176:A:G	chr2:201219176:A:G	A:G	CASP10	UTR3	unknown	A;G;+;A||R||D;ALU;-;SINE/AluSz6;UTR3;CASP10;-;-;UTR3;CASP10;-;-;UTR3;CASP10;-;-;-;1912;30;55	Name=AluSz6	TRUE	Alu	UTR3
chr2:201219195:A:G	chr2:201219195:A:G	A:G	CASP10	UTR3	unknown	A;G;+;A||R||D;ALU;-;SINE/AluSz6;UTR3;CASP10;-;-;UTR3;CASP10;-;-;UTR3;CASP10;-;-;-;1967;30;55	Name=AluSz6	TRUE	Alu	UTR3
chr2:201287355:A:G	chr2:201287355:A:G	A:G	CASP8	UTR3	unknown	A;G;+;A||R||D;ALU;-;SINE/AluJr;UTR3;CASP8;-;-;UTR3;CASP8;-;-;UTR3;CASP8;-;-;-;1776;30;54	Name=AluJr	TRUE	Alu	UTR3
chr2:201287385:A:G	chr2:201287385:A:G	A:G	CASP8	UTR3	unknown	A;G;+;A||D;ALU;rs1045501;SINE/AluJr;UTR3;CASP8;-;-;UTR3;CASP8;-;-;UTR3;CASP8;-;-;-;1605;30;54	Name=AluJr	TRUE	Alu	UTR3
chr2:207754653:A:G	chr2:207754653:A:G	A:G	CCNYL1	UTR3	unknown	A;G;+;A||R||D;REP;-;SINE/FAM;UTR3;CCNYL1;-;-;UTR3;CCNYL1;-;-;UTR3;CCNYL1;-;-;-;1776;30;54	Name=FAM	TRUE	Other	UTR3
chr2:207754755:A:G	chr2:207754755:A:G	A:G	CCNYL1	UTR3	unknown	A;G;+;A||R||D;REP;-;SINE/FAM;UTR3;CCNYL1;-;-;UTR3;CCNYL1;-;-;UTR3;CCNYL1;-;-;-;2213;30;54	Name=FAM	TRUE	Other	UTR3
chr2:207754807:A:G	chr2:207754807:A:G	A:G	MIR4775	ncRNA
exonic	unknown	A;G;+;A||R;NONREP;-;-/-;ncRNA_exonic;MIR4775;-;-;ncRNA_exonic;MIR4775;-;-;ncRNA_exonic;MIR4775;-;-;-;2088;30;54	.	TRUE	None	ncRNA
chr2:207754861:A:G	chr2:207754861:A:G	A:G	MIR4775	ncRNA
exonic	unknown	A;G;+;A||R||D;NONREP;-;-/-;ncRNA_exonic;MIR4775;-;-;ncRNA_exonic;MIR4775;-;-;ncRNA_exonic;MIR4775;-;-;289;20;1521;30;54	.	TRUE	None	ncRNA
chr2:207754938:A:G	chr2:207754938:A:G	A:G	CCNYL1	UTR3	unknown	A;G;+;A||R||D;REP;-;SINE/FAM;UTR3;CCNYL1;-;-;UTR3;CCNYL1;-;-;UTR3;CCNYL1;-;-;-;1315;29;52	Name=AluJo	TRUE	Alu	UTR3
chr2:207754951:A:G	chr2:207754951:A:G	A:G	CCNYL1	UTR3	unknown	A;G;+;A||R||D;REP;-;SINE/FAM;UTR3;CCNYL1;-;-;UTR3;CCNYL1;-;-;UTR3;CCNYL1;-;-;-;1242;29;52	Name=AluJo	TRUE	Alu	UTR3
chr2:207755018:A:G	chr2:207755018:A:G	A:G	CCNYL1	UTR3	unknown	A;G;+;A||R||D;REP;-;SINE/FAM;UTR3;CCNYL1;-;-;UTR3;CCNYL1;-;-;UTR3;CCNYL1;-;-;-;2314;30;55	Name=AluJo	TRUE	Alu	UTR3
chr2:207755025:A:G	chr2:207755025:A:G	A:G	CCNYL1	UTR3	unknown	A;G;+;A||R||D;REP;-;SINE/FAM;UTR3;CCNYL1;-;-;UTR3;CCNYL1;-;-;UTR3;CCNYL1;-;-;-;2106;30;55	Name=AluJo	TRUE	Alu	UTR3
chr2:207755405:A:G	chr2:207755405:A:G	A:G	CCNYL1	UTR3	unknown	A;G;+;A||R;NONREP;-;-/-;UTR3;CCNYL1;-;-;UTR3;CCNYL1;-;-;UTR3;CCNYL1;-;-;-;1677;30;53	.	TRUE	None	UTR3
chr2:207755419:A:G	chr2:207755419:A:G	A:G	CCNYL1	UTR3	unknown	A;G;+;A||R;NONREP;-;-/-;UTR3;CCNYL1;-;-;UTR3;CCNYL1;-;-;UTR3;CCNYL1;-;-;-;1710;30;54	.	TRUE	None	UTR3
chr2:218235279:A:G	chr2:218235279:A:G	A:G	ARPC2	intronic	unknown	A;G;+;A||R||D;ALU;-;SINE/AluJr;intronic;ARPC2;-;-;intronic;ARPC2;-;-;intronic;ARPC2;-;-;-;1801;30;54	Name=AluJr	TRUE	Alu	intronic
chr2:218235293:A:G	chr2:218235293:A:G	A:G	ARPC2	intronic	unknown	A;G;+;A||R||D;ALU;-;SINE/AluJr;intronic;ARPC2;-;-;intronic;ARPC2;-;-;intronic;ARPC2;-;-;-;1967;30;55	Name=AluJr	TRUE	Alu	intronic
chr2:218235855:A:G	chr2:218235855:A:G	A:G	ARPC2	intronic	unknown	A;G;+;A||R||D;ALU;-;SINE/AluSx1;intronic;ARPC2;-;-;intronic;ARPC2;-;-;UTR5;ARPC2;-;-;-;1884;30;55	Name=AluSx1	TRUE	Alu	intronic
chr2:218235856:A:G	chr2:218235856:A:G	A:G	ARPC2	intronic	unknown	A;G;+;A||R||D;ALU;-;SINE/AluSx1;intronic;ARPC2;-;-;intronic;ARPC2;-;-;UTR5;ARPC2;-;-;-;1993;30;54	Name=AluSx1	TRUE	Alu	intronic
chr2:230725043:A:G	chr2:230725043:A:G	A:G	CAB39	intronic	unknown	.	.	FALSE	None	intronic
chr2:233141298:A:G	chr2:233141298:A:G	A:G	INPP5D	intronic	unknown	.	Name=AluSx1	FALSE	Alu	intronic
chr2:233141312:A:G	chr2:233141312:A:G	A:G	INPP5D	intronic	unknown	.	Name=AluSx1	FALSE	Alu	intronic
chr2:233141446:A:G	chr2:233141446:A:G	A:G	INPP5D	intronic	unknown	.	Name=AluSx1	FALSE	Alu	intronic
chr2:233141447:A:G	chr2:233141447:A:G	A:G	INPP5D	intronic	unknown	.	Name=AluSx1	FALSE	Alu	intronic
chr2:26028173:A:G	chr2:26028173:A:G	A:G	RAB10	upstream	unknown	.	.	FALSE	None	upstream
chr2:26028349:T:C	chr2:26028349:T:C	A:G	RAB10	upstream	unknown	.	.	FALSE	None	upstream
chr2:27392910:T:C	chr2:27392910:A:G	A:G	FTH1P3	ncRNA
exonic	unknown	.	.	FALSE	None	ncRNA
chr2:37100519:T:C	chr2:37100519:A:G	A:G	EIF2AK2	UTR3	unknown	T;C;-;A||R||D;NONREP;-;-/-;UTR3;EIF2AK2;-;-;intergenic;GPATCH11||EIF2AK2;-;-;intergenic;GPATCH11||EIF2AK2;-;-;-;2456;30;55	.	TRUE	None	UTR3
chr2:37100523:T:C	chr2:37100523:A:G	A:G	EIF2AK2	UTR3	unknown	T;C;-;A||R||D;NONREP;-;-/-;UTR3;EIF2AK2;-;-;intergenic;GPATCH11||EIF2AK2;-;-;intergenic;GPATCH11||EIF2AK2;-;-;-;2294;30;54	.	TRUE	None	UTR3
chr2:37100527:T:C	chr2:37100527:A:G	A:G	EIF2AK2	UTR3	unknown	T;C;-;A||R;NONREP;-;-/-;UTR3;EIF2AK2;-;-;intergenic;GPATCH11||EIF2AK2;-;-;intergenic;GPATCH11||EIF2AK2;-;-;-;2142;30;54	.	TRUE	None	UTR3
chr2:37103288:T:C	chr2:37103288:A:G	A:G	EIF2AK2	UTR3	unknown	T;C;-;A||R||D;ALU;-;SINE/AluSq2;UTR3;EIF2AK2;-;-;intergenic;GPATCH11||EIF2AK2;-;-;intergenic;GPATCH11||EIF2AK2;-;-;-;827;30;55	Name=AluSq2	TRUE	Alu	UTR3
chr2:37103360:T:C	chr2:37103360:A:G	A:G	EIF2AK2	UTR3	unknown	T;C;-;A||R||D;ALU;-;SINE/AluSq2;UTR3;EIF2AK2;-;-;intergenic;GPATCH11||EIF2AK2;-;-;intergenic;GPATCH11||EIF2AK2;-;-;-;761;30;55	Name=AluSq2	TRUE	Alu	UTR3
chr2:37202383:A:G	chr2:37202383:A:G	A:G	CEBPZOS	UTR3	unknown	A;G;+;A||R||D;ALU;-;SINE/AluSz;UTR3;AC007390.5;-;-;ncRNA_exonic;CEBPZOS;-;-;UTR3;LOC100505876;-;-;-;2141;30;55	Name=AluSz	TRUE	Alu	UTR3
chr2:37202483:A:G	chr2:37202483:A:G	A:G	CEBPZOS	UTR3	unknown	A;G;+;A||R||D;ALU;-;SINE/AluSz;UTR3;AC007390.5;-;-;ncRNA_exonic;CEBPZOS;-;-;UTR3;LOC100505876;-;-;-;5;4;4	Name=AluSz	TRUE	Alu	UTR3
chr2:38566185:T:C	chr2:38566185:A:G	A:G	HNRNPLL	intronic	unknown	T;C;-;A||R||D;ALU;-;SINE/AluSx1;intronic;HNRNPLL;-;-;intronic;HNRNPLL;-;-;intronic;HNRPLL;-;-;-;1301;30;55	Name=AluSx1	TRUE	Alu	intronic
chr2:39474840:A:G	chr2:39474840:A:G	A:G	MAP4K3-DT	ncRNA
intronic	unknown	A;G;+;A||R||D;ALU;-;SINE/AluSg;ncRNA_intronic;AC007246.3;-;-;ncRNA_intronic;LOC728730;-;-;ncRNA_intronic;LOC728730;-;-;-;1067;29;51	Name=AluSg	TRUE	Alu	ncRNA
chr2:84915969:T:C	chr2:84915969:T:C	A:G	TMSB10	downstream	unknown	.	.	FALSE	None	downstream
chr2:84916515:C:T	chr2:84916515:C:T	C:T	TMSB10	downstream	unknown	.	.	FALSE	None	downstream
chr2:127843890:T:C	chr2:127843890:A:G	A:G	POLR2D	UTR3	unknown	T;C;-;A||R||D;ALU;-;SINE/AluJb;ncRNA_exonic;RP5-935K16.1;-;-;intergenic;WDR33||POLR2D;-;-;intergenic;WDR33||POLR2D;-;-;-;2366;30;55	Name=AluJb	TRUE	Alu	UTR3
chr2:131484041:T:C	chr2:131484041:A:G	A:G	MZT2A	UTR3	unknown	.	.	FALSE	None	UTR3
chr2:131484074:T:C	chr2:131484074:A:G	A:G	MZT2A	exonic	nonsynonymous SNV	.	.	FALSE	None	exonic
chr2:171749317:A:G	chr2:171749317:A:G	A:G	DYNC1I2	UTR3	unknown	A;G;+;A||R||D;NONREP;-;-/-;downstream;DYNC1I2;-;-;UTR3;DYNC1I2;-;-;UTR3;DYNC1I2;-;-;-;1588;30;55	.	TRUE	None	UTR3
chr2:178434191:A:G	chr2:178434191:A:G	A:G	CHROMR	ncRNA
intronic	unknown	A;G;+;A||R;ALU;-;SINE/AluSx;ncRNA_intronic;AC009948.5;-;-;ncRNA_intronic;LOC101927027||MIR548N;-;-;ncRNA_intronic;MIR548N;-;-;-;459;30;47	Name=AluSx	TRUE	Alu	ncRNA
chr2:178435110:A:G	chr2:178435110:A:G	A:G	CHROMR	ncRNA
intronic	unknown	A;G;+;A||R;ALU;-;SINE/AluSg;ncRNA_intronic;AC009948.5;-;-;ncRNA_intronic;LOC101927027||MIR548N;-;-;ncRNA_intronic;MIR548N;-;-;-;1001;29;52	Name=AluSg	TRUE	Alu	ncRNA
chr2:178435123:A:G	chr2:178435123:A:G	A:G	CHROMR	ncRNA
intronic	unknown	A;G;+;A||R;ALU;-;SINE/AluSg;ncRNA_intronic;AC009948.5;-;-;ncRNA_intronic;LOC101927027||MIR548N;-;-;ncRNA_intronic;MIR548N;-;-;-;966;29;50	Name=AluSg	TRUE	Alu	ncRNA
chr2:178435137:A:G	chr2:178435137:A:G	A:G	CHROMR	ncRNA
intronic	unknown	A;G;+;A||R||D;ALU;-;SINE/AluSg;ncRNA_intronic;AC009948.5;-;-;ncRNA_intronic;LOC101927027||MIR548N;-;-;ncRNA_intronic;MIR548N;-;-;-;480;28;46	Name=AluSg	TRUE	Alu	ncRNA
chr2:178435156:A:G	chr2:178435156:A:G	A:G	CHROMR	ncRNA
intronic	unknown	A;G;+;A||R||D;ALU;-;SINE/AluSg;ncRNA_intronic;AC009948.5;-;-;ncRNA_intronic;LOC101927027||MIR548N;-;-;ncRNA_intronic;MIR548N;-;-;-;996;30;53	Name=AluSg	TRUE	Alu	ncRNA
chr2:178435289:A:G	chr2:178435289:A:G	A:G	CHROMR	ncRNA
intronic	unknown	A;G;+;A||R||D;ALU;-;SINE/AluSx;ncRNA_intronic;AC009948.5;-;-;ncRNA_intronic;LOC101927027||MIR548N;-;-;ncRNA_intronic;MIR548N;-;-;-;1062;30;53	Name=AluSq	TRUE	Alu	ncRNA
chr2:191076133:T:C	chr2:191076133:A:G	A:G	STAT4	intronic	unknown	T;C;-;A||R;ALU;-;SINE/AluJr4;intronic;STAT4;-;-;intronic;STAT4;-;-;UTR3;STAT4;-;-;-;17;7;7	Name=AluJr4	TRUE	Alu	intronic
chr2:197291087:T:C	chr2:197291087:A:G	A:G	ANKRD44-IT1	ncRNA
intronic	unknown	T;C;-;A||R||D;ALU;-;SINE/AluJr;ncRNA_intronic;ANKRD44-IT1;-;-;ncRNA_intronic;ANKRD44-IT1;-;-;intronic;ANKRD44;-;-;-;6;3;4	Name=AluJr	TRUE	Alu	ncRNA
chr2:201150081:A:G	chr2:201150081:T:C	A:G	CFLAR-AS1	ncRNA
intronic	unknown	A;G;+;A||R||D;ALU;-;SINE/AluSx4;ncRNA_exonic;CFLAR-AS1;-;-;ncRNA_intronic;CFLAR-AS1;-;-;ncRNA_intronic;CFLAR-AS1;-;-;-;89;16;20	Name=AluSx4	TRUE	Alu	ncRNA
chr2:201150213:A:G	chr2:201150213:T:C	A:G	CFLAR-AS1	ncRNA
intronic	unknown	A;G;+;A||R;ALU;-;SINE/AluSx4;ncRNA_exonic;CFLAR-AS1;-;-;ncRNA_intronic;CFLAR-AS1;-;-;ncRNA_intronic;CFLAR-AS1;-;-;-;44;10;10	Name=AluSx4	TRUE	Alu	ncRNA
chr2:201164004:A:G	chr2:201164004:A:G	A:G	CFLAR	UTR3	unknown	A;G;+;A||R||D;ALU;-;SINE/AluSx1;UTR3;CFLAR;-;-;UTR3;CFLAR;-;-;UTR3;CFLAR;-;-;-;2336;30;55	Name=AluSx1	TRUE	Alu	UTR3
chr2:201287339:A:G	chr2:201287339:A:G	A:G	CASP8	UTR3	unknown	A;G;+;A||D;ALU;-;SINE/AluJr;UTR3;CASP8;-;-;UTR3;CASP8;-;-;UTR3;CASP8;-;-;-;1928;30;54	Name=AluJr	TRUE	Alu	UTR3
chr2:206122212:T:C	chr2:206122212:A:G	A:G	NDUFS1	UTR3	unknown	T;C;-;A||R;ALU;-;SINE/AluJr;ncRNA_exonic;AC007383.4;-;-;downstream;NDUFS1;-;-;downstream;NDUFS1;-;-;-;2418;30;55	Name=AluJr	TRUE	Alu	UTR3
chr2:207754737:A:G	chr2:207754737:A:G	A:G	CCNYL1	UTR3	unknown	A;G;+;A||R||D;REP;-;SINE/FAM;UTR3;CCNYL1;-;-;UTR3;CCNYL1;-;-;UTR3;CCNYL1;-;-;-;1476;30;54	Name=FAM	TRUE	Other	UTR3
chr2:207754767:A:G	chr2:207754767:A:G	A:G	CCNYL1	UTR3	unknown	A;G;+;A||R||D;REP;-;SINE/FAM;UTR3;CCNYL1;-;-;UTR3;CCNYL1;-;-;UTR3;CCNYL1;-;-;-;1818;30;55	Name=FAM	TRUE	Other	UTR3
chr2:207754860:A:G	chr2:207754860:A:G	A:G	MIR4775	ncRNA
exonic	unknown	A;G;+;R;NONREP;-;-/-;ncRNA_exonic;MIR4775;-;-;ncRNA_exonic;MIR4775;-;-;ncRNA_exonic;MIR4775;-;-;289;20;759;28;50	.	TRUE	None	ncRNA
chr2:218236685:A:G	chr2:218236685:A:G	A:G	ARPC2	intronic	unknown	A;G;+;A||R||D;ALU;-;SINE/AluSp;intronic;ARPC2;-;-;intronic;ARPC2;-;-;UTR5;ARPC2;-;-;-;1622;30;53	Name=AluSp	TRUE	Alu	intronic
chr2:229261141:T:C	chr2:229261141:A:G	A:G	PID1	intronic	unknown	T;C;-;A;REP;-;LTR/MLT1C;intronic;PID1;-;-;intronic;PID1;-;-;intronic;PID1;-;-;-;4;3;3	Name=MLT1C	TRUE	Other	intronic
chr2:230167236:T:C	chr2:230167236:A:G	A:G	SP110	downstream	unknown	T;C;-;A||R||D;ALU;-;SINE/AluJb;ncRNA_exonic;AC009950.2;-;-;intergenic;SLC16A14||SP110;-;-;intergenic;FBXO36||SP110;-;-;-;1090;30;51	Name=AluJb	TRUE	Alu	downstream
chr2:230167242:T:C	chr2:230167242:A:G	A:G	SP110	downstream	unknown	T;C;-;A||R||D;ALU;-;SINE/AluJb;ncRNA_exonic;AC009950.2;-;-;intergenic;SLC16A14||SP110;-;-;intergenic;FBXO36||SP110;-;-;-;709;29;49	Name=AluJb	TRUE	Alu	downstream
chr2:32307741:A:G	chr2:32307741:A:G	A:G	YIPF4	UTR3	unknown	A;G;+;A||R||D;ALU;-;SINE/AluSx1;UTR3;YIPF4;-;-;intergenic;YIPF4||BIRC6;-;-;intergenic;YIPF4||BIRC6;-;-;-;932;30;54	Name=AluSx1	TRUE	Alu	UTR3
chr2:37102095:T:C	chr2:37102095:A:G	A:G	EIF2AK2	UTR3	unknown	T;C;-;A||R||D;ALU;-;SINE/AluJr4;UTR3;EIF2AK2;-;-;intergenic;GPATCH11||EIF2AK2;-;-;intergenic;GPATCH11||EIF2AK2;-;-;-;1626;30;55	Name=AluJr4	TRUE	Alu	UTR3
chr2:37103292:T:C	chr2:37103292:A:G	A:G	EIF2AK2	UTR3	unknown	T;C;-;A||R||D;ALU;-;SINE/AluSq2;UTR3;EIF2AK2;-;-;intergenic;GPATCH11||EIF2AK2;-;-;intergenic;GPATCH11||EIF2AK2;-;-;-;328;28;48	Name=AluSq2	TRUE	Alu	UTR3
chr2:37202484:A:G	chr2:37202484:A:G	A:G	CEBPZOS	UTR3	unknown	A;G;+;A||R||D;ALU;-;SINE/AluSz;UTR3;AC007390.5;-;-;ncRNA_exonic;CEBPZOS;-;-;UTR3;LOC100505876;-;-;-;5;4;4	Name=AluSz	TRUE	Alu	UTR3
chr2:71334797:T:C	chr2:71334797:T:C	A:G	ZNF638	intronic	unknown	.	Name=AluY	FALSE	Alu	intronic
chr2:9524290:T:C	chr2:9524290:A:G	A:G	ADAM17	intronic	unknown	T;C;-;A||R||D;ALU;-;SINE/AluJo;intronic;ADAM17;-;-;intronic;ADAM17;-;-;intronic;ADAM17;-;-;-;57;13;17	Name=AluJo	TRUE	Alu	intronic
chr2:96249200:T:C	chr2:96249200:A:G	A:G	TMEM127	UTR3	unknown	T;C;-;A||R;ALU;-;SINE/AluSc;UTR3;TMEM127;-;-;intergenic;STARD7-AS1||TMEM127;-;-;intergenic;LOC285033||TMEM127;-;-;-;1091;29;53	Name=AluSc	TRUE	Alu	UTR3
chr2:99195826:A:G	chr2:99195826:A:G	A:G	MRPL30	UTR3	unknown	A;G;+;A||R||D;ALU;-;SINE/AluSx;UTR3;C2orf15||MRPL30;-;-;UTR3;MRPL30;-;-;UTR3;MRPL30;-;-;-;1753;30;55	Name=AluSx	TRUE	Alu	UTR3
chr2:99195984:A:G	chr2:99195984:A:G	A:G	MRPL30	UTR3	unknown	A;G;+;A||R||D;ALU;-;SINE/AluSx;UTR3;C2orf15||MRPL30;-;-;UTR3;MRPL30;-;-;UTR3;MRPL30;-;-;-;2342;30;55	Name=AluSx	TRUE	Alu	UTR3
chr2:99196001:A:G	chr2:99196001:A:G	A:G	MRPL30	UTR3	unknown	A;G;+;A||R||D;ALU;-;SINE/AluSx;UTR3;C2orf15||MRPL30;-;-;UTR3;MRPL30;-;-;UTR3;MRPL30;-;-;-;1698;30;55	Name=AluSx	TRUE	Alu	UTR3
chr2:130463539:G:A	chr2:130463539:C:T	C:T	POTEI	exonic	synonymous SNV	.	.	FALSE	None	exonic
chr2:174483857:T:C	chr2:174483857:A:G	A:G	GPR155	intronic	unknown	T;C;-;A||R;ALU;-;SINE/AluSp;intronic;GPR155;-;-;intronic;GPR155;-;-;intronic;GPR155;-;-;-;43;14;18	Name=AluSp	TRUE	Alu	intronic
chr2:174483864:T:C	chr2:174483864:A:G	A:G	GPR155	intronic	unknown	T;C;-;A||R||D;ALU;-;SINE/AluSp;intronic;GPR155;-;-;intronic;GPR155;-;-;intronic;GPR155;-;-;-;61;16;24	Name=AluSp	TRUE	Alu	intronic
chr2:201218512:A:G	chr2:201218512:A:G	A:G	CASP10	UTR3	unknown	A;G;+;A||R;ALU;-;SINE/AluJb;UTR3;CASP10;-;-;UTR3;CASP10;-;-;UTR3;CASP10;-;-;-;1367;30;55	Name=AluJb	TRUE	Alu	UTR3
chr2:201218522:A:G	chr2:201218522:A:G	A:G	CASP10	UTR3	unknown	A;G;+;A||R||D;ALU;-;SINE/AluJb;UTR3;CASP10;-;-;UTR3;CASP10;-;-;UTR3;CASP10;-;-;-;1298;30;55	Name=AluJb	TRUE	Alu	UTR3
chr2:202201510:A:G	chr2:202201510:A:G	A:G	KIAA2012	intronic	unknown	.	.	FALSE	None	intronic
chr2:203297865:A:G	chr2:203297865:A:G	A:G	CYP20A1	UTR3	unknown	A;G;+;A||R||D;ALU;-;SINE/AluSx;downstream;CYP20A1;-;-;UTR3;CYP20A1;-;-;UTR3;CYP20A1;-;-;-;508;30;52	Name=AluSx	TRUE	Alu	UTR3
chr2:203300670:A:G	chr2:203300670:A:G	A:G	CYP20A1	UTR3	unknown	A;G;+;A||R||D;ALU;-;SINE/AluSp;intergenic;CYP20A1||ABI2;-;-;UTR3;CYP20A1;-;-;UTR3;CYP20A1;-;-;-;329;28;49	Name=AluSp	TRUE	Alu	UTR3
chr2:207754926:A:G	chr2:207754926:A:G	A:G	CCNYL1	UTR3	unknown	A;G;+;A||R||D;REP;-;SINE/FAM;UTR3;CCNYL1;-;-;UTR3;CCNYL1;-;-;UTR3;CCNYL1;-;-;-;2123;30;54	Name=AluJo	TRUE	Alu	UTR3
chr2:215943585:T:C	chr2:215943585:A:G	A:G	MREG	UTR3	unknown	T;C;-;A||R||D;ALU;-;SINE/AluSc8;downstream;MREG;-;-;UTR3;MREG;-;-;UTR3;MREG;-;-;-;1372;30;53	Name=AluSc8	TRUE	Alu	UTR3
chr2:215943597:T:C	chr2:215943597:A:G	A:G	MREG	UTR3	unknown	T;C;-;A||R||D;ALU;-;SINE/AluSc8;downstream;MREG;-;-;UTR3;MREG;-;-;UTR3;MREG;-;-;-;1370;29;52	Name=AluSc8	TRUE	Alu	UTR3
chr2:218235426:A:G	chr2:218235426:A:G	A:G	ARPC2	intronic	unknown	A;G;+;A||R||D;ALU;-;SINE/AluJr;intronic;ARPC2;-;-;intronic;ARPC2;-;-;UTR5;ARPC2;-;-;-;1955;30;54	Name=AluJr	TRUE	Alu	intronic
chr2:218235943:A:G	chr2:218235943:A:G	A:G	ARPC2	intronic	unknown	A;G;+;A||R||D;ALU;-;SINE/AluSx1;intronic;ARPC2;-;-;intronic;ARPC2;-;-;UTR5;ARPC2;-;-;-;1651;30;53	Name=AluSx1	TRUE	Alu	intronic
chr2:26244932:C:T	chr2:26244932:C:T	C:T	HADHB	UTR5	unknown	.	.	FALSE	None	UTR5
chr2:26244934:T:C	chr2:26244934:T:C	A:G	HADHB	UTR5	unknown	.	.	FALSE	None	UTR5
chr2:32307771:A:G	chr2:32307771:A:G	A:G	YIPF4	UTR3	unknown	A;G;+;A||R||D;ALU;-;SINE/AluSx1;UTR3;YIPF4;-;-;intergenic;YIPF4||BIRC6;-;-;intergenic;YIPF4||BIRC6;-;-;-;603;29;52	Name=AluSx1	TRUE	Alu	UTR3
chr2:32307809:A:G	chr2:32307809:A:G	A:G	YIPF4	UTR3	unknown	A;G;+;A||R||D;ALU;-;SINE/AluSx1;UTR3;YIPF4;-;-;intergenic;YIPF4||BIRC6;-;-;intergenic;YIPF4||BIRC6;-;-;-;897;30;54	Name=AluSx1	TRUE	Alu	UTR3
chr2:37202534:A:G	chr2:37202534:A:G	A:G	CEBPZOS	UTR3	unknown	A;G;+;A||R||D;ALU;-;SINE/AluSz;UTR3;AC007390.5;-;-;ncRNA_exonic;CEBPZOS;-;-;UTR3;LOC100505876;-;-;-;1700;30;55	Name=AluSz	TRUE	Alu	UTR3
chr2:99195966:A:G	chr2:99195966:A:G	A:G	MRPL30	UTR3	unknown	A;G;+;A||R||D;ALU;-;SINE/AluSx;UTR3;C2orf15||MRPL30;-;-;UTR3;MRPL30;-;-;UTR3;MRPL30;-;-;-;2106;30;55	Name=AluSx	TRUE	Alu	UTR3
chr2:99196345:A:G	chr2:99196345:A:G	A:G	MRPL30	UTR3	unknown	A;G;+;A||R||D;ALU;-;SINE/AluJb;UTR3;C2orf15||MRPL30;-;-;UTR3;MRPL30;-;-;UTR3;MRPL30;-;-;-;2346;30;55	Name=AluJb	TRUE	Alu	UTR3
chr2:99196352:A:G	chr2:99196352:A:G	A:G	MRPL30	UTR3	unknown	A;G;+;A||R||D;ALU;-;SINE/AluJb;UTR3;C2orf15||MRPL30;-;-;UTR3;MRPL30;-;-;UTR3;MRPL30;-;-;-;2347;30;55	Name=AluJb	TRUE	Alu	UTR3
chr2:99196354:A:G	chr2:99196354:A:G	A:G	MRPL30	UTR3	unknown	A;G;+;A||R||D;ALU;-;SINE/AluJb;UTR3;C2orf15||MRPL30;-;-;UTR3;MRPL30;-;-;UTR3;MRPL30;-;-;-;2141;30;55	Name=AluJb	TRUE	Alu	UTR3
chr2:99196394:A:G	chr2:99196394:A:G	A:G	MRPL30	UTR3	unknown	A;G;+;A||R||D;ALU;-;SINE/AluJb;UTR3;C2orf15||MRPL30;-;-;UTR3;MRPL30;-;-;UTR3;MRPL30;-;-;-;2360;30;55	Name=AluJb	TRUE	Alu	UTR3
chr2:99196401:A:G	chr2:99196401:A:G	A:G	MRPL30	UTR3	unknown	A;G;+;A||R||D;ALU;-;SINE/AluJb;UTR3;C2orf15||MRPL30;-;-;UTR3;MRPL30;-;-;UTR3;MRPL30;-;-;-;1942;30;55	Name=AluJb	TRUE	Alu	UTR3
chr2:99196434:A:G	chr2:99196434:A:G	A:G	MRPL30	UTR3	unknown	A;G;+;A||R||D;ALU;-;SINE/AluJb;UTR3;C2orf15||MRPL30;-;-;UTR3;MRPL30;-;-;UTR3;MRPL30;-;-;-;2470;30;55	Name=AluJb	TRUE	Alu	UTR3
chr2:99196515:A:G	chr2:99196515:A:G	A:G	MRPL30	UTR3	unknown	A;G;+;A||R||D;ALU;-;SINE/AluJb;UTR3;C2orf15||MRPL30;-;-;UTR3;MRPL30;-;-;UTR3;MRPL30;-;-;-;2390;30;55	Name=AluJb	TRUE	Alu	UTR3
chr2:99196525:A:G	chr2:99196525:A:G	A:G	MRPL30	UTR3	unknown	A;G;+;A||R||D;ALU;-;SINE/AluJb;UTR3;C2orf15||MRPL30;-;-;UTR3;MRPL30;-;-;UTR3;MRPL30;-;-;-;2365;30;55	Name=AluJb	TRUE	Alu	UTR3
chr2:99196557:A:G	chr2:99196557:A:G	A:G	MRPL30	UTR3	unknown	A;G;+;A||R||D;ALU;-;SINE/AluJb;UTR3;C2orf15||MRPL30;-;-;UTR3;MRPL30;-;-;UTR3;MRPL30;-;-;-;2388;30;55	Name=AluJb	TRUE	Alu	UTR3
chr2:10784970:G:A	chr2:10784970:C:T	C:T	PDIA6	exonic	synonymous SNV	.	.	FALSE	None	exonic
chr2:174483732:T:C	chr2:174483732:A:G	A:G	GPR155	intronic	unknown	T;C;-;A||R||D;ALU;-;SINE/AluSp;intronic;GPR155;-;-;intronic;GPR155;-;-;intronic;GPR155;-;-;-;22;14;14	Name=AluSp	TRUE	Alu	intronic
chr2:174483858:T:C	chr2:174483858:A:G	A:G	GPR155	intronic	unknown	T;C;-;A||R||D;ALU;-;SINE/AluSp;intronic;GPR155;-;-;intronic;GPR155;-;-;intronic;GPR155;-;-;-;48;17;22	Name=AluSp	TRUE	Alu	intronic
chr2:174484816:T:C	chr2:174484816:A:G	A:G	GPR155	intronic	unknown	T;C;-;A||R||D;ALU;-;SINE/AluJb;intronic;GPR155;-;-;intronic;GPR155;-;-;intronic;GPR155;-;-;-;137;19;27	Name=AluJb	TRUE	Alu	intronic
chr2:174484824:T:C	chr2:174484824:A:G	A:G	GPR155	intronic	unknown	T;C;-;A||R||D;ALU;-;SINE/AluJb;intronic;GPR155;-;-;intronic;GPR155;-;-;intronic;GPR155;-;-;-;133;19;27	Name=AluJb	TRUE	Alu	intronic
chr2:174484829:T:C	chr2:174484829:A:G	A:G	GPR155	intronic	unknown	T;C;-;A||R;ALU;-;SINE/AluJb;intronic;GPR155;-;-;intronic;GPR155;-;-;intronic;GPR155;-;-;-;122;19;25	Name=AluJb	TRUE	Alu	intronic
chr2:174579155:T:C	chr2:174579155:A:G	A:G	WIPF1	intronic	unknown	T;C;-;A||R;ALU;-;SINE/AluSp;ncRNA_intronic;AC010894.5||AC018890.6;-;-;intronic;WIPF1;-;-;ncRNA_intronic;AK002090||BC046497;-;-;-;58;9;12	Name=AluSp	TRUE	Alu	intronic
chr2:174580043:T:C	chr2:174580043:A:G	A:G	WIPF1	intronic	unknown	T;C;-;A||R;ALU;-;SINE/AluSz6;ncRNA_intronic;AC010894.5||AC018890.6;-;-;intronic;WIPF1;-;-;ncRNA_intronic;AK002090||BC046497;-;-;-;62;11;14	Name=AluSz6	TRUE	Alu	intronic
chr2:178434492:A:G	chr2:178434492:A:G	A:G	CHROMR	ncRNA
intronic	unknown	A;G;+;A||R;ALU;-;SINE/AluJb;ncRNA_intronic;AC009948.5;-;-;ncRNA_intronic;LOC101927027||MIR548N;-;-;ncRNA_intronic;MIR548N;-;-;-;838;29;50	Name=AluJb	TRUE	Alu	ncRNA
chr2:178434857:A:G	chr2:178434857:A:G	A:G	CHROMR	ncRNA
intronic	unknown	A;G;+;A||R;ALU;-;SINE/AluSx;ncRNA_intronic;AC009948.5;-;-;ncRNA_intronic;LOC101927027||MIR548N;-;-;ncRNA_intronic;MIR548N;-;-;-;697;29;50	Name=AluSq	TRUE	Alu	ncRNA
chr2:178434859:A:G	chr2:178434859:A:G	A:G	CHROMR	ncRNA
intronic	unknown	A;G;+;A||R;ALU;-;SINE/AluSx;ncRNA_intronic;AC009948.5;-;-;ncRNA_intronic;LOC101927027||MIR548N;-;-;ncRNA_intronic;MIR548N;-;-;-;736;30;51	Name=AluSq	TRUE	Alu	ncRNA
chr2:178434865:A:G	chr2:178434865:A:G	A:G	CHROMR	ncRNA
intronic	unknown	A;G;+;A||R;ALU;-;SINE/AluSx;ncRNA_intronic;AC009948.5;-;-;ncRNA_intronic;LOC101927027||MIR548N;-;-;ncRNA_intronic;MIR548N;-;-;-;648;30;50	Name=AluSq	TRUE	Alu	ncRNA
chr2:178434866:A:G	chr2:178434866:A:G	A:G	CHROMR	ncRNA
intronic	unknown	A;G;+;A||R;ALU;rs542912471;SINE/AluSx;ncRNA_intronic;AC009948.5;-;-;ncRNA_intronic;LOC101927027||MIR548N;-;-;ncRNA_intronic;MIR548N;-;-;-;679;30;49	Name=AluSq	TRUE	Alu	ncRNA
chr2:178435041:A:G	chr2:178435041:A:G	A:G	CHROMR	ncRNA
intronic	unknown	A;G;+;A||R;ALU;-;SINE/AluSg;ncRNA_intronic;AC009948.5;-;-;ncRNA_intronic;LOC101927027||MIR548N;-;-;ncRNA_intronic;MIR548N;-;-;-;400;27;45	Name=AluSg	TRUE	Alu	ncRNA
chr2:178435138:A:G	chr2:178435138:A:G	A:G	CHROMR	ncRNA
intronic	unknown	A;G;+;A||R;ALU;-;SINE/AluSg;ncRNA_intronic;AC009948.5;-;-;ncRNA_intronic;LOC101927027||MIR548N;-;-;ncRNA_intronic;MIR548N;-;-;-;426;28;43	Name=AluSg	TRUE	Alu	ncRNA
chr2:178435236:A:G	chr2:178435236:A:G	A:G	CHROMR	ncRNA
intronic	unknown	A;G;+;A||R||D;ALU;-;SINE/AluSx;ncRNA_intronic;AC009948.5;-;-;ncRNA_intronic;LOC101927027||MIR548N;-;-;ncRNA_intronic;MIR548N;-;-;-;959;30;54	Name=AluSq	TRUE	Alu	ncRNA
chr2:201150080:A:G	chr2:201150080:T:C	A:G	CFLAR-AS1	ncRNA
intronic	unknown	A;G;+;A||R||D;ALU;-;SINE/AluSx4;ncRNA_exonic;CFLAR-AS1;-;-;ncRNA_intronic;CFLAR-AS1;-;-;ncRNA_intronic;CFLAR-AS1;-;-;-;79;16;19	Name=AluSx4	TRUE	Alu	ncRNA
chr2:201165546:A:G	chr2:201165546:A:G	A:G	CFLAR	UTR3	unknown	A;G;+;A||R;ALU;-;SINE/AluSx1;UTR3;CFLAR;-;-;UTR3;CFLAR;-;-;UTR3;CFLAR;-;-;-;1622;30;55	Name=AluSx1	TRUE	Alu	UTR3
chr2:201217945:A:G	chr2:201217945:A:G	A:G	CASP10	UTR3	unknown	A;G;+;A||R||D;ALU;-;SINE/AluJb;UTR3;CASP10;-;-;UTR3;CASP10;-;-;UTR3;CASP10;-;-;-;1755;30;55	Name=AluJb	TRUE	Alu	UTR3
chr2:201218007:A:G	chr2:201218007:A:G	A:G	CASP10	UTR3	unknown	A;G;+;A||R||D;ALU;-;SINE/AluJb;UTR3;CASP10;-;-;UTR3;CASP10;-;-;UTR3;CASP10;-;-;-;1707;30;55	Name=AluJb	TRUE	Alu	UTR3
chr2:201218014:A:G	chr2:201218014:A:G	A:G	CASP10	UTR3	unknown	A;G;+;A||R;ALU;-;SINE/AluJb;UTR3;CASP10;-;-;UTR3;CASP10;-;-;UTR3;CASP10;-;-;-;1131;30;52	Name=AluJb	TRUE	Alu	UTR3
chr2:201218334:A:G	chr2:201218334:A:G	A:G	CASP10	UTR3	unknown	A;G;+;A||R||D;ALU;-;SINE/AluJb;UTR3;CASP10;-;-;UTR3;CASP10;-;-;UTR3;CASP10;-;-;-;1783;30;55	Name=AluJb	TRUE	Alu	UTR3
chr2:218235450:A:G	chr2:218235450:A:G	A:G	ARPC2	intronic	unknown	A;G;+;A||R||D;ALU;-;SINE/AluJr;intronic;ARPC2;-;-;intronic;ARPC2;-;-;UTR5;ARPC2;-;-;-;1852;30;54	Name=AluJr	TRUE	Alu	intronic
chr2:230166553:C:T	chr2:230166553:G:A	C:T	SP110	downstream	unknown	.	.	FALSE	None	downstream
chr2:230512895:A:G	chr2:230512895:A:G	A:G	SP100	intronic	unknown	A;G;+;A||R||D;REP;-;DNA/MER1A;intronic;SP100;-;-;intronic;SP100;-;-;intronic;SP100;-;-;-;159;24;29	Name=MER1A	TRUE	Other	intronic
chr2:37100447:T:C	chr2:37100447:A:G	A:G	EIF2AK2	UTR3	unknown	T;C;-;A||R;NONREP;-;-/-;UTR3;EIF2AK2;-;-;intergenic;GPATCH11||EIF2AK2;-;-;intergenic;GPATCH11||EIF2AK2;-;-;-;2022;30;54	.	TRUE	None	UTR3
chr2:37100534:T:C	chr2:37100534:A:G	A:G	EIF2AK2	UTR3	unknown	T;C;-;A||R;NONREP;-;-/-;UTR3;EIF2AK2;-;-;intergenic;GPATCH11||EIF2AK2;-;-;intergenic;GPATCH11||EIF2AK2;-;-;-;1938;30;55	.	TRUE	None	UTR3
chr2:37100559:T:C	chr2:37100559:A:G	A:G	EIF2AK2	UTR3	unknown	T;C;-;A||R||D;NONREP;-;-/-;UTR3;EIF2AK2;-;-;intergenic;GPATCH11||EIF2AK2;-;-;intergenic;GPATCH11||EIF2AK2;-;-;-;2505;30;55	.	TRUE	None	UTR3
chr2:37100870:T:C	chr2:37100870:A:G	A:G	EIF2AK2	UTR3	unknown	T;C;-;A||R||D;NONREP;-;-/-;UTR3;EIF2AK2;-;-;intergenic;GPATCH11||EIF2AK2;-;-;intergenic;GPATCH11||EIF2AK2;-;-;-;2330;30;55	.	TRUE	None	UTR3
chr2:37100891:T:C	chr2:37100891:A:G	A:G	EIF2AK2	UTR3	unknown	T;C;-;A||R||D;NONREP;rs552562330;-/-;UTR3;EIF2AK2;-;-;intergenic;GPATCH11||EIF2AK2;-;-;intergenic;GPATCH11||EIF2AK2;-;-;-;2431;30;55	.	TRUE	None	UTR3
chr2:37102071:T:C	chr2:37102071:A:G	A:G	EIF2AK2	UTR3	unknown	T;C;-;A||R||D;ALU;-;SINE/AluJr4;UTR3;EIF2AK2;-;-;intergenic;GPATCH11||EIF2AK2;-;-;intergenic;GPATCH11||EIF2AK2;-;-;-;1788;30;55	Name=AluJr4	TRUE	Alu	UTR3
chr2:37153669:T:C	chr2:37153669:A:G	A:G	EIF2AK2	intronic	unknown	T;C;-;A||R||D;REP;-;LINE/L1MB4;intronic;EIF2AK2;-;-;intronic;EIF2AK2;-;-;intronic;EIF2AK2;-;-;-;1;1;1	Name=L1MB4	TRUE	LINE	intronic
chr2:37153709:T:C	chr2:37153709:A:G	A:G	EIF2AK2	intronic	unknown	T;C;-;A||R||D;REP;-;LINE/L1MB4;intronic;EIF2AK2;-;-;intronic;EIF2AK2;-;-;intronic;EIF2AK2;-;-;-;16;7;10	Name=L1MB4	TRUE	LINE	intronic
chr2:65246742:G:A	chr2:65246742:G:A	C:T	ACTR2	intronic	unknown	.	.	FALSE	None	intronic
chr2:68394178:T:C	chr2:68394178:T:C	A:G	PLEK	splicing	unknown	.	.	FALSE	None	splicing
chr2:69751365:A:G	chr2:69751365:A:G	A:G	ANXA4	intronic	unknown	A;G;+;A||R||D;ALU;-;SINE/AluSx;intronic;ANXA4;-;-;intronic;ANXA4;-;-;intronic;ANXA4;-;-;-;17;7;7	Name=AluSx	TRUE	Alu	intronic
chr2:69758438:A:G	chr2:69758438:A:G	A:G	ANXA4	intronic	unknown	A;G;+;A||R||D;ALU;-;SINE/AluJr;intronic;ANXA4;-;-;intronic;ANXA4;-;-;intronic;ANXA4;-;-;-;73;16;19	Name=AluJr	TRUE	Alu	intronic
chr2:69758475:A:G	chr2:69758475:A:G	A:G	ANXA4	intronic	unknown	A;G;+;A||R||D;ALU;-;SINE/AluJr;intronic;ANXA4;-;-;intronic;ANXA4;-;-;intronic;ANXA4;-;-;-;56;14;16	Name=AluJr	TRUE	Alu	intronic
chr2:85856843:T:C	chr2:85856843:A:G	A:G	ST3GAL5	intronic	unknown	T;C;-;A||R;ALU;-;SINE/AluJr4;intronic;ST3GAL5;-;-;intronic;ST3GAL5;-;-;intronic;ST3GAL5;-;-;-;130;20;22	Name=AluJr4	TRUE	Alu	intronic
chr2:85856844:T:C	chr2:85856844:A:G	A:G	ST3GAL5	intronic	unknown	T;C;-;A||R||D;ALU;-;SINE/AluJr4;intronic;ST3GAL5;-;-;intronic;ST3GAL5;-;-;intronic;ST3GAL5;-;-;-;163;20;25	Name=AluJr4	TRUE	Alu	intronic
chr2:97792880:G:A	chr2:97792880:C:T	C:T	TMEM131	exonic	nonsynonymous SNV	.	.	FALSE	None	exonic
chr2:99196540:A:G	chr2:99196540:A:G	A:G	MRPL30	UTR3	unknown	A;G;+;A||R||D;ALU;-;SINE/AluJb;UTR3;C2orf15||MRPL30;-;-;UTR3;MRPL30;-;-;UTR3;MRPL30;-;-;-;2393;30;55	Name=AluJb	TRUE	Alu	UTR3
chr2:99196552:A:G	chr2:99196552:A:G	A:G	MRPL30	UTR3	unknown	A;G;+;A||R||D;ALU;-;SINE/AluJb;UTR3;C2orf15||MRPL30;-;-;UTR3;MRPL30;-;-;UTR3;MRPL30;-;-;-;2105;30;55	Name=AluJb	TRUE	Alu	UTR3
chr2:218235364:A:G	chr2:218235364:A:G	A:G	ARPC2	intronic	unknown	A;G;+;A||R||D;ALU;-;SINE/AluJr;intronic;ARPC2;-;-;intronic;ARPC2;-;-;UTR5;ARPC2;-;-;-;1324;29;51	Name=AluJr	TRUE	Alu	intronic
chr2:231180806:T:C	chr2:231180806:T:C	A:G	PSMD1	downstream	unknown	T;C;-;R;REP;-;SINE/FLAM_C;intergenic;PSMD1||ARMC9;-;-;intergenic;PSMD1||ARMC9;-;-;intergenic;PSMD1||ARMC9;-;-;-;0;0;0	Name=FLAM_C	TRUE	Other	downstream
chr2:37100932:T:C	chr2:37100932:A:G	A:G	EIF2AK2	UTR3	unknown	T;C;-;A||R||D;NONREP;-;-/-;UTR3;EIF2AK2;-;-;intergenic;GPATCH11||EIF2AK2;-;-;intergenic;GPATCH11||EIF2AK2;-;-;-;2524;30;55	.	TRUE	None	UTR3
chr2:37100939:T:C	chr2:37100939:A:G	A:G	EIF2AK2	UTR3	unknown	T;C;-;A||R||D;NONREP;-;-/-;UTR3;EIF2AK2;-;-;intergenic;GPATCH11||EIF2AK2;-;-;intergenic;GPATCH11||EIF2AK2;-;-;-;2224;30;55	.	TRUE	None	UTR3
chr2:37100944:T:C	chr2:37100944:A:G	A:G	EIF2AK2	UTR3	unknown	T;C;-;A||D;NONREP;rs112433864;-/-;UTR3;EIF2AK2;-;-;intergenic;GPATCH11||EIF2AK2;-;-;intergenic;GPATCH11||EIF2AK2;-;-;-;2490;30;55	.	TRUE	None	UTR3
chr2:37102140:T:C	chr2:37102140:A:G	A:G	EIF2AK2	UTR3	unknown	T;C;-;A||R||D;ALU;-;SINE/AluJr4;UTR3;EIF2AK2;-;-;intergenic;GPATCH11||EIF2AK2;-;-;intergenic;GPATCH11||EIF2AK2;-;-;-;2068;30;55	Name=AluJr4	TRUE	Alu	UTR3
chr2:99195987:A:G	chr2:99195987:A:G	A:G	MRPL30	UTR3	unknown	A;G;+;A||R||D;ALU;-;SINE/AluSx;UTR3;C2orf15||MRPL30;-;-;UTR3;MRPL30;-;-;UTR3;MRPL30;-;-;-;2257;30;55	Name=AluSx	TRUE	Alu	UTR3
chr2:113710062:T:C	chr2:113710062:A:G	A:G	SLC35F5	UTR3	unknown	T;C;-;A||R||D;ALU;-;SINE/AluJo;intergenic;AC017074.2||SLC35F5;-;-;intergenic;RABL2A||SLC35F5;-;-;intergenic;U6||SLC35F5;-;-;-;2243;30;55	Name=AluJo	TRUE	Alu	UTR3
chr2:178434250:A:G	chr2:178434250:A:G	A:G	CHROMR	ncRNA
intronic	unknown	A;G;+;A||R;ALU;-;SINE/AluSx;ncRNA_intronic;AC009948.5;-;-;ncRNA_intronic;LOC101927027||MIR548N;-;-;ncRNA_intronic;MIR548N;-;-;-;399;30;43	Name=AluSx	TRUE	Alu	ncRNA
chr2:178434294:A:G	chr2:178434294:A:G	A:G	CHROMR	ncRNA
intronic	unknown	A;G;+;A||R;ALU;-;SINE/AluSx;ncRNA_intronic;AC009948.5;-;-;ncRNA_intronic;LOC101927027||MIR548N;-;-;ncRNA_intronic;MIR548N;-;-;-;668;29;47	Name=AluSx	TRUE	Alu	ncRNA
chr2:178434300:A:G	chr2:178434300:A:G	A:G	CHROMR	ncRNA
intronic	unknown	A;G;+;A||R;ALU;-;SINE/AluSx;ncRNA_intronic;AC009948.5;-;-;ncRNA_intronic;LOC101927027||MIR548N;-;-;ncRNA_intronic;MIR548N;-;-;-;851;30;51	Name=AluSx	TRUE	Alu	ncRNA
chr2:202239637:C:T	chr2:202239637:G:A	C:T	SUMO1	upstream	unknown	.	.	FALSE	None	upstream
chr2:203297587:A:G	chr2:203297587:A:G	A:G	CYP20A1	UTR3	unknown	A;G;+;A||R||D;ALU;-;SINE/AluSx;downstream;CYP20A1;-;-;UTR3;CYP20A1;-;-;UTR3;CYP20A1;-;-;-;339;29;48	Name=AluSx	TRUE	Alu	UTR3
chr2:203300769:A:G	chr2:203300769:A:G	A:G	CYP20A1	UTR3	unknown	A;G;+;A||R||D;ALU;-;SINE/AluSp;intergenic;CYP20A1||ABI2;-;-;UTR3;CYP20A1;-;-;UTR3;CYP20A1;-;-;-;718;30;53	Name=AluSp	TRUE	Alu	UTR3
chr2:233140569:A:G	chr2:233140569:A:G	A:G	INPP5D	intronic	unknown	.	Name=AluJr	FALSE	Alu	intronic
chr2:99196002:A:G	chr2:99196002:A:G	A:G	MRPL30	UTR3	unknown	A;G;+;A||R||D;ALU;-;SINE/AluSx;UTR3;C2orf15||MRPL30;-;-;UTR3;MRPL30;-;-;UTR3;MRPL30;-;-;-;1534;30;55	Name=AluSx	TRUE	Alu	UTR3
chr2:101288971:A:G	chr2:101288971:T:C	A:G	RNF149	splicing	unknown	.	.	FALSE	None	splicing
chr2:174483696:T:C	chr2:174483696:A:G	A:G	GPR155	intronic	unknown	T;C;-;A||R;ALU;-;SINE/AluSp;intronic;GPR155;-;-;intronic;GPR155;-;-;intronic;GPR155;-;-;-;43;16;18	Name=AluSp	TRUE	Alu	intronic
chr2:174483700:T:C	chr2:174483700:A:G	A:G	GPR155	intronic	unknown	T;C;-;A||R;ALU;-;SINE/AluSp;intronic;GPR155;-;-;intronic;GPR155;-;-;intronic;GPR155;-;-;-;31;13;15	Name=AluSp	TRUE	Alu	intronic
chr2:174483701:T:C	chr2:174483701:A:G	A:G	GPR155	intronic	unknown	T;C;-;A||R||D;ALU;-;SINE/AluSp;intronic;GPR155;-;-;intronic;GPR155;-;-;intronic;GPR155;-;-;-;26;15;17	Name=AluSp	TRUE	Alu	intronic
chr2:178434920:A:G	chr2:178434920:A:G	A:G	CHROMR	ncRNA
intronic	unknown	A;G;+;A||R||D;ALU;-;SINE/AluSx;ncRNA_intronic;AC009948.5;-;-;ncRNA_intronic;LOC101927027||MIR548N;-;-;ncRNA_intronic;MIR548N;-;-;-;478;28;47	Name=AluSq	TRUE	Alu	ncRNA
chr2:178435070:A:G	chr2:178435070:A:G	A:G	CHROMR	ncRNA
intronic	unknown	A;G;+;A||R;ALU;-;SINE/AluSg;ncRNA_intronic;AC009948.5;-;-;ncRNA_intronic;LOC101927027||MIR548N;-;-;ncRNA_intronic;MIR548N;-;-;-;695;29;48	Name=AluSg	TRUE	Alu	ncRNA
chr2:178438890:A:G	chr2:178438890:A:G	A:G	CHROMR	ncRNA
exonic	unknown	A;G;+;A||R||D;ALU;-;SINE/AluY;ncRNA_exonic;AC009948.5;-;-;ncRNA_exonic;LOC101927027;-;-;ncRNA_intronic;MIR548N;-;-;-;1648;30;54	Name=AluY	TRUE	Alu	ncRNA
chr2:191011516:T:C	chr2:191011516:A:G	A:G	STAT1	intronic	unknown	T;C;-;A||R||D;ALU;-;SINE/AluJb;intronic;STAT1;-;-;intronic;STAT1;-;-;intronic;STAT1;-;-;-;105;13;15	Name=AluJr	TRUE	Alu	intronic
chr2:201218013:A:G	chr2:201218013:A:G	A:G	CASP10	UTR3	unknown	A;G;+;A||R;ALU;-;SINE/AluJb;UTR3;CASP10;-;-;UTR3;CASP10;-;-;UTR3;CASP10;-;-;-;1445;30;55	Name=AluJb	TRUE	Alu	UTR3
chr2:201218039:A:G	chr2:201218039:A:G	A:G	CASP10	UTR3	unknown	A;G;+;A||R||D;ALU;-;SINE/AluJb;UTR3;CASP10;-;-;UTR3;CASP10;-;-;UTR3;CASP10;-;-;-;1316;30;55	Name=AluJb	TRUE	Alu	UTR3
chr2:233140808:A:G	chr2:233140808:A:G	A:G	INPP5D	intronic	unknown	.	Name=AluJr	FALSE	Alu	intronic
chr2:32307818:A:G	chr2:32307818:A:G	A:G	YIPF4	UTR3	unknown	A;G;+;A||R||D;ALU;-;SINE/AluSx1;UTR3;YIPF4;-;-;intergenic;YIPF4||BIRC6;-;-;intergenic;YIPF4||BIRC6;-;-;-;717;30;54	Name=AluSx1	TRUE	Alu	UTR3
chr2:37100954:T:C	chr2:37100954:A:G	A:G	EIF2AK2	UTR3	unknown	T;C;-;A||D;NONREP;rs111521470;-/-;UTR3;EIF2AK2;-;-;intergenic;GPATCH11||EIF2AK2;-;-;intergenic;GPATCH11||EIF2AK2;-;-;-;2512;30;55	.	TRUE	None	UTR3
chr2:37103895:T:C	chr2:37103895:A:G	A:G	EIF2AK2	UTR3	unknown	T;C;-;A||R||D;ALU;-;SINE/AluSx1;UTR3;EIF2AK2;-;-;intergenic;GPATCH11||EIF2AK2;-;-;intergenic;GPATCH11||EIF2AK2;-;-;-;1338;30;54	Name=AluSx1	TRUE	Alu	UTR3
chr2:37103922:T:C	chr2:37103922:A:G	A:G	EIF2AK2	UTR3	unknown	T;C;-;A||R||D;ALU;-;SINE/AluSx1;UTR3;EIF2AK2;-;-;intergenic;GPATCH11||EIF2AK2;-;-;intergenic;GPATCH11||EIF2AK2;-;-;-;1393;30;55	Name=AluSx1	TRUE	Alu	UTR3
chr2:38147908:A:G	chr2:38147908:A:G	A:G	CYP1B1-AS1	ncRNA
intronic	unknown	A;G;+;A||R||D;REP;-;LINE/L1PA16;ncRNA_intronic;CYP1B1-AS1;-;-;ncRNA_intronic;CYP1B1-AS1;-;-;ncRNA_intronic;CYP1B1-AS1;-;-;-;96;19;29	Name=L1PA16	TRUE	LINE	ncRNA
chr2:203297450:A:G	chr2:203297450:A:G	A:G	CYP20A1	UTR3	unknown	A;G;+;A||R;ALU;-;SINE/AluSq;downstream;CYP20A1;-;-;UTR3;CYP20A1;-;-;UTR3;CYP20A1;-;-;-;388;28;45	Name=AluSx	TRUE	Alu	UTR3
chr2:203297874:A:G	chr2:203297874:A:G	A:G	CYP20A1	UTR3	unknown	A;G;+;A||R||D;ALU;-;SINE/AluSx;downstream;CYP20A1;-;-;UTR3;CYP20A1;-;-;UTR3;CYP20A1;-;-;-;285;27;47	Name=AluSx	TRUE	Alu	UTR3
chr2:233140786:A:G	chr2:233140786:A:G	A:G	INPP5D	intronic	unknown	.	Name=AluJr	FALSE	Alu	intronic
chr2:27376102:T:C	chr2:27376102:T:C	A:G	SNX17	intronic	unknown	.	.	FALSE	None	intronic
chr2:37202485:A:G	chr2:37202485:A:G	A:G	CEBPZOS	UTR3	unknown	A;G;+;A||R||D;ALU;-;SINE/AluSz;UTR3;AC007390.5;-;-;ncRNA_exonic;CEBPZOS;-;-;UTR3;LOC100505876;-;-;-;2;2;2	Name=AluSz	TRUE	Alu	UTR3
chr2:85856686:T:C	chr2:85856686:A:G	A:G	ST3GAL5	intronic	unknown	T;C;-;A||R||D;ALU;-;SINE/AluJr4;intronic;ST3GAL5;-;-;intronic;ST3GAL5;-;-;intronic;ST3GAL5;-;-;-;186;21;26	Name=AluJr4	TRUE	Alu	intronic
chr2:98268783:C:T	chr2:98268783:C:T	C:T	VWA3B	intronic	unknown	.	.	FALSE	None	intronic
chr2:65089073:A:G	chr2:65089073:T:C	A:G	RAB1A	intronic	unknown	.	.	FALSE	None	intronic
chr2:178455560:A:G	chr2:178455560:A:G	A:G	PJVK	intronic	unknown	.	.	FALSE	None	intronic
chr2:24334671:T:C	chr2:24334671:A:G	A:G	ITSN2	intronic	unknown	.	.	FALSE	None	intronic
chr2:24334680:A:G	chr2:24334680:T:C	A:G	ITSN2	intronic	unknown	.	.	FALSE	None	intronic
chr2:235882450:C:T	chr2:235882450:C:T	C:T	AGAP1	intronic	unknown	.	.	FALSE	None	intronic
chr2:235882468:C:T	chr2:235882468:C:T	C:T	AGAP1	intronic	unknown	.	.	FALSE	None	intronic
chr2:222559515:A:G	chr2:222559515:A:G	A:G	SGPP2	UTR3	unknown	A;G;+;A||R||D;ALU;-;SINE/AluJb;UTR3;SGPP2;-;-;downstream;SGPP2;-;-;downstream;SGPP2;-;-;-;1093;29;51	Name=AluJb	TRUE	Alu	UTR3
chr2:98622919:T:C	chr2:98622919:A:G	A:G	MGAT4A	UTR3	unknown	T;C;-;A||R||D;ALU;-;SINE/AluJo;UTR3;MGAT4A;-;-;UTR3;MGAT4A;-;-;UTR3;MGAT4A;-;-;-;1686;30;54	Name=AluJo	TRUE	Alu	UTR3
chr2:74156648:A:G	chr2:74156648:T:C	A:G	MOB1A	intronic	unknown	.	.	FALSE	None	intronic
chr2:127846086:T:C	chr2:127846086:A:G	A:G	POLR2D	UTR3	unknown	T;C;-;A||R||D;ALU;-;SINE/AluSx1;upstream;RP5-935K16.1;-;-;downstream;POLR2D;-;-;downstream;POLR2D;-;-;-;634;28;53	Name=AluSx1	TRUE	Alu	UTR3
chr2:127846131:T:C	chr2:127846131:A:G	A:G	POLR2D	UTR3	unknown	T;C;-;A||R||D;ALU;-;SINE/AluSx1;upstream;RP5-935K16.1;-;-;downstream;POLR2D;-;-;downstream;POLR2D;-;-;-;741;30;55	Name=AluSx1	TRUE	Alu	UTR3
chr2:127846171:T:C	chr2:127846171:A:G	A:G	POLR2D	UTR3	unknown	T;C;-;A||R||D;ALU;-;SINE/AluSx1;upstream;RP5-935K16.1;-;-;downstream;POLR2D;-;-;downstream;POLR2D;-;-;-;585;29;53	Name=AluSx1	TRUE	Alu	UTR3
chr2:203305462:A:G	chr2:203305462:A:G	A:G	CYP20A1	UTR3	unknown	A;G;+;A||R||D;ALU;-;SINE/AluSc;intergenic;CYP20A1||ABI2;-;-;UTR3;CYP20A1;-;-;UTR3;CYP20A1;-;-;-;1679;30;55	Name=AluSc	TRUE	Alu	UTR3
chr2:74156653:G:A	chr2:74156653:C:T	C:T	MOB1A	intronic	unknown	.	.	FALSE	None	intronic
chr2:127846170:T:C	chr2:127846170:A:G	A:G	POLR2D	UTR3	unknown	T;C;-;A||R||D;ALU;-;SINE/AluSx1;upstream;RP5-935K16.1;-;-;downstream;POLR2D;-;-;downstream;POLR2D;-;-;-;697;30;54	Name=AluSx1	TRUE	Alu	UTR3
chr2:178434385:A:G	chr2:178434385:A:G	A:G	CHROMR	ncRNA
intronic	unknown	A;G;+;A||R;ALU;-;SINE/AluSx;ncRNA_intronic;AC009948.5;-;-;ncRNA_intronic;LOC101927027||MIR548N;-;-;ncRNA_intronic;MIR548N;-;-;-;341;25;42	Name=AluSx	TRUE	Alu	ncRNA
chr2:178455440:C:T	chr2:178455440:C:T	C:T	PJVK	intronic	unknown	.	.	FALSE	None	intronic
chr2:203013886:T:C	chr2:203013886:T:C	A:G	NBEAL1	upstream	unknown	.	Name=AluJr	FALSE	Alu	upstream
chr2:186628861:A:G	chr2:186628861:A:G	A:G	ITGAV	intronic	unknown	A;G;+;A||R||D;REP;-;SINE/MIRb;intronic;ITGAV;-;-;intronic;ITGAV;-;-;intronic;ITGAV;-;-;-;103;19;27	Name=MIRb	TRUE	Other	intronic
chr2:200388527:A:G	chr2:200388527:A:G	A:G	SPATS2L	intronic	unknown	A;G;+;A||R;ALU;rs762403701;SINE/AluJo;intronic;SPATS2L;-;-;intronic;SPATS2L;-;-;intronic;SPATS2L;-;-;-;9;7;7	Name=AluJo	TRUE	Alu	intronic
chr2:55519388:T:C	chr2:55519388:T:C	A:G	CFAP36	upstream	unknown	T;C;-;A||R;ALU;-;SINE/AluSx;upstream;CCDC104;-;-;upstream;CFAP36;-;-;upstream;CCDC104;-;-;-;15;7;7	Name=AluSx	TRUE	Alu	upstream
chr2:169811048:A:G	chr2:169811048:A:G	A:G	SSB	intronic	unknown	.	.	FALSE	None	intronic
chr2:27392758:T:C	chr2:27392758:A:G	A:G	FTH1P3	ncRNA
exonic	unknown	T;C;-;R;NONREP;-;-/-;intronic;PPM1G;-;-;ncRNA_exonic;FTH1P3;-;-;ncRNA_exonic;FTH1P3;-;-;-;4;4;4	.	TRUE	None	ncRNA
chr2:127844888:T:C	chr2:127844888:A:G	A:G	POLR2D	UTR3	unknown	T;C;-;A||R||D;ALU;-;SINE/AluSq2;ncRNA_exonic;RP5-935K16.1;-;-;intergenic;WDR33||POLR2D;-;-;intergenic;WDR33||POLR2D;-;-;-;1221;29;54	Name=AluSq2	TRUE	Alu	UTR3
chr2:203303756:A:G	chr2:203303756:A:G	A:G	CYP20A1	UTR3	unknown	A;G;+;A||R||D;ALU;-;SINE/AluSz6;intergenic;CYP20A1||ABI2;-;-;UTR3;CYP20A1;-;-;UTR3;CYP20A1;-;-;-;1252;30;55	Name=AluSz6	TRUE	Alu	UTR3
chr2:32310679:A:G	chr2:32310679:A:G	A:G	YIPF4	UTR3	unknown	A;G;+;A||R||D;ALU;-;SINE/AluJb;UTR3;YIPF4;-;-;intergenic;YIPF4||BIRC6;-;-;intergenic;YIPF4||BIRC6;-;-;-;1873;30;55	Name=AluJb	TRUE	Alu	UTR3
chr2:230477812:A:G	chr2:230477812:A:G	A:G	SP100	intronic	unknown	A;G;+;R||D;ALU;-;SINE/AluSx;intronic;SP100;-;-;intronic;SP100;-;-;intronic;SP100;-;-;-;0;0;0	Name=AluSx	TRUE	Alu	intronic
chr2:98268724:T:C	chr2:98268724:T:C	A:G	VWA3B	intronic	unknown	.	.	FALSE	None	intronic
chr2:129982638:A:G	chr2:129982638:A:G	A:G	RAB6C	UTR3	unknown	.	.	FALSE	None	UTR3
chr2:21128426:C:T	chr2:21128426:C:T	C:T	TDRD15	intronic	unknown	.	Name=AluY	FALSE	Alu	intronic
chr2:21128428:T:C	chr2:21128428:T:C	A:G	TDRD15	intronic	unknown	.	Name=AluY	FALSE	Alu	intronic
chr2:200388451:A:G	chr2:200388451:A:G	A:G	SPATS2L	intronic	unknown	A;G;+;A||R;ALU;-;SINE/AluJo;intronic;SPATS2L;-;-;intronic;SPATS2L;-;-;intronic;SPATS2L;-;-;-;18;11;12	Name=AluJo	TRUE	Alu	intronic
chr2:230212344:T:C	chr2:230212344:A:G	A:G	SP110	intronic	unknown	.	.	FALSE	None	intronic
chr2:38700172:A:G	chr2:38700172:A:G	A:G	GALM	intronic	unknown	A;G;+;A||R;ALU;-;SINE/AluSz6;intronic;GALM;-;-;intronic;GALM;-;-;intronic;GALM;-;-;-;7;4;4	Name=AluSz6	TRUE	Alu	intronic
chr2:38700187:A:G	chr2:38700187:A:G	A:G	GALM	intronic	unknown	A;G;+;A||R||D;ALU;-;SINE/AluSz6;intronic;GALM;-;-;intronic;GALM;-;-;intronic;GALM;-;-;-;13;6;6	Name=AluSz6	TRUE	Alu	intronic
chr2:38700220:A:G	chr2:38700220:A:G	A:G	GALM	intronic	unknown	A;G;+;A||R||D;ALU;-;SINE/AluSz6;intronic;GALM;-;-;intronic;GALM;-;-;intronic;GALM;-;-;-;13;6;6	Name=AluSz6	TRUE	Alu	intronic
chr2:218135891:C:T	chr2:218135891:C:T	C:T	CXCR2	UTR3	unknown	.	.	FALSE	None	UTR3
chr2:218135791:T:C	chr2:218135791:T:C	A:G	CXCR2	exonic	synonymous SNV	.	.	FALSE	None	exonic
chr2:224585305:G:A	chr2:224585305:C:T	C:T	CUL3	UTR5	unknown	.	.	FALSE	None	UTR5
chr2:55693846:C:T	chr2:55693846:G:A	C:T	PNPT1	upstream	unknown	.	.	FALSE	None	upstream
chr2:38699616:A:G	chr2:38699616:A:G	A:G	GALM	intronic	unknown	.	Name=FLAM_C	FALSE	Other	intronic
chr2:190987069:C:T	chr2:190987069:G:A	C:T	STAT1	splicing	unknown	.	.	FALSE	None	splicing
chr2:190987071:G:A	chr2:190987071:C:T	C:T	STAT1	intronic	unknown	.	.	FALSE	None	intronic
chr2:190987072:C:T	chr2:190987072:G:A	C:T	STAT1	intronic	unknown	.	.	FALSE	None	intronic
chr3:10150924:A:G	chr3:10150924:A:G	A:G	VHL	UTR3	unknown	A;G;+;A||R||D;ALU;-;SINE/AluSx;UTR3;VHL;-;-;UTR3;VHL;-;-;UTR3;VHL;-;-;-;2037;30;54	Name=AluSx1	TRUE	Alu	UTR3
chr3:10151100:A:G	chr3:10151100:A:G	A:G	VHL	UTR3	unknown	A;G;+;A||R||D;ALU;-;SINE/AluSx;UTR3;VHL;-;-;UTR3;VHL;-;-;UTR3;VHL;-;-;-;1181;30;54	Name=AluSx1	TRUE	Alu	UTR3
chr3:10151127:A:G	chr3:10151127:A:G	A:G	VHL	UTR3	unknown	A;G;+;A||R||D;ALU;-;SINE/AluSx;UTR3;VHL;-;-;UTR3;VHL;-;-;UTR3;VHL;-;-;-;1617;30;54	Name=AluSx1	TRUE	Alu	UTR3
chr3:10151132:A:G	chr3:10151132:A:G	A:G	VHL	UTR3	unknown	A;G;+;A||R||D;ALU;-;SINE/AluSx;UTR3;VHL;-;-;UTR3;VHL;-;-;UTR3;VHL;-;-;-;2020;30;54	Name=AluSx1	TRUE	Alu	UTR3
chr3:10153386:A:G	chr3:10153386:A:G	A:G	VHL	UTR3	unknown	A;G;+;A||R;ALU;-;SINE/AluSx;intergenic;VHL||IRAK2;-;-;UTR3;VHL;-;-;UTR3;VHL;-;-;-;2143;30;54	Name=AluSq2	TRUE	Alu	UTR3
chr3:128764869:C:T	chr3:128764869:C:T	C:T	RAB7A	intronic	unknown	.	.	FALSE	None	intronic
chr3:128765148:G:A	chr3:128765148:G:A	C:T	RAB7A	intronic	unknown	.	.	FALSE	None	intronic
chr3:128765157:T:C	chr3:128765157:T:C	A:G	RAB7A	intronic	unknown	.	.	FALSE	None	intronic
chr3:142043689:T:C	chr3:142043689:A:G	A:G	TFDP2	intronic	unknown	.	.	FALSE	None	intronic
chr3:142043699:T:C	chr3:142043699:A:G	A:G	TFDP2	intronic	unknown	.	.	FALSE	None	intronic
chr3:14944946:T:C	chr3:14944946:A:G	A:G	FGD5-AS1	ncRNA
exonic	unknown	T;C;-;A||R||D;ALU;-;SINE/AluSq2;ncRNA_exonic;FGD5-AS1;-;-;ncRNA_exonic;FGD5-AS1;-;-;intronic;FGD5-AS1;-;-;-;2125;30;55	Name=AluSq2	TRUE	Alu	ncRNA
chr3:156540484:T:C	chr3:156540484:A:G	A:G	SSR3	UTR3	unknown	T;C;-;A||R||D;ALU;-;SINE/AluY;UTR3;SSR3;-;-;UTR3;SSR3;-;-;UTR3;SSR3;-;-;-;1516;30;55	Name=AluY	TRUE	Alu	UTR3
chr3:156541574:T:C	chr3:156541574:A:G	A:G	SSR3	UTR3	unknown	T;C;-;A||R||D;ALU;-;SINE/AluSx1;UTR3;SSR3;-;-;UTR3;SSR3;-;-;UTR3;SSR3;-;-;-;2523;30;55	Name=AluSq2	TRUE	Alu	UTR3
chr3:156541578:T:C	chr3:156541578:A:G	A:G	SSR3	UTR3	unknown	T;C;-;A||R||D;ALU;-;SINE/AluSx1;UTR3;SSR3;-;-;UTR3;SSR3;-;-;UTR3;SSR3;-;-;-;2503;30;55	Name=AluSq2	TRUE	Alu	UTR3
chr3:156541617:T:C	chr3:156541617:A:G	A:G	SSR3	UTR3	unknown	T;C;-;A||R||D;ALU;-;SINE/AluSx1;UTR3;SSR3;-;-;UTR3;SSR3;-;-;UTR3;SSR3;-;-;-;2009;30;55	Name=AluSq2	TRUE	Alu	UTR3
chr3:156541618:T:C	chr3:156541618:A:G	A:G	SSR3	UTR3	unknown	T;C;-;A||D;ALU;rs1046618;SINE/AluSx1;UTR3;SSR3;-;-;UTR3;SSR3;-;-;UTR3;SSR3;-;-;-;2409;30;55	Name=AluSq2	TRUE	Alu	UTR3
chr3:179260162:C:T	chr3:179260162:G:A	C:T	KCNMB3	intronic	unknown	.	.	FALSE	None	intronic
chr3:179399314:T:C	chr3:179399314:A:G	A:G	GNB4	UTR3	unknown	T;C;-;A||R;ALU;-;SINE/AluSz;UTR3;GNB4;-;-;UTR3;GNB4;-;-;UTR3;GNB4;-;-;-;1222;30;54	Name=AluSz	TRUE	Alu	UTR3
chr3:179399367:T:C	chr3:179399367:A:G	A:G	GNB4	UTR3	unknown	T;C;-;A||R;ALU;-;SINE/AluSz;UTR3;GNB4;-;-;UTR3;GNB4;-;-;UTR3;GNB4;-;-;-;1102;30;53	Name=AluSz	TRUE	Alu	UTR3
chr3:179399376:T:C	chr3:179399376:A:G	A:G	GNB4	UTR3	unknown	T;C;-;A;ALU;rs199714419;SINE/AluSz;UTR3;GNB4;-;-;UTR3;GNB4;-;-;UTR3;GNB4;-;-;-;951;29;52	Name=AluSz	TRUE	Alu	UTR3
chr3:197885522:A:G	chr3:197885522:A:G	A:G	LRCH3	UTR3	unknown	A;G;+;A||R||D;ALU;-;SINE/AluSp;UTR3;LRCH3;-;-;intergenic;LRCH3||IQCG;-;-;intergenic;LRCH3||IQCG;-;-;-;1844;30;53	Name=AluSp	TRUE	Alu	UTR3
chr3:197885531:A:G	chr3:197885531:A:G	A:G	LRCH3	UTR3	unknown	A;G;+;A||R||D;ALU;-;SINE/AluSp;UTR3;LRCH3;-;-;intergenic;LRCH3||IQCG;-;-;intergenic;LRCH3||IQCG;-;-;-;1573;30;54	Name=AluSp	TRUE	Alu	UTR3
chr3:45680555:A:G	chr3:45680555:T:C	A:G	LIMD1-AS1	ncRNA
intronic	unknown	A;G;+;A||R||D;ALU;-;SINE/AluJb;ncRNA_intronic;LIMD1-AS1;-;-;ncRNA_intronic;LIMD1-AS1;-;-;ncRNA_intronic;LIMD1-AS1;-;-;-;1961;30;55	Name=AluJb	TRUE	Alu	ncRNA
chr3:45680795:A:G	chr3:45680795:T:C	A:G	LIMD1-AS1	ncRNA
intronic	unknown	A;G;+;A||R||D;ALU;-;SINE/AluSz;ncRNA_intronic;LIMD1-AS1;-;-;ncRNA_intronic;LIMD1-AS1;-;-;ncRNA_intronic;LIMD1-AS1;-;-;-;1917;30;54	Name=AluSz	TRUE	Alu	ncRNA
chr3:45680889:A:G	chr3:45680889:T:C	A:G	LIMD1-AS1	ncRNA
intronic	unknown	A;G;+;A||R||D;ALU;-;SINE/AluSz;ncRNA_intronic;LIMD1-AS1;-;-;ncRNA_intronic;LIMD1-AS1;-;-;ncRNA_intronic;LIMD1-AS1;-;-;-;2067;30;55	Name=AluSz	TRUE	Alu	ncRNA
chr3:45680904:A:G	chr3:45680904:T:C	A:G	LIMD1-AS1	ncRNA
intronic	unknown	A;G;+;A||R;ALU;-;SINE/AluSz;ncRNA_intronic;LIMD1-AS1;-;-;ncRNA_intronic;LIMD1-AS1;-;-;ncRNA_intronic;LIMD1-AS1;-;-;-;2189;30;55	Name=AluSz	TRUE	Alu	ncRNA
chr3:45680916:A:G	chr3:45680916:T:C	A:G	LIMD1-AS1	ncRNA
intronic	unknown	A;G;+;A||R||D;ALU;-;SINE/AluSz;ncRNA_intronic;LIMD1-AS1;-;-;ncRNA_intronic;LIMD1-AS1;-;-;ncRNA_intronic;LIMD1-AS1;-;-;-;2252;30;55	Name=AluSz	TRUE	Alu	ncRNA
chr3:46375781:A:G	chr3:46375781:T:C	A:G	CCR5AS	ncRNA
intronic	unknown	A;G;+;A||R||D;NONREP;-;-/-;ncRNA_intronic;RP11-24F11.2;-;-;ncRNA_intronic;LOC102724297;-;-;UTR3;CCR5;-;-;-;383;29;47	.	TRUE	None	ncRNA
chr3:46375792:A:G	chr3:46375792:T:C	A:G	CCR5AS	ncRNA
intronic	unknown	A;G;+;A||R||D;NONREP;-;-/-;ncRNA_intronic;RP11-24F11.2;-;-;ncRNA_intronic;LOC102724297;-;-;UTR3;CCR5;-;-;-;309;28;45	.	TRUE	None	ncRNA
chr3:47664082:T:C	chr3:47664082:A:G	A:G	SMARCC1	intronic	unknown	.	.	FALSE	None	intronic
chr3:49324245:T:C	chr3:49324245:A:G	A:G	USP4	intronic	unknown	T;C;-;A||R||D;ALU;-;SINE/AluSz6;intronic;USP4;-;-;intronic;USP4;-;-;intronic;USP4;-;-;-;612;30;51	Name=AluSz6	TRUE	Alu	intronic
chr3:54626458:G:A	chr3:54626458:G:A	C:T	CACNA2D3	intronic	unknown	.	.	FALSE	None	intronic
chr3:54626469:G:A	chr3:54626469:G:A	C:T	CACNA2D3	intronic	unknown	.	.	FALSE	None	intronic
chr3:61742490:C:T	chr3:61742490:C:T	C:T	PTPRG	intronic	unknown	.	.	FALSE	None	intronic
chr3:62123858:A:G	chr3:62123858:A:G	A:G	PTPRG	intronic	unknown	.	.	FALSE	None	intronic
chr3:72929317:C:T	chr3:72929317:C:T	C:T	GXYLT2	intronic	unknown	.	.	FALSE	None	intronic
chr3:72929341:G:A	chr3:72929341:G:A	C:T	GXYLT2	intronic	unknown	.	.	FALSE	None	intronic
chr3:72929514:T:C	chr3:72929514:T:C	A:G	GXYLT2	intronic	unknown	.	.	FALSE	None	intronic
chr3:96351833:G:A	chr3:96351833:G:A	C:T	MIR8060	upstream	unknown	.	.	FALSE	None	upstream
chr3:108047294:T:C	chr3:108047294:A:G	A:G	CD47	splicing	unknown	.	.	FALSE	None	splicing
chr3:14944940:T:C	chr3:14944940:A:G	A:G	FGD5-AS1	ncRNA
exonic	unknown	T;C;-;A||R||D;ALU;-;SINE/AluSq2;ncRNA_exonic;FGD5-AS1;-;-;ncRNA_exonic;FGD5-AS1;-;-;intronic;FGD5-AS1;-;-;-;2443;30;55	Name=AluSq2	TRUE	Alu	ncRNA
chr3:179399445:T:C	chr3:179399445:A:G	A:G	GNB4	UTR3	unknown	T;C;-;A||R||D;ALU;-;SINE/AluSz;UTR3;GNB4;-;-;UTR3;GNB4;-;-;UTR3;GNB4;-;-;-;1211;29;53	Name=AluSz	TRUE	Alu	UTR3
chr3:179399453:T:C	chr3:179399453:A:G	A:G	GNB4	UTR3	unknown	T;C;-;A||R||D;ALU;-;SINE/AluSz;UTR3;GNB4;-;-;UTR3;GNB4;-;-;UTR3;GNB4;-;-;-;869;30;53	Name=AluSz	TRUE	Alu	UTR3
chr3:179399454:T:C	chr3:179399454:A:G	A:G	GNB4	UTR3	unknown	T;C;-;A||R||D;ALU;-;SINE/AluSz;UTR3;GNB4;-;-;UTR3;GNB4;-;-;UTR3;GNB4;-;-;-;1358;30;53	Name=AluSz	TRUE	Alu	UTR3
chr3:179399476:T:C	chr3:179399476:A:G	A:G	GNB4	UTR3	unknown	T;C;-;A||R||D;ALU;-;SINE/AluSz;UTR3;GNB4;-;-;UTR3;GNB4;-;-;UTR3;GNB4;-;-;-;670;29;51	Name=AluSz	TRUE	Alu	UTR3
chr3:179399478:T:C	chr3:179399478:A:G	A:G	GNB4	UTR3	unknown	T;C;-;A||R||D;ALU;-;SINE/AluSz;UTR3;GNB4;-;-;UTR3;GNB4;-;-;UTR3;GNB4;-;-;-;1188;30;54	Name=AluSz	TRUE	Alu	UTR3
chr3:179648911:C:T	chr3:179648911:C:T	C:T	USP13	upstream	unknown	.	.	FALSE	None	upstream
chr3:179648914:A:G	chr3:179648914:A:G	A:G	USP13	upstream	unknown	.	.	FALSE	None	upstream
chr3:183491248:T:C	chr3:183491248:A:G	A:G	KLHL6	UTR3	unknown	T;C;-;A||R||D;ALU;-;SINE/AluSq;UTR3;KLHL6;-;-;UTR3;KLHL6;-;-;UTR3;KLHL6;-;-;-;368;21;33	Name=AluSq	TRUE	Alu	UTR3
chr3:183491340:T:C	chr3:183491340:A:G	A:G	KLHL6	UTR3	unknown	T;C;-;A||R||D;ALU;-;SINE/AluSq;UTR3;KLHL6;-;-;UTR3;KLHL6;-;-;UTR3;KLHL6;-;-;-;365;24;31	Name=AluSq	TRUE	Alu	UTR3
chr3:185969375:A:G	chr3:185969375:A:G	A:G	NMRAL2P	ncRNA
intronic	unknown	.	Name=AluSp	FALSE	Alu	ncRNA
chr3:39265943:C:T	chr3:39265943:G:A	C:T	CX3CR1	exonic	synonymous SNV	.	.	FALSE	None	exonic
chr3:44749144:T:C	chr3:44749144:A:G	A:G	KIAA1143	UTR3	unknown	T;C;-;A||R||D;ALU;-;SINE/AluY;UTR3;KIAA1143;-;-;UTR3;KIAA1143;-;-;UTR3;KIAA1143;-;-;-;2383;30;55	Name=AluY	TRUE	Alu	UTR3
chr3:45680563:A:G	chr3:45680563:T:C	A:G	LIMD1-AS1	ncRNA
intronic	unknown	A;G;+;A||R;ALU;-;SINE/AluJb;ncRNA_intronic;LIMD1-AS1;-;-;ncRNA_intronic;LIMD1-AS1;-;-;ncRNA_intronic;LIMD1-AS1;-;-;-;2127;30;55	Name=AluJb	TRUE	Alu	ncRNA
chr3:45680849:A:G	chr3:45680849:T:C	A:G	LIMD1-AS1	ncRNA
intronic	unknown	A;G;+;A||R||D;ALU;-;SINE/AluSz;ncRNA_intronic;LIMD1-AS1;-;-;ncRNA_intronic;LIMD1-AS1;-;-;ncRNA_intronic;LIMD1-AS1;-;-;-;12;5;5	Name=AluSz	TRUE	Alu	ncRNA
chr3:45680895:A:G	chr3:45680895:T:C	A:G	LIMD1-AS1	ncRNA
intronic	unknown	A;G;+;A||R||D;ALU;-;SINE/AluSz;ncRNA_intronic;LIMD1-AS1;-;-;ncRNA_intronic;LIMD1-AS1;-;-;ncRNA_intronic;LIMD1-AS1;-;-;-;2406;30;55	Name=AluSz	TRUE	Alu	ncRNA
chr3:48749558:T:C	chr3:48749558:A:G	A:G	PRKAR2A	UTR3	unknown	T;C;-;A||R||D;ALU;-;SINE/AluSx3;UTR3;PRKAR2A;-;-;intergenic;IP6K2||PRKAR2A;-;-;intronic;PRKAR2A;-;-;-;2436;30;55	Name=AluSx3	TRUE	Alu	UTR3
chr3:62124367:A:G	chr3:62124367:A:G	A:G	PTPRG	intronic	unknown	.	.	FALSE	None	intronic
chr3:62124377:T:C	chr3:62124377:T:C	A:G	PTPRG	intronic	unknown	.	.	FALSE	None	intronic
chr3:94059370:T:C	chr3:94059370:A:G	A:G	DHFR2	UTR3	unknown	T;C;-;R||D;ALU;-;SINE/AluJb;UTR3;DHFRL1;-;-;UTR3;DHFRL1;-;-;UTR3;DHFRL1;-;-;-;1545;30;53	Name=AluJb	TRUE	Alu	UTR3
chr3:96351359:T:C	chr3:96351359:T:C	A:G	MIR8060	upstream	unknown	.	.	FALSE	None	upstream
chr3:142043794:C:T	chr3:142043794:G:A	C:T	TFDP2	intronic	unknown	.	.	FALSE	None	intronic
chr3:142043827:T:C	chr3:142043827:A:G	A:G	TFDP2	intronic	unknown	T;C;-;R||D;NONREP;-;-/-;intronic;TFDP2;-;-;intronic;TFDP2;-;-;intronic;TFDP2;-;-;711;1029;11;8;8	.	TRUE	None	intronic
chr3:14416867:A:G	chr3:14416867:A:G	A:G	SLC6A6	intronic	unknown	A;G;+;A||R;ALU;-;SINE/AluJb;intronic;SLC6A6;-;-;intronic;SLC6A6;-;-;intronic;SLC6A6;-;-;-;40;7;7	Name=AluJb	TRUE	Alu	intronic
chr3:14416938:A:G	chr3:14416938:A:G	A:G	SLC6A6	intronic	unknown	A;G;+;A||R;ALU;-;SINE/AluJb;intronic;SLC6A6;-;-;intronic;SLC6A6;-;-;intronic;SLC6A6;-;-;-;42;8;8	Name=AluJb	TRUE	Alu	intronic
chr3:14944591:T:C	chr3:14944591:A:G	A:G	FGD5-AS1	ncRNA
exonic	unknown	T;C;-;A||R||D;REP;-;SINE/FLAM_C;ncRNA_exonic;FGD5-AS1;-;-;ncRNA_exonic;FGD5-AS1;-;-;intronic;FGD5-AS1;-;-;-;2474;30;54	Name=AluSz6	TRUE	Alu	ncRNA
chr3:14944603:T:C	chr3:14944603:A:G	A:G	FGD5-AS1	ncRNA
exonic	unknown	T;C;-;A||R||D;REP;-;SINE/FLAM_C;ncRNA_exonic;FGD5-AS1;-;-;ncRNA_exonic;FGD5-AS1;-;-;intronic;FGD5-AS1;-;-;-;2477;30;55	Name=AluSz6	TRUE	Alu	ncRNA
chr3:14944604:T:C	chr3:14944604:A:G	A:G	FGD5-AS1	ncRNA
exonic	unknown	T;C;-;A||R||D;REP;-;SINE/FLAM_C;ncRNA_exonic;FGD5-AS1;-;-;ncRNA_exonic;FGD5-AS1;-;-;intronic;FGD5-AS1;-;-;-;1600;30;54	Name=AluSz6	TRUE	Alu	ncRNA
chr3:14944945:T:C	chr3:14944945:A:G	A:G	FGD5-AS1	ncRNA
exonic	unknown	T;C;-;A||R||D;ALU;-;SINE/AluSq2;ncRNA_exonic;FGD5-AS1;-;-;ncRNA_exonic;FGD5-AS1;-;-;intronic;FGD5-AS1;-;-;-;2076;30;55	Name=AluSq2	TRUE	Alu	ncRNA
chr3:156809750:C:T	chr3:156809750:G:A	C:T	PA2G4P4	ncRNA
exonic	unknown	.	.	FALSE	None	ncRNA
chr3:179399245:T:C	chr3:179399245:A:G	A:G	GNB4	UTR3	unknown	T;C;-;A||R||D;ALU;-;SINE/AluSz;UTR3;GNB4;-;-;UTR3;GNB4;-;-;UTR3;GNB4;-;-;-;1573;30;54	Name=AluSz	TRUE	Alu	UTR3
chr3:48749685:T:C	chr3:48749685:A:G	A:G	PRKAR2A	UTR3	unknown	T;C;-;A||R||D;ALU;-;SINE/AluSx3;UTR3;PRKAR2A;-;-;downstream;PRKAR2A;-;-;intronic;PRKAR2A;-;-;-;1018;30;54	Name=AluSx3	TRUE	Alu	UTR3
chr3:52522941:G:A	chr3:52522941:G:A	C:T	STAB1	splicing	unknown	.	.	FALSE	None	splicing
chr3:101823506:A:G	chr3:101823506:A:G	A:G	NXPE3	UTR3	unknown	A;G;+;A||R||D;ALU;-;SINE/AluJr;UTR3;NXPE3;-;-;UTR3;NXPE3;-;-;UTR3;NXPE3;-;-;-;1088;29;52	Name=AluJr	TRUE	Alu	UTR3
chr3:122547770:T:C	chr3:122547770:A:G	A:G	PARP9	intronic	unknown	T;C;-;A||R;ALU;-;SINE/AluJb;intronic;PARP9;-;-;intronic;PARP9;-;-;intronic;PARP9;-;-;-;24;10;12	Name=AluJb	TRUE	Alu	intronic
chr3:122557139:T:C	chr3:122557139:A:G	A:G	PARP9	intronic	unknown	T;C;-;A||R;NONREP;-;-/-;intronic;PARP9;-;-;intronic;PARP9;-;-;intronic;PARP9;-;-;-;375;28;48	.	TRUE	None	intronic
chr3:122557150:T:C	chr3:122557150:A:G	A:G	PARP9	intronic	unknown	T;C;-;R||D;NONREP;-;-/-;intronic;PARP9;-;-;intronic;PARP9;-;-;intronic;PARP9;-;-;-;0;0;0	.	TRUE	None	intronic
chr3:122702905:A:G	chr3:122702905:A:G	A:G	PARP14	intronic	unknown	A;G;+;A||R;ALU;-;SINE/AluJr;intronic;PARP14;-;-;intronic;PARP14;-;-;intronic;PARP14;-;-;-;17;3;4	Name=AluJr	TRUE	Alu	intronic
chr3:127513245:A:G	chr3:127513245:T:C	A:G	LINC01471	ncRNA
intronic	unknown	.	Name=AluSq10	FALSE	Alu	ncRNA
chr3:127742410:T:C	chr3:127742410:A:G	A:G	MGLL	intronic	unknown	T;C;-;A||R||D;ALU;-;SINE/AluSx1;intronic;MGLL;-;-;intronic;MGLL;-;-;intronic;MGLL;-;-;-;2;2;2	Name=AluSx1	TRUE	Alu	intronic
chr3:146519255:T:C	chr3:146519255:A:G	A:G	PLSCR1	intronic	unknown	T;C;-;R;NONREP;-;-/-;intronic;PLSCR1;-;-;intronic;PLSCR1;-;-;intronic;PLSCR1;-;-;-;0;0;0	.	TRUE	None	intronic
chr3:14944631:T:C	chr3:14944631:A:G	A:G	FGD5-AS1	ncRNA
exonic	unknown	T;C;-;A||R||D;REP;-;SINE/FLAM_C;ncRNA_exonic;FGD5-AS1;-;-;ncRNA_exonic;FGD5-AS1;-;-;intronic;FGD5-AS1;-;-;-;1942;30;54	Name=AluSz6	TRUE	Alu	ncRNA
chr3:15072979:T:C	chr3:15072979:A:G	A:G	RBSN	UTR3	unknown	T;C;-;A||R||D;ALU;-;SINE/AluY;UTR3;ZFYVE20;-;-;UTR3;RBSN;-;-;UTR3;ZFYVE20;-;-;-;1959;30;55	Name=AluY	TRUE	Alu	UTR3
chr3:157159484:A:G	chr3:157159484:T:C	A:G	CCNL1	intronic	unknown	.	.	FALSE	None	intronic
chr3:157159488:A:G	chr3:157159488:T:C	A:G	CCNL1	intronic	unknown	.	.	FALSE	None	intronic
chr3:157159491:A:G	chr3:157159491:T:C	A:G	CCNL1	intronic	unknown	.	.	FALSE	None	intronic
chr3:172510943:G:A	chr3:172510943:C:T	C:T	TNFSF10	intronic	unknown	.	.	FALSE	None	intronic
chr3:172510945:A:G	chr3:172510945:T:C	A:G	TNFSF10	intronic	unknown	.	.	FALSE	None	intronic
chr3:179260123:T:C	chr3:179260123:A:G	A:G	KCNMB3	intronic	unknown	.	.	FALSE	None	intronic
chr3:195882170:G:A	chr3:195882170:C:T	C:T	TNK2	exonic	synonymous SNV	.	.	FALSE	None	exonic
chr3:195903312:T:C	chr3:195903312:A:G	A:G	TNK2	intronic	unknown	T;C;-;A||R||D;ALU;-;SINE/AluSc8;intronic;TNK2;-;-;intronic;TNK2;-;-;intronic;TNK2;-;-;-;99;20;31	Name=AluSc8	TRUE	Alu	intronic
chr3:197725622:T:C	chr3:197725622:A:G	A:G	RUBCN	intronic	unknown	T;C;-;A||R||D;REP;-;SINE/FLAM_C;intronic;KIAA0226;-;-;intronic;RUBCN;-;-;intronic;KIAA0226;-;-;-;8;6;6	Name=FLAM_C	TRUE	Other	intronic
chr3:45680368:A:G	chr3:45680368:T:C	A:G	LIMD1-AS1	ncRNA
intronic	unknown	A;G;+;A||R;ALU;-;SINE/AluJb;ncRNA_intronic;LIMD1-AS1;-;-;ncRNA_intronic;LIMD1-AS1;-;-;ncRNA_intronic;LIMD1-AS1;-;-;-;2084;30;55	Name=AluJb	TRUE	Alu	ncRNA
chr3:45680399:A:G	chr3:45680399:T:C	A:G	LIMD1-AS1	ncRNA
intronic	unknown	A;G;+;A||R||D;ALU;-;SINE/AluJb;ncRNA_intronic;LIMD1-AS1;-;-;ncRNA_intronic;LIMD1-AS1;-;-;ncRNA_intronic;LIMD1-AS1;-;-;-;1820;30;54	Name=AluJb	TRUE	Alu	ncRNA
chr3:45680425:A:G	chr3:45680425:T:C	A:G	LIMD1-AS1	ncRNA
intronic	unknown	A;G;+;A||R;ALU;-;SINE/AluJb;ncRNA_intronic;LIMD1-AS1;-;-;ncRNA_intronic;LIMD1-AS1;-;-;ncRNA_intronic;LIMD1-AS1;-;-;-;2073;30;55	Name=AluJb	TRUE	Alu	ncRNA
chr3:45680497:A:G	chr3:45680497:T:C	A:G	LIMD1-AS1	ncRNA
intronic	unknown	A;G;+;A||R||D;ALU;-;SINE/AluJb;ncRNA_intronic;LIMD1-AS1;-;-;ncRNA_intronic;LIMD1-AS1;-;-;ncRNA_intronic;LIMD1-AS1;-;-;-;1990;30;55	Name=AluJb	TRUE	Alu	ncRNA
chr3:45680498:A:G	chr3:45680498:T:C	A:G	LIMD1-AS1	ncRNA
intronic	unknown	A;G;+;A||D;ALU;-;SINE/AluJb;ncRNA_intronic;LIMD1-AS1;-;-;ncRNA_intronic;LIMD1-AS1;-;-;ncRNA_intronic;LIMD1-AS1;-;-;-;1780;30;55	Name=AluJb	TRUE	Alu	ncRNA
chr3:45680761:A:G	chr3:45680761:T:C	A:G	LIMD1-AS1	ncRNA
intronic	unknown	A;G;+;A||R;ALU;-;SINE/AluSz;ncRNA_intronic;LIMD1-AS1;-;-;ncRNA_intronic;LIMD1-AS1;-;-;ncRNA_intronic;LIMD1-AS1;-;-;-;2244;30;54	Name=AluSz	TRUE	Alu	ncRNA
chr3:46357941:A:G	chr3:46357941:A:G	A:G	CCR2	exonic	synonymous SNV	.	.	FALSE	None	exonic
chr3:46357953:T:C	chr3:46357953:T:C	A:G	CCR2	exonic	synonymous SNV	.	.	FALSE	None	exonic
chr3:46375779:A:G	chr3:46375779:T:C	A:G	CCR5AS	ncRNA
intronic	unknown	A;G;+;R;NONREP;-;-/-;ncRNA_intronic;RP11-24F11.2;-;-;ncRNA_intronic;LOC102724297;-;-;UTR3;CCR5;-;-;-;222;25;38	.	TRUE	None	ncRNA
chr3:49324041:T:C	chr3:49324041:A:G	A:G	USP4	intronic	unknown	T;C;-;A||R||D;ALU;-;SINE/AluSz6;intronic;USP4;-;-;intronic;USP4;-;-;intronic;USP4;-;-;-;1227;30;54	Name=AluSz6	TRUE	Alu	intronic
chr3:52229202:C:T	chr3:52229202:G:A	C:T	TWF2	splicing	unknown	.	.	FALSE	None	splicing
chr3:75623718:A:G	chr3:75623718:A:G	A:G	MIR1324	upstream	unknown	.	.	FALSE	None	upstream
chr3:10150933:A:G	chr3:10150933:A:G	A:G	VHL	UTR3	unknown	A;G;+;A||R||D;ALU;-;SINE/AluSx;UTR3;VHL;-;-;UTR3;VHL;-;-;UTR3;VHL;-;-;-;1911;30;54	Name=AluSx1	TRUE	Alu	UTR3
chr3:10150958:A:G	chr3:10150958:A:G	A:G	VHL	UTR3	unknown	A;G;+;A||R||D;ALU;-;SINE/AluSx;UTR3;VHL;-;-;UTR3;VHL;-;-;UTR3;VHL;-;-;-;1767;30;54	Name=AluSx1	TRUE	Alu	UTR3
chr3:122561452:T:C	chr3:122561452:A:G	A:G	PARP9	intronic	unknown	T;C;-;A||R;ALU;-;SINE/AluJo;intronic;PARP9;-;-;intronic;PARP9;-;-;intronic;PARP9;-;-;-;42;14;16	Name=AluJo	TRUE	Alu	intronic
chr3:146455257:G:A	chr3:146455257:C:T	C:T	PLSCR2	exonic	synonymous SNV	.	.	FALSE	None	exonic
chr3:146455266:A:G	chr3:146455266:T:C	A:G	PLSCR2	exonic	synonymous SNV	.	.	FALSE	None	exonic
chr3:146455270:T:C	chr3:146455270:A:G	A:G	PLSCR2	exonic	nonsynonymous SNV	.	.	FALSE	None	exonic
chr3:146455287:T:C	chr3:146455287:A:G	A:G	PLSCR2	exonic	synonymous SNV	.	.	FALSE	None	exonic
chr3:146455313:C:T	chr3:146455313:G:A	C:T	PLSCR2	exonic	nonsynonymous SNV	.	.	FALSE	None	exonic
chr3:146455321:G:A	chr3:146455321:C:T	C:T	PLSCR2	exonic	nonsynonymous SNV	.	.	FALSE	None	exonic
chr3:14944643:T:C	chr3:14944643:A:G	A:G	FGD5-AS1	ncRNA
exonic	unknown	T;C;-;A||R||D;REP;-;SINE/FLAM_C;ncRNA_exonic;FGD5-AS1;-;-;ncRNA_exonic;FGD5-AS1;-;-;intronic;FGD5-AS1;-;-;-;1074;30;54	Name=AluSz6	TRUE	Alu	ncRNA
chr3:197884177:A:G	chr3:197884177:A:G	A:G	LRCH3	UTR3	unknown	A;G;+;A||R||D;ALU;-;SINE/AluSx1;UTR3;LRCH3;-;-;intergenic;LRCH3||IQCG;-;-;downstream;LRCH3;-;-;-;2405;30;55	Name=AluSx1	TRUE	Alu	UTR3
chr3:62123949:G:A	chr3:62123949:G:A	C:T	PTPRG	intronic	unknown	.	.	FALSE	None	intronic
chr3:62123952:A:G	chr3:62123952:A:G	A:G	PTPRG	intronic	unknown	.	.	FALSE	None	intronic
chr3:62124489:A:G	chr3:62124489:A:G	A:G	PTPRG	intronic	unknown	.	.	FALSE	None	intronic
chr3:72929679:T:C	chr3:72929679:T:C	A:G	GXYLT2	intronic	unknown	.	.	FALSE	None	intronic
chr3:197885397:A:G	chr3:197885397:A:G	A:G	LRCH3	UTR3	unknown	A;G;+;R||D;ALU;-;SINE/AluSp;UTR3;LRCH3;-;-;intergenic;LRCH3||IQCG;-;-;intergenic;LRCH3||IQCG;-;-;-;2392;30;53	Name=AluSp	TRUE	Alu	UTR3
chr3:48750129:T:C	chr3:48750129:A:G	A:G	PRKAR2A	UTR3	unknown	T;C;-;A||R||D;ALU;-;SINE/AluSp;UTR3;PRKAR2A;-;-;downstream;PRKAR2A;-;-;intronic;PRKAR2A;-;-;-;1900;30;55	Name=AluSp	TRUE	Alu	UTR3
chr3:48750423:T:C	chr3:48750423:A:G	A:G	PRKAR2A	UTR3	unknown	T;C;-;A||R||D;ALU;-;SINE/AluJb;UTR3;PRKAR2A;-;-;downstream;PRKAR2A;-;-;intronic;PRKAR2A;-;-;-;2300;30;55	Name=AluJr	TRUE	Alu	UTR3
chr3:62124307:A:G	chr3:62124307:A:G	A:G	PTPRG	intronic	unknown	A;G;+;R||D;NONREP;-;-/-;intronic;PTPRG;-;-;intronic;PTPRG;-;-;intronic;PTPRG;-;-;717;1095;0;0;0	.	TRUE	None	intronic
chr3:62124315:T:C	chr3:62124315:T:C	A:G	PTPRG	intronic	unknown	.	.	FALSE	None	intronic
chr3:96350851:T:C	chr3:96350851:T:C	A:G	MIR8060	upstream	unknown	.	.	FALSE	None	upstream
chr3:122547635:T:C	chr3:122547635:A:G	A:G	PARP9	intronic	unknown	T;C;-;A||R||D;ALU;-;SINE/AluJb;intronic;PARP9;-;-;intronic;PARP9;-;-;intronic;PARP9;-;-;-;39;13;15	Name=AluJb	TRUE	Alu	intronic
chr3:122547650:T:C	chr3:122547650:A:G	A:G	PARP9	intronic	unknown	T;C;-;A||R||D;ALU;-;SINE/AluJb;intronic;PARP9;-;-;intronic;PARP9;-;-;intronic;PARP9;-;-;-;24;10;11	Name=AluJb	TRUE	Alu	intronic
chr3:122557151:T:C	chr3:122557151:A:G	A:G	PARP9	intronic	unknown	T;C;-;R||D;NONREP;-;-/-;intronic;PARP9;-;-;intronic;PARP9;-;-;intronic;PARP9;-;-;-;0;0;0	.	TRUE	None	intronic
chr3:122557848:T:C	chr3:122557848:A:G	A:G	PARP9	intronic	unknown	T;C;-;A||R||D;REP;-;DNA/MER104;intronic;PARP9;-;-;intronic;PARP9;-;-;intronic;PARP9;-;-;-;646;30;51	Name=MER104	TRUE	Other	intronic
chr3:122561276:T:C	chr3:122561276:A:G	A:G	PARP9	intronic	unknown	T;C;-;A||R||D;ALU;-;SINE/AluJo;intronic;PARP9;-;-;intronic;PARP9;-;-;intronic;PARP9;-;-;-;16;9;9	Name=AluJo	TRUE	Alu	intronic
chr3:146543102:T:C	chr3:146543102:A:G	A:G	PLSCR1	intronic	unknown	T;C;-;A||R||D;REP;rs540841569;LINE/L2b;intronic;PLSCR1;-;-;intronic;PLSCR1;-;-;intronic;PLSCR1;-;-;-;273;28;39	Name=L2b	TRUE	Other	intronic
chr3:146543116:T:C	chr3:146543116:A:G	A:G	PLSCR1	intronic	unknown	T;C;-;A||R||D;REP;-;LINE/L2b;intronic;PLSCR1;-;-;intronic;PLSCR1;-;-;intronic;PLSCR1;-;-;-;249;27;40	Name=L2b	TRUE	Other	intronic
chr3:156809864:T:C	chr3:156809864:A:G	A:G	PA2G4P4	ncRNA
exonic	unknown	.	.	FALSE	None	ncRNA
chr3:196728061:C:T	chr3:196728061:C:T	C:T	PIGX	exonic	nonsynonymous SNV	.	.	FALSE	None	exonic
chr3:197884224:A:G	chr3:197884224:A:G	A:G	LRCH3	UTR3	unknown	A;G;+;A||R||D;ALU;-;SINE/AluSx1;UTR3;LRCH3;-;-;intergenic;LRCH3||IQCG;-;-;downstream;LRCH3;-;-;-;1930;30;54	Name=AluSx1	TRUE	Alu	UTR3
chr3:197884340:A:G	chr3:197884340:A:G	A:G	LRCH3	UTR3	unknown	A;G;+;A||R||D;ALU;-;SINE/AluSx1;UTR3;LRCH3;-;-;intergenic;LRCH3||IQCG;-;-;downstream;LRCH3;-;-;-;1575;30;54	Name=AluSx1	TRUE	Alu	UTR3
chr3:197885349:A:G	chr3:197885349:A:G	A:G	LRCH3	UTR3	unknown	A;G;+;A||R||D;ALU;rs373565572;SINE/AluSp;UTR3;LRCH3;-;-;intergenic;LRCH3||IQCG;-;-;intergenic;LRCH3||IQCG;-;-;-;2481;30;55	Name=AluSp	TRUE	Alu	UTR3
chr3:45680442:A:G	chr3:45680442:T:C	A:G	LIMD1-AS1	ncRNA
intronic	unknown	A;G;+;A||R||D;ALU;-;SINE/AluJb;ncRNA_intronic;LIMD1-AS1;-;-;ncRNA_intronic;LIMD1-AS1;-;-;ncRNA_intronic;LIMD1-AS1;-;-;-;2315;30;55	Name=AluJb	TRUE	Alu	ncRNA
chr3:46358019:C:T	chr3:46358019:C:T	C:T	CCR2	exonic	synonymous SNV	.	.	FALSE	None	exonic
chr3:49423500:T:C	chr3:49423500:A:G	A:G	NICN1	UTR3	unknown	T;C;-;A||R||D;ALU;-;SINE/AluSp;ncRNA_exonic;NICN1-AS1;-;-;UTR3;NICN1;-;-;ncRNA_exonic;NPCEDRG;-;-;-;2167;30;54	Name=AluSp	TRUE	Alu	UTR3
chr3:121833912:T:C	chr3:121833912:A:G	A:G	IQCB1	intronic	unknown	T;C;-;A||R||D;REP;-;SINE/MIR;intronic;IQCB1;-;-;intronic;IQCB1;-;-;intronic;IQCB1;-;-;-;354;29;48	Name=MIR	TRUE	Other	intronic
chr3:197884284:A:G	chr3:197884284:A:G	A:G	LRCH3	UTR3	unknown	A;G;+;A||R||D;ALU;-;SINE/AluSx1;UTR3;LRCH3;-;-;intergenic;LRCH3||IQCG;-;-;downstream;LRCH3;-;-;-;1593;30;53	Name=AluSx1	TRUE	Alu	UTR3
chr3:37277387:G:A	chr3:37277387:G:A	C:T	GOLGA4	intronic	unknown	.	.	FALSE	None	intronic
chr3:44749267:T:C	chr3:44749267:A:G	A:G	KIAA1143	UTR3	unknown	T;C;-;A||R||D;ALU;-;SINE/AluY;UTR3;KIAA1143;-;-;UTR3;KIAA1143;-;-;UTR3;KIAA1143;-;-;-;2231;30;55	Name=AluY	TRUE	Alu	UTR3
chr3:94076765:A:G	chr3:94076765:A:G	A:G	NSUN3	intronic	unknown	.	.	FALSE	None	intronic
chr3:128622413:A:G	chr3:128622413:T:C	A:G	RPN1	intronic	unknown	.	.	FALSE	None	intronic
chr3:128622414:A:G	chr3:128622414:T:C	A:G	RPN1	intronic	unknown	.	.	FALSE	None	intronic
chr3:14944573:T:C	chr3:14944573:A:G	A:G	FGD5-AS1	ncRNA
exonic	unknown	T;C;-;A||R||D;REP;-;SINE/FLAM_C;ncRNA_exonic;FGD5-AS1;-;-;ncRNA_exonic;FGD5-AS1;-;-;intronic;FGD5-AS1;-;-;-;2042;30;54	Name=AluSz6	TRUE	Alu	ncRNA
chr3:156809705:C:T	chr3:156809705:G:A	C:T	PA2G4P4	ncRNA
exonic	unknown	.	.	FALSE	None	ncRNA
chr3:46358064:T:C	chr3:46358064:T:C	A:G	CCR2	exonic	synonymous SNV	.	.	FALSE	None	exonic
chr3:46358066:A:G	chr3:46358066:A:G	A:G	CCR2	exonic	nonsynonymous SNV	.	.	FALSE	None	exonic
chr3:46358070:C:T	chr3:46358070:C:T	C:T	CCR2	exonic	synonymous SNV	.	.	FALSE	None	exonic
chr3:46358073:G:A	chr3:46358073:G:A	C:T	CCR2	exonic	synonymous SNV	.	.	FALSE	None	exonic
chr3:48750476:T:C	chr3:48750476:A:G	A:G	PRKAR2A	UTR3	unknown	T;C;-;A||R||D;ALU;-;SINE/AluJb;UTR3;PRKAR2A;-;-;downstream;PRKAR2A;-;-;intronic;PRKAR2A;-;-;-;2374;30;55	Name=AluJr	TRUE	Alu	UTR3
chr3:122570880:A:G	chr3:122570880:A:G	A:G	DTX3L	intronic	unknown	A;G;+;R||D;NONREP;-;-/-;intronic;DTX3L;-;-;intronic;DTX3L;-;-;UTR3;DTX3L;-;-;-;594;29;44	.	TRUE	None	intronic
chr3:146543176:T:C	chr3:146543176:A:G	A:G	PLSCR1	intronic	unknown	T;C;-;A||R||D;REP;-;LINE/L2b;intronic;PLSCR1;-;-;intronic;PLSCR1;-;-;intronic;PLSCR1;-;-;-;195;28;36	Name=L2b	TRUE	Other	intronic
chr3:172603131:T:C	chr3:172603131:A:G	A:G	LINC02068	upstream	unknown	.	.	FALSE	None	upstream
chr3:185970188:A:G	chr3:185970188:A:G	A:G	NMRAL2P	ncRNA
intronic	unknown	A;G;+;R;ALU;-;SINE/AluY;ncRNA_intronic;RP11-443P15.2;-;-;ncRNA_intronic;LOC344887;-;-;ncRNA_intronic;LOC344887;-;-;-;4;2;3	Name=AluY	TRUE	Alu	ncRNA
chr3:197884254:A:G	chr3:197884254:A:G	A:G	LRCH3	UTR3	unknown	A;G;+;A||R||D;ALU;-;SINE/AluSx1;UTR3;LRCH3;-;-;intergenic;LRCH3||IQCG;-;-;downstream;LRCH3;-;-;-;964;30;52	Name=AluSx1	TRUE	Alu	UTR3
chr3:197884875:A:G	chr3:197884875:A:G	A:G	LRCH3	UTR3	unknown	A;G;+;A||R||D;REP;-;SINE/FLAM_C;UTR3;LRCH3;-;-;intergenic;LRCH3||IQCG;-;-;downstream;LRCH3;-;-;-;2106;30;55	Name=FLAM_C	TRUE	Other	UTR3
chr3:57627308:T:C	chr3:57627308:A:G	A:G	DENND6A	UTR3	unknown	T;C;-;A||R||D;ALU;-;SINE/AluSz;UTR3;DENND6A;-;-;UTR3;DENND6A;-;-;UTR3;DENND6A;-;-;-;1723;30;54	Name=AluSz	TRUE	Alu	UTR3
chr3:49360949:T:C	chr3:49360949:A:G	A:G	RHOA	exonic	nonsynonymous SNV	T;C;-;A||R||D;ALU;-;SINE/AluSc;exonic;RHOA;nonsynonymous	Name=AluSc	TRUE	Alu	exonic
chr3:111570385:A:G	chr3:111570385:A:G	A:G	CD96	intronic	unknown	.	.	FALSE	None	intronic
chr3:138348936:C:T	chr3:138348936:C:T	C:T	MRAS	UTR5	unknown	.	.	FALSE	None	UTR5
chr3:172603629:C:T	chr3:172603629:G:A	C:T	LINC02068	upstream	unknown	.	.	FALSE	None	upstream
chr3:172603761:C:T	chr3:172603761:G:A	C:T	LINC02068	upstream	unknown	.	.	FALSE	None	upstream
chr3:197884321:A:G	chr3:197884321:A:G	A:G	LRCH3	UTR3	unknown	A;G;+;A||R||D;ALU;-;SINE/AluSx1;UTR3;LRCH3;-;-;intergenic;LRCH3||IQCG;-;-;downstream;LRCH3;-;-;-;1378;30;53	Name=AluSx1	TRUE	Alu	UTR3
chr3:19952093:A:G	chr3:19952093:A:G	A:G	RAB5A	intronic	unknown	A;G;+;A||R||D;REP;-;SINE/FLAM_A;intronic;RAB5A;-;-;intronic;RAB5A;-;-;intronic;RAB5A;-;-;-;1293;30;55	Name=FLAM_A	TRUE	Other	intronic
chr3:49360990:T:C	chr3:49360990:A:G	A:G	RHOA	exonic	nonsynonymous SNV	T;C;-;A||R||D;ALU;-;SINE/AluSc;exonic;RHOA;nonsynonymous	Name=AluSc	TRUE	Alu	exonic
chr3:197884320:A:G	chr3:197884320:A:G	A:G	LRCH3	UTR3	unknown	A;G;+;A||R||D;ALU;-;SINE/AluSx1;UTR3;LRCH3;-;-;intergenic;LRCH3||IQCG;-;-;downstream;LRCH3;-;-;-;1397;30;54	Name=AluSx1	TRUE	Alu	UTR3
chr3:101823592:A:G	chr3:101823592:A:G	A:G	NXPE3	UTR3	unknown	A;G;+;A||R||D;ALU;-;SINE/AluJr;UTR3;NXPE3;-;-;UTR3;NXPE3;-;-;UTR3;NXPE3;-;-;-;1173;30;55	Name=AluJr	TRUE	Alu	UTR3
chr3:183866044:T:C	chr3:183866044:A:G	A:G	PARL	intronic	unknown	T;C;-;A||R;ALU;-;SINE/AluSg;intronic;PARL;-;-;intronic;PARL;-;-;intronic;PARL;-;-;-;7;5;5	Name=AluSg	TRUE	Alu	intronic
chr3:48749609:T:C	chr3:48749609:A:G	A:G	PRKAR2A	UTR3	unknown	T;C;-;A||R||D;ALU;-;SINE/AluSx3;UTR3;PRKAR2A;-;-;intergenic;IP6K2||PRKAR2A;-;-;intronic;PRKAR2A;-;-;-;2010;30;55	Name=AluSx3	TRUE	Alu	UTR3
chr3:31617994:T:C	chr3:31617994:T:C	A:G	STT3B	intronic	unknown	.	.	FALSE	None	intronic
chr3:44749905:T:C	chr3:44749905:A:G	A:G	KIAA1143	UTR3	unknown	T;C;-;A||R||D;ALU;-;SINE/AluJr;UTR3;KIAA1143;-;-;UTR3;KIAA1143;-;-;UTR3;KIAA1143;-;-;-;2285;30;55	Name=AluJr	TRUE	Alu	UTR3
chr3:48750251:T:C	chr3:48750251:A:G	A:G	PRKAR2A	UTR3	unknown	T;C;-;A||R||D;ALU;-;SINE/AluSp;UTR3;PRKAR2A;-;-;downstream;PRKAR2A;-;-;intronic;PRKAR2A;-;-;-;2333;30;55	Name=AluSp	TRUE	Alu	UTR3
chr3:48750241:T:C	chr3:48750241:A:G	A:G	PRKAR2A	UTR3	unknown	T;C;-;A||R||D;ALU;-;SINE/AluSp;UTR3;PRKAR2A;-;-;downstream;PRKAR2A;-;-;intronic;PRKAR2A;-;-;-;1995;30;55	Name=AluSp	TRUE	Alu	UTR3
chr3:128765012:T:C	chr3:128765012:T:C	A:G	RAB7A	intronic	unknown	.	.	FALSE	None	intronic
chr3:179258902:G:A	chr3:179258902:C:T	C:T	KCNMB3	intronic	unknown	.	.	FALSE	None	intronic
chr3:183490657:T:C	chr3:183490657:A:G	A:G	KLHL6	UTR3	unknown	T;C;-;R||D;ALU;-;SINE/AluSg4;UTR3;KLHL6;-;-;UTR3;KLHL6;-;-;UTR3;KLHL6;-;-;-;86;12;15	Name=AluSg4	TRUE	Alu	UTR3
chr3:185984756:A:G	chr3:185984756:A:G	A:G	NMRAL2P	downstream	unknown	.	Name=AluSx1	FALSE	Alu	downstream
chr3:61742663:C:T	chr3:61742663:C:T	C:T	PTPRG	intronic	unknown	.	.	FALSE	None	intronic
chr3:12328313:T:C	chr3:12328313:T:C	A:G	PPARG	intronic	unknown	.	.	FALSE	None	intronic
chr3:142184753:T:C	chr3:142184753:A:G	A:G	GK5	intronic	unknown	T;C;-;A||R||D;ALU;-;SINE/AluSq2;intronic;GK5;-;-;intronic;GK5;-;-;intronic;GK5;-;-;-;2116;30;54	Name=AluSq2	TRUE	Alu	intronic
chr3:142184829:T:C	chr3:142184829:A:G	A:G	GK5	intronic	unknown	T;C;-;A||R||D;ALU;-;SINE/AluSq2;intronic;GK5;-;-;intronic;GK5;-;-;intronic;GK5;-;-;-;1865;30;53	Name=AluSq2	TRUE	Alu	intronic
chr3:197885489:A:G	chr3:197885489:A:G	A:G	LRCH3	UTR3	unknown	A;G;+;R||D;ALU;-;SINE/AluSp;UTR3;LRCH3;-;-;intergenic;LRCH3||IQCG;-;-;intergenic;LRCH3||IQCG;-;-;-;1364;30;53	Name=AluSp	TRUE	Alu	UTR3
chr3:119532310:T:C	chr3:119532310:A:G	A:G	CD80	intronic	unknown	T;C;-;R||D;ALU;-;SINE/AluSx1;intronic;CD80;-;-;intronic;CD80;-;-;intronic;CD80;-;-;-;24;3;3	Name=AluSx1	TRUE	Alu	intronic
chr3:122549563:T:C	chr3:122549563:A:G	A:G	PARP9	intronic	unknown	T;C;-;A||R||D;ALU;-;SINE/AluJr;intronic;PARP9;-;-;intronic;PARP9;-;-;intronic;PARP9;-;-;-;40;11;12	Name=AluJr	TRUE	Alu	intronic
chr3:54624404:T:C	chr3:54624404:T:C	A:G	CACNA2D3	intronic	unknown	.	Name=AluY	FALSE	Alu	intronic
chr3:119532410:T:C	chr3:119532410:A:G	A:G	CD80	intronic	unknown	T;C;-;A||R||D;ALU;-;SINE/AluSx1;intronic;CD80;-;-;intronic;CD80;-;-;intronic;CD80;-;-;-;45;3;3	Name=AluSx1	TRUE	Alu	intronic
chr3:122557890:T:C	chr3:122557890:A:G	A:G	PARP9	intronic	unknown	T;C;-;A||R||D;REP;-;DNA/MER104;intronic;PARP9;-;-;intronic;PARP9;-;-;intronic;PARP9;-;-;-;318;25;41	Name=MER104	TRUE	Other	intronic
chr3:119532245:T:C	chr3:119532245:A:G	A:G	CD80	intronic	unknown	T;C;-;A||R||D;ALU;-;SINE/AluSx1;intronic;CD80;-;-;intronic;CD80;-;-;intronic;CD80;-;-;-;46;3;3	Name=AluSx1	TRUE	Alu	intronic
chr3:122557889:T:C	chr3:122557889:A:G	A:G	PARP9	intronic	unknown	T;C;-;A||R||D;REP;-;DNA/MER104;intronic;PARP9;-;-;intronic;PARP9;-;-;intronic;PARP9;-;-;-;380;28;44	Name=MER104	TRUE	Other	intronic
chr3:146454120:G:A	chr3:146454120:C:T	C:T	PLSCR2	exonic	nonsynonymous SNV	.	.	FALSE	None	exonic
chr3:119531936:T:C	chr3:119531936:A:G	A:G	CD80	intronic	unknown	T;C;-;A||R||D;ALU;-;SINE/AluSx;intronic;CD80;-;-;intronic;CD80;-;-;intronic;CD80;-;-;-;44;4;4	Name=AluSx	TRUE	Alu	intronic
chr3:119531937:T:C	chr3:119531937:A:G	A:G	CD80	intronic	unknown	T;C;-;A||R||D;ALU;-;SINE/AluSx;intronic;CD80;-;-;intronic;CD80;-;-;intronic;CD80;-;-;-;43;5;5	Name=AluSx	TRUE	Alu	intronic
chr3:122614909:A:G	chr3:122614909:A:G	A:G	PARP15	intronic	unknown	A;G;+;A||R||D;ALU;-;SINE/AluJb;intronic;PARP15;-;-;intronic;PARP15;-;-;intronic;PARP15;-;-;-;190;18;20	Name=AluJb	TRUE	Alu	intronic
chr3:122571353:A:G	chr3:122571353:A:G	A:G	DTX3L	intronic	unknown	A;G;+;A||R;NONREP;-;-/-;intronic;DTX3L;-;-;intronic;DTX3L;-;-;UTR3;DTX3L;-;-;-;663;30;48	.	TRUE	None	intronic
chr3:122614869:A:G	chr3:122614869:A:G	A:G	PARP15	intronic	unknown	A;G;+;A||R||D;ALU;-;SINE/AluJb;intronic;PARP15;-;-;intronic;PARP15;-;-;intronic;PARP15;-;-;-;2;1;1	Name=AluJb	TRUE	Alu	intronic
chr3:185970111:A:G	chr3:185970111:A:G	A:G	NMRAL2P	ncRNA
intronic	unknown	A;G;+;A;ALU;-;SINE/AluY;ncRNA_intronic;RP11-443P15.2;-;-;ncRNA_intronic;LOC344887;-;-;ncRNA_intronic;LOC344887;-;-;-;16;5;6	Name=AluY	TRUE	Alu	ncRNA
chr3:122549198:T:C	chr3:122549198:A:G	A:G	PARP9	intronic	unknown	T;C;-;A||R||D;ALU;-;SINE/AluSq2;intronic;PARP9;-;-;intronic;PARP9;-;-;intronic;PARP9;-;-;-;10;6;7	Name=AluSq2	TRUE	Alu	intronic
chr3:122571376:A:G	chr3:122571376:A:G	A:G	DTX3L	intronic	unknown	A;G;+;A||R||D;NONREP;-;-/-;intronic;DTX3L;-;-;intronic;DTX3L;-;-;UTR3;DTX3L;-;-;-;736;30;49	.	TRUE	None	intronic
chr3:146454113:G:A	chr3:146454113:C:T	C:T	PLSCR2	exonic	synonymous SNV	.	.	FALSE	None	exonic
chr3:146454133:C:T	chr3:146454133:G:A	C:T	PLSCR2	exonic	nonsynonymous SNV	.	.	FALSE	None	exonic
chr3:36887942:T:C	chr3:36887942:A:G	A:G	TRANK1	intronic	unknown	T;C;-;A||R;REP;-;LINE/L1MB8;intronic;TRANK1;-;-;intronic;TRANK1;-;-;intronic;TRANK1;-;-;-;19;5;7	Name=L1MB8	TRUE	LINE	intronic
chr4:109674919:C:T	chr4:109674919:C:T	C:T	MCUB	intronic	unknown	.	.	FALSE	None	intronic
chr4:109674927:A:G	chr4:109674927:A:G	A:G	MCUB	intronic	unknown	.	.	FALSE	None	intronic
chr4:112565076:T:C	chr4:112565076:A:G	A:G	ZGRF1	intronic	unknown	.	.	FALSE	None	intronic
chr4:112565238:A:G	chr4:112565238:T:C	A:G	ZGRF1	intronic	unknown	.	.	FALSE	None	intronic
chr4:128010252:A:G	chr4:128010252:A:G	A:G	ABHD18	intronic	unknown	A;G;+;A||R||D;ALU;-;SINE/AluSq2;intronic;C4orf29;-;-;intronic;ABHD18;-;-;intronic;C4orf29;-;-;-;513;30;51	Name=AluSq2	TRUE	Alu	intronic
chr4:128010274:A:G	chr4:128010274:A:G	A:G	ABHD18	intronic	unknown	A;G;+;A||R||D;ALU;-;SINE/AluSq2;intronic;C4orf29;-;-;intronic;ABHD18;-;-;intronic;C4orf29;-;-;-;415;30;49	Name=AluSq2	TRUE	Alu	intronic
chr4:128010275:A:G	chr4:128010275:A:G	A:G	ABHD18	intronic	unknown	A;G;+;A||R||D;ALU;-;SINE/AluSq2;intronic;C4orf29;-;-;intronic;ABHD18;-;-;intronic;C4orf29;-;-;-;369;30;50	Name=AluSq2	TRUE	Alu	intronic
chr4:128036907:A:G	chr4:128036907:A:G	A:G	ABHD18	UTR3	unknown	A;G;+;A||R;ALU;-;SINE/AluSx3;UTR3;C4orf29;-;-;intergenic;ABHD18||LARP1B;-;-;downstream;C4orf29;-;-;-;633;30;53	Name=AluSx3	TRUE	Alu	UTR3
chr4:143349869:A:G	chr4:143349869:A:G	A:G	GAB1	intronic	unknown	.	.	FALSE	None	intronic
chr4:143349872:G:A	chr4:143349872:G:A	C:T	GAB1	intronic	unknown	.	.	FALSE	None	intronic
chr4:143349902:A:G	chr4:143349902:A:G	A:G	GAB1	intronic	unknown	.	.	FALSE	None	intronic
chr4:165046191:A:G	chr4:165046191:A:G	A:G	TRIM60	downstream	unknown	.	.	FALSE	None	downstream
chr4:165046202:T:C	chr4:165046202:T:C	A:G	TRIM60	downstream	unknown	.	.	FALSE	None	downstream
chr4:2839625:A:G	chr4:2839625:A:G	A:G	SH3BP2	UTR3	unknown	A;G;+;A||R||D;ALU;-;SINE/AluJr;UTR3;SH3BP2;-;-;UTR3;SH3BP2;-;-;UTR3;SH3BP2;-;-;-;1641;30;55	Name=AluJr	TRUE	Alu	UTR3
chr4:2839661:A:G	chr4:2839661:A:G	A:G	SH3BP2	UTR3	unknown	A;G;+;A||R||D;ALU;-;SINE/AluJr;UTR3;SH3BP2;-;-;UTR3;SH3BP2;-;-;UTR3;SH3BP2;-;-;-;2018;30;55	Name=AluJr	TRUE	Alu	UTR3
chr4:2839669:A:G	chr4:2839669:A:G	A:G	SH3BP2	UTR3	unknown	A;G;+;A||R||D;ALU;-;SINE/AluJr;UTR3;SH3BP2;-;-;UTR3;SH3BP2;-;-;UTR3;SH3BP2;-;-;-;1150;30;55	Name=AluJr	TRUE	Alu	UTR3
chr4:2839671:A:G	chr4:2839671:A:G	A:G	SH3BP2	UTR3	unknown	A;G;+;A||R||D;ALU;rs544003008;SINE/AluJr;UTR3;SH3BP2;-;-;UTR3;SH3BP2;-;-;UTR3;SH3BP2;-;-;-;1787;30;54	Name=AluJr	TRUE	Alu	UTR3
chr4:2840118:A:G	chr4:2840118:A:G	A:G	SH3BP2	UTR3	unknown	A;G;+;A||R||D;ALU;-;SINE/AluJb;UTR3;SH3BP2;-;-;UTR3;SH3BP2;-;-;UTR3;SH3BP2;-;-;-;1852;30;55	Name=AluJb	TRUE	Alu	UTR3
chr4:2938735:T:C	chr4:2938735:T:C	A:G	NOP14-AS1	ncRNA
exonic	unknown	T;C;-;A||R||D;ALU;-;SINE/AluJo;ncRNA_exonic;NOP14-AS1;-;-;ncRNA_exonic;NOP14-AS1;-;-;ncRNA_exonic;NOP14-AS1;-;-;-;2576;30;54	Name=AluJo	TRUE	Alu	ncRNA
chr4:49016556:T:C	chr4:49016556:T:C	A:G	CWH43	intronic	unknown	.	.	FALSE	None	intronic
chr4:55412235:A:G	chr4:55412235:A:G	A:G	TMEM165	intronic	unknown	A;G;+;A||R||D;ALU;-;SINE/AluSg;intronic;TMEM165;-;-;intronic;TMEM165;-;-;intronic;TMEM165;-;-;-;537;29;52	Name=AluSg	TRUE	Alu	intronic
chr4:78867050:A:G	chr4:78867050:A:G	A:G	BMP2K	intronic	unknown	A;G;+;A||R||D;ALU;-;SINE/AluSz6;intronic;BMP2K;-;-;intronic;BMP2K;-;-;intronic;BMP2K;-;-;-;309;28;44	Name=AluSz6	TRUE	Alu	intronic
chr4:128036516:A:G	chr4:128036516:A:G	A:G	ABHD18	UTR3	unknown	A;G;+;A||R||D;ALU;-;SINE/AluSp;UTR3;C4orf29;-;-;intergenic;ABHD18||LARP1B;-;-;downstream;C4orf29;-;-;-;1092;30;54	Name=AluSp	TRUE	Alu	UTR3
chr4:128036549:A:G	chr4:128036549:A:G	A:G	ABHD18	UTR3	unknown	A;G;+;A||R||D;ALU;-;SINE/AluSp;UTR3;C4orf29;-;-;intergenic;ABHD18||LARP1B;-;-;downstream;C4orf29;-;-;-;1422;30;55	Name=AluSp	TRUE	Alu	UTR3
chr4:128036612:A:G	chr4:128036612:A:G	A:G	ABHD18	UTR3	unknown	A;G;+;A||R;ALU;-;SINE/AluSp;UTR3;C4orf29;-;-;intergenic;ABHD18||LARP1B;-;-;downstream;C4orf29;-;-;-;451;30;53	Name=AluSp	TRUE	Alu	UTR3
chr4:128036664:A:G	chr4:128036664:A:G	A:G	ABHD18	UTR3	unknown	A;G;+;A||R;ALU;-;SINE/AluSp;UTR3;C4orf29;-;-;intergenic;ABHD18||LARP1B;-;-;downstream;C4orf29;-;-;-;921;30;53	Name=AluSp	TRUE	Alu	UTR3
chr4:128036847:A:G	chr4:128036847:A:G	A:G	ABHD18	UTR3	unknown	A;G;+;A||R;ALU;-;SINE/AluSx3;UTR3;C4orf29;-;-;intergenic;ABHD18||LARP1B;-;-;downstream;C4orf29;-;-;-;582;29;53	Name=AluSx3	TRUE	Alu	UTR3
chr4:128036916:A:G	chr4:128036916:A:G	A:G	ABHD18	UTR3	unknown	A;G;+;A||R;ALU;-;SINE/AluSx3;UTR3;C4orf29;-;-;intergenic;ABHD18||LARP1B;-;-;downstream;C4orf29;-;-;-;763;30;54	Name=AluSx3	TRUE	Alu	UTR3
chr4:128036931:A:G	chr4:128036931:A:G	A:G	ABHD18	UTR3	unknown	A;G;+;A||R||D;ALU;-;SINE/AluSx3;UTR3;C4orf29;-;-;intergenic;ABHD18||LARP1B;-;-;downstream;C4orf29;-;-;-;794;29;54	Name=AluSx3	TRUE	Alu	UTR3
chr4:15723455:A:G	chr4:15723455:A:G	A:G	BST1	intronic	unknown	A;G;+;A||R;ALU;-;SINE/AluY;intronic;BST1;-;-;intronic;BST1;-;-;intronic;BST1;-;-;-;194;17;21	Name=AluY	TRUE	Alu	intronic
chr4:158873400:A:G	chr4:158873400:A:G	A:G	FNIP2	intronic	unknown	A;G;+;R;REP;-;SINE/FLAM_A;intronic;FNIP2;-;-;intronic;FNIP2;-;-;intronic;FNIP2;-;-;-;29;8;11	Name=FLAM_A	TRUE	Other	intronic
chr4:17627754:A:G	chr4:17627754:A:G	A:G	MED28	UTR3	unknown	A;G;+;A||R||D;ALU;-;SINE/AluSx;UTR3;MED28;-;-;intergenic;MED28||FAM184B;-;-;upstream;CR936688;-;-;-;2181;30;55	Name=AluSx3	TRUE	Alu	UTR3
chr4:176331175:A:G	chr4:176331175:A:G	A:G	SPCS3	UTR3	unknown	A;G;+;A||R||D;NONREP;-;-/-;UTR3;SPCS3;-;-;UTR3;SPCS3;-;-;UTR3;SPCS3;-;-;-;1854;30;55	.	TRUE	None	UTR3
chr4:184396934:T:C	chr4:184396934:A:G	A:G	IRF2	intronic	unknown	T;C;-;A||R||D;ALU;-;SINE/AluSz6;intronic;IRF2;-;-;intronic;IRF2;-;-;intronic;IRF2;-;-;-;76;24;31	Name=AluSz6	TRUE	Alu	intronic
chr4:184780145:T:C	chr4:184780145:A:G	A:G	ACSL1	intronic	unknown	T;C;-;A||R||D;ALU;-;SINE/AluSp;intronic;ACSL1;-;-;intronic;ACSL1;-;-;intronic;ACSL1;-;-;-;114;9;9	Name=AluSp	TRUE	Alu	intronic
chr4:184781676:T:C	chr4:184781676:A:G	A:G	ACSL1	intronic	unknown	T;C;-;A||R||D;ALU;-;SINE/AluSx1;intronic;ACSL1;-;-;intronic;ACSL1;-;-;intronic;ACSL1;-;-;-;599;26;46	Name=AluSx1	TRUE	Alu	intronic
chr4:184781677:T:C	chr4:184781677:A:G	A:G	ACSL1	intronic	unknown	T;C;-;A||R||D;ALU;-;SINE/AluSx1;intronic;ACSL1;-;-;intronic;ACSL1;-;-;intronic;ACSL1;-;-;-;622;26;47	Name=AluSx1	TRUE	Alu	intronic
chr4:184781747:T:C	chr4:184781747:A:G	A:G	ACSL1	intronic	unknown	T;C;-;A||R||D;ALU;-;SINE/AluSx1;intronic;ACSL1;-;-;intronic;ACSL1;-;-;intronic;ACSL1;-;-;-;518;27;41	Name=AluSx1	TRUE	Alu	intronic
chr4:184781748:T:C	chr4:184781748:A:G	A:G	ACSL1	intronic	unknown	T;C;-;A||R||D;ALU;-;SINE/AluSx1;intronic;ACSL1;-;-;intronic;ACSL1;-;-;intronic;ACSL1;-;-;-;537;25;42	Name=AluSx1	TRUE	Alu	intronic
chr4:184781774:T:C	chr4:184781774:A:G	A:G	ACSL1	intronic	unknown	T;C;-;A||R||D;ALU;-;SINE/AluSx1;intronic;ACSL1;-;-;intronic;ACSL1;-;-;intronic;ACSL1;-;-;-;412;24;35	Name=AluSx1	TRUE	Alu	intronic
chr4:184781777:T:C	chr4:184781777:A:G	A:G	ACSL1	intronic	unknown	T;C;-;A||R;ALU;-;SINE/AluSx1;intronic;ACSL1;-;-;intronic;ACSL1;-;-;intronic;ACSL1;-;-;-;4;3;3	Name=AluSx1	TRUE	Alu	intronic
chr4:184781806:T:C	chr4:184781806:A:G	A:G	ACSL1	intronic	unknown	T;C;-;A||R;ALU;-;SINE/AluSx1;intronic;ACSL1;-;-;intronic;ACSL1;-;-;intronic;ACSL1;-;-;-;190;15;18	Name=AluSx1	TRUE	Alu	intronic
chr4:184781807:T:C	chr4:184781807:A:G	A:G	ACSL1	intronic	unknown	T;C;-;A||R||D;ALU;-;SINE/AluSx1;intronic;ACSL1;-;-;intronic;ACSL1;-;-;intronic;ACSL1;-;-;-;257;18;23	Name=AluSx1	TRUE	Alu	intronic
chr4:184781814:T:C	chr4:184781814:A:G	A:G	ACSL1	intronic	unknown	T;C;-;A||R||D;ALU;-;SINE/AluSx1;intronic;ACSL1;-;-;intronic;ACSL1;-;-;intronic;ACSL1;-;-;-;229;15;20	Name=AluSx1	TRUE	Alu	intronic
chr4:184781830:T:C	chr4:184781830:A:G	A:G	ACSL1	intronic	unknown	T;C;-;A||R||D;ALU;-;SINE/AluSx1;intronic;ACSL1;-;-;intronic;ACSL1;-;-;intronic;ACSL1;-;-;-;330;20;31	Name=AluSx1	TRUE	Alu	intronic
chr4:184781883:T:C	chr4:184781883:A:G	A:G	ACSL1	intronic	unknown	T;C;-;A||R;ALU;-;SINE/AluSx1;intronic;ACSL1;-;-;intronic;ACSL1;-;-;intronic;ACSL1;-;-;-;347;23;40	Name=AluSx1	TRUE	Alu	intronic
chr4:184781892:T:C	chr4:184781892:A:G	A:G	ACSL1	intronic	unknown	T;C;-;A||R;ALU;-;SINE/AluSx1;intronic;ACSL1;-;-;intronic;ACSL1;-;-;intronic;ACSL1;-;-;-;423;25;41	Name=AluSx1	TRUE	Alu	intronic
chr4:2840074:A:G	chr4:2840074:A:G	A:G	SH3BP2	UTR3	unknown	A;G;+;A||R||D;ALU;-;SINE/AluJb;UTR3;SH3BP2;-;-;UTR3;SH3BP2;-;-;UTR3;SH3BP2;-;-;-;4;4;4	Name=AluJb	TRUE	Alu	UTR3
chr4:38827762:G:A	chr4:38827762:C:T	C:T	TLR6	exonic	nonsynonymous SNV	.	.	FALSE	None	exonic
chr4:39548944:T:C	chr4:39548944:T:C	A:G	UGDH-AS1	ncRNA
intronic	unknown	T;C;-;A||R||D;ALU;-;SINE/AluSx1;ncRNA_intronic;UGDH-AS1;-;-;ncRNA_intronic;MIR1273H||UGDH-AS1;-;-;ncRNA_intronic;UGDH-AS1;-;-;-;2360;30;55	Name=AluSx1	TRUE	Alu	ncRNA
chr4:39548950:T:C	chr4:39548950:T:C	A:G	UGDH-AS1	ncRNA
intronic	unknown	T;C;-;A||R||D;ALU;-;SINE/AluSx1;ncRNA_intronic;UGDH-AS1;-;-;ncRNA_intronic;MIR1273H||UGDH-AS1;-;-;ncRNA_intronic;UGDH-AS1;-;-;-;2274;30;55	Name=AluSx1	TRUE	Alu	ncRNA
chr4:39548951:T:C	chr4:39548951:T:C	A:G	UGDH-AS1	ncRNA
intronic	unknown	T;C;-;A||R;ALU;-;SINE/AluSx1;ncRNA_intronic;UGDH-AS1;-;-;ncRNA_intronic;MIR1273H||UGDH-AS1;-;-;ncRNA_intronic;UGDH-AS1;-;-;-;1671;30;55	Name=AluSx1	TRUE	Alu	ncRNA
chr4:40595853:T:C	chr4:40595853:A:G	A:G	RBM47	intronic	unknown	T;C;-;A||R||D;ALU;-;SINE/AluSz;intronic;RBM47;-;-;intronic;RBM47;-;-;intronic;RBM47;-;-;-;21;10;10	Name=AluSz	TRUE	Alu	intronic
chr4:65574289:C:T	chr4:65574289:G:A	C:T	EPHA5	intronic	unknown	.	.	FALSE	None	intronic
chr4:76959016:C:T	chr4:76959016:C:T	C:T	SEPTIN11	intronic	unknown	.	.	FALSE	None	intronic
chr4:76959019:T:C	chr4:76959019:T:C	A:G	SEPTIN11	intronic	unknown	.	.	FALSE	None	intronic
chr4:88708222:C:T	chr4:88708222:C:T	C:T	HERC3	UTR3	unknown	.	.	FALSE	None	UTR3
chr4:128036454:A:G	chr4:128036454:A:G	A:G	ABHD18	UTR3	unknown	A;G;+;A||R||D;ALU;-;SINE/AluSp;UTR3;C4orf29;-;-;intergenic;ABHD18||LARP1B;-;-;downstream;C4orf29;-;-;-;1048;30;53	Name=AluSp	TRUE	Alu	UTR3
chr4:128036529:A:G	chr4:128036529:A:G	A:G	ABHD18	UTR3	unknown	A;G;+;A||R||D;ALU;-;SINE/AluSp;UTR3;C4orf29;-;-;intergenic;ABHD18||LARP1B;-;-;downstream;C4orf29;-;-;-;1332;30;54	Name=AluSp	TRUE	Alu	UTR3
chr4:164190065:C:T	chr4:164190065:G:A	C:T	MARCHF1	intronic	unknown	.	.	FALSE	None	intronic
chr4:38827285:T:C	chr4:38827285:A:G	A:G	TLR6	exonic	nonsynonymous SNV	.	.	FALSE	None	exonic
chr4:38827323:A:G	chr4:38827323:T:C	A:G	TLR6	exonic	synonymous SNV	.	.	FALSE	None	exonic
chr4:38827344:C:T	chr4:38827344:G:A	C:T	TLR6	exonic	synonymous SNV	.	.	FALSE	None	exonic
chr4:39548938:T:C	chr4:39548938:T:C	A:G	UGDH-AS1	ncRNA
intronic	unknown	T;C;-;A||R||D;ALU;-;SINE/AluSx1;ncRNA_intronic;UGDH-AS1;-;-;ncRNA_intronic;MIR1273H||UGDH-AS1;-;-;ncRNA_intronic;UGDH-AS1;-;-;-;2096;30;55	Name=AluSx1	TRUE	Alu	ncRNA
chr4:47706520:A:G	chr4:47706520:T:C	A:G	CORIN	intronic	unknown	.	.	FALSE	None	intronic
chr4:47706819:A:G	chr4:47706819:T:C	A:G	CORIN	intronic	unknown	.	.	FALSE	None	intronic
chr4:55370822:A:G	chr4:55370822:T:C	A:G	SRD5A3-AS1	ncRNA
intronic	unknown	A;G;+;A||R;ALU;-;SINE/AluJb;ncRNA_intronic;SRD5A3-AS1;-;-;ncRNA_intronic;SRD5A3-AS1;-;-;ncRNA_intronic;SRD5A3-AS1;-;-;-;867;29;52	Name=AluJb	TRUE	Alu	ncRNA
chr4:76344668:T:C	chr4:76344668:A:G	A:G	CCDC158	intronic	unknown	.	.	FALSE	None	intronic
chr4:117575364:T:C	chr4:117575364:T:C	A:G	LINC01378	ncRNA
intronic	unknown	.	.	FALSE	None	ncRNA
chr4:117575717:A:G	chr4:117575717:A:G	A:G	LINC01378	ncRNA
intronic	unknown	.	.	FALSE	None	ncRNA
chr4:117575725:T:C	chr4:117575725:T:C	A:G	LINC01378	ncRNA
intronic	unknown	.	.	FALSE	None	ncRNA
chr4:128036530:A:G	chr4:128036530:A:G	A:G	ABHD18	UTR3	unknown	A;G;+;A||R||D;ALU;-;SINE/AluSp;UTR3;C4orf29;-;-;intergenic;ABHD18||LARP1B;-;-;downstream;C4orf29;-;-;-;844;30;54	Name=AluSp	TRUE	Alu	UTR3
chr4:153307601:A:G	chr4:153307601:T:C	A:G	ANXA2P1	ncRNA
exonic	unknown	.	.	FALSE	None	ncRNA
chr4:159007577:A:G	chr4:159007577:T:C	A:G	C4orf45	intronic	unknown	.	.	FALSE	None	intronic
chr4:17492243:G:A	chr4:17492243:C:T	C:T	QDPR	exonic	synonymous SNV	.	.	FALSE	None	exonic
chr4:184799389:T:C	chr4:184799389:A:G	A:G	ACSL1	intronic	unknown	T;C;-;A||R;ALU;-;SINE/AluSx;intronic;ACSL1;-;-;intronic;ACSL1;-;-;intronic;ACSL1;-;-;-;274;19;27	Name=AluSx	TRUE	Alu	intronic
chr4:184799390:T:C	chr4:184799390:A:G	A:G	ACSL1	intronic	unknown	T;C;-;A||R;ALU;-;SINE/AluSx;intronic;ACSL1;-;-;intronic;ACSL1;-;-;intronic;ACSL1;-;-;-;274;19;28	Name=AluSx	TRUE	Alu	intronic
chr4:40485842:T:C	chr4:40485842:A:G	A:G	RBM47	intronic	unknown	T;C;-;A||R||D;ALU;-;SINE/AluJb;intronic;RBM47;-;-;intronic;RBM47;-;-;intronic;RBM47;-;-;-;7;5;5	Name=AluJb	TRUE	Alu	intronic
chr4:681923:G:A	chr4:681923:G:A	C:T	MYL5	exonic	nonsynonymous SNV	.	.	FALSE	None	exonic
chr4:81452522:T:C	chr4:81452522:A:G	A:G	RASGEF1B	intronic	unknown	.	.	FALSE	None	intronic
chr4:88399651:A:G	chr4:88399651:A:G	A:G	HERC6	intronic	unknown	A;G;+;A||R;ALU;-;SINE/AluSz;intronic;HERC6;-;-;intronic;HERC6;-;-;intronic;HERC6;-;-;-;15;12;12	Name=AluSz	TRUE	Alu	intronic
chr4:88399656:A:G	chr4:88399656:A:G	A:G	HERC6	intronic	unknown	A;G;+;A||R;ALU;-;SINE/AluSz;intronic;HERC6;-;-;intronic;HERC6;-;-;intronic;HERC6;-;-;-;16;10;10	Name=AluSz	TRUE	Alu	intronic
chr4:88459476:G:A	chr4:88459476:G:A	C:T	HERC5	intronic	unknown	.	.	FALSE	None	intronic
chr4:102345487:A:G	chr4:102345487:T:C	A:G	SLC39A8	upstream	unknown	.	.	FALSE	None	upstream
chr4:76959083:T:C	chr4:76959083:T:C	A:G	SEPTIN11	intronic	unknown	.	.	FALSE	None	intronic
chr4:109674039:T:C	chr4:109674039:T:C	A:G	MCUB	intronic	unknown	.	.	FALSE	None	intronic
chr4:128036575:A:G	chr4:128036575:A:G	A:G	ABHD18	UTR3	unknown	A;G;+;A||R||D;ALU;-;SINE/AluSp;UTR3;C4orf29;-;-;intergenic;ABHD18||LARP1B;-;-;downstream;C4orf29;-;-;-;527;30;52	Name=AluSp	TRUE	Alu	UTR3
chr4:2938644:T:C	chr4:2938644:T:C	A:G	NOP14-AS1	ncRNA
intronic	unknown	T;C;-;A||R||D;ALU;-;SINE/AluJo;ncRNA_intronic;NOP14-AS1;-;-;ncRNA_intronic;NOP14-AS1;-;-;ncRNA_intronic;AB000466||NOP14-AS1;-;-;-;2487;30;55	Name=AluJo	TRUE	Alu	ncRNA
chr4:128036585:A:G	chr4:128036585:A:G	A:G	ABHD18	UTR3	unknown	A;G;+;A||R||D;ALU;-;SINE/AluSp;UTR3;C4orf29;-;-;intergenic;ABHD18||LARP1B;-;-;downstream;C4orf29;-;-;-;886;30;54	Name=AluSp	TRUE	Alu	UTR3
chr4:56460851:A:G	chr4:56460851:A:G	A:G	PAICS	UTR3	unknown	A;G;+;A||R||D;ALU;-;SINE/AluSx1;UTR3;PAICS;-;-;UTR3;PAICS;-;-;UTR3;PAICS;-;-;-;2054;30;54	Name=AluSx1	TRUE	Alu	UTR3
chr4:88459480:T:C	chr4:88459480:T:C	A:G	HERC5	intronic	unknown	.	.	FALSE	None	intronic
chr4:88459484:T:C	chr4:88459484:T:C	A:G	HERC5	intronic	unknown	.	.	FALSE	None	intronic
chr4:153307640:C:T	chr4:153307640:G:A	C:T	ANXA2P1	ncRNA
exonic	unknown	.	.	FALSE	None	ncRNA
chr4:38827557:G:A	chr4:38827557:C:T	C:T	TLR6	exonic	synonymous SNV	.	.	FALSE	None	exonic
chr4:11373282:T:C	chr4:11373282:T:C	A:G	MIR572	downstream	unknown	.	.	FALSE	None	downstream
chr4:2938670:T:C	chr4:2938670:T:C	A:G	NOP14-AS1	ncRNA
intronic	unknown	T;C;-;A||R||D;ALU;-;SINE/AluJo;ncRNA_intronic;NOP14-AS1;-;-;ncRNA_intronic;NOP14-AS1;-;-;ncRNA_intronic;AB000466||NOP14-AS1;-;-;-;2478;30;55	Name=AluJo	TRUE	Alu	ncRNA
chr4:55370654:A:G	chr4:55370654:T:C	A:G	SRD5A3-AS1	ncRNA
intronic	unknown	A;G;+;A||R;ALU;-;SINE/AluJb;ncRNA_intronic;SRD5A3-AS1;-;-;ncRNA_intronic;SRD5A3-AS1;-;-;ncRNA_intronic;SRD5A3-AS1;-;-;-;430;28;50	Name=AluJb	TRUE	Alu	ncRNA
chr4:55371732:A:G	chr4:55371732:T:C	A:G	SRD5A3-AS1	ncRNA
intronic	unknown	A;G;+;A||R;ALU;-;SINE/AluSx;ncRNA_intronic;SRD5A3-AS1;-;-;ncRNA_intronic;SRD5A3-AS1;-;-;ncRNA_intronic;SRD5A3-AS1;-;-;-;1304;30;53	Name=AluSx	TRUE	Alu	ncRNA
chr4:55371781:A:G	chr4:55371781:T:C	A:G	SRD5A3-AS1	ncRNA
intronic	unknown	A;G;+;A||R;ALU;-;SINE/AluSx;ncRNA_intronic;SRD5A3-AS1;-;-;ncRNA_intronic;SRD5A3-AS1;-;-;ncRNA_intronic;SRD5A3-AS1;-;-;-;1124;30;54	Name=AluSx	TRUE	Alu	ncRNA
chr4:184799789:T:C	chr4:184799789:A:G	A:G	ACSL1	intronic	unknown	T;C;-;A||R||D;ALU;-;SINE/AluJr;intronic;ACSL1;-;-;intronic;ACSL1;-;-;intronic;ACSL1;-;-;-;213;16;21	Name=AluJr	TRUE	Alu	intronic
chr4:184822552:T:C	chr4:184822552:A:G	A:G	ACSL1	intronic	unknown	T;C;-;A||R;ALU;-;SINE/AluJb;intronic;ACSL1;-;-;intronic;ACSL1;-;-;intronic;ACSL1;-;-;-;133;14;16	Name=AluJb	TRUE	Alu	intronic
chr4:184823781:T:C	chr4:184823781:A:G	A:G	ACSL1	intronic	unknown	T;C;-;A||R;NONREP;-;-/-;intronic;ACSL1;-;-;intronic;ACSL1;-;-;intronic;ACSL1;-;-;-;102;9;10	.	TRUE	None	intronic
chr4:165279355:G:A	chr4:165279355:C:T	C:T	GK3P	ncRNA
exonic	unknown	.	.	FALSE	None	ncRNA
chr4:56460713:A:G	chr4:56460713:A:G	A:G	PAICS	UTR3	unknown	A;G;+;A||R||D;ALU;-;SINE/AluSx1;UTR3;PAICS;-;-;UTR3;PAICS;-;-;UTR3;PAICS;-;-;-;2443;30;55	Name=AluSx1	TRUE	Alu	UTR3
chr4:83294914:T:C	chr4:83294914:A:G	A:G	HPSE	UTR3	unknown	T;C;-;A||R;ALU;-;SINE/AluSx;UTR3;HPSE;-;-;UTR3;HPSE;-;-;UTR3;HPSE;-;-;-;368;24;37	Name=AluSz	TRUE	Alu	UTR3
chr4:165046148:C:T	chr4:165046148:C:T	C:T	TRIM60	downstream	unknown	.	.	FALSE	None	downstream
chr4:11373531:T:C	chr4:11373531:T:C	A:G	MIR572	downstream	unknown	.	.	FALSE	None	downstream
chr4:117575203:G:A	chr4:117575203:G:A	C:T	LINC01378	ncRNA
intronic	unknown	.	.	FALSE	None	ncRNA
chr4:128036930:A:G	chr4:128036930:A:G	A:G	ABHD18	UTR3	unknown	A;G;+;A||R;ALU;-;SINE/AluSx3;UTR3;C4orf29;-;-;intergenic;ABHD18||LARP1B;-;-;downstream;C4orf29;-;-;-;507;30;53	Name=AluSx3	TRUE	Alu	UTR3
chr4:83294820:T:C	chr4:83294820:A:G	A:G	HPSE	UTR3	unknown	T;C;-;A||R;ALU;-;SINE/AluSx;UTR3;HPSE;-;-;UTR3;HPSE;-;-;UTR3;HPSE;-;-;-;469;23;40	Name=AluSz	TRUE	Alu	UTR3
chr4:1858570:A:G	chr4:1858570:T:C	A:G	LETM1	upstream	unknown	A;G;+;A||R;ALU;-;SINE/AluSc5;intergenic;LETM1||RN7SL671P;-;-;intergenic;LETM1||WHSC1;-;-;intergenic;LETM1||WHSC1;-;-;-;19;11;12	Name=AluSc5	TRUE	Alu	upstream
chr4:55412296:A:G	chr4:55412296:A:G	A:G	TMEM165	intronic	unknown	A;G;+;A||R||D;ALU;-;SINE/AluSg;intronic;TMEM165;-;-;intronic;TMEM165;-;-;intronic;TMEM165;-;-;-;315;27;47	Name=AluSg	TRUE	Alu	intronic
chr4:83294884:T:C	chr4:83294884:A:G	A:G	HPSE	UTR3	unknown	T;C;-;A||R;ALU;-;SINE/AluSx;UTR3;HPSE;-;-;UTR3;HPSE;-;-;UTR3;HPSE;-;-;-;371;23;35	Name=AluSz	TRUE	Alu	UTR3
chr4:98930884:A:G	chr4:98930884:T:C	A:G	EIF4E	upstream	unknown	.	Name=AluSx	FALSE	Alu	upstream
chr4:8231084:G:A	chr4:8231084:G:A	C:T	SH3TC1	intronic	unknown	.	Name=L1M4	FALSE	LINE	intronic
chr4:89837199:T:C	chr4:89837199:T:C	A:G	SNCA-AS1	ncRNA
intronic	unknown	.	Name=(TCC)n	FALSE	Simple
repeat	ncRNA
chr4:117575043:A:G	chr4:117575043:A:G	A:G	LINC01378	ncRNA
intronic	unknown	.	.	FALSE	None	ncRNA
chr4:25279905:A:G	chr4:25279905:A:G	A:G	PI4K2B	downstream	unknown	A;G;+;A||R||D;ALU;-;SINE/AluSz6;downstream;PI4K2B;-;-;downstream;PI4K2B;-;-;downstream;PI4K2B;-;-;-;790;30;50	Name=AluSz6	TRUE	Alu	downstream
chr4:88399696:A:G	chr4:88399696:A:G	A:G	HERC6	intronic	unknown	A;G;+;A||R;ALU;-;SINE/AluSz;intronic;HERC6;-;-;intronic;HERC6;-;-;intronic;HERC6;-;-;-;20;9;10	Name=AluSz	TRUE	Alu	intronic
chr4:83087642:A:G	chr4:83087642:T:C	A:G	PLAC8	downstream	unknown	.	Name=AluY	FALSE	Alu	downstream
chr4:117574628:T:C	chr4:117574628:T:C	A:G	LINC01378	ncRNA
intronic	unknown	.	.	FALSE	None	ncRNA
chr4:117575220:C:T	chr4:117575220:C:T	C:T	LINC01378	ncRNA
intronic	unknown	.	.	FALSE	None	ncRNA
chr4:25279889:A:G	chr4:25279889:A:G	A:G	PI4K2B	downstream	unknown	A;G;+;A||R;ALU;-;SINE/AluSz6;downstream;PI4K2B;-;-;downstream;PI4K2B;-;-;downstream;PI4K2B;-;-;-;883;30;52	Name=AluSz6	TRUE	Alu	downstream
chr4:117574799:A:G	chr4:117574799:A:G	A:G	LINC01378	ncRNA
intronic	unknown	.	.	FALSE	None	ncRNA
chr4:88469266:C:T	chr4:88469266:C:T	C:T	HERC5	intronic	unknown	.	.	FALSE	None	intronic
chr4:117575624:T:C	chr4:117575624:T:C	A:G	LINC01378	ncRNA
intronic	unknown	.	.	FALSE	None	ncRNA
chr4:76034817:C:T	chr4:76034817:G:A	C:T	CXCL11	splicing	unknown	.	.	FALSE	None	splicing
chr4:83294837:T:C	chr4:83294837:A:G	A:G	HPSE	UTR3	unknown	T;C;-;A||R;ALU;-;SINE/AluSx;UTR3;HPSE;-;-;UTR3;HPSE;-;-;UTR3;HPSE;-;-;-;231;19;33	Name=AluSz	TRUE	Alu	UTR3
chr4:83294810:T:C	chr4:83294810:A:G	A:G	HPSE	UTR3	unknown	T;C;-;A||R;ALU;-;SINE/AluSx;UTR3;HPSE;-;-;UTR3;HPSE;-;-;UTR3;HPSE;-;-;-;381;26;39	Name=AluSz	TRUE	Alu	UTR3
chr4:83294811:T:C	chr4:83294811:A:G	A:G	HPSE	UTR3	unknown	T;C;-;A||R;ALU;-;SINE/AluSx;UTR3;HPSE;-;-;UTR3;HPSE;-;-;UTR3;HPSE;-;-;-;211;21;34	Name=AluSz	TRUE	Alu	UTR3
chr4:83294876:T:C	chr4:83294876:A:G	A:G	HPSE	UTR3	unknown	T;C;-;A||R;ALU;-;SINE/AluSx;UTR3;HPSE;-;-;UTR3;HPSE;-;-;UTR3;HPSE;-;-;-;300;22;34	Name=AluSz	TRUE	Alu	UTR3
chr4:88400295:A:G	chr4:88400295:A:G	A:G	HERC6	intronic	unknown	A;G;+;A;ALU;rs111682886;SINE/AluJo;intronic;HERC6;-;-;intronic;HERC6;-;-;intronic;HERC6;-;-;-;47;16;22	Name=AluJo	TRUE	Alu	intronic
chr4:117574894:G:A	chr4:117574894:G:A	C:T	LINC01378	ncRNA
intronic	unknown	.	.	FALSE	None	ncRNA
chr4:17592000:A:G	chr4:17592000:A:G	A:G	LAP3	intronic	unknown	A;G;+;A||R;ALU;-;SINE/AluJb;ncRNA_intronic;AC006160.5;-;-;intronic;LAP3;-;-;intronic;LAP3;-;-;-;48;14;15	Name=AluJb	TRUE	Alu	intronic
chr5:126625956:A:G	chr5:126625956:A:G	A:G	PHAX	UTR3	unknown	A;G;+;A;ALU;-;SINE/AluSz6;UTR3;PHAX;-;-;UTR3;PHAX;-;-;UTR3;PHAX;-;-;-;1702;30;55	Name=AluSz6	TRUE	Alu	UTR3
chr5:126625957:A:G	chr5:126625957:A:G	A:G	PHAX	UTR3	unknown	A;G;+;A||R||D;ALU;-;SINE/AluSz6;UTR3;PHAX;-;-;UTR3;PHAX;-;-;UTR3;PHAX;-;-;-;2134;30;55	Name=AluSz6	TRUE	Alu	UTR3
chr5:151268183:A:G	chr5:151268183:A:G	A:G	GM2A	UTR3	unknown	A;G;+;A||R||D;ALU;-;SINE/AluSc;UTR3;GM2A;-;-;UTR3;GM2A;-;-;UTR3;GM2A;-;-;-;1297;30;53	Name=AluSc	TRUE	Alu	UTR3
chr5:157090658:T:C	chr5:157090658:A:G	A:G	HAVCR2	intronic	unknown	T;C;-;A;ALU;-;SINE/AluJb;intronic;HAVCR2;-;-;intronic;HAVCR2;-;-;intronic;HAVCR2;-;-;-;66;12;14	Name=AluJr	TRUE	Alu	intronic
chr5:178922647:C:T	chr5:178922647:C:T	C:T	ZFP2	intronic	unknown	.	.	FALSE	None	intronic
chr5:178922781:G:A	chr5:178922781:G:A	C:T	ZFP2	intronic	unknown	.	.	FALSE	None	intronic
chr5:178922823:T:C	chr5:178922823:T:C	A:G	ZFP2	intronic	unknown	.	.	FALSE	None	intronic
chr5:179536822:T:C	chr5:179536822:A:G	A:G	C5orf60	intronic	unknown	.	.	FALSE	None	intronic
chr5:31923660:T:C	chr5:31923660:T:C	A:G	PDZD2	intronic	unknown	.	.	FALSE	None	intronic
chr5:31923664:C:T	chr5:31923664:C:T	C:T	PDZD2	intronic	unknown	.	.	FALSE	None	intronic
chr5:65668875:T:C	chr5:65668875:A:G	A:G	SGTB	UTR3	unknown	T;C;-;A||R||D;ALU;-;SINE/AluSx;UTR3;SGTB;-;-;UTR3;SGTB;-;-;UTR3;SGTB;-;-;-;854;28;52	Name=AluSx1	TRUE	Alu	UTR3
chr5:70479080:A:G	chr5:70479080:T:C	A:G	GUSBP3	ncRNA
intronic	unknown	.	Name=AluJo	FALSE	Alu	ncRNA
chr5:77785099:T:C	chr5:77785099:A:G	A:G	TBCA	upstream	unknown	.	.	FALSE	None	upstream
chr5:77785138:G:A	chr5:77785138:C:T	C:T	TBCA	upstream	unknown	.	.	FALSE	None	upstream
chr5:91310761:T:C	chr5:91310761:A:G	A:G	LUCAT1	ncRNA
intronic	unknown	T;C;-;A||R;ALU;-;SINE/AluSx;downstream;LUCAT1;-;-;ncRNA_intronic;LUCAT1;-;-;downstream;AK091866;-;-;-;240;17;22	Name=AluSx	TRUE	Alu	ncRNA
chr5:91313720:T:C	chr5:91313720:A:G	A:G	LUCAT1	ncRNA
exonic	unknown	T;C;-;A||R;ALU;-;SINE/AluY;ncRNA_exonic;LUCAT1||RP11-213H15.4;-;-;ncRNA_exonic;LUCAT1;-;-;ncRNA_exonic;AK091866;-;-;-;151;18;22	Name=AluY	TRUE	Alu	ncRNA
chr5:96774840:T:C	chr5:96774840:A:G	A:G	ERAP1	UTR3	unknown	T;C;-;A||R||D;NONREP;-;-/-;UTR3;ERAP1;-;-;UTR3;ERAP1;-;-;UTR3;ERAP1;-;-;-;2014;30;55	.	TRUE	None	UTR3
chr5:126625476:A:G	chr5:126625476:A:G	A:G	PHAX	UTR3	unknown	A;G;+;A||R||D;ALU;-;SINE/AluSz;UTR3;PHAX;-;-;UTR3;PHAX;-;-;UTR3;PHAX;-;-;-;1724;30;55	Name=AluSz	TRUE	Alu	UTR3
chr5:126625840:A:G	chr5:126625840:A:G	A:G	PHAX	UTR3	unknown	A;G;+;A||R||D;ALU;-;SINE/AluSz6;UTR3;PHAX;-;-;UTR3;PHAX;-;-;UTR3;PHAX;-;-;-;2019;30;55	Name=AluSz6	TRUE	Alu	UTR3
chr5:126625931:A:G	chr5:126625931:A:G	A:G	PHAX	UTR3	unknown	A;G;+;A||R||D;ALU;-;SINE/AluSz6;UTR3;PHAX;-;-;UTR3;PHAX;-;-;UTR3;PHAX;-;-;-;2002;30;55	Name=AluSz6	TRUE	Alu	UTR3
chr5:126625955:A:G	chr5:126625955:A:G	A:G	PHAX	UTR3	unknown	A;G;+;A;ALU;rs191804124;SINE/AluSz6;UTR3;PHAX;-;-;UTR3;PHAX;-;-;UTR3;PHAX;-;-;-;1378;30;54	Name=AluSz6	TRUE	Alu	UTR3
chr5:143225252:A:G	chr5:143225252:A:G	A:G	ARHGAP26	UTR3	unknown	A;G;+;A||R||D;ALU;rs780489573;SINE/AluSx3;UTR3;ARHGAP26;-;-;UTR3;ARHGAP26;-;-;UTR3;ARHGAP26;-;-;-;791;30;54	Name=AluSz	TRUE	Alu	UTR3
chr5:143226318:A:G	chr5:143226318:A:G	A:G	ARHGAP26	UTR3	unknown	A;G;+;A||R||D;ALU;-;SINE/AluY;UTR3;ARHGAP26;-;-;UTR3;ARHGAP26;-;-;UTR3;ARHGAP26;-;-;-;4;3;3	Name=AluY	TRUE	Alu	UTR3
chr5:143226322:A:G	chr5:143226322:A:G	A:G	ARHGAP26	UTR3	unknown	A;G;+;A||R||D;ALU;rs537730065;SINE/AluY;UTR3;ARHGAP26;-;-;UTR3;ARHGAP26;-;-;UTR3;ARHGAP26;-;-;-;3;3;3	Name=AluY	TRUE	Alu	UTR3
chr5:143226324:A:G	chr5:143226324:A:G	A:G	ARHGAP26	UTR3	unknown	A;G;+;A||R||D;ALU;-;SINE/AluY;UTR3;ARHGAP26;-;-;UTR3;ARHGAP26;-;-;UTR3;ARHGAP26;-;-;-;1172;30;54	Name=AluY	TRUE	Alu	UTR3
chr5:143226406:A:G	chr5:143226406:A:G	A:G	ARHGAP26	UTR3	unknown	A;G;+;A||R||D;ALU;-;SINE/AluY;UTR3;ARHGAP26;-;-;UTR3;ARHGAP26;-;-;UTR3;ARHGAP26;-;-;-;1272;30;54	Name=AluY	TRUE	Alu	UTR3
chr5:157090250:T:C	chr5:157090250:A:G	A:G	HAVCR2	intronic	unknown	T;C;-;R||D;ALU;-;SINE/AluJb;intronic;HAVCR2;-;-;intronic;HAVCR2;-;-;intronic;HAVCR2;-;-;-;60;9;14	Name=AluJr	TRUE	Alu	intronic
chr5:159950508:T:C	chr5:159950508:T:C	A:G	ADRA1B	intronic	unknown	.	.	FALSE	None	intronic
chr5:177304621:G:A	chr5:177304621:G:A	C:T	PRELID1	intronic	unknown	.	.	FALSE	None	intronic
chr5:180835373:A:G	chr5:180835373:A:G	A:G	LINC00847	ncRNA
exonic	unknown	A;G;+;A||R||D;REP;-;LTR/MLT2B3;ncRNA_exonic;LINC00847;-;-;ncRNA_exonic;LINC00847;-;-;ncRNA_exonic;LINC00847;-;-;-;2491;30;55	Name=MLT2B3	TRUE	Other	ncRNA
chr5:65668049:T:C	chr5:65668049:A:G	A:G	SGTB	UTR3	unknown	T;C;-;A||R||D;ALU;-;SINE/AluSx1;UTR3;SGTB;-;-;UTR3;SGTB;-;-;UTR3;SGTB;-;-;-;133;13;29	Name=AluSx1	TRUE	Alu	UTR3
chr5:65668067:T:C	chr5:65668067:A:G	A:G	SGTB	UTR3	unknown	T;C;-;A||R;ALU;-;SINE/AluSx1;UTR3;SGTB;-;-;UTR3;SGTB;-;-;UTR3;SGTB;-;-;-;347;19;36	Name=AluSx1	TRUE	Alu	UTR3
chr5:65668091:T:C	chr5:65668091:A:G	A:G	SGTB	UTR3	unknown	T;C;-;A||R;ALU;-;SINE/AluSx1;UTR3;SGTB;-;-;UTR3;SGTB;-;-;UTR3;SGTB;-;-;-;489;24;45	Name=AluSx1	TRUE	Alu	UTR3
chr5:65668097:T:C	chr5:65668097:A:G	A:G	SGTB	UTR3	unknown	T;C;-;A||R||D;ALU;-;SINE/AluSx1;UTR3;SGTB;-;-;UTR3;SGTB;-;-;UTR3;SGTB;-;-;-;445;25;47	Name=AluSx1	TRUE	Alu	UTR3
chr5:65668117:T:C	chr5:65668117:A:G	A:G	SGTB	UTR3	unknown	T;C;-;A||R||D;ALU;-;SINE/AluSx1;UTR3;SGTB;-;-;UTR3;SGTB;-;-;UTR3;SGTB;-;-;-;865;27;51	Name=AluSx1	TRUE	Alu	UTR3
chr5:65668135:T:C	chr5:65668135:A:G	A:G	SGTB	UTR3	unknown	T;C;-;A||R||D;ALU;-;SINE/AluSx1;UTR3;SGTB;-;-;UTR3;SGTB;-;-;UTR3;SGTB;-;-;-;463;25;45	Name=AluSx1	TRUE	Alu	UTR3
chr5:65668189:T:C	chr5:65668189:A:G	A:G	SGTB	UTR3	unknown	T;C;-;A||R;ALU;-;SINE/AluSx1;UTR3;SGTB;-;-;UTR3;SGTB;-;-;UTR3;SGTB;-;-;-;204;16;34	Name=AluSx1	TRUE	Alu	UTR3
chr5:65668203:T:C	chr5:65668203:A:G	A:G	SGTB	UTR3	unknown	T;C;-;A||R||D;ALU;-;SINE/AluSx1;UTR3;SGTB;-;-;UTR3;SGTB;-;-;UTR3;SGTB;-;-;-;606;28;51	Name=AluSx1	TRUE	Alu	UTR3
chr5:65668225:T:C	chr5:65668225:A:G	A:G	SGTB	UTR3	unknown	T;C;-;A||R;ALU;-;SINE/AluSx1;UTR3;SGTB;-;-;UTR3;SGTB;-;-;UTR3;SGTB;-;-;-;599;28;51	Name=AluSx1	TRUE	Alu	UTR3
chr5:65668226:T:C	chr5:65668226:A:G	A:G	SGTB	UTR3	unknown	T;C;-;A||R;ALU;-;SINE/AluSx1;UTR3;SGTB;-;-;UTR3;SGTB;-;-;UTR3;SGTB;-;-;-;517;27;49	Name=AluSx1	TRUE	Alu	UTR3
chr5:91309082:T:C	chr5:91309082:A:G	A:G	LUCAT1	ncRNA
intronic	unknown	T;C;-;R;ALU;-;SINE/AluSz;intergenic;RP11-213H15.1||LUCAT1;-;-;ncRNA_intronic;LUCAT1;-;-;intergenic;Metazoa_SRP||AK091866;-;-;-;357;22;29	Name=AluSz	TRUE	Alu	ncRNA
chr5:91310190:T:C	chr5:91310190:A:G	A:G	LUCAT1	ncRNA
intronic	unknown	T;C;-;R;ALU;-;SINE/AluJb;downstream;LUCAT1;-;-;ncRNA_intronic;LUCAT1;-;-;downstream;AK091866;-;-;-;254;18;24	Name=AluJb	TRUE	Alu	ncRNA
chr5:91310291:T:C	chr5:91310291:A:G	A:G	LUCAT1	ncRNA
intronic	unknown	T;C;-;R;ALU;-;SINE/AluJb;downstream;LUCAT1;-;-;ncRNA_intronic;LUCAT1;-;-;downstream;AK091866;-;-;-;252;18;22	Name=AluJb	TRUE	Alu	ncRNA
chr5:95822666:G:A	chr5:95822666:C:T	C:T	GLRX	UTR5	unknown	.	.	FALSE	None	UTR5
chr5:10263315:G:A	chr5:10263315:G:A	C:T	CCT5	splicing	unknown	.	.	FALSE	None	splicing
chr5:10263317:G:A	chr5:10263317:G:A	C:T	CCT5	intronic	unknown	.	.	FALSE	None	intronic
chr5:126625771:A:G	chr5:126625771:A:G	A:G	PHAX	UTR3	unknown	A;G;+;A||R||D;ALU;-;SINE/AluSz6;UTR3;PHAX;-;-;UTR3;PHAX;-;-;UTR3;PHAX;-;-;-;2123;30;55	Name=AluSz6	TRUE	Alu	UTR3
chr5:126625856:A:G	chr5:126625856:A:G	A:G	PHAX	UTR3	unknown	A;G;+;A||R||D;ALU;-;SINE/AluSz6;UTR3;PHAX;-;-;UTR3;PHAX;-;-;UTR3;PHAX;-;-;-;1965;30;55	Name=AluSz6	TRUE	Alu	UTR3
chr5:126625862:A:G	chr5:126625862:A:G	A:G	PHAX	UTR3	unknown	A;G;+;A||R||D;ALU;-;SINE/AluSz6;UTR3;PHAX;-;-;UTR3;PHAX;-;-;UTR3;PHAX;-;-;-;2128;30;54	Name=AluSz6	TRUE	Alu	UTR3
chr5:126625942:A:G	chr5:126625942:A:G	A:G	PHAX	UTR3	unknown	A;G;+;A||R;ALU;-;SINE/AluSz6;UTR3;PHAX;-;-;UTR3;PHAX;-;-;UTR3;PHAX;-;-;-;1632;30;54	Name=AluSz6	TRUE	Alu	UTR3
chr5:131160142:T:C	chr5:131160142:A:G	A:G	HINT1	intronic	unknown	T;C;-;A||R||D;ALU;-;SINE/AluJb;intronic;HINT1;-;-;intronic;HINT1;-;-;intronic;HINT1;-;-;-;2141;30;55	Name=AluJb	TRUE	Alu	intronic
chr5:143225288:A:G	chr5:143225288:A:G	A:G	ARHGAP26	UTR3	unknown	A;G;+;A||R||D;ALU;-;SINE/AluSx3;UTR3;ARHGAP26;-;-;UTR3;ARHGAP26;-;-;UTR3;ARHGAP26;-;-;-;836;30;53	Name=AluSz	TRUE	Alu	UTR3
chr5:143226321:A:G	chr5:143226321:A:G	A:G	ARHGAP26	UTR3	unknown	A;G;+;A||R||D;ALU;-;SINE/AluY;UTR3;ARHGAP26;-;-;UTR3;ARHGAP26;-;-;UTR3;ARHGAP26;-;-;-;2;2;2	Name=AluY	TRUE	Alu	UTR3
chr5:174514314:C:T	chr5:174514314:C:T	C:T	LINC01411	ncRNA
intronic	unknown	.	.	FALSE	None	ncRNA
chr5:176398050:A:G	chr5:176398050:T:C	A:G	CLTB	intronic	unknown	.	.	FALSE	None	intronic
chr5:65668891:T:C	chr5:65668891:A:G	A:G	SGTB	UTR3	unknown	T;C;-;A||R||D;ALU;-;SINE/AluSx;UTR3;SGTB;-;-;UTR3;SGTB;-;-;UTR3;SGTB;-;-;-;821;27;50	Name=AluSx1	TRUE	Alu	UTR3
chr5:73498559:G:A	chr5:73498559:G:A	C:T	BTF3	splicing	unknown	.	.	FALSE	None	splicing
chr5:73498561:A:G	chr5:73498561:A:G	A:G	BTF3	UTR5	unknown	.	.	FALSE	None	UTR5
chr5:73502603:C:T	chr5:73502603:C:T	C:T	BTF3	splicing	unknown	.	.	FALSE	None	splicing
chr5:78359569:T:C	chr5:78359569:A:G	A:G	SCAMP1-AS1	ncRNA
exonic	unknown	T;C;-;R||D;ALU;-;SINE/AluSg;ncRNA_exonic;CTD-2037K23.2;-;-;ncRNA_exonic;SCAMP1-AS1;-;-;ncRNA_exonic;BC039455;-;-;-;0;0;0	Name=AluSx4	TRUE	Alu	ncRNA
chr5:91310331:T:C	chr5:91310331:A:G	A:G	LUCAT1	ncRNA
intronic	unknown	T;C;-;A||R||D;ALU;-;SINE/AluJb;downstream;LUCAT1;-;-;ncRNA_intronic;LUCAT1;-;-;downstream;AK091866;-;-;-;336;17;27	Name=AluJb	TRUE	Alu	ncRNA
chr5:126625969:A:G	chr5:126625969:A:G	A:G	PHAX	UTR3	unknown	A;G;+;A||R;ALU;-;SINE/AluSz6;UTR3;PHAX;-;-;UTR3;PHAX;-;-;UTR3;PHAX;-;-;-;1420;30;54	Name=AluSz6	TRUE	Alu	UTR3
chr5:1463798:G:A	chr5:1463798:C:T	C:T	LPCAT1	exonic	synonymous SNV	.	.	FALSE	None	exonic
chr5:157090237:T:C	chr5:157090237:A:G	A:G	HAVCR2	intronic	unknown	T;C;-;R;ALU;-;SINE/AluJb;intronic;HAVCR2;-;-;intronic;HAVCR2;-;-;intronic;HAVCR2;-;-;-;52;7;11	Name=AluJr	TRUE	Alu	intronic
chr5:157090415:T:C	chr5:157090415:A:G	A:G	HAVCR2	intronic	unknown	T;C;-;R||D;ALU;-;SINE/AluJb;intronic;HAVCR2;-;-;intronic;HAVCR2;-;-;intronic;HAVCR2;-;-;-;46;5;11	Name=AluJb	TRUE	Alu	intronic
chr5:157090650:T:C	chr5:157090650:A:G	A:G	HAVCR2	intronic	unknown	T;C;-;A||R;ALU;-;SINE/AluJb;intronic;HAVCR2;-;-;intronic;HAVCR2;-;-;intronic;HAVCR2;-;-;-;47;8;11	Name=AluJr	TRUE	Alu	intronic
chr5:159950583:A:G	chr5:159950583:A:G	A:G	ADRA1B	intronic	unknown	.	.	FALSE	None	intronic
chr5:177304616:C:T	chr5:177304616:C:T	C:T	PRELID1	intronic	unknown	.	.	FALSE	None	intronic
chr5:61378938:A:G	chr5:61378938:A:G	A:G	ZSWIM6	intronic	unknown	A;G;+;A||R||D;ALU;-;SINE/AluJr;intronic;ZSWIM6;-;-;intronic;ZSWIM6;-;-;intronic;ZSWIM6;-;-;-;78;14;25	Name=AluJr	TRUE	Alu	intronic
chr5:65668353:T:C	chr5:65668353:A:G	A:G	SGTB	UTR3	unknown	T;C;-;A||R;ALU;-;SINE/AluSx;UTR3;SGTB;-;-;UTR3;SGTB;-;-;UTR3;SGTB;-;-;-;1424;29;53	Name=AluSx1	TRUE	Alu	UTR3
chr5:65668365:T:C	chr5:65668365:A:G	A:G	SGTB	UTR3	unknown	T;C;-;A||R;ALU;-;SINE/AluSx;UTR3;SGTB;-;-;UTR3;SGTB;-;-;UTR3;SGTB;-;-;-;1085;29;53	Name=AluSx1	TRUE	Alu	UTR3
chr5:65668392:T:C	chr5:65668392:A:G	A:G	SGTB	UTR3	unknown	T;C;-;A||R;ALU;-;SINE/AluSx;UTR3;SGTB;-;-;UTR3;SGTB;-;-;UTR3;SGTB;-;-;-;1211;29;54	Name=AluSx1	TRUE	Alu	UTR3
chr5:65668487:T:C	chr5:65668487:A:G	A:G	SGTB	UTR3	unknown	T;C;-;A||R;ALU;-;SINE/AluSc;UTR3;SGTB;-;-;UTR3;SGTB;-;-;UTR3;SGTB;-;-;-;743;29;52	Name=AluSc	TRUE	Alu	UTR3
chr5:65668499:T:C	chr5:65668499:A:G	A:G	SGTB	UTR3	unknown	T;C;-;A||R;ALU;-;SINE/AluSc;UTR3;SGTB;-;-;UTR3;SGTB;-;-;UTR3;SGTB;-;-;-;308;24;44	Name=AluSc	TRUE	Alu	UTR3
chr5:65668575:T:C	chr5:65668575:A:G	A:G	SGTB	UTR3	unknown	T;C;-;A||R;ALU;-;SINE/AluSc;UTR3;SGTB;-;-;UTR3;SGTB;-;-;UTR3;SGTB;-;-;-;712;28;51	Name=AluSc	TRUE	Alu	UTR3
chr5:65668617:T:C	chr5:65668617:A:G	A:G	SGTB	UTR3	unknown	T;C;-;A||R;ALU;-;SINE/AluSc;UTR3;SGTB;-;-;UTR3;SGTB;-;-;UTR3;SGTB;-;-;-;525;27;47	Name=AluSc	TRUE	Alu	UTR3
chr5:65668796:T:C	chr5:65668796:A:G	A:G	SGTB	UTR3	unknown	T;C;-;A||R||D;ALU;-;SINE/AluSx;UTR3;SGTB;-;-;UTR3;SGTB;-;-;UTR3;SGTB;-;-;-;629;25;47	Name=AluSx1	TRUE	Alu	UTR3
chr5:78984968:G:A	chr5:78984968:C:T	C:T	ARSB	exonic	nonsynonymous SNV	.	.	FALSE	None	exonic
chr5:126625477:A:G	chr5:126625477:A:G	A:G	PHAX	UTR3	unknown	A;G;+;A||R||D;ALU;-;SINE/AluSz;UTR3;PHAX;-;-;UTR3;PHAX;-;-;UTR3;PHAX;-;-;-;1195;30;54	Name=AluSz	TRUE	Alu	UTR3
chr5:126625763:A:G	chr5:126625763:A:G	A:G	PHAX	UTR3	unknown	A;G;+;A||R||D;ALU;-;SINE/AluSz6;UTR3;PHAX;-;-;UTR3;PHAX;-;-;UTR3;PHAX;-;-;-;1964;30;54	Name=AluSz6	TRUE	Alu	UTR3
chr5:126626338:A:G	chr5:126626338:A:G	A:G	PHAX	UTR3	unknown	A;G;+;A||R||D;ALU;-;SINE/AluSx;UTR3;PHAX;-;-;UTR3;PHAX;-;-;UTR3;PHAX;-;-;-;1927;30;54	Name=AluSz	TRUE	Alu	UTR3
chr5:132485720:T:C	chr5:132485720:A:G	A:G	IRF1	intronic	unknown	.	.	FALSE	None	intronic
chr5:132485721:G:A	chr5:132485721:C:T	C:T	IRF1	intronic	unknown	.	.	FALSE	None	intronic
chr5:132488031:C:T	chr5:132488031:G:A	C:T	IRF1	intronic	unknown	.	.	FALSE	None	intronic
chr5:138573404:T:C	chr5:138573404:A:G	A:G	HSPA9	intronic	unknown	T;C;-;A||R||D;ALU;-;SINE/AluSz;intronic;HSPA9;-;-;intronic;HSPA9;-;-;intronic;HSPA9;-;-;-;62;18;25	Name=AluSz	TRUE	Alu	intronic
chr5:138573417:T:C	chr5:138573417:A:G	A:G	HSPA9	intronic	unknown	T;C;-;A||R||D;ALU;-;SINE/AluSz;intronic;HSPA9;-;-;intronic;HSPA9;-;-;intronic;HSPA9;-;-;-;19;12;14	Name=AluSz	TRUE	Alu	intronic
chr5:149981840:A:G	chr5:149981840:A:G	A:G	SLC26A2	UTR3	unknown	A;G;+;A||R;NONREP;-;-/-;UTR3;SLC26A2;-;-;UTR3;SLC26A2;-;-;UTR3;SLC26A2;-;-;-;439;27;44	.	TRUE	None	UTR3
chr5:65668179:T:C	chr5:65668179:A:G	A:G	SGTB	UTR3	unknown	T;C;-;A;ALU;-;SINE/AluSx1;UTR3;SGTB;-;-;UTR3;SGTB;-;-;UTR3;SGTB;-;-;-;332;23;40	Name=AluSx1	TRUE	Alu	UTR3
chr5:65668393:T:C	chr5:65668393:A:G	A:G	SGTB	UTR3	unknown	T;C;-;A||R;ALU;-;SINE/AluSx;UTR3;SGTB;-;-;UTR3;SGTB;-;-;UTR3;SGTB;-;-;-;644;27;49	Name=AluSx1	TRUE	Alu	UTR3
chr5:65668658:T:C	chr5:65668658:A:G	A:G	SGTB	UTR3	unknown	T;C;-;A||R;ALU;-;SINE/AluSc;UTR3;SGTB;-;-;UTR3;SGTB;-;-;UTR3;SGTB;-;-;-;153;12;26	Name=AluSc	TRUE	Alu	UTR3
chr5:65668659:T:C	chr5:65668659:A:G	A:G	SGTB	UTR3	unknown	T;C;-;A||R;ALU;-;SINE/AluSc;UTR3;SGTB;-;-;UTR3;SGTB;-;-;UTR3;SGTB;-;-;-;250;19;34	Name=AluSc	TRUE	Alu	UTR3
chr5:65668807:T:C	chr5:65668807:A:G	A:G	SGTB	UTR3	unknown	T;C;-;A||R;ALU;-;SINE/AluSx;UTR3;SGTB;-;-;UTR3;SGTB;-;-;UTR3;SGTB;-;-;-;495;29;51	Name=AluSx1	TRUE	Alu	UTR3
chr5:65668839:T:C	chr5:65668839:A:G	A:G	SGTB	UTR3	unknown	T;C;-;A||R;ALU;-;SINE/AluSx;UTR3;SGTB;-;-;UTR3;SGTB;-;-;UTR3;SGTB;-;-;-;574;27;49	Name=AluSx1	TRUE	Alu	UTR3
chr5:65668856:T:C	chr5:65668856:A:G	A:G	SGTB	UTR3	unknown	T;C;-;A||R||D;ALU;-;SINE/AluSx;UTR3;SGTB;-;-;UTR3;SGTB;-;-;UTR3;SGTB;-;-;-;634;26;47	Name=AluSx1	TRUE	Alu	UTR3
chr5:91310285:T:C	chr5:91310285:A:G	A:G	LUCAT1	ncRNA
intronic	unknown	T;C;-;R;ALU;-;SINE/AluJb;downstream;LUCAT1;-;-;ncRNA_intronic;LUCAT1;-;-;downstream;AK091866;-;-;-;250;17;20	Name=AluJb	TRUE	Alu	ncRNA
chr5:91310335:T:C	chr5:91310335:A:G	A:G	LUCAT1	ncRNA
intronic	unknown	T;C;-;R||D;ALU;-;SINE/AluJb;downstream;LUCAT1;-;-;ncRNA_intronic;LUCAT1;-;-;downstream;AK091866;-;-;-;264;16;22	Name=AluJb	TRUE	Alu	ncRNA
chr5:143225305:A:G	chr5:143225305:A:G	A:G	ARHGAP26	UTR3	unknown	A;G;+;A||R||D;ALU;-;SINE/AluSx3;UTR3;ARHGAP26;-;-;UTR3;ARHGAP26;-;-;UTR3;ARHGAP26;-;-;-;908;29;51	Name=AluSz	TRUE	Alu	UTR3
chr5:143225353:A:G	chr5:143225353:A:G	A:G	ARHGAP26	UTR3	unknown	A;G;+;A||R||D;ALU;-;SINE/AluSx3;UTR3;ARHGAP26;-;-;UTR3;ARHGAP26;-;-;UTR3;ARHGAP26;-;-;-;1366;30;54	Name=AluSz	TRUE	Alu	UTR3
chr5:143225441:A:G	chr5:143225441:A:G	A:G	ARHGAP26	UTR3	unknown	A;G;+;A||R||D;ALU;-;SINE/AluSx3;UTR3;ARHGAP26;-;-;UTR3;ARHGAP26;-;-;UTR3;ARHGAP26;-;-;-;1933;30;55	Name=AluSz	TRUE	Alu	UTR3
chr5:143226315:A:G	chr5:143226315:A:G	A:G	ARHGAP26	UTR3	unknown	A;G;+;A||R||D;ALU;-;SINE/AluY;UTR3;ARHGAP26;-;-;UTR3;ARHGAP26;-;-;UTR3;ARHGAP26;-;-;-;941;30;54	Name=AluY	TRUE	Alu	UTR3
chr5:143226401:A:G	chr5:143226401:A:G	A:G	ARHGAP26	UTR3	unknown	A;G;+;A||R||D;ALU;-;SINE/AluY;UTR3;ARHGAP26;-;-;UTR3;ARHGAP26;-;-;UTR3;ARHGAP26;-;-;-;586;28;50	Name=AluY	TRUE	Alu	UTR3
chr5:169708830:A:G	chr5:169708830:A:G	A:G	DOCK2	intronic	unknown	A;G;+;A||R||D;ALU;-;SINE/AluSz;intronic;DOCK2;-;-;intronic;DOCK2;-;-;intronic;DOCK2;-;-;-;21;4;5	Name=AluSz	TRUE	Alu	intronic
chr5:169857496:A:G	chr5:169857496:A:G	A:G	DOCK2	intronic	unknown	A;G;+;A;NONREP;-;-/-;intronic;DOCK2;-;-;intronic;DOCK2;-;-;intronic;DOCK2;-;-;-;9;2;2	.	TRUE	None	intronic
chr5:169857520:A:G	chr5:169857520:A:G	A:G	DOCK2	intronic	unknown	.	.	FALSE	None	intronic
chr5:176882133:G:A	chr5:176882133:C:T	C:T	HK3	intronic	unknown	.	.	FALSE	None	intronic
chr5:176887125:T:C	chr5:176887125:A:G	A:G	HK3	intronic	unknown	.	.	FALSE	None	intronic
chr5:61375262:G:A	chr5:61375262:G:A	C:T	ZSWIM6	intronic	unknown	.	.	FALSE	None	intronic
chr5:169708785:A:G	chr5:169708785:A:G	A:G	DOCK2	intronic	unknown	A;G;+;A||R||D;ALU;-;SINE/AluSz;intronic;DOCK2;-;-;intronic;DOCK2;-;-;intronic;DOCK2;-;-;-;11;4;5	Name=AluSz	TRUE	Alu	intronic
chr5:61375503:A:G	chr5:61375503:A:G	A:G	ZSWIM6	intronic	unknown	.	.	FALSE	None	intronic
chr5:83516045:A:G	chr5:83516045:A:G	A:G	VCAN	intronic	unknown	A;G;+;A||R;ALU;-;SINE/AluY;intronic;VCAN;-;-;intronic;VCAN;-;-;intronic;VCAN;-;-;-;17;4;4	Name=AluYj4	TRUE	Alu	intronic
chr5:126625512:A:G	chr5:126625512:A:G	A:G	PHAX	UTR3	unknown	A;G;+;A||R||D;ALU;-;SINE/AluSz;UTR3;PHAX;-;-;UTR3;PHAX;-;-;UTR3;PHAX;-;-;-;1214;30;55	Name=AluSz	TRUE	Alu	UTR3
chr5:1593195:A:G	chr5:1593195:T:C	A:G	SDHAP3	ncRNA
exonic	unknown	.	.	FALSE	None	ncRNA
chr5:65668485:T:C	chr5:65668485:A:G	A:G	SGTB	UTR3	unknown	T;C;-;A||R;ALU;-;SINE/AluSc;UTR3;SGTB;-;-;UTR3;SGTB;-;-;UTR3;SGTB;-;-;-;1175;29;52	Name=AluSc	TRUE	Alu	UTR3
chr5:65668641:T:C	chr5:65668641:A:G	A:G	SGTB	UTR3	unknown	T;C;-;A||R;ALU;-;SINE/AluSc;UTR3;SGTB;-;-;UTR3;SGTB;-;-;UTR3;SGTB;-;-;-;326;20;38	Name=AluSc	TRUE	Alu	UTR3
chr5:126626483:A:G	chr5:126626483:A:G	A:G	PHAX	UTR3	unknown	A;G;+;A||R||D;ALU;-;SINE/AluSc;UTR3;PHAX;-;-;UTR3;PHAX;-;-;UTR3;PHAX;-;-;-;1818;30;55	Name=AluSc	TRUE	Alu	UTR3
chr5:140576013:T:C	chr5:140576013:T:C	A:G	SLC35A4	downstream	unknown	.	Name=AluSz	FALSE	Alu	downstream
chr5:43495794:C:T	chr5:43495794:G:A	C:T	C5orf34	intronic	unknown	.	.	FALSE	None	intronic
chr5:65668808:T:C	chr5:65668808:A:G	A:G	SGTB	UTR3	unknown	T;C;-;A||R;ALU;-;SINE/AluSx;UTR3;SGTB;-;-;UTR3;SGTB;-;-;UTR3;SGTB;-;-;-;268;22;44	Name=AluSx1	TRUE	Alu	UTR3
chr5:115513124:A:G	chr5:115513124:T:C	A:G	FEM1C	downstream	unknown	.	.	FALSE	None	downstream
chr5:115513139:A:G	chr5:115513139:T:C	A:G	FEM1C	downstream	unknown	.	.	FALSE	None	downstream
chr5:115513141:C:T	chr5:115513141:G:A	C:T	FEM1C	downstream	unknown	.	.	FALSE	None	downstream
chr5:143225363:A:G	chr5:143225363:A:G	A:G	ARHGAP26	UTR3	unknown	A;G;+;A||R||D;ALU;-;SINE/AluSx3;UTR3;ARHGAP26;-;-;UTR3;ARHGAP26;-;-;UTR3;ARHGAP26;-;-;-;1424;30;53	Name=AluSz	TRUE	Alu	UTR3
chr5:83514659:A:G	chr5:83514659:A:G	A:G	VCAN	intronic	unknown	A;G;+;A||R;ALU;-;SINE/AluSq2;intronic;VCAN;-;-;intronic;VCAN;-;-;intronic;VCAN;-;-;-;20;5;5	Name=AluSq2	TRUE	Alu	intronic
chr5:83516085:A:G	chr5:83516085:A:G	A:G	VCAN	intronic	unknown	A;G;+;A||R||D;ALU;-;SINE/AluY;intronic;VCAN;-;-;intronic;VCAN;-;-;intronic;VCAN;-;-;-;24;7;7	Name=AluYj4	TRUE	Alu	intronic
chr5:149983651:A:G	chr5:149983651:A:G	A:G	SLC26A2	UTR3	unknown	A;G;+;A||R||D;ALU;-;SINE/AluJr;UTR3;SLC26A2;-;-;UTR3;SLC26A2;-;-;UTR3;SLC26A2;-;-;-;1430;30;55	Name=AluJr	TRUE	Alu	UTR3
chr5:149983656:A:G	chr5:149983656:A:G	A:G	SLC26A2	UTR3	unknown	A;G;+;A||D;ALU;rs111989016;SINE/AluJr;UTR3;SLC26A2;-;-;UTR3;SLC26A2;-;-;UTR3;SLC26A2;-;-;-;1589;30;55	Name=AluJr	TRUE	Alu	UTR3
chr5:179082654:A:G	chr5:179082654:A:G	A:G	ZNF354C	UTR3	unknown	.	.	FALSE	None	UTR3
chr5:73509575:G:A	chr5:73509575:G:A	C:T	BTF3	downstream	unknown	.	.	FALSE	None	downstream
chr5:177514840:G:A	chr5:177514840:C:T	C:T	DDX41	intronic	unknown	.	.	FALSE	None	intronic
chr5:177514842:A:G	chr5:177514842:T:C	A:G	DDX41	intronic	unknown	.	.	FALSE	None	intronic
chr5:179706335:A:G	chr5:179706335:A:G	A:G	CANX	intronic	unknown	.	.	FALSE	None	intronic
chr5:179706336:G:A	chr5:179706336:G:A	C:T	CANX	intronic	unknown	.	.	FALSE	None	intronic
chr5:31923571:T:C	chr5:31923571:T:C	A:G	PDZD2	intronic	unknown	.	.	FALSE	None	intronic
chr5:31923582:A:G	chr5:31923582:A:G	A:G	PDZD2	intronic	unknown	.	.	FALSE	None	intronic
chr5:170265151:T:C	chr5:170265151:A:G	A:G	LCP2	intronic	unknown	T;C;-;A;ALU;-;SINE/AluY;intronic;LCP2;-;-;intronic;LCP2;-;-;intronic;LCP2;-;-;-;18;4;5	Name=AluY	TRUE	Alu	intronic
chr5:170265152:T:C	chr5:170265152:A:G	A:G	LCP2	intronic	unknown	T;C;-;A;ALU;-;SINE/AluY;intronic;LCP2;-;-;intronic;LCP2;-;-;intronic;LCP2;-;-;-;22;5;5	Name=AluY	TRUE	Alu	intronic
chr5:172656365:T:C	chr5:172656365:T:C	A:G	NEURL1B	intronic	unknown	.	Name=(TTAT)n	FALSE	Simple
repeat	intronic
chr5:65668694:T:C	chr5:65668694:A:G	A:G	SGTB	UTR3	unknown	T;C;-;A||R;ALU;-;SINE/AluSc;UTR3;SGTB;-;-;UTR3;SGTB;-;-;UTR3;SGTB;-;-;-;72;11;24	Name=AluSc	TRUE	Alu	UTR3
chr5:157478552:T:C	chr5:157478552:A:G	A:G	ADAM19	UTR3	unknown	T;C;-;A||R||D;REP;-;LTR/MER92B;UTR3;ADAM19;-;-;UTR3;ADAM19;-;-;ncRNA_exonic;AL049415;-;-;-;1724;30;54	Name=MER92B	TRUE	Other	UTR3
chr6:108042167:T:C	chr6:108042167:A:G	A:G	OSTM1	UTR3	unknown	T;C;-;A||R||D;REP;-;SINE/FLAM_C;UTR3;OSTM1;-;-;UTR3;OSTM1;-;-;ncRNA_exonic;AJ420489;-;-;-;1198;30;55	Name=FLAM_C	TRUE	Other	UTR3
chr6:108042172:T:C	chr6:108042172:A:G	A:G	OSTM1	UTR3	unknown	T;C;-;A||R||D;REP;-;SINE/FLAM_C;UTR3;OSTM1;-;-;UTR3;OSTM1;-;-;ncRNA_exonic;AJ420489;-;-;-;1233;30;54	Name=FLAM_C	TRUE	Other	UTR3
chr6:108042685:T:C	chr6:108042685:A:G	A:G	OSTM1	UTR3	unknown	T;C;-;A||R||D;ALU;-;SINE/AluJb;UTR3;OSTM1;-;-;UTR3;OSTM1;-;-;ncRNA_exonic;AJ420489;-;-;-;1893;30;55	Name=AluJb	TRUE	Alu	UTR3
chr6:108907743:A:G	chr6:108907743:A:G	A:G	ARMC2	intronic	unknown	.	.	FALSE	None	intronic
chr6:108907783:G:A	chr6:108907783:G:A	C:T	ARMC2	intronic	unknown	.	.	FALSE	None	intronic
chr6:117999245:T:C	chr6:117999245:T:C	A:G	SLC35F1	intronic	unknown	.	.	FALSE	None	intronic
chr6:14121360:A:G	chr6:14121360:A:G	A:G	CD83	intronic	unknown	A;G;+;A||R||D;ALU;-;SINE/AluJb;intronic;CD83;-;-;intronic;CD83;-;-;intronic;CD83;-;-;-;64;10;13	Name=AluJb	TRUE	Alu	intronic
chr6:14121438:A:G	chr6:14121438:A:G	A:G	CD83	intronic	unknown	A;G;+;A||R||D;ALU;-;SINE/AluJb;intronic;CD83;-;-;intronic;CD83;-;-;intronic;CD83;-;-;-;69;15;19	Name=AluJb	TRUE	Alu	intronic
chr6:149591171:A:G	chr6:149591171:A:G	A:G	GINM1	UTR3	unknown	A;G;+;A||R||D;ALU;-;SINE/AluSc;UTR3;GINM1;-;-;downstream;GINM1;-;-;downstream;GINM1;-;-;-;2539;30;55	Name=AluSc	TRUE	Alu	UTR3
chr6:158974286:T:C	chr6:158974286:A:G	A:G	RSPH3	UTR3	unknown	T;C;-;A||R;NONREP;-;-/-;UTR3;RSPH3;-;-;intergenic;C6orf99||RSPH3;-;-;intergenic;C6orf99||RSPH3;-;-;-;1591;30;54	.	TRUE	None	UTR3
chr6:158974288:T:C	chr6:158974288:A:G	A:G	RSPH3	UTR3	unknown	T;C;-;A||R;NONREP;-;-/-;UTR3;RSPH3;-;-;intergenic;C6orf99||RSPH3;-;-;intergenic;C6orf99||RSPH3;-;-;-;1261;30;54	.	TRUE	None	UTR3
chr6:158974326:T:C	chr6:158974326:A:G	A:G	RSPH3	UTR3	unknown	T;C;-;A||R;NONREP;-;-/-;UTR3;RSPH3;-;-;intergenic;C6orf99||RSPH3;-;-;intergenic;C6orf99||RSPH3;-;-;-;810;30;54	.	TRUE	None	UTR3
chr6:158974328:T:C	chr6:158974328:A:G	A:G	RSPH3	UTR3	unknown	T;C;-;A||R;NONREP;-;-/-;UTR3;RSPH3;-;-;intergenic;C6orf99||RSPH3;-;-;intergenic;C6orf99||RSPH3;-;-;-;795;30;54	.	TRUE	None	UTR3
chr6:158974333:T:C	chr6:158974333:A:G	A:G	RSPH3	UTR3	unknown	T;C;-;A||R;NONREP;-;-/-;UTR3;RSPH3;-;-;intergenic;C6orf99||RSPH3;-;-;intergenic;C6orf99||RSPH3;-;-;-;1308;30;54	.	TRUE	None	UTR3
chr6:158974389:T:C	chr6:158974389:A:G	A:G	RSPH3	UTR3	unknown	T;C;-;A||R;NONREP;-;-/-;UTR3;RSPH3;-;-;intergenic;C6orf99||RSPH3;-;-;intergenic;C6orf99||RSPH3;-;-;-;1374;30;54	.	TRUE	None	UTR3
chr6:158974390:T:C	chr6:158974390:A:G	A:G	RSPH3	UTR3	unknown	T;C;-;A||R;NONREP;-;-/-;UTR3;RSPH3;-;-;intergenic;C6orf99||RSPH3;-;-;intergenic;C6orf99||RSPH3;-;-;-;1378;30;54	.	TRUE	None	UTR3
chr6:158974394:T:C	chr6:158974394:A:G	A:G	RSPH3	UTR3	unknown	T;C;-;A||R||D;NONREP;-;-/-;UTR3;RSPH3;-;-;intergenic;C6orf99||RSPH3;-;-;intergenic;C6orf99||RSPH3;-;-;-;1746;30;54	.	TRUE	None	UTR3
chr6:159693251:G:A	chr6:159693251:C:T	C:T	SOD2	UTR5	unknown	.	.	FALSE	None	UTR5
chr6:17530860:T:C	chr6:17530860:T:C	A:G	CAP2	intronic	unknown	.	.	FALSE	None	intronic
chr6:17530861:G:A	chr6:17530861:G:A	C:T	CAP2	intronic	unknown	.	.	FALSE	None	intronic
chr6:24977069:C:T	chr6:24977069:G:A	C:T	RIPOR2	intronic	unknown	.	.	FALSE	None	intronic
chr6:29928513:C:T	chr6:29928513:G:A	C:T	HCG4B	upstream	unknown	.	.	FALSE	None	upstream
chr6:29928525:G:A	chr6:29928525:C:T	C:T	HCG4B	upstream	unknown	.	.	FALSE	None	upstream
chr6:29929717:T:C	chr6:29929717:A:G	A:G	HCG4B	upstream	unknown	.	.	FALSE	None	upstream
chr6:3020521:T:C	chr6:3020521:A:G	A:G	HTATSF1P2	ncRNA
exonic	unknown	T;C;-;A||R;REP;-;SINE/FLAM_C;ncRNA_exonic;RP1-90J20.12;-;-;ncRNA_exonic;HTATSF1P2;-;-;ncRNA_exonic;HTATSF1P2;-;-;-;906;30;52	Name=AluJb	TRUE	Alu	ncRNA
chr6:3020602:T:C	chr6:3020602:A:G	A:G	HTATSF1P2	ncRNA
exonic	unknown	T;C;-;A||R;REP;-;SINE/FLAM_C;ncRNA_exonic;RP1-90J20.12;-;-;ncRNA_exonic;HTATSF1P2;-;-;ncRNA_exonic;HTATSF1P2;-;-;-;703;27;47	Name=AluJb	TRUE	Alu	ncRNA
chr6:3021086:T:C	chr6:3021086:A:G	A:G	HTATSF1P2	ncRNA
exonic	unknown	T;C;-;A||R||D;ALU;-;SINE/AluJr4;ncRNA_exonic;RP1-90J20.12;-;-;ncRNA_exonic;HTATSF1P2;-;-;ncRNA_exonic;HTATSF1P2;-;-;-;473;29;42	Name=AluJr4	TRUE	Alu	ncRNA
chr6:3021096:T:C	chr6:3021096:A:G	A:G	HTATSF1P2	ncRNA
exonic	unknown	T;C;-;A||R||D;ALU;-;SINE/AluJr4;ncRNA_exonic;RP1-90J20.12;-;-;ncRNA_exonic;HTATSF1P2;-;-;ncRNA_exonic;HTATSF1P2;-;-;-;810;30;50	Name=AluJr4	TRUE	Alu	ncRNA
chr6:3021109:T:C	chr6:3021109:A:G	A:G	HTATSF1P2	ncRNA
exonic	unknown	T;C;-;A||R||D;ALU;-;SINE/AluJr4;ncRNA_exonic;RP1-90J20.12;-;-;ncRNA_exonic;HTATSF1P2;-;-;ncRNA_exonic;HTATSF1P2;-;-;-;835;30;54	Name=AluJr4	TRUE	Alu	ncRNA
chr6:3021118:T:C	chr6:3021118:A:G	A:G	HTATSF1P2	ncRNA
exonic	unknown	T;C;-;A||R;ALU;rs574590990;SINE/AluJr4;ncRNA_exonic;RP1-90J20.12;-;-;ncRNA_exonic;HTATSF1P2;-;-;ncRNA_exonic;HTATSF1P2;-;-;-;719;30;50	Name=AluJr4	TRUE	Alu	ncRNA
chr6:3021122:T:C	chr6:3021122:A:G	A:G	HTATSF1P2	ncRNA
exonic	unknown	T;C;-;A||R;ALU;-;SINE/AluJr4;ncRNA_exonic;RP1-90J20.12;-;-;ncRNA_exonic;HTATSF1P2;-;-;ncRNA_exonic;HTATSF1P2;-;-;-;526;29;47	Name=AluJr4	TRUE	Alu	ncRNA
chr6:3021141:T:C	chr6:3021141:A:G	A:G	HTATSF1P2	ncRNA
exonic	unknown	T;C;-;A||R||D;ALU;-;SINE/AluJr4;ncRNA_exonic;RP1-90J20.12;-;-;ncRNA_exonic;HTATSF1P2;-;-;ncRNA_exonic;HTATSF1P2;-;-;-;293;25;39	Name=AluJr4	TRUE	Alu	ncRNA
chr6:3021231:T:C	chr6:3021231:A:G	A:G	HTATSF1P2	ncRNA
exonic	unknown	T;C;-;A||R||D;ALU;-;SINE/AluJr4;ncRNA_exonic;RP1-90J20.12;-;-;ncRNA_exonic;HTATSF1P2;-;-;ncRNA_exonic;HTATSF1P2;-;-;-;733;29;50	Name=AluJr4	TRUE	Alu	ncRNA
chr6:3021232:T:C	chr6:3021232:A:G	A:G	HTATSF1P2	ncRNA
exonic	unknown	T;C;-;A||R||D;ALU;-;SINE/AluJr4;ncRNA_exonic;RP1-90J20.12;-;-;ncRNA_exonic;HTATSF1P2;-;-;ncRNA_exonic;HTATSF1P2;-;-;-;834;29;52	Name=AluJr4	TRUE	Alu	ncRNA
chr6:3021947:T:C	chr6:3021947:A:G	A:G	HTATSF1P2	ncRNA
exonic	unknown	T;C;-;A||R;ALU;-;SINE/AluY;ncRNA_exonic;RP1-90J20.12;-;-;ncRNA_exonic;HTATSF1P2;-;-;ncRNA_exonic;HTATSF1P2;-;-;-;555;29;49	Name=AluY	TRUE	Alu	ncRNA
chr6:3021950:T:C	chr6:3021950:A:G	A:G	HTATSF1P2	ncRNA
exonic	unknown	T;C;-;A||R||D;ALU;-;SINE/AluY;ncRNA_exonic;RP1-90J20.12;-;-;ncRNA_exonic;HTATSF1P2;-;-;ncRNA_exonic;HTATSF1P2;-;-;-;736;30;53	Name=AluY	TRUE	Alu	ncRNA
chr6:3022002:T:C	chr6:3022002:A:G	A:G	HTATSF1P2	ncRNA
exonic	unknown	T;C;-;A||R||D;ALU;-;SINE/AluY;ncRNA_exonic;RP1-90J20.12;-;-;ncRNA_exonic;HTATSF1P2;-;-;ncRNA_exonic;HTATSF1P2;-;-;-;698;29;52	Name=AluY	TRUE	Alu	ncRNA
chr6:3022224:T:C	chr6:3022224:A:G	A:G	HTATSF1P2	ncRNA
exonic	unknown	T;C;-;A||R||D;ALU;-;SINE/AluJr;ncRNA_exonic;RP1-90J20.12;-;-;ncRNA_exonic;HTATSF1P2;-;-;ncRNA_exonic;HTATSF1P2;-;-;-;813;30;51	Name=AluJr	TRUE	Alu	ncRNA
chr6:3022234:T:C	chr6:3022234:A:G	A:G	HTATSF1P2	ncRNA
exonic	unknown	T;C;-;R||D;ALU;-;SINE/AluJr;ncRNA_exonic;RP1-90J20.12;-;-;ncRNA_exonic;HTATSF1P2;-;-;ncRNA_exonic;HTATSF1P2;-;-;-;560;29;47	Name=AluJr	TRUE	Alu	ncRNA
chr6:3022474:T:C	chr6:3022474:A:G	A:G	HTATSF1P2	ncRNA
exonic	unknown	T;C;-;A||R;ALU;-;SINE/AluSx3;ncRNA_exonic;RP1-90J20.12;-;-;ncRNA_exonic;HTATSF1P2;-;-;ncRNA_exonic;HTATSF1P2;-;-;-;1086;30;54	Name=AluSz	TRUE	Alu	ncRNA
chr6:3154097:G:A	chr6:3154097:C:T	C:T	TUBB2A	exonic	synonymous SNV	.	.	FALSE	None	exonic
chr6:3154115:C:T	chr6:3154115:G:A	C:T	TUBB2A	exonic	synonymous SNV	.	.	FALSE	None	exonic
chr6:3154127:G:A	chr6:3154127:C:T	C:T	TUBB2A	exonic	synonymous SNV	.	.	FALSE	None	exonic
chr6:3224841:G:A	chr6:3224841:C:T	C:T	TUBB2B	exonic	synonymous SNV	.	.	FALSE	None	exonic
chr6:32844021:T:C	chr6:32844021:A:G	A:G	PSMB8	UTR5	unknown	.	.	FALSE	None	UTR5
chr6:33005854:T:C	chr6:33005854:A:G	A:G	HLA-DOA	UTR3	unknown	T;C;-;R||D;ALU;-;SINE/AluJr;UTR3;HLA-DOA;-;-;UTR3;HLA-DOA;-;-;UTR3;HLA-DOA;-;-;-;0;0;0	Name=AluJr	TRUE	Alu	UTR3
chr6:46696709:T:C	chr6:46696709:T:C	A:G	TDRD6	intronic	unknown	T;C;-;R;ALU;-;SINE/AluY;intronic;TDRD6;-;-;intronic;TDRD6;-;-;intronic;TDRD6;-;-;-;1;1;1	Name=AluY	TRUE	Alu	intronic
chr6:70588940:A:G	chr6:70588940:A:G	A:G	SDHAF4	UTR3	unknown	A;G;+;A||R||D;ALU;-;SINE/AluSp;UTR3;C6orf57;-;-;downstream;SDHAF4;-;-;downstream;C6orf57;-;-;-;12;6;6	Name=AluSp	TRUE	Alu	UTR3
chr6:70589346:A:G	chr6:70589346:A:G	A:G	SDHAF4	UTR3	unknown	A;G;+;A||R||D;ALU;-;SINE/AluSx1;UTR3;C6orf57;-;-;downstream;SDHAF4;-;-;downstream;C6orf57;-;-;-;1908;30;55	Name=AluSx1	TRUE	Alu	UTR3
chr6:73425036:T:C	chr6:73425036:A:G	A:G	CGAS	UTR3	unknown	T;C;-;A||R||D;ALU;-;SINE/AluSz;UTR3;MB21D1;-;-;downstream;MB21D1;-;-;downstream;MB21D1;-;-;-;673;29;51	Name=AluSz	TRUE	Alu	UTR3
chr6:73593820:T:C	chr6:73593820:A:G	A:G	SLC17A5	UTR3	unknown	T;C;-;A||R||D;ALU;-;SINE/AluJr;UTR3;SLC17A5;-;-;UTR3;SLC17A5;-;-;UTR3;SLC17A5;-;-;-;2038;30;55	Name=AluJr	TRUE	Alu	UTR3
chr6:73594290:T:C	chr6:73594290:A:G	A:G	SLC17A5	UTR3	unknown	T;C;-;A||R||D;ALU;-;SINE/AluSx3;UTR3;SLC17A5;-;-;UTR3;SLC17A5;-;-;UTR3;SLC17A5;-;-;-;2125;30;55	Name=AluSx3	TRUE	Alu	UTR3
chr6:73594291:T:C	chr6:73594291:A:G	A:G	SLC17A5	UTR3	unknown	T;C;-;A||R||D;ALU;-;SINE/AluSx3;UTR3;SLC17A5;-;-;UTR3;SLC17A5;-;-;UTR3;SLC17A5;-;-;-;1790;30;55	Name=AluSx3	TRUE	Alu	UTR3
chr6:108042693:T:C	chr6:108042693:A:G	A:G	OSTM1	UTR3	unknown	T;C;-;A||R||D;ALU;-;SINE/AluJb;UTR3;OSTM1;-;-;UTR3;OSTM1;-;-;ncRNA_exonic;AJ420489;-;-;-;1590;30;55	Name=AluJb	TRUE	Alu	UTR3
chr6:149724619:T:C	chr6:149724619:A:G	A:G	NUP43	UTR3	unknown	T;C;-;A||R||D;ALU;-;SINE/AluSq;UTR3;NUP43;-;-;UTR3;NUP43;-;-;UTR3;NUP43;-;-;-;2500;30;55	Name=AluSq	TRUE	Alu	UTR3
chr6:149724620:T:C	chr6:149724620:A:G	A:G	NUP43	UTR3	unknown	T;C;-;A||R||D;ALU;-;SINE/AluSq;UTR3;NUP43;-;-;UTR3;NUP43;-;-;UTR3;NUP43;-;-;-;1760;30;55	Name=AluSq	TRUE	Alu	UTR3
chr6:166931119:C:T	chr6:166931119:G:A	C:T	RNASET2	splicing	unknown	.	.	FALSE	None	splicing
chr6:30199775:T:C	chr6:30199775:A:G	A:G	TRIM26	intronic	unknown	T;C;-;R;ALU;-;SINE/AluY;intronic;TRIM26;-;-;intronic;TRIM26;-;-;intronic;TRIM26;-;-;-;0;0;0	Name=AluY	TRUE	Alu	intronic
chr6:3021157:T:C	chr6:3021157:A:G	A:G	HTATSF1P2	ncRNA
exonic	unknown	T;C;-;A||R;ALU;-;SINE/AluJr4;ncRNA_exonic;RP1-90J20.12;-;-;ncRNA_exonic;HTATSF1P2;-;-;ncRNA_exonic;HTATSF1P2;-;-;-;590;29;50	Name=AluJr4	TRUE	Alu	ncRNA
chr6:31281256:T:C	chr6:31281256:A:G	A:G	HLA-C	upstream	unknown	.	.	FALSE	None	upstream
chr6:3224985:G:A	chr6:3224985:C:T	C:T	TUBB2B	exonic	synonymous SNV	.	.	FALSE	None	exonic
chr6:36141554:A:G	chr6:36141554:A:G	A:G	MAPK13	UTR3	unknown	A;G;+;A||R;ALU;-;SINE/AluSz;upstream;Z95152.1;-;-;UTR3;MAPK13;-;-;UTR3;MAPK13;-;-;-;1415;30;53	Name=AluSz	TRUE	Alu	UTR3
chr6:46696776:T:C	chr6:46696776:T:C	A:G	TDRD6	intronic	unknown	.	Name=AluY	FALSE	Alu	intronic
chr6:73424191:T:C	chr6:73424191:A:G	A:G	CGAS	UTR3	unknown	T;C;-;A||R||D;ALU;-;SINE/AluY;UTR3;MB21D1;-;-;downstream;MB21D1;-;-;downstream;MB21D1;-;-;-;577;27;48	Name=AluY	TRUE	Alu	UTR3
chr6:73425031:T:C	chr6:73425031:A:G	A:G	CGAS	UTR3	unknown	T;C;-;R||D;ALU;-;SINE/AluSz;UTR3;MB21D1;-;-;downstream;MB21D1;-;-;downstream;MB21D1;-;-;-;0;0;0	Name=AluSz	TRUE	Alu	UTR3
chr6:73425032:T:C	chr6:73425032:A:G	A:G	CGAS	UTR3	unknown	T;C;-;A||R||D;ALU;-;SINE/AluSz;UTR3;MB21D1;-;-;downstream;MB21D1;-;-;downstream;MB21D1;-;-;-;1;1;1	Name=AluSz	TRUE	Alu	UTR3
chr6:73425033:T:C	chr6:73425033:A:G	A:G	CGAS	UTR3	unknown	T;C;-;A||R||D;ALU;-;SINE/AluSz;UTR3;MB21D1;-;-;downstream;MB21D1;-;-;downstream;MB21D1;-;-;-;1;1;1	Name=AluSz	TRUE	Alu	UTR3
chr6:73425057:T:C	chr6:73425057:A:G	A:G	CGAS	UTR3	unknown	T;C;-;A||R||D;ALU;-;SINE/AluSz;UTR3;MB21D1;-;-;downstream;MB21D1;-;-;downstream;MB21D1;-;-;-;212;23;37	Name=AluSz	TRUE	Alu	UTR3
chr6:73425125:T:C	chr6:73425125:A:G	A:G	CGAS	UTR3	unknown	T;C;-;A||R;ALU;-;SINE/AluSz;UTR3;MB21D1;-;-;downstream;MB21D1;-;-;downstream;MB21D1;-;-;-;617;29;47	Name=AluSz	TRUE	Alu	UTR3
chr6:73425148:T:C	chr6:73425148:A:G	A:G	CGAS	UTR3	unknown	T;C;-;A||R;ALU;-;SINE/AluSz;UTR3;MB21D1;-;-;UTR3;MB21D1;-;-;UTR3;MB21D1;-;-;-;589;28;50	Name=AluSz	TRUE	Alu	UTR3
chr6:75318716:A:G	chr6:75318716:T:C	A:G	FILIP1	intronic	unknown	.	.	FALSE	None	intronic
chr6:79952985:A:G	chr6:79952985:T:C	A:G	ELOVL4	upstream	unknown	.	.	FALSE	None	upstream
chr6:79953726:T:C	chr6:79953726:A:G	A:G	ELOVL4	upstream	unknown	.	.	FALSE	None	upstream
chr6:79953730:A:G	chr6:79953730:T:C	A:G	ELOVL4	upstream	unknown	.	.	FALSE	None	upstream
chr6:89338489:G:A	chr6:89338489:C:T	C:T	UBE2J1	exonic	nonsynonymous SNV	.	.	FALSE	None	exonic
chr6:89634503:T:C	chr6:89634503:A:G	A:G	LYRM2	UTR3	unknown	T;C;-;A||R||D;ALU;-;SINE/AluJo;UTR3;LYRM2;-;-;UTR3;LYRM2;-;-;UTR3;LYRM2;-;-;-;1850;30;55	Name=AluJo	TRUE	Alu	UTR3
chr6:108042214:T:C	chr6:108042214:A:G	A:G	OSTM1	UTR3	unknown	T;C;-;A||R||D;REP;-;SINE/FLAM_C;UTR3;OSTM1;-;-;UTR3;OSTM1;-;-;ncRNA_exonic;AJ420489;-;-;-;549;29;51	Name=FLAM_C	TRUE	Other	UTR3
chr6:149724652:T:C	chr6:149724652:A:G	A:G	NUP43	UTR3	unknown	T;C;-;A||R||D;ALU;-;SINE/AluSq;UTR3;NUP43;-;-;UTR3;NUP43;-;-;UTR3;NUP43;-;-;-;2337;30;55	Name=AluSq	TRUE	Alu	UTR3
chr6:149724682:T:C	chr6:149724682:A:G	A:G	NUP43	UTR3	unknown	T;C;-;A||R||D;ALU;-;SINE/AluSq;UTR3;NUP43;-;-;UTR3;NUP43;-;-;UTR3;NUP43;-;-;-;2094;30;55	Name=AluSq	TRUE	Alu	UTR3
chr6:36141419:A:G	chr6:36141419:A:G	A:G	MAPK13	UTR3	unknown	A;G;+;A||R;ALU;-;SINE/AluSz;upstream;Z95152.1;-;-;UTR3;MAPK13;-;-;UTR3;MAPK13;-;-;-;1293;30;54	Name=AluSz	TRUE	Alu	UTR3
chr6:149448100:T:C	chr6:149448100:A:G	A:G	ZC3H12D	UTR3	unknown	T;C;-;R||D;ALU;-;SINE/AluY;intronic;ZC3H12D;-;-;UTR3;ZC3H12D;-;-;UTR3;ZC3H12D;-;-;-;356;19;36	Name=AluY	TRUE	Alu	UTR3
chr6:159702200:A:G	chr6:159702200:T:C	A:G	SOD2	intronic	unknown	.	Name=AluJr	FALSE	Alu	intronic
chr6:18128884:T:C	chr6:18128884:A:G	A:G	TPMT	UTR3	unknown	T;C;-;A||R||D;ALU;-;SINE/AluSc8;UTR3;TPMT;-;-;UTR3;TPMT;-;-;UTR3;TPMT;-;-;-;841;28;52	Name=AluSc8	TRUE	Alu	UTR3
chr6:31616809:C:T	chr6:31616809:C:T	C:T	AIF1	intronic	unknown	.	.	FALSE	None	intronic
chr6:33005780:T:C	chr6:33005780:A:G	A:G	HLA-DOA	UTR3	unknown	T;C;-;R;ALU;-;SINE/AluJr;UTR3;HLA-DOA;-;-;UTR3;HLA-DOA;-;-;UTR3;HLA-DOA;-;-;-;0;0;0	Name=AluJr	TRUE	Alu	UTR3
chr6:36673784:T:C	chr6:36673784:A:G	A:G	PANDAR	ncRNA
exonic	unknown	.	.	FALSE	None	ncRNA
chr6:36673808:G:A	chr6:36673808:C:T	C:T	PANDAR	ncRNA
exonic	unknown	.	.	FALSE	None	ncRNA
chr6:36673810:T:C	chr6:36673810:A:G	A:G	PANDAR	ncRNA
exonic	unknown	.	.	FALSE	None	ncRNA
chr6:46716379:C:T	chr6:46716379:G:A	C:T	PLA2G7	intronic	unknown	.	.	FALSE	None	intronic
chr6:46728344:T:C	chr6:46728344:A:G	A:G	PLA2G7	intronic	unknown	.	Name=MER20	FALSE	Other	intronic
chr6:73424950:T:C	chr6:73424950:A:G	A:G	CGAS	UTR3	unknown	T;C;-;A||R||D;ALU;-;SINE/AluSz;UTR3;MB21D1;-;-;downstream;MB21D1;-;-;downstream;MB21D1;-;-;-;571;27;48	Name=AluSz	TRUE	Alu	UTR3
chr6:73424951:T:C	chr6:73424951:A:G	A:G	CGAS	UTR3	unknown	T;C;-;A||R||D;ALU;-;SINE/AluSz;UTR3;MB21D1;-;-;downstream;MB21D1;-;-;downstream;MB21D1;-;-;-;611;28;48	Name=AluSz	TRUE	Alu	UTR3
chr6:73424991:T:C	chr6:73424991:A:G	A:G	CGAS	UTR3	unknown	T;C;-;A||R;ALU;-;SINE/AluSz;UTR3;MB21D1;-;-;downstream;MB21D1;-;-;downstream;MB21D1;-;-;-;569;29;50	Name=AluSz	TRUE	Alu	UTR3
chr6:108294089:T:C	chr6:108294089:T:C	A:G	AFG1L	upstream	unknown	.	Name=AluJo	FALSE	Alu	upstream
chr6:24977086:T:C	chr6:24977086:A:G	A:G	RIPOR2	intronic	unknown	.	.	FALSE	None	intronic
chr6:32851153:C:T	chr6:32851153:G:A	C:T	TAP1	intronic	unknown	.	.	FALSE	None	intronic
chr6:46728386:T:C	chr6:46728386:A:G	A:G	PLA2G7	intronic	unknown	.	Name=MER20	FALSE	Other	intronic
chr6:116258821:C:T	chr6:116258821:C:T	C:T	DSE	UTR5	unknown	.	.	FALSE	None	UTR5
chr6:116258845:A:G	chr6:116258845:A:G	A:G	DSE	UTR5	unknown	.	.	FALSE	None	UTR5
chr6:26096396:A:G	chr6:26096396:A:G	A:G	HFE	UTR3	unknown	A;G;+;A||R;ALU;-;SINE/AluSg;UTR3;HFE;-;-;intergenic;HFE||HIST1H4C;-;-;intergenic;HFE||HIST1H4C;-;-;-;1421;30;53	Name=AluSg	TRUE	Alu	UTR3
chr6:31281234:G:A	chr6:31281234:C:T	C:T	HLA-C	upstream	unknown	.	.	FALSE	None	upstream
chr6:3224802:C:T	chr6:3224802:G:A	C:T	TUBB2B	exonic	synonymous SNV	.	.	FALSE	None	exonic
chr6:3224808:G:A	chr6:3224808:C:T	C:T	TUBB2B	exonic	synonymous SNV	.	.	FALSE	None	exonic
chr6:36141553:A:G	chr6:36141553:A:G	A:G	MAPK13	UTR3	unknown	A;G;+;A||R;ALU;-;SINE/AluSz;upstream;Z95152.1;-;-;UTR3;MAPK13;-;-;UTR3;MAPK13;-;-;-;1407;30;54	Name=AluSz	TRUE	Alu	UTR3
chr6:36141593:A:G	chr6:36141593:A:G	A:G	MAPK13	UTR3	unknown	A;G;+;A||R;ALU;-;SINE/AluSz;intergenic;Z95152.1||RP1-179N16.6;-;-;UTR3;MAPK13;-;-;UTR3;MAPK13;-;-;-;1137;30;53	Name=AluSz	TRUE	Alu	UTR3
chr6:29888085:A:G	chr6:29888085:A:G	A:G	HLA-H	ncRNA
exonic	unknown	.	.	FALSE	None	ncRNA
chr6:29888086:G:A	chr6:29888086:G:A	C:T	HLA-H	ncRNA
exonic	unknown	.	.	FALSE	None	ncRNA
chr6:36674240:A:G	chr6:36674240:T:C	A:G	PANDAR	ncRNA
exonic	unknown	.	.	FALSE	None	ncRNA
chr6:36674248:G:A	chr6:36674248:C:T	C:T	PANDAR	ncRNA
exonic	unknown	.	.	FALSE	None	ncRNA
chr6:3224790:T:C	chr6:3224790:A:G	A:G	TUBB2B	exonic	synonymous SNV	.	.	FALSE	None	exonic
chr6:30490230:G:A	chr6:30490230:G:A	C:T	HLA-E	intronic	unknown	.	.	FALSE	None	intronic
chr6:30490232:G:A	chr6:30490232:G:A	C:T	HLA-E	intronic	unknown	.	.	FALSE	None	intronic
chr6:33005250:T:C	chr6:33005250:A:G	A:G	HLA-DOA	UTR3	unknown	T;C;-;R;ALU;-;SINE/AluSc;UTR3;HLA-DOA;-;-;UTR3;HLA-DOA;-;-;UTR3;HLA-DOA;-;-;-;0;0;0	Name=AluSc	TRUE	Alu	UTR3
chr6:109464743:T:C	chr6:109464743:A:G	A:G	ZBTB24	UTR3	unknown	T;C;-;A||R||D;ALU;-;SINE/AluJr;UTR3;ZBTB24;-;-;UTR3;ZBTB24;-;-;UTR3;ZBTB24;-;-;-;1193;30;54	Name=AluJr	TRUE	Alu	UTR3
chr6:36141473:A:G	chr6:36141473:A:G	A:G	MAPK13	UTR3	unknown	A;G;+;A||R;ALU;-;SINE/AluSz;upstream;Z95152.1;-;-;UTR3;MAPK13;-;-;UTR3;MAPK13;-;-;-;1367;30;53	Name=AluSz	TRUE	Alu	UTR3
chr6:17530986:T:C	chr6:17530986:T:C	A:G	CAP2	intronic	unknown	.	.	FALSE	None	intronic
chr6:17530987:G:A	chr6:17530987:G:A	C:T	CAP2	intronic	unknown	.	.	FALSE	None	intronic
chr6:17531002:T:C	chr6:17531002:T:C	A:G	CAP2	intronic	unknown	.	.	FALSE	None	intronic
chr6:30008323:G:A	chr6:30008323:G:A	C:T	HLA-J	ncRNA
exonic	unknown	.	.	FALSE	None	ncRNA
chr6:30008329:C:T	chr6:30008329:C:T	C:T	HLA-J	ncRNA
exonic	unknown	.	.	FALSE	None	ncRNA
chr6:30008345:A:G	chr6:30008345:A:G	A:G	HLA-J	ncRNA
exonic	unknown	.	.	FALSE	None	ncRNA
chr6:33005798:T:C	chr6:33005798:A:G	A:G	HLA-DOA	UTR3	unknown	T;C;-;R||D;ALU;-;SINE/AluJr;UTR3;HLA-DOA;-;-;UTR3;HLA-DOA;-;-;UTR3;HLA-DOA;-;-;-;0;0;0	Name=AluJr	TRUE	Alu	UTR3
chr6:36674914:G:A	chr6:36674914:C:T	C:T	PANDAR	ncRNA
exonic	unknown	.	.	FALSE	None	ncRNA
chr6:36674962:G:A	chr6:36674962:C:T	C:T	PANDAR	ncRNA
exonic	unknown	.	.	FALSE	None	ncRNA
chr6:89634987:T:C	chr6:89634987:A:G	A:G	LYRM2	UTR3	unknown	T;C;-;A||R||D;ALU;-;SINE/AluSz6;UTR3;LYRM2;-;-;UTR3;LYRM2;-;-;UTR3;LYRM2;-;-;-;2212;30;55	Name=AluSz6	TRUE	Alu	UTR3
chr6:100890189:T:C	chr6:100890189:A:G	A:G	ASCC3	upstream	unknown	.	.	FALSE	None	upstream
chr6:119336179:T:C	chr6:119336179:A:G	A:G	MAN1A1	intronic	unknown	.	Name=AluSz6	FALSE	Alu	intronic
chr6:100890149:T:C	chr6:100890149:A:G	A:G	ASCC3	upstream	unknown	.	.	FALSE	None	upstream
chr6:109463257:T:C	chr6:109463257:A:G	A:G	ZBTB24	UTR3	unknown	T;C;-;A||R||D;ALU;-;SINE/AluSg;UTR3;ZBTB24;-;-;UTR3;ZBTB24;-;-;UTR3;ZBTB24;-;-;-;1557;30;54	Name=AluSg	TRUE	Alu	UTR3
chr6:36674490:T:C	chr6:36674490:A:G	A:G	PANDAR	ncRNA
exonic	unknown	.	.	FALSE	None	ncRNA
chr6:36674535:A:G	chr6:36674535:T:C	A:G	PANDAR	ncRNA
exonic	unknown	.	.	FALSE	None	ncRNA
chr6:25990436:A:G	chr6:25990436:A:G	A:G	TRIM38	UTR3	unknown	A;G;+;A||R;ALU;-;SINE/AluJb;ncRNA_intronic;U91328.21;-;-;intergenic;TRIM38||HIST1H1A;-;-;intergenic;TRIM38||HIST1H1A;-;-;-;264;26;36	Name=AluJb	TRUE	Alu	UTR3
chr6:30260395:A:G	chr6:30260395:A:G	A:G	HLA-L	ncRNA
splicing	unknown	.	.	FALSE	None	ncRNA
chr6:116039446:A:G	chr6:116039446:A:G	A:G	TPI1P3	ncRNA
exonic	unknown	.	.	FALSE	None	ncRNA
chr6:109463083:T:C	chr6:109463083:A:G	A:G	ZBTB24	UTR3	unknown	T;C;-;A||R||D;ALU;-;SINE/AluSg;UTR3;ZBTB24;-;-;UTR3;ZBTB24;-;-;UTR3;ZBTB24;-;-;-;1386;30;54	Name=AluSg	TRUE	Alu	UTR3
chr6:30237713:C:T	chr6:30237713:G:A	C:T	HCG17	ncRNA
intronic	unknown	.	Name=AluYf1	FALSE	Alu	ncRNA
chr6:37032868:T:C	chr6:37032868:T:C	A:G	FGD2	downstream	unknown	.	Name=AluYc	FALSE	Alu	downstream
chr6:37033046:T:C	chr6:37033046:T:C	A:G	FGD2	downstream	unknown	.	Name=AluSx	FALSE	Alu	downstream
chr6:30008344:C:T	chr6:30008344:C:T	C:T	HLA-J	ncRNA
exonic	unknown	.	.	FALSE	None	ncRNA
chr6:30008383:A:G	chr6:30008383:A:G	A:G	HLA-J	ncRNA
exonic	unknown	.	.	FALSE	None	ncRNA
chr6:37032732:T:C	chr6:37032732:T:C	A:G	FGD2	downstream	unknown	.	Name=AluYc	FALSE	Alu	downstream
chr6:37032736:T:C	chr6:37032736:T:C	A:G	FGD2	downstream	unknown	.	Name=AluYc	FALSE	Alu	downstream
chr6:37033147:T:C	chr6:37033147:T:C	A:G	FGD2	downstream	unknown	.	Name=AluSx	FALSE	Alu	downstream
chr6:37033192:T:C	chr6:37033192:T:C	A:G	FGD2	downstream	unknown	.	Name=AluSx	FALSE	Alu	downstream
chr6:16255952:A:G	chr6:16255952:A:G	A:G	GMPR	intronic	unknown	A;G;+;A||R;ALU;-;SINE/AluSx1;intronic;GMPR;-;-;intronic;GMPR;-;-;intronic;GMPR;-;-;-;50;10;12	Name=AluSx1	TRUE	Alu	intronic
chr6:16256038:A:G	chr6:16256038:A:G	A:G	GMPR	intronic	unknown	.	Name=AluSx1	FALSE	Alu	intronic
chr6:32858137:G:A	chr6:32858137:G:A	C:T	PSMB9	intronic	unknown	.	.	FALSE	None	intronic
chr6:16256260:A:G	chr6:16256260:A:G	A:G	GMPR	intronic	unknown	A;G;+;R;ALU;-;SINE/AluSg7;intronic;GMPR;-;-;intronic;GMPR;-;-;intronic;GMPR;-;-;-;31;8;11	Name=AluSg7	TRUE	Alu	intronic
chr6:125928250:A:G	chr6:125928250:A:G	A:G	NCOA7	intronic	unknown	.	.	FALSE	None	intronic
chr6:14135100:C:T	chr6:14135100:C:T	C:T	CD83	intronic	unknown	.	.	FALSE	None	intronic
chr6:14135101:T:C	chr6:14135101:T:C	A:G	CD83	intronic	unknown	.	.	FALSE	None	intronic
chr6:14135103:T:C	chr6:14135103:T:C	A:G	CD83	intronic	unknown	.	.	FALSE	None	intronic
chr6:14135106:A:G	chr6:14135106:A:G	A:G	CD83	splicing	unknown	.	.	FALSE	None	splicing
chr6:29896854:T:C	chr6:29896854:T:C	A:G	HLA-H	downstream	unknown	.	.	FALSE	None	downstream
chr6:29896855:C:T	chr6:29896855:C:T	C:T	HLA-H	downstream	unknown	.	.	FALSE	None	downstream
chr6:31948513:G:A	chr6:31948513:G:A	C:T	CFB	splicing	unknown	.	.	FALSE	None	splicing
chr6:31948514:T:C	chr6:31948514:T:C	A:G	CFB	splicing	unknown	.	.	FALSE	None	splicing
chr6:3069756:A:G	chr6:3069756:A:G	A:G	RIPK1	intronic	unknown	A;G;+;A||R||D;ALU;-;SINE/AluSx1;intronic;RIPK1;-;-;intronic;RIPK1;-;-;intronic;RIPK1;-;-;-;75;19;29	Name=AluSx1	TRUE	Alu	intronic
chr6:25965541:A:G	chr6:25965541:A:G	A:G	TRIM38	intronic	unknown	A;G;+;A||R||D;ALU;-;SINE/AluJb;intronic;TRIM38;-;-;intronic;TRIM38;-;-;intronic;TRIM38;-;-;-;9;4;5	Name=AluJb	TRUE	Alu	intronic
chr7:100358223:T:C	chr7:100358223:T:C	A:G	STAG3L5P-PVRIG2P-PILRB	ncRNA
exonic	unknown	.	.	FALSE	None	ncRNA
chr7:100358329:G:A	chr7:100358329:G:A	C:T	PILRB	exonic	synonymous SNV	.	Name=(CTG)n	FALSE	Simple
repeat	exonic
chr7:100358334:T:C	chr7:100358334:T:C	A:G	PILRB	exonic	nonsynonymous SNV	.	Name=(CTG)n	FALSE	Simple
repeat	exonic
chr7:100375476:A:G	chr7:100375476:A:G	A:G	PILRA	intronic	unknown	A;G;+;R;ALU;-;SINE/AluSz;intronic;PILRA;-;-;intronic;PILRA;-;-;intronic;PILRA;-;-;-;363;26;43	Name=AluSz	TRUE	Alu	intronic
chr7:101091517:A:G	chr7:101091517:A:G	A:G	TRIM56	UTR3	unknown	A;G;+;A||R||D;ALU;-;SINE/AluSq2;downstream;TRIM56;-;-;UTR3;TRIM56;-;-;intronic;TRIM56;-;-;-;2240;30;55	Name=AluSq2	TRUE	Alu	UTR3
chr7:101091593:A:G	chr7:101091593:A:G	A:G	TRIM56	UTR3	unknown	A;G;+;A||R||D;ALU;-;SINE/AluSq2;downstream;TRIM56;-;-;UTR3;TRIM56;-;-;intronic;TRIM56;-;-;-;2187;30;55	Name=AluSq2	TRUE	Alu	UTR3
chr7:101091606:A:G	chr7:101091606:A:G	A:G	TRIM56	UTR3	unknown	A;G;+;A||R||D;ALU;-;SINE/AluSq2;downstream;TRIM56;-;-;UTR3;TRIM56;-;-;intronic;TRIM56;-;-;-;1691;30;55	Name=AluSq2	TRUE	Alu	UTR3
chr7:101091607:A:G	chr7:101091607:A:G	A:G	TRIM56	UTR3	unknown	A;G;+;A||R||D;ALU;-;SINE/AluSq2;downstream;TRIM56;-;-;UTR3;TRIM56;-;-;intronic;TRIM56;-;-;-;1819;30;55	Name=AluSq2	TRUE	Alu	UTR3
chr7:103348618:A:G	chr7:103348618:A:G	A:G	PSMC2	intronic	unknown	.	.	FALSE	None	intronic
chr7:103348620:G:A	chr7:103348620:G:A	C:T	PSMC2	intronic	unknown	.	.	FALSE	None	intronic
chr7:130944865:T:C	chr7:130944865:A:G	A:G	LINC-PINT	ncRNA
exonic	unknown	T;C;-;A||R||D;NONREP;-;-/-;ncRNA_exonic;MKLN1-AS1;-;-;ncRNA_exonic;LINC-PINT;-;-;ncRNA_exonic;FLJ43663;-;-;-;2467;30;54	.	TRUE	None	ncRNA
chr7:130944866:T:C	chr7:130944866:A:G	A:G	LINC-PINT	ncRNA
exonic	unknown	T;C;-;A||R||D;NONREP;-;-/-;ncRNA_exonic;MKLN1-AS1;-;-;ncRNA_exonic;LINC-PINT;-;-;ncRNA_exonic;FLJ43663;-;-;-;1745;30;54	.	TRUE	None	ncRNA
chr7:130944867:T:C	chr7:130944867:A:G	A:G	LINC-PINT	ncRNA
exonic	unknown	T;C;-;A||R||D;NONREP;-;-/-;ncRNA_exonic;MKLN1-AS1;-;-;ncRNA_exonic;LINC-PINT;-;-;ncRNA_exonic;FLJ43663;-;-;-;2244;30;54	.	TRUE	None	ncRNA
chr7:137722371:A:G	chr7:137722371:T:C	A:G	DGKI	intronic	unknown	.	.	FALSE	None	intronic
chr7:137722577:C:T	chr7:137722577:G:A	C:T	DGKI	intronic	unknown	.	.	FALSE	None	intronic
chr7:150514859:A:G	chr7:150514859:A:G	A:G	GIMAP7	upstream	unknown	.	.	FALSE	None	upstream
chr7:157192707:C:T	chr7:157192707:C:T	C:T	UBE3C	intronic	unknown	.	.	FALSE	None	intronic
chr7:157192708:T:C	chr7:157192708:T:C	A:G	UBE3C	intronic	unknown	.	.	FALSE	None	intronic
chr7:157192749:A:G	chr7:157192749:A:G	A:G	UBE3C	intronic	unknown	.	.	FALSE	None	intronic
chr7:17344729:A:G	chr7:17344729:A:G	A:G	AHR	UTR3	unknown	A;G;+;A||R||D;ALU;-;SINE/AluSx;UTR3;AHR;-;-;UTR3;AHR;-;-;UTR3;AHR;-;-;-;1539;30;54	Name=AluSx	TRUE	Alu	UTR3
chr7:17344734:A:G	chr7:17344734:A:G	A:G	AHR	UTR3	unknown	A;G;+;A||R||D;ALU;-;SINE/AluSx;UTR3;AHR;-;-;UTR3;AHR;-;-;UTR3;AHR;-;-;-;1295;30;55	Name=AluSx	TRUE	Alu	UTR3
chr7:17344769:A:G	chr7:17344769:A:G	A:G	AHR	UTR3	unknown	A;G;+;A||R||D;ALU;-;SINE/AluSx;UTR3;AHR;-;-;UTR3;AHR;-;-;UTR3;AHR;-;-;-;1573;30;55	Name=AluSx	TRUE	Alu	UTR3
chr7:17344771:A:G	chr7:17344771:A:G	A:G	AHR	UTR3	unknown	A;G;+;A||R||D;ALU;-;SINE/AluSx;UTR3;AHR;-;-;UTR3;AHR;-;-;UTR3;AHR;-;-;-;1964;30;55	Name=AluSx	TRUE	Alu	UTR3
chr7:17344813:A:G	chr7:17344813:A:G	A:G	AHR	UTR3	unknown	A;G;+;A||R||D;ALU;-;SINE/AluSx;UTR3;AHR;-;-;UTR3;AHR;-;-;UTR3;AHR;-;-;-;2125;30;55	Name=AluSx	TRUE	Alu	UTR3
chr7:17345106:A:G	chr7:17345106:A:G	A:G	AHR	UTR3	unknown	A;G;+;A||R||D;ALU;-;SINE/AluSc;UTR3;AHR;-;-;UTR3;AHR;-;-;UTR3;AHR;-;-;-;1905;30;55	Name=AluSc	TRUE	Alu	UTR3
chr7:17345139:A:G	chr7:17345139:A:G	A:G	AHR	UTR3	unknown	A;G;+;A||R||D;ALU;-;SINE/AluSc;UTR3;AHR;-;-;UTR3;AHR;-;-;UTR3;AHR;-;-;-;1012;30;52	Name=AluSc	TRUE	Alu	UTR3
chr7:17345155:A:G	chr7:17345155:A:G	A:G	AHR	UTR3	unknown	A;G;+;A||R||D;ALU;-;SINE/AluSc;UTR3;AHR;-;-;UTR3;AHR;-;-;UTR3;AHR;-;-;-;12;6;6	Name=AluSc	TRUE	Alu	UTR3
chr7:17345156:A:G	chr7:17345156:A:G	A:G	AHR	UTR3	unknown	A;G;+;A||R||D;ALU;rs542539241;SINE/AluSc;UTR3;AHR;-;-;UTR3;AHR;-;-;UTR3;AHR;-;-;-;12;6;6	Name=AluSc	TRUE	Alu	UTR3
chr7:17345159:A:G	chr7:17345159:A:G	A:G	AHR	UTR3	unknown	A;G;+;A||R||D;ALU;-;SINE/AluSc;UTR3;AHR;-;-;UTR3;AHR;-;-;UTR3;AHR;-;-;-;1640;30;55	Name=AluSc	TRUE	Alu	UTR3
chr7:17345208:A:G	chr7:17345208:A:G	A:G	AHR	UTR3	unknown	A;G;+;A||R||D;ALU;-;SINE/AluSc;UTR3;AHR;-;-;UTR3;AHR;-;-;UTR3;AHR;-;-;-;2346;30;55	Name=AluSc	TRUE	Alu	UTR3
chr7:17345256:A:G	chr7:17345256:A:G	A:G	AHR	UTR3	unknown	A;G;+;A||R||D;ALU;-;SINE/AluSc;UTR3;AHR;-;-;UTR3;AHR;-;-;UTR3;AHR;-;-;-;2303;30;55	Name=AluSc	TRUE	Alu	UTR3
chr7:17345263:A:G	chr7:17345263:A:G	A:G	AHR	UTR3	unknown	A;G;+;A||R||D;ALU;-;SINE/AluSc;UTR3;AHR;-;-;UTR3;AHR;-;-;UTR3;AHR;-;-;-;2134;30;55	Name=AluSc	TRUE	Alu	UTR3
chr7:36538227:T:C	chr7:36538227:A:G	A:G	AOAH	intronic	unknown	T;C;-;A||R||D;ALU;-;SINE/AluSq2;intronic;AOAH;-;-;intronic;AOAH;-;-;intronic;AOAH;-;-;-;177;13;15	Name=AluSq2	TRUE	Alu	intronic
chr7:36538247:T:C	chr7:36538247:A:G	A:G	AOAH	intronic	unknown	T;C;-;A||R||D;ALU;-;SINE/AluSq2;intronic;AOAH;-;-;intronic;AOAH;-;-;intronic;AOAH;-;-;-;165;11;13	Name=AluSq2	TRUE	Alu	intronic
chr7:37742790:A:G	chr7:37742790:A:G	A:G	GPR141	UTR3	unknown	A;G;+;A;REP;rs754993757;LINE/L1PA13;intronic;EPDR1;-;-;intergenic;GPR141||NME8;-;-;ncRNA_intronic;BC043356;-;-;-;150;12;16	Name=L1PA13	TRUE	LINE	UTR3
chr7:44580871:T:C	chr7:44580871:A:G	A:G	TMED4	UTR3	unknown	T;C;-;A||R||D;ALU;-;SINE/AluSp;UTR3;TMED4;-;-;UTR3;TMED4;-;-;UTR3;TMED4;-;-;-;1882;30;54	Name=AluSp	TRUE	Alu	UTR3
chr7:45751614:T:C	chr7:45751614:A:G	A:G	SEPTIN7P2	ncRNA
exonic	unknown	.	.	FALSE	None	ncRNA
chr7:45751619:T:C	chr7:45751619:A:G	A:G	SEPTIN7P2	ncRNA
exonic	unknown	.	.	FALSE	None	ncRNA
chr7:45751620:G:A	chr7:45751620:C:T	C:T	SEPTIN7P2	ncRNA
exonic	unknown	.	.	FALSE	None	ncRNA
chr7:66154305:A:G	chr7:66154305:A:G	A:G	CRCP	UTR3	unknown	A;G;+;A||R||D;ALU;-;SINE/AluSz6;ncRNA_intronic;RP5-1132H15.1;-;-;UTR3;CRCP;-;-;UTR3;CRCP;-;-;-;2485;30;55	Name=AluSz6	TRUE	Alu	UTR3
chr7:66154360:A:G	chr7:66154360:A:G	A:G	CRCP	UTR3	unknown	A;G;+;A||R||D;ALU;-;SINE/AluSz6;ncRNA_intronic;RP5-1132H15.1;-;-;UTR3;CRCP;-;-;UTR3;CRCP;-;-;-;2348;30;55	Name=AluSz6	TRUE	Alu	UTR3
chr7:66740097:T:C	chr7:66740097:T:C	A:G	RABGEF1	UTR5	unknown	T;C;-;A||R||D;ALU;-;SINE/AluJr;ncRNA_exonic;RP11-792A8.4;-;-;UTR5;RABGEF1;-;-;UTR5;RABGEF1;-;-;-;2093;30;54	Name=AluJr	TRUE	Alu	UTR5
chr7:74785763:A:G	chr7:74785763:A:G	A:G	NCF1	intronic	unknown	A;G;+;R;ALU;-;SINE/AluSq2;intronic;NCF1;-;-;intronic;NCF1;-;-;intronic;NCF1;-;-;-;182;10;12	Name=AluSq2	TRUE	Alu	intronic
chr7:74786526:A:G	chr7:74786526:A:G	A:G	NCF1	intronic	unknown	A;G;+;R;ALU;-;SINE/AluJr;intronic;NCF1;-;-;intronic;NCF1;-;-;intronic;NCF1;-;-;422;69;242;10;12	Name=AluJr	TRUE	Alu	intronic
chr7:74786599:A:G	chr7:74786599:A:G	A:G	NCF1	intronic	unknown	A;G;+;R||D;ALU;-;SINE/AluJr;intronic;NCF1;-;-;intronic;NCF1;-;-;intronic;NCF1;-;-;422;69;249;9;11	Name=AluJr	TRUE	Alu	intronic
chr7:75159856:T:C	chr7:75159856:A:G	A:G	NCF1C	ncRNA
intronic	unknown	T;C;-;R;ALU;-;SINE/AluJr;intergenic;GTF2IRD2B||Y_RNA;-;-;ncRNA_intronic;NCF1C;-;-;intronic;NCF1C;-;-;-;85;4;5	Name=AluJr	TRUE	Alu	ncRNA
chr7:75160195:T:C	chr7:75160195:A:G	A:G	NCF1C	ncRNA
intronic	unknown	T;C;-;R;ALU;-;SINE/AluSq2;intergenic;GTF2IRD2B||Y_RNA;-;-;ncRNA_intronic;NCF1C;-;-;intronic;NCF1C;-;-;-;4;1;2	Name=AluSq2	TRUE	Alu	ncRNA
chr7:100373724:A:G	chr7:100373724:A:G	A:G	PILRA	intronic	unknown	.	.	FALSE	None	intronic
chr7:100375638:A:G	chr7:100375638:A:G	A:G	PILRA	intronic	unknown	A;G;+;A||R||D;ALU;-;SINE/AluSz;intronic;PILRA;-;-;intronic;PILRA;-;-;intronic;PILRA;-;-;-;737;29;52	Name=AluSz	TRUE	Alu	intronic
chr7:101091573:A:G	chr7:101091573:A:G	A:G	TRIM56	UTR3	unknown	A;G;+;R||D;ALU;-;SINE/AluSq2;downstream;TRIM56;-;-;UTR3;TRIM56;-;-;intronic;TRIM56;-;-;-;0;0;0	Name=AluSq2	TRUE	Alu	UTR3
chr7:10476794:A:G	chr7:10476794:T:C	A:G	MGC4859	ncRNA
intronic	unknown	.	.	FALSE	None	ncRNA
chr7:106253153:T:C	chr7:106253153:A:G	A:G	NAMPT	splicing	unknown	.	.	FALSE	None	splicing
chr7:139829246:A:G	chr7:139829246:A:G	A:G	TBXAS1	intronic	unknown	.	.	FALSE	None	intronic
chr7:17345061:A:G	chr7:17345061:A:G	A:G	AHR	UTR3	unknown	A;G;+;A||R||D;ALU;-;SINE/AluSc;UTR3;AHR;-;-;UTR3;AHR;-;-;UTR3;AHR;-;-;-;1315;30;53	Name=AluSc	TRUE	Alu	UTR3
chr7:17345062:A:G	chr7:17345062:A:G	A:G	AHR	UTR3	unknown	A;G;+;A||R||D;ALU;-;SINE/AluSc;UTR3;AHR;-;-;UTR3;AHR;-;-;UTR3;AHR;-;-;-;1315;30;55	Name=AluSc	TRUE	Alu	UTR3
chr7:17345168:A:G	chr7:17345168:A:G	A:G	AHR	UTR3	unknown	A;G;+;A||R||D;ALU;-;SINE/AluSc;UTR3;AHR;-;-;UTR3;AHR;-;-;UTR3;AHR;-;-;-;1991;30;55	Name=AluSc	TRUE	Alu	UTR3
chr7:17345258:A:G	chr7:17345258:A:G	A:G	AHR	UTR3	unknown	A;G;+;A||R||D;ALU;-;SINE/AluSc;UTR3;AHR;-;-;UTR3;AHR;-;-;UTR3;AHR;-;-;-;2056;30;55	Name=AluSc	TRUE	Alu	UTR3
chr7:20827400:G:A	chr7:20827400:G:A	C:T	RPL23P8	ncRNA
exonic	unknown	.	.	FALSE	None	ncRNA
chr7:26364636:G:A	chr7:26364636:G:A	C:T	SNX10	splicing	unknown	.	.	FALSE	None	splicing
chr7:36720443:T:C	chr7:36720443:A:G	A:G	AOAH	intronic	unknown	T;C;-;A;ALU;-;SINE/AluSx4;intronic;AOAH;-;-;intronic;AOAH;-;-;intronic;AOAH;-;-;-;4;4;4	Name=AluSx4	TRUE	Alu	intronic
chr7:38723468:T:C	chr7:38723468:A:G	A:G	VPS41	UTR3	unknown	T;C;-;A||R||D;ALU;-;SINE/AluSx3;UTR3;VPS41;-;-;downstream;VPS41;-;-;downstream;VPS41;-;-;-;2279;30;55	Name=AluSx3	TRUE	Alu	UTR3
chr7:38724659:T:C	chr7:38724659:A:G	A:G	VPS41	UTR3	unknown	T;C;-;A||R||D;ALU;-;SINE/AluSp;UTR3;VPS41;-;-;UTR3;VPS41;-;-;UTR3;VPS41;-;-;-;1585;30;54	Name=AluSp	TRUE	Alu	UTR3
chr7:38724722:T:C	chr7:38724722:A:G	A:G	VPS41	UTR3	unknown	T;C;-;A||R||D;ALU;-;SINE/AluSp;UTR3;VPS41;-;-;UTR3;VPS41;-;-;UTR3;VPS41;-;-;-;1608;30;55	Name=AluSp	TRUE	Alu	UTR3
chr7:38724742:T:C	chr7:38724742:A:G	A:G	VPS41	UTR3	unknown	T;C;-;A||R||D;ALU;-;SINE/AluSp;UTR3;VPS41;-;-;UTR3;VPS41;-;-;UTR3;VPS41;-;-;-;1755;30;54	Name=AluSp	TRUE	Alu	UTR3
chr7:38724758:T:C	chr7:38724758:A:G	A:G	VPS41	UTR3	unknown	T;C;-;A||R||D;ALU;-;SINE/AluSp;UTR3;VPS41;-;-;UTR3;VPS41;-;-;UTR3;VPS41;-;-;-;2082;30;55	Name=AluSp	TRUE	Alu	UTR3
chr7:44802329:A:G	chr7:44802329:A:G	A:G	PPIA	UTR3	unknown	A;G;+;A||R||D;ALU;-;SINE/AluSx;UTR3;PPIA;-;-;UTR3;PPIA;-;-;UTR3;PPIA;-;-;-;2394;30;55	Name=AluSx	TRUE	Alu	UTR3
chr7:66155772:A:G	chr7:66155772:A:G	A:G	CRCP	downstream	unknown	A;G;+;A||R||D;ALU;-;SINE/AluJb;ncRNA_intronic;RP5-1132H15.1;-;-;intergenic;CRCP||TPST1;-;-;intergenic;CRCP||TPST1;-;-;-;926;30;53	Name=AluJb	TRUE	Alu	downstream
chr7:74110087:A:G	chr7:74110087:A:G	A:G	LIMK1	intronic	unknown	A;G;+;A||R;ALU;-;SINE/AluJr;intronic;LIMK1;-;-;intronic;LIMK1;-;-;UTR3;LIMK1;-;-;-;100;17;26	Name=AluJb	TRUE	Alu	intronic
chr7:74882628:T:C	chr7:74882628:A:G	A:G	STAG3L2	ncRNA
exonic	unknown	T;C;-;A||R||D;ALU;-;SINE/AluY;intergenic;GTF2IRD2||STAG3L2;-;-;ncRNA_exonic;STAG3L2;-;-;ncRNA_exonic;STAG3L2;-;-;-;2153;30;54	Name=AluY	TRUE	Alu	ncRNA
chr7:75570268:A:G	chr7:75570268:T:C	A:G	HIP1	intronic	unknown	.	Name=L1MC3	FALSE	LINE	intronic
chr7:75820317:T:C	chr7:75820317:A:G	A:G	CCL24	intronic	unknown	T;C;-;R;ALU;-;SINE/AluSx;intronic;CCL24;-;-;intergenic;CCL24||RHBDD2;-;-;intergenic;CCL24||RHBDD2;-;-;-;15;3;3	Name=AluSx	TRUE	Alu	intronic
chr7:75824024:T:C	chr7:75824024:A:G	A:G	CCL24	upstream	unknown	.	Name=AluSx1	FALSE	Alu	upstream
chr7:75830887:T:C	chr7:75830887:A:G	A:G	CCL24	upstream	unknown	T;C;-;R;ALU;-;SINE/AluJb;intergenic;CCL24||RHBDD2;-;-;intergenic;CCL24||RHBDD2;-;-;intergenic;CCL24||RHBDD2;-;-;-;30;3;3	Name=AluJb	TRUE	Alu	upstream
chr7:75830908:T:C	chr7:75830908:A:G	A:G	CCL24	upstream	unknown	T;C;-;R;ALU;-;SINE/AluJb;intergenic;CCL24||RHBDD2;-;-;intergenic;CCL24||RHBDD2;-;-;intergenic;CCL24||RHBDD2;-;-;-;31;5;5	Name=AluJb	TRUE	Alu	upstream
chr7:75830944:T:C	chr7:75830944:A:G	A:G	CCL24	upstream	unknown	T;C;-;R;ALU;-;SINE/AluJb;intergenic;CCL24||RHBDD2;-;-;intergenic;CCL24||RHBDD2;-;-;intergenic;CCL24||RHBDD2;-;-;-;22;4;4	Name=AluJb	TRUE	Alu	upstream
chr7:75830948:T:C	chr7:75830948:A:G	A:G	CCL24	upstream	unknown	T;C;-;R;ALU;-;SINE/AluJb;intergenic;CCL24||RHBDD2;-;-;intergenic;CCL24||RHBDD2;-;-;intergenic;CCL24||RHBDD2;-;-;-;27;6;6	Name=AluJb	TRUE	Alu	upstream
chr7:129056455:T:C	chr7:129056455:T:C	A:G	TPI1P2	ncRNA
exonic	unknown	.	.	FALSE	None	ncRNA
chr7:129056482:T:C	chr7:129056482:T:C	A:G	TPI1P2	ncRNA
exonic	unknown	.	.	FALSE	None	ncRNA
chr7:130945478:T:C	chr7:130945478:A:G	A:G	LINC-PINT	ncRNA
exonic	unknown	T;C;-;A||R||D;REP;-;SINE/MIRc;ncRNA_exonic;MKLN1-AS1;-;-;ncRNA_exonic;LINC-PINT;-;-;ncRNA_exonic;FLJ43663;-;-;-;2303;30;55	.	TRUE	None	ncRNA
chr7:20827406:C:T	chr7:20827406:C:T	C:T	RPL23P8	ncRNA
exonic	unknown	.	.	FALSE	None	ncRNA
chr7:23275201:A:G	chr7:23275201:A:G	A:G	GPNMB	downstream	unknown	A;G;+;A||R;REP;-;SINE/FLAM_C;downstream;GPNMB;-;-;downstream;GPNMB;-;-;downstream;GPNMB;-;-;-;124;18;25	Name=FLAM_C	TRUE	Other	downstream
chr7:23275209:A:G	chr7:23275209:A:G	A:G	GPNMB	downstream	unknown	A;G;+;A||R;REP;-;SINE/FLAM_C;downstream;GPNMB;-;-;downstream;GPNMB;-;-;downstream;GPNMB;-;-;-;133;15;23	Name=FLAM_C	TRUE	Other	downstream
chr7:23275273:A:G	chr7:23275273:A:G	A:G	GPNMB	downstream	unknown	A;G;+;A||R;REP;-;SINE/FLAM_C;downstream;GPNMB;-;-;downstream;GPNMB;-;-;downstream;GPNMB;-;-;-;62;13;18	Name=FLAM_C	TRUE	Other	downstream
chr7:23275275:A:G	chr7:23275275:A:G	A:G	GPNMB	downstream	unknown	A;G;+;A||R;REP;-;SINE/FLAM_C;downstream;GPNMB;-;-;downstream;GPNMB;-;-;downstream;GPNMB;-;-;-;88;13;19	Name=FLAM_C	TRUE	Other	downstream
chr7:23275282:A:G	chr7:23275282:A:G	A:G	GPNMB	downstream	unknown	A;G;+;A||R;REP;-;SINE/FLAM_C;downstream;GPNMB;-;-;downstream;GPNMB;-;-;downstream;GPNMB;-;-;-;41;11;16	Name=FLAM_C	TRUE	Other	downstream
chr7:23275468:A:G	chr7:23275468:A:G	A:G	GPNMB	downstream	unknown	A;G;+;R;ALU;-;SINE/AluJb;downstream;GPNMB;-;-;downstream;GPNMB;-;-;downstream;GPNMB;-;-;-;0;0;0	Name=AluJb	TRUE	Alu	downstream
chr7:23275470:A:G	chr7:23275470:A:G	A:G	GPNMB	downstream	unknown	A;G;+;R;ALU;-;SINE/AluJb;downstream;GPNMB;-;-;downstream;GPNMB;-;-;downstream;GPNMB;-;-;-;1;1;1	Name=AluJb	TRUE	Alu	downstream
chr7:23275471:A:G	chr7:23275471:A:G	A:G	GPNMB	downstream	unknown	A;G;+;R;ALU;-;SINE/AluJb;downstream;GPNMB;-;-;downstream;GPNMB;-;-;downstream;GPNMB;-;-;-;0;0;0	Name=AluJb	TRUE	Alu	downstream
chr7:23275479:A:G	chr7:23275479:A:G	A:G	GPNMB	downstream	unknown	A;G;+;R;ALU;-;SINE/AluJb;downstream;GPNMB;-;-;downstream;GPNMB;-;-;downstream;GPNMB;-;-;-;1;1;1	Name=AluJb	TRUE	Alu	downstream
chr7:23275510:A:G	chr7:23275510:A:G	A:G	GPNMB	downstream	unknown	A;G;+;R;ALU;-;SINE/AluJb;downstream;GPNMB;-;-;downstream;GPNMB;-;-;downstream;GPNMB;-;-;-;15;7;11	Name=AluJb	TRUE	Alu	downstream
chr7:44801920:A:G	chr7:44801920:A:G	A:G	PPIA	UTR3	unknown	A;G;+;A||R||D;ALU;-;SINE/AluJr;UTR3;PPIA;-;-;UTR3;PPIA;-;-;UTR3;PPIA;-;-;-;2399;30;55	Name=AluJr	TRUE	Alu	UTR3
chr7:44802249:A:G	chr7:44802249:A:G	A:G	PPIA	UTR3	unknown	A;G;+;A||D;ALU;rs112278761;SINE/AluSx;UTR3;PPIA;-;-;UTR3;PPIA;-;-;UTR3;PPIA;-;-;-;1871;30;55	Name=AluSx	TRUE	Alu	UTR3
chr7:99574504:A:G	chr7:99574504:A:G	A:G	ZNF655	UTR3	unknown	A;G;+;A||R||D;ALU;-;SINE/AluJr;UTR3;ZNF655;-;-;UTR3;ZNF655;-;-;UTR3;ZNF655;-;-;-;2354;30;55	Name=AluJr	TRUE	Alu	UTR3
chr7:100386072:A:G	chr7:100386072:A:G	A:G	PILRA	intronic	unknown	A;G;+;R;ALU;-;SINE/AluSq2;intronic;PILRA;-;-;intronic;PILRA;-;-;intronic;PILRA;-;-;-;27;8;11	Name=AluSq2	TRUE	Alu	intronic
chr7:101092018:A:G	chr7:101092018:A:G	A:G	TRIM56	UTR3	unknown	.	Name=SVA_C	FALSE	Other	UTR3
chr7:112105950:T:C	chr7:112105950:A:G	A:G	DOCK4	intronic	unknown	T;C;-;A||R;ALU;-;SINE/AluJr;intronic;DOCK4;-;-;intronic;DOCK4;-;-;intronic;DOCK4;-;-;-;10;3;4	Name=AluJr	TRUE	Alu	intronic
chr7:17344810:A:G	chr7:17344810:A:G	A:G	AHR	UTR3	unknown	A;G;+;A||R||D;ALU;-;SINE/AluSx;UTR3;AHR;-;-;UTR3;AHR;-;-;UTR3;AHR;-;-;-;1896;30;55	Name=AluSx	TRUE	Alu	UTR3
chr7:17344891:A:G	chr7:17344891:A:G	A:G	AHR	UTR3	unknown	A;G;+;A||R||D;ALU;-;SINE/AluSx;UTR3;AHR;-;-;UTR3;AHR;-;-;UTR3;AHR;-;-;-;1683;30;55	Name=AluSx	TRUE	Alu	UTR3
chr7:17344903:A:G	chr7:17344903:A:G	A:G	AHR	UTR3	unknown	A;G;+;A||R||D;ALU;-;SINE/AluSx;UTR3;AHR;-;-;UTR3;AHR;-;-;UTR3;AHR;-;-;-;1796;30;55	Name=AluSx	TRUE	Alu	UTR3
chr7:32885155:T:C	chr7:32885155:A:G	A:G	KBTBD2	intronic	unknown	T;C;-;A;REP;-;SINE/FLAM_C;intronic;AVL9||KBTBD2;-;-;intronic;KBTBD2;-;-;intronic;AVL9||KBTBD2;-;-;-;3;2;2	Name=FLAM_C	TRUE	Other	intronic
chr7:33024038:C:T	chr7:33024038:G:A	C:T	NT5C3A	splicing	unknown	.	.	FALSE	None	splicing
chr7:37742310:A:G	chr7:37742310:A:G	A:G	GPR141	UTR3	unknown	.	Name=L1PA7	FALSE	LINE	UTR3
chr7:37742804:A:G	chr7:37742804:A:G	A:G	GPR141	UTR3	unknown	.	Name=L1PA13	FALSE	LINE	UTR3
chr7:37742819:A:G	chr7:37742819:A:G	A:G	GPR141	UTR3	unknown	.	Name=L1PA13	FALSE	LINE	UTR3
chr7:43792824:T:C	chr7:43792824:T:C	A:G	BLVRA	intronic	unknown	.	.	FALSE	None	intronic
chr7:66154357:A:G	chr7:66154357:A:G	A:G	CRCP	UTR3	unknown	A;G;+;A||R||D;ALU;-;SINE/AluSz6;ncRNA_intronic;RP5-1132H15.1;-;-;UTR3;CRCP;-;-;UTR3;CRCP;-;-;-;2293;30;54	Name=AluSz6	TRUE	Alu	UTR3
chr7:66715788:A:G	chr7:66715788:A:G	A:G	RABGEF1	intronic	unknown	A;G;+;A||R||D;REP;-;SINE/FAM;intergenic;RP4-756H11.3||RP11-792A8.4;-;-;intronic;RABGEF1;-;-;intronic;RABGEF1;-;-;-;1924;30;54	Name=FAM	TRUE	Other	intronic
chr7:73233230:A:G	chr7:73233230:A:G	A:G	NCF1B	ncRNA
intronic	unknown	A;G;+;R||D;ALU;-;SINE/AluJr;ncRNA_intronic;NCF1B;-;-;ncRNA_intronic;NCF1B;-;-;intronic;FKBP6;-;-;-;211;9;12	Name=AluJr	TRUE	Alu	ncRNA
chr7:73233235:A:G	chr7:73233235:A:G	A:G	NCF1B	ncRNA
intronic	unknown	A;G;+;R||D;ALU;-;SINE/AluJr;ncRNA_intronic;NCF1B;-;-;ncRNA_intronic;NCF1B;-;-;intronic;FKBP6;-;-;-;266;12;17	Name=AluJr	TRUE	Alu	ncRNA
chr7:73233241:A:G	chr7:73233241:A:G	A:G	NCF1B	ncRNA
intronic	unknown	A;G;+;R||D;ALU;-;SINE/AluJr;ncRNA_intronic;NCF1B;-;-;ncRNA_intronic;NCF1B;-;-;intronic;FKBP6;-;-;-;243;12;16	Name=AluJr	TRUE	Alu	ncRNA
chr7:74217267:A:G	chr7:74217267:A:G	A:G	LAT2	intronic	unknown	A;G;+;R;ALU;-;SINE/AluSx1;intronic;LAT2;-;-;intronic;LAT2;-;-;intronic;LAT2;-;-;-;83;4;5	Name=AluSx1	TRUE	Alu	intronic
chr7:74217270:A:G	chr7:74217270:A:G	A:G	LAT2	intronic	unknown	A;G;+;R;ALU;-;SINE/AluSx1;intronic;LAT2;-;-;intronic;LAT2;-;-;intronic;LAT2;-;-;-;82;4;5	Name=AluSx1	TRUE	Alu	intronic
chr7:74786604:A:G	chr7:74786604:A:G	A:G	NCF1	intronic	unknown	A;G;+;R;ALU;-;SINE/AluJr;intronic;NCF1;-;-;intronic;NCF1;-;-;intronic;NCF1;-;-;422;69;240;8;9	Name=AluJr	TRUE	Alu	intronic
chr7:75159428:T:C	chr7:75159428:A:G	A:G	NCF1C	ncRNA
intronic	unknown	T;C;-;R;ALU;-;SINE/AluJr;intergenic;GTF2IRD2B||Y_RNA;-;-;ncRNA_intronic;NCF1C;-;-;intronic;NCF1C;-;-;414;64;5;2;3	Name=AluJr	TRUE	Alu	ncRNA
chr7:75159833:T:C	chr7:75159833:A:G	A:G	NCF1C	ncRNA
intronic	unknown	T;C;-;R;ALU;-;SINE/AluJr;intergenic;GTF2IRD2B||Y_RNA;-;-;ncRNA_intronic;NCF1C;-;-;intronic;NCF1C;-;-;-;27;3;4	Name=AluJr	TRUE	Alu	ncRNA
chr7:130945233:T:C	chr7:130945233:A:G	A:G	LINC-PINT	ncRNA
exonic	unknown	T;C;-;A||R||D;NONREP;-;-/-;ncRNA_exonic;MKLN1-AS1;-;-;ncRNA_exonic;LINC-PINT;-;-;ncRNA_exonic;FLJ43663;-;-;-;2141;30;55	.	TRUE	None	ncRNA
chr7:33014832:C:T	chr7:33014832:G:A	C:T	NT5C3A	splicing	unknown	.	.	FALSE	None	splicing
chr7:48106508:A:G	chr7:48106508:A:G	A:G	UPP1	intronic	unknown	A;G;+;A||R||D;ALU;-;SINE/AluSq;intronic;UPP1;-;-;intronic;UPP1;-;-;intronic;UPP1;-;-;-;1766;30;53	Name=AluSq	TRUE	Alu	intronic
chr7:48106573:A:G	chr7:48106573:A:G	A:G	UPP1	intronic	unknown	A;G;+;A||R||D;ALU;-;SINE/AluSq;intronic;UPP1;-;-;intronic;UPP1;-;-;intronic;UPP1;-;-;-;2306;30;54	Name=AluSq	TRUE	Alu	intronic
chr7:48106586:A:G	chr7:48106586:A:G	A:G	UPP1	intronic	unknown	A;G;+;A||R||D;ALU;-;SINE/AluSq;intronic;UPP1;-;-;intronic;UPP1;-;-;intronic;UPP1;-;-;-;2170;30;53	Name=AluSq	TRUE	Alu	intronic
chr7:99574503:A:G	chr7:99574503:A:G	A:G	ZNF655	UTR3	unknown	A;G;+;A||R||D;ALU;-;SINE/AluJr;UTR3;ZNF655;-;-;UTR3;ZNF655;-;-;UTR3;ZNF655;-;-;-;1644;30;55	Name=AluJr	TRUE	Alu	UTR3
chr7:10451984:C:T	chr7:10451984:G:A	C:T	MGC4859	ncRNA
exonic	unknown	.	.	FALSE	None	ncRNA
chr7:10451985:A:G	chr7:10451985:T:C	A:G	MGC4859	ncRNA
exonic	unknown	.	.	FALSE	None	ncRNA
chr7:127591091:A:G	chr7:127591091:A:G	A:G	ARF5	intronic	unknown	.	.	FALSE	None	intronic
chr7:128307926:T:C	chr7:128307926:A:G	A:G	RBM28	UTR3	unknown	T;C;-;R||D;ALU;-;SINE/AluJr;UTR3;RBM28;-;-;upstream;MGC27345;-;-;upstream;MGC27345;-;-;-;1635;29;52	Name=AluJr	TRUE	Alu	UTR3
chr7:128502779:A:G	chr7:128502779:A:G	A:G	METTL2B	UTR3	unknown	A;G;+;A||R||D;ALU;-;SINE/AluSx1;UTR3;METTL2B;-;-;UTR3;METTL2B;-;-;UTR3;METTL2B;-;-;-;1947;30;55	Name=AluSx1	TRUE	Alu	UTR3
chr7:129056504:A:G	chr7:129056504:A:G	A:G	TPI1P2	ncRNA
exonic	unknown	.	.	FALSE	None	ncRNA
chr7:129056507:T:C	chr7:129056507:T:C	A:G	TPI1P2	ncRNA
exonic	unknown	.	.	FALSE	None	ncRNA
chr7:2793772:A:G	chr7:2793772:T:C	A:G	GNA12	intronic	unknown	.	Name=AluSx1	FALSE	Alu	intronic
chr7:74217222:A:G	chr7:74217222:A:G	A:G	LAT2	intronic	unknown	A;G;+;R;ALU;-;SINE/AluSx1;intronic;LAT2;-;-;intronic;LAT2;-;-;intronic;LAT2;-;-;-;63;3;4	Name=AluSx1	TRUE	Alu	intronic
chr7:75816799:T:C	chr7:75816799:A:G	A:G	CCL24	intronic	unknown	.	Name=AluSx1	FALSE	Alu	intronic
chr7:75880932:A:G	chr7:75880932:A:G	A:G	RHBDD2	intronic	unknown	A;G;+;A||R;ALU;-;SINE/AluJo;intronic;RHBDD2;-;-;intronic;RHBDD2;-;-;intronic;RHBDD2;-;-;-;360;26;38	Name=AluJo	TRUE	Alu	intronic
chr7:75883328:A:G	chr7:75883328:A:G	A:G	RHBDD2	intronic	unknown	A;G;+;A||R||D;ALU;-;SINE/AluY;intronic;RHBDD2;-;-;intronic;RHBDD2;-;-;intronic;RHBDD2;-;-;-;940;30;46	Name=AluSx4	TRUE	Alu	intronic
chr7:75883398:A:G	chr7:75883398:A:G	A:G	RHBDD2	intronic	unknown	A;G;+;A||R||D;ALU;-;SINE/AluY;intronic;RHBDD2;-;-;intronic;RHBDD2;-;-;intronic;RHBDD2;-;-;-;1262;30;51	Name=AluSx4	TRUE	Alu	intronic
chr7:75883404:A:G	chr7:75883404:A:G	A:G	RHBDD2	intronic	unknown	A;G;+;A||R||D;ALU;-;SINE/AluY;intronic;RHBDD2;-;-;intronic;RHBDD2;-;-;intronic;RHBDD2;-;-;-;1213;30;50	Name=AluSx4	TRUE	Alu	intronic
chr7:75983857:G:A	chr7:75983857:G:A	C:T	POR	splicing	unknown	.	.	FALSE	None	splicing
chr7:77605923:T:C	chr7:77605923:T:C	A:G	PTPN12	intronic	unknown	.	.	FALSE	None	intronic
chr7:37742260:A:G	chr7:37742260:A:G	A:G	GPR141	UTR3	unknown	A;G;+;R;REP;-;Low_complexity/AT_rich;intronic;EPDR1;-;-;downstream;GPR141;-;-;ncRNA_intronic;BC043356;-;-;-;136;9;12	Name=(TA)n	TRUE	Simple
repeat	UTR3
chr7:74774007:A:G	chr7:74774007:A:G	A:G	NCF1	UTR5	unknown	.	.	FALSE	None	UTR5
chr7:74786610:A:G	chr7:74786610:A:G	A:G	NCF1	intronic	unknown	A;G;+;R;ALU;-;SINE/AluJr;intronic;NCF1;-;-;intronic;NCF1;-;-;intronic;NCF1;-;-;422;69;214;8;9	Name=AluJr	TRUE	Alu	intronic
chr7:75159350:T:C	chr7:75159350:A:G	A:G	NCF1C	ncRNA
intronic	unknown	T;C;-;R;ALU;-;SINE/AluJr;intergenic;GTF2IRD2B||Y_RNA;-;-;ncRNA_intronic;NCF1C;-;-;intronic;NCF1C;-;-;-;136;5;6	Name=AluJr	TRUE	Alu	ncRNA
chr7:75159355:T:C	chr7:75159355:A:G	A:G	NCF1C	ncRNA
intronic	unknown	T;C;-;R;ALU;-;SINE/AluJr;intergenic;GTF2IRD2B||Y_RNA;-;-;ncRNA_intronic;NCF1C;-;-;intronic;NCF1C;-;-;-;94;4;5	Name=AluJr	TRUE	Alu	ncRNA
chr7:141946976:T:C	chr7:141946976:A:G	A:G	CLEC5A	upstream	unknown	.	.	FALSE	None	upstream
chr7:26196555:A:G	chr7:26196555:T:C	A:G	HNRNPA2B1	splicing	unknown	A;G;+;R;NONREP;-;-/-;splicing;HNRNPA2B1;-;-;splicing;HNRNPA2B1;-;-;splicing;HNRNPA2B1;-;-;658;628;1153;29;52	.	TRUE	None	splicing
chr7:44802500:A:G	chr7:44802500:A:G	A:G	PPIA	UTR3	unknown	A;G;+;A||R||D;NONREP;-;-/-;UTR3;PPIA;-;-;UTR3;PPIA;-;-;UTR3;PPIA;-;-;-;2231;30;54	.	TRUE	None	UTR3
chr7:75570272:G:A	chr7:75570272:C:T	C:T	HIP1	intronic	unknown	.	Name=L1MC3	FALSE	LINE	intronic
chr7:75879012:G:A	chr7:75879012:G:A	C:T	RHBDD2	UTR5	unknown	.	.	FALSE	None	UTR5
chr7:75882534:A:G	chr7:75882534:A:G	A:G	RHBDD2	intronic	unknown	A;G;+;A||R||D;ALU;-;SINE/AluSx;intronic;RHBDD2;-;-;intronic;RHBDD2;-;-;intronic;RHBDD2;-;-;-;724;29;43	Name=AluSx	TRUE	Alu	intronic
chr7:127591093:G:A	chr7:127591093:G:A	C:T	ARF5	intronic	unknown	.	.	FALSE	None	intronic
chr7:23275511:A:G	chr7:23275511:A:G	A:G	GPNMB	downstream	unknown	.	Name=AluJb	FALSE	Alu	downstream
chr7:75213539:A:G	chr7:75213539:T:C	A:G	GTF2IP1	ncRNA
exonic	unknown	.	.	FALSE	None	ncRNA
chr7:75814441:T:C	chr7:75814441:A:G	A:G	CCL24	intronic	unknown	.	Name=AluJr	FALSE	Alu	intronic
chr7:75814444:T:C	chr7:75814444:A:G	A:G	CCL24	intronic	unknown	.	Name=AluJr	FALSE	Alu	intronic
chr7:75814483:T:C	chr7:75814483:A:G	A:G	CCL24	intronic	unknown	.	Name=AluJr	FALSE	Alu	intronic
chr7:75814514:T:C	chr7:75814514:A:G	A:G	CCL24	intronic	unknown	.	Name=AluJr	FALSE	Alu	intronic
chr7:75816726:T:C	chr7:75816726:A:G	A:G	CCL24	intronic	unknown	.	Name=AluSx1	FALSE	Alu	intronic
chr7:75828282:T:C	chr7:75828282:A:G	A:G	CCL24	upstream	unknown	.	Name=AluSx1	FALSE	Alu	upstream
chr7:111740196:T:C	chr7:111740196:A:G	A:G	DOCK4	intronic	unknown	T;C;-;A||R;ALU;-;SINE/AluSx;intronic;DOCK4;-;-;intronic;DOCK4;-;-;UTR5;DOCK4;-;-;-;251;23;43	Name=AluSz	TRUE	Alu	intronic
chr7:140033091:T:C	chr7:140033091:A:G	A:G	PARP12	intronic	unknown	T;C;-;A||R||D;ALU;-;SINE/AluJb;intronic;PARP12;-;-;intronic;PARP12;-;-;intronic;PARP12;-;-;-;498;30;42	Name=AluJb	TRUE	Alu	intronic
chr7:10451775:T:C	chr7:10451775:A:G	A:G	MGC4859	ncRNA
exonic	unknown	.	.	FALSE	None	ncRNA
chr7:10451782:T:C	chr7:10451782:A:G	A:G	MGC4859	ncRNA
exonic	unknown	.	.	FALSE	None	ncRNA
chr7:48103929:A:G	chr7:48103929:A:G	A:G	UPP1	intronic	unknown	A;G;+;A||R;NONREP;-;-/-;intronic;UPP1;-;-;intronic;UPP1;-;-;UTR3;UPP1;-;-;-;1065;29;52	.	TRUE	None	intronic
chr7:144647890:A:G	chr7:144647890:T:C	A:G	TPK1	intronic	unknown	.	.	FALSE	None	intronic
chr7:56011710:A:G	chr7:56011710:T:C	A:G	PSPH	UTR3	unknown	.	.	FALSE	None	UTR3
chr7:99637767:T:C	chr7:99637767:T:C	A:G	ZSCAN25	intronic	unknown	.	.	FALSE	None	intronic
chr7:99637769:A:G	chr7:99637769:A:G	A:G	ZSCAN25	intronic	unknown	.	.	FALSE	None	intronic
chr7:37742791:A:G	chr7:37742791:A:G	A:G	GPR141	UTR3	unknown	.	Name=L1PA13	FALSE	LINE	UTR3
chr7:66715831:A:G	chr7:66715831:A:G	A:G	RABGEF1	intronic	unknown	A;G;+;A||R||D;REP;-;SINE/FAM;intergenic;RP4-756H11.3||RP11-792A8.4;-;-;intronic;RABGEF1;-;-;intronic;RABGEF1;-;-;-;1624;30;54	Name=FAM	TRUE	Other	intronic
chr7:66715853:A:G	chr7:66715853:A:G	A:G	RABGEF1	intronic	unknown	A;G;+;A||R||D;REP;-;SINE/FAM;intergenic;RP4-756H11.3||RP11-792A8.4;-;-;intronic;RABGEF1;-;-;intronic;RABGEF1;-;-;-;1410;30;53	Name=FAM	TRUE	Other	intronic
chr7:75879008:A:G	chr7:75879008:A:G	A:G	RHBDD2	UTR5	unknown	.	.	FALSE	None	UTR5
chr7:39950928:A:G	chr7:39950928:A:G	A:G	CDK13	exonic	nonsynonymous SNV	A;G;+;A||R;NONREP;-;-/-;exonic;CDK13;nonsynonymous	Name=(GGCGAGA)n	TRUE	Simple
repeat	exonic
chr7:48103928:A:G	chr7:48103928:A:G	A:G	UPP1	intronic	unknown	A;G;+;A||R;NONREP;-;-/-;intronic;UPP1;-;-;intronic;UPP1;-;-;UTR3;UPP1;-;-;-;1357;30;53	.	TRUE	None	intronic
chr7:137722502:G:A	chr7:137722502:C:T	C:T	DGKI	intronic	unknown	.	.	FALSE	None	intronic
chr7:128502787:A:G	chr7:128502787:A:G	A:G	METTL2B	UTR3	unknown	A;G;+;A||R||D;ALU;-;SINE/AluSx1;UTR3;METTL2B;-;-;UTR3;METTL2B;-;-;UTR3;METTL2B;-;-;-;1729;30;55	Name=AluSx1	TRUE	Alu	UTR3
chr7:2722883:T:C	chr7:2722883:T:C	A:G	AMZ1	intronic	unknown	T;C;-;A||R;ALU;-;SINE/AluJr;intergenic;AMZ1||GNA12;-;-;intergenic;AMZ1||GNA12;-;-;intergenic;AMZ1||GNA12;-;-;-;1847;30;54	Name=AluJr	TRUE	Alu	intronic
chr7:75816699:T:C	chr7:75816699:A:G	A:G	CCL24	intronic	unknown	T;C;-;A;ALU;-;SINE/AluSx;intronic;CCL24;-;-;intergenic;CCL24||RHBDD2;-;-;intergenic;CCL24||RHBDD2;-;-;-;8;2;2	Name=AluSx1	TRUE	Alu	intronic
chr7:111913766:T:C	chr7:111913766:A:G	A:G	DOCK4	intronic	unknown	T;C;-;R;ALU;-;SINE/AluJb;intronic;DOCK4;-;-;intronic;DOCK4;-;-;intronic;DOCK4;-;-;-;3;2;2	Name=AluJr	TRUE	Alu	intronic
chr7:75819103:T:C	chr7:75819103:A:G	A:G	CCL24	intronic	unknown	T;C;-;R;ALU;-;SINE/AluSp;intronic;CCL24;-;-;intergenic;CCL24||RHBDD2;-;-;intergenic;CCL24||RHBDD2;-;-;-;8;2;2	Name=AluSp	TRUE	Alu	intronic
chr7:75819146:T:C	chr7:75819146:A:G	A:G	CCL24	intronic	unknown	.	Name=AluSp	FALSE	Alu	intronic
chr7:33019634:C:T	chr7:33019634:G:A	C:T	NT5C3A	splicing	unknown	.	.	FALSE	None	splicing
chr7:43792822:C:T	chr7:43792822:C:T	C:T	BLVRA	intronic	unknown	.	.	FALSE	None	intronic
chr7:74786032:A:G	chr7:74786032:A:G	A:G	NCF1	intronic	unknown	A;G;+;R;ALU;-;SINE/AluJr;intronic;NCF1;-;-;intronic;NCF1;-;-;intronic;NCF1;-;-;-;75;5;6	Name=AluJr	TRUE	Alu	intronic
chr8:101369301:T:C	chr8:101369301:T:C	A:G	NACA4P	ncRNA
exonic	unknown	.	.	FALSE	None	ncRNA
chr8:11842752:T:C	chr8:11842752:A:G	A:G	CTSB	UTR3	unknown	T;C;-;A||R||D;ALU;-;SINE/AluSq2;UTR3;CTSB;-;-;UTR3;CTSB;-;-;UTR3;CTSB;-;-;-;2382;30;54	Name=AluSq2	TRUE	Alu	UTR3
chr8:11842775:T:C	chr8:11842775:A:G	A:G	CTSB	UTR3	unknown	T;C;-;A||R||D;ALU;-;SINE/AluSq2;UTR3;CTSB;-;-;UTR3;CTSB;-;-;UTR3;CTSB;-;-;-;1749;30;55	Name=AluSq2	TRUE	Alu	UTR3
chr8:11842815:T:C	chr8:11842815:A:G	A:G	CTSB	UTR3	unknown	T;C;-;A||R||D;ALU;-;SINE/AluSq2;UTR3;CTSB;-;-;UTR3;CTSB;-;-;UTR3;CTSB;-;-;-;13;6;6	Name=AluSq2	TRUE	Alu	UTR3
chr8:11842854:T:C	chr8:11842854:A:G	A:G	CTSB	UTR3	unknown	T;C;-;A||R||D;ALU;-;SINE/AluSq2;UTR3;CTSB;-;-;UTR3;CTSB;-;-;UTR3;CTSB;-;-;-;2365;30;55	Name=AluSq2	TRUE	Alu	UTR3
chr8:11842887:T:C	chr8:11842887:A:G	A:G	CTSB	UTR3	unknown	T;C;-;A||R||D;ALU;-;SINE/AluSq2;UTR3;CTSB;-;-;UTR3;CTSB;-;-;UTR3;CTSB;-;-;-;1907;30;54	Name=AluSq2	TRUE	Alu	UTR3
chr8:11842904:T:C	chr8:11842904:A:G	A:G	CTSB	UTR3	unknown	T;C;-;A||R;ALU;-;SINE/AluSq2;UTR3;CTSB;-;-;UTR3;CTSB;-;-;UTR3;CTSB;-;-;-;2090;30;54	Name=AluSq2	TRUE	Alu	UTR3
chr8:11842918:T:C	chr8:11842918:A:G	A:G	CTSB	UTR3	unknown	T;C;-;A||R||D;ALU;-;SINE/AluSq2;UTR3;CTSB;-;-;UTR3;CTSB;-;-;UTR3;CTSB;-;-;-;1335;30;54	Name=AluSq2	TRUE	Alu	UTR3
chr8:11843016:T:C	chr8:11843016:A:G	A:G	CTSB	UTR3	unknown	T;C;-;A||R||D;ALU;-;SINE/AluSg;UTR3;CTSB;-;-;UTR3;CTSB;-;-;UTR3;CTSB;-;-;-;2036;30;54	Name=AluSg	TRUE	Alu	UTR3
chr8:11843046:T:C	chr8:11843046:A:G	A:G	CTSB	UTR3	unknown	T;C;-;A||R||D;ALU;-;SINE/AluSg;UTR3;CTSB;-;-;UTR3;CTSB;-;-;UTR3;CTSB;-;-;-;1316;30;54	Name=AluSg	TRUE	Alu	UTR3
chr8:11843168:T:C	chr8:11843168:A:G	A:G	CTSB	UTR3	unknown	T;C;-;A||R||D;ALU;-;SINE/AluSg;UTR3;CTSB;-;-;UTR3;CTSB;-;-;UTR3;CTSB;-;-;-;2268;30;55	Name=AluSg	TRUE	Alu	UTR3
chr8:11843220:T:C	chr8:11843220:A:G	A:G	CTSB	UTR3	unknown	T;C;-;A||R||D;ALU;-;SINE/AluSg;UTR3;CTSB;-;-;UTR3;CTSB;-;-;UTR3;CTSB;-;-;-;2348;30;55	Name=AluSg	TRUE	Alu	UTR3
chr8:11843774:T:C	chr8:11843774:A:G	A:G	CTSB	UTR3	unknown	T;C;-;A||R||D;ALU;-;SINE/AluSx1;UTR3;CTSB;-;-;UTR3;CTSB;-;-;UTR3;CTSB;-;-;-;2458;30;55	Name=AluSx1	TRUE	Alu	UTR3
chr8:11843787:T:C	chr8:11843787:A:G	A:G	CTSB	UTR3	unknown	T;C;-;A||R||D;ALU;-;SINE/AluSx1;UTR3;CTSB;-;-;UTR3;CTSB;-;-;UTR3;CTSB;-;-;-;1979;30;54	Name=AluSx1	TRUE	Alu	UTR3
chr8:11843814:T:C	chr8:11843814:A:G	A:G	CTSB	UTR3	unknown	T;C;-;A||R||D;ALU;-;SINE/AluSx1;UTR3;CTSB;-;-;UTR3;CTSB;-;-;UTR3;CTSB;-;-;-;2476;30;55	Name=AluSx1	TRUE	Alu	UTR3
chr8:11843848:T:C	chr8:11843848:A:G	A:G	CTSB	UTR3	unknown	T;C;-;A||R||D;ALU;-;SINE/AluSx1;UTR3;CTSB;-;-;UTR3;CTSB;-;-;UTR3;CTSB;-;-;-;2461;30;54	Name=AluSx1	TRUE	Alu	UTR3
chr8:11843920:T:C	chr8:11843920:A:G	A:G	CTSB	UTR3	unknown	T;C;-;A||R||D;ALU;-;SINE/AluSx1;UTR3;CTSB;-;-;UTR3;CTSB;-;-;UTR3;CTSB;-;-;-;2554;30;55	Name=AluSx1	TRUE	Alu	UTR3
chr8:11843971:T:C	chr8:11843971:A:G	A:G	CTSB	UTR3	unknown	T;C;-;A||R;ALU;-;SINE/AluSx1;UTR3;CTSB;-;-;UTR3;CTSB;-;-;UTR3;CTSB;-;-;-;2329;30;54	Name=AluSx1	TRUE	Alu	UTR3
chr8:11843976:T:C	chr8:11843976:A:G	A:G	CTSB	UTR3	unknown	T;C;-;A||R||D;ALU;-;SINE/AluSx1;UTR3;CTSB;-;-;UTR3;CTSB;-;-;UTR3;CTSB;-;-;-;2362;30;55	Name=AluSx1	TRUE	Alu	UTR3
chr8:11843981:T:C	chr8:11843981:A:G	A:G	CTSB	UTR3	unknown	T;C;-;A||R||D;ALU;-;SINE/AluSx1;UTR3;CTSB;-;-;UTR3;CTSB;-;-;UTR3;CTSB;-;-;-;2575;30;55	Name=AluSx1	TRUE	Alu	UTR3
chr8:133562348:T:C	chr8:133562348:A:G	A:G	ST3GAL1	intronic	unknown	T;C;-;A||R||D;ALU;-;SINE/AluSc;intronic;ST3GAL1;-;-;intronic;ST3GAL1;-;-;intronic;ST3GAL1;-;-;-;46;10;11	Name=AluSc	TRUE	Alu	intronic
chr8:30678436:T:C	chr8:30678436:A:G	A:G	GSR	UTR3	unknown	T;C;-;A||R||D;ALU;-;SINE/AluJb;UTR3;GSR;-;-;UTR3;GSR;-;-;UTR3;GSR;-;-;-;2092;30;55	Name=AluJb	TRUE	Alu	UTR3
chr8:30678458:T:C	chr8:30678458:A:G	A:G	GSR	UTR3	unknown	T;C;-;A||R||D;ALU;-;SINE/AluJb;UTR3;GSR;-;-;UTR3;GSR;-;-;UTR3;GSR;-;-;-;2163;30;55	Name=AluJb	TRUE	Alu	UTR3
chr8:30678463:T:C	chr8:30678463:A:G	A:G	GSR	UTR3	unknown	T;C;-;A||R||D;ALU;-;SINE/AluJb;UTR3;GSR;-;-;UTR3;GSR;-;-;UTR3;GSR;-;-;-;1670;30;55	Name=AluJb	TRUE	Alu	UTR3
chr8:30678498:T:C	chr8:30678498:A:G	A:G	GSR	UTR3	unknown	T;C;-;A||R||D;ALU;-;SINE/AluJb;UTR3;GSR;-;-;UTR3;GSR;-;-;UTR3;GSR;-;-;-;1849;30;54	Name=AluJb	TRUE	Alu	UTR3
chr8:30678499:T:C	chr8:30678499:A:G	A:G	GSR	UTR3	unknown	T;C;-;A||R||D;ALU;-;SINE/AluJb;UTR3;GSR;-;-;UTR3;GSR;-;-;UTR3;GSR;-;-;-;1674;30;55	Name=AluJb	TRUE	Alu	UTR3
chr8:30678634:T:C	chr8:30678634:A:G	A:G	GSR	UTR3	unknown	T;C;-;A||R||D;ALU;-;SINE/AluJb;UTR3;GSR;-;-;UTR3;GSR;-;-;UTR3;GSR;-;-;-;2077;30;55	Name=AluJb	TRUE	Alu	UTR3
chr8:30678635:T:C	chr8:30678635:A:G	A:G	GSR	UTR3	unknown	T;C;-;A||R||D;ALU;-;SINE/AluJb;UTR3;GSR;-;-;UTR3;GSR;-;-;UTR3;GSR;-;-;-;1885;30;55	Name=AluJb	TRUE	Alu	UTR3
chr8:30679027:T:C	chr8:30679027:A:G	A:G	GSR	UTR3	unknown	T;C;-;A||R||D;ALU;-;SINE/AluSp;UTR3;GSR;-;-;UTR3;GSR;-;-;UTR3;GSR;-;-;-;2191;30;55	Name=AluSp	TRUE	Alu	UTR3
chr8:30679037:T:C	chr8:30679037:A:G	A:G	GSR	UTR3	unknown	T;C;-;A||R||D;ALU;-;SINE/AluSp;UTR3;GSR;-;-;UTR3;GSR;-;-;UTR3;GSR;-;-;-;2143;30;55	Name=AluSp	TRUE	Alu	UTR3
chr8:30679086:T:C	chr8:30679086:A:G	A:G	GSR	UTR3	unknown	T;C;-;A||R||D;ALU;-;SINE/AluSp;UTR3;GSR;-;-;UTR3;GSR;-;-;UTR3;GSR;-;-;-;1427;30;55	Name=AluSp	TRUE	Alu	UTR3
chr8:38600928:C:T	chr8:38600928:G:A	C:T	RNF5P1	ncRNA
exonic	unknown	.	.	FALSE	None	ncRNA
chr8:38973017:A:G	chr8:38973017:A:G	A:G	PLEKHA2	UTR3	unknown	A;G;+;A||R||D;ALU;-;SINE/AluJb;UTR3;PLEKHA2;-;-;UTR3;PLEKHA2;-;-;UTR3;PLEKHA2;-;-;-;2318;30;55	Name=AluJb	TRUE	Alu	UTR3
chr8:38973067:A:G	chr8:38973067:A:G	A:G	PLEKHA2	UTR3	unknown	A;G;+;A||R||D;ALU;-;SINE/AluJb;UTR3;PLEKHA2;-;-;UTR3;PLEKHA2;-;-;UTR3;PLEKHA2;-;-;-;2338;30;54	Name=AluJb	TRUE	Alu	UTR3
chr8:43020843:A:G	chr8:43020843:A:G	A:G	HOOK3	UTR3	unknown	A;G;+;A||R||D;ALU;-;SINE/AluSq2;UTR3;HOOK3;-;-;UTR3;HOOK3;-;-;UTR3;HOOK3;-;-;-;1815;30;55	Name=AluSq2	TRUE	Alu	UTR3
chr8:43020845:A:G	chr8:43020845:A:G	A:G	HOOK3	UTR3	unknown	A;G;+;A||R||D;ALU;-;SINE/AluSq2;UTR3;HOOK3;-;-;UTR3;HOOK3;-;-;UTR3;HOOK3;-;-;-;1339;30;55	Name=AluSq2	TRUE	Alu	UTR3
chr8:56013533:A:G	chr8:56013533:A:G	A:G	LYN	UTR3	unknown	A;G;+;A||R;ALU;-;SINE/AluSx;ncRNA_exonic;RP11-446E9.2;-;-;intergenic;LYN||RPS20;-;-;intergenic;LYN||RPS20;-;-;-;126;8;11	Name=AluSx	TRUE	Alu	UTR3
chr8:6643430:A:G	chr8:6643430:T:C	A:G	MCPH1-AS1	ncRNA
intronic	unknown	A;G;+;A||R;ALU;-;SINE/AluSx;ncRNA_intronic;CTD-2541M15.1;-;-;ncRNA_intronic;MCPH1-AS1;-;-;UTR3;MCPH1;-;-;-;1824;30;55	Name=AluSx	TRUE	Alu	ncRNA
chr8:81521674:T:C	chr8:81521674:A:G	A:G	FABP12	downstream	unknown	.	.	FALSE	None	downstream
chr8:106696872:T:C	chr8:106696872:T:C	A:G	OXR1	intronic	unknown	.	.	FALSE	None	intronic
chr8:106696880:T:C	chr8:106696880:T:C	A:G	OXR1	intronic	unknown	.	.	FALSE	None	intronic
chr8:106697318:G:A	chr8:106697318:G:A	C:T	OXR1	intronic	unknown	.	.	FALSE	None	intronic
chr8:106697326:A:G	chr8:106697326:A:G	A:G	OXR1	intronic	unknown	.	.	FALSE	None	intronic
chr8:11842704:T:C	chr8:11842704:A:G	A:G	CTSB	UTR3	unknown	T;C;-;A||R||D;ALU;-;SINE/AluSq2;UTR3;CTSB;-;-;UTR3;CTSB;-;-;UTR3;CTSB;-;-;-;2370;30;54	Name=AluSq2	TRUE	Alu	UTR3
chr8:11842742:T:C	chr8:11842742:A:G	A:G	CTSB	UTR3	unknown	T;C;-;A||R||D;ALU;-;SINE/AluSq2;UTR3;CTSB;-;-;UTR3;CTSB;-;-;UTR3;CTSB;-;-;-;1748;30;54	Name=AluSq2	TRUE	Alu	UTR3
chr8:11842910:T:C	chr8:11842910:A:G	A:G	CTSB	UTR3	unknown	T;C;-;A||R||D;ALU;rs778278521;SINE/AluSq2;UTR3;CTSB;-;-;UTR3;CTSB;-;-;UTR3;CTSB;-;-;-;1463;30;54	Name=AluSq2	TRUE	Alu	UTR3
chr8:11843087:T:C	chr8:11843087:A:G	A:G	CTSB	UTR3	unknown	T;C;-;A||R||D;ALU;-;SINE/AluSg;UTR3;CTSB;-;-;UTR3;CTSB;-;-;UTR3;CTSB;-;-;-;1941;30;55	Name=AluSg	TRUE	Alu	UTR3
chr8:11843228:T:C	chr8:11843228:A:G	A:G	CTSB	UTR3	unknown	T;C;-;A||R||D;ALU;-;SINE/AluSg;UTR3;CTSB;-;-;UTR3;CTSB;-;-;UTR3;CTSB;-;-;-;2540;30;55	Name=AluSg	TRUE	Alu	UTR3
chr8:11843786:T:C	chr8:11843786:A:G	A:G	CTSB	UTR3	unknown	T;C;-;A||R||D;ALU;-;SINE/AluSx1;UTR3;CTSB;-;-;UTR3;CTSB;-;-;UTR3;CTSB;-;-;-;2541;30;55	Name=AluSx1	TRUE	Alu	UTR3
chr8:11844000:T:C	chr8:11844000:A:G	A:G	CTSB	UTR3	unknown	T;C;-;A||R||D;ALU;-;SINE/AluSx1;UTR3;CTSB;-;-;UTR3;CTSB;-;-;UTR3;CTSB;-;-;-;2547;30;55	Name=AluSx1	TRUE	Alu	UTR3
chr8:11854677:T:C	chr8:11854677:A:G	A:G	CTSB	intronic	unknown	T;C;-;A||R||D;ALU;-;SINE/AluSx;intronic;CTSB;-;-;intronic;CTSB;-;-;intronic;CTSB;-;-;-;115;18;24	Name=AluSx	TRUE	Alu	intronic
chr8:11857175:T:C	chr8:11857175:A:G	A:G	CTSB	intronic	unknown	T;C;-;A||R||D;ALU;-;SINE/AluSz6;intronic;CTSB;-;-;intronic;CTSB;-;-;intronic;CTSB;-;-;-;282;24;34	Name=AluSz6	TRUE	Alu	intronic
chr8:11857260:T:C	chr8:11857260:A:G	A:G	CTSB	intronic	unknown	T;C;-;A||R||D;ALU;-;SINE/AluSz6;intronic;CTSB;-;-;intronic;CTSB;-;-;intronic;CTSB;-;-;-;321;27;40	Name=AluSz6	TRUE	Alu	intronic
chr8:11858433:T:C	chr8:11858433:A:G	A:G	CTSB	intronic	unknown	T;C;-;A||R||D;ALU;-;SINE/AluJb;intronic;CTSB;-;-;intronic;CTSB;-;-;intronic;CTSB;-;-;-;186;23;34	Name=AluJb	TRUE	Alu	intronic
chr8:11858569:T:C	chr8:11858569:A:G	A:G	CTSB	intronic	unknown	T;C;-;A||R;ALU;-;SINE/AluJb;intronic;CTSB;-;-;intronic;CTSB;-;-;intronic;CTSB;-;-;-;174;19;31	Name=AluJb	TRUE	Alu	intronic
chr8:130354119:T:C	chr8:130354119:A:G	A:G	ASAP1	intronic	unknown	T;C;-;A||R||D;ALU;-;SINE/AluY;intronic;ASAP1;-;-;intronic;ASAP1;-;-;intronic;ASAP1;-;-;-;22;8;8	Name=AluYm1	TRUE	Alu	intronic
chr8:21995564:T:C	chr8:21995564:T:C	A:G	XPO7	exonic	synonymous SNV	.	.	FALSE	None	exonic
chr8:30679066:T:C	chr8:30679066:A:G	A:G	GSR	UTR3	unknown	T;C;-;A||R||D;ALU;-;SINE/AluSp;UTR3;GSR;-;-;UTR3;GSR;-;-;UTR3;GSR;-;-;-;1960;30;55	Name=AluSp	TRUE	Alu	UTR3
chr8:34874474:T:C	chr8:34874474:T:C	A:G	LINC01288	downstream	unknown	.	.	FALSE	None	downstream
chr8:38970748:A:G	chr8:38970748:A:G	A:G	PLEKHA2	UTR3	unknown	A;G;+;A||R||D;ALU;-;SINE/AluSq2;ncRNA_intronic;CTD-2544N14.3;-;-;UTR3;PLEKHA2;-;-;UTR3;PLEKHA2;-;-;-;1825;30;55	Name=AluSq2	TRUE	Alu	UTR3
chr8:43020593:A:G	chr8:43020593:A:G	A:G	HOOK3	UTR3	unknown	A;G;+;A||R||D;ALU;-;SINE/AluSz;UTR3;HOOK3;-;-;UTR3;HOOK3;-;-;UTR3;HOOK3;-;-;-;696;29;49	Name=AluSz	TRUE	Alu	UTR3
chr8:43020646:A:G	chr8:43020646:A:G	A:G	HOOK3	UTR3	unknown	A;G;+;A||R||D;ALU;-;SINE/AluSz;UTR3;HOOK3;-;-;UTR3;HOOK3;-;-;UTR3;HOOK3;-;-;-;1326;30;54	Name=AluSz	TRUE	Alu	UTR3
chr8:43020671:A:G	chr8:43020671:A:G	A:G	HOOK3	UTR3	unknown	A;G;+;A||R||D;ALU;-;SINE/AluSz;UTR3;HOOK3;-;-;UTR3;HOOK3;-;-;UTR3;HOOK3;-;-;-;1509;30;54	Name=AluSz	TRUE	Alu	UTR3
chr8:43020837:A:G	chr8:43020837:A:G	A:G	HOOK3	UTR3	unknown	A;G;+;A||R||D;ALU;-;SINE/AluSq2;UTR3;HOOK3;-;-;UTR3;HOOK3;-;-;UTR3;HOOK3;-;-;-;1604;30;55	Name=AluSq2	TRUE	Alu	UTR3
chr8:43020846:A:G	chr8:43020846:A:G	A:G	HOOK3	UTR3	unknown	A;G;+;A||R||D;ALU;-;SINE/AluSq2;UTR3;HOOK3;-;-;UTR3;HOOK3;-;-;UTR3;HOOK3;-;-;-;1483;30;55	Name=AluSq2	TRUE	Alu	UTR3
chr8:43020925:A:G	chr8:43020925:A:G	A:G	HOOK3	UTR3	unknown	A;G;+;A||R||D;ALU;-;SINE/AluSq2;UTR3;HOOK3;-;-;UTR3;HOOK3;-;-;UTR3;HOOK3;-;-;-;672;30;55	Name=AluSq2	TRUE	Alu	UTR3
chr8:43020955:A:G	chr8:43020955:A:G	A:G	HOOK3	UTR3	unknown	A;G;+;A||R||D;ALU;-;SINE/AluSq2;UTR3;HOOK3;-;-;UTR3;HOOK3;-;-;UTR3;HOOK3;-;-;-;1471;30;55	Name=AluSq2	TRUE	Alu	UTR3
chr8:43020981:A:G	chr8:43020981:A:G	A:G	HOOK3	UTR3	unknown	A;G;+;A||R||D;ALU;-;SINE/AluSq2;UTR3;HOOK3;-;-;UTR3;HOOK3;-;-;UTR3;HOOK3;-;-;-;1387;30;55	Name=AluSq2	TRUE	Alu	UTR3
chr8:43021403:A:G	chr8:43021403:A:G	A:G	HOOK3	UTR3	unknown	A;G;+;A||R||D;ALU;-;SINE/AluSg;UTR3;HOOK3;-;-;UTR3;HOOK3;-;-;UTR3;HOOK3;-;-;-;931;30;53	Name=AluSg	TRUE	Alu	UTR3
chr8:43021404:A:G	chr8:43021404:A:G	A:G	HOOK3	UTR3	unknown	A;G;+;A||R||D;ALU;-;SINE/AluSg;UTR3;HOOK3;-;-;UTR3;HOOK3;-;-;UTR3;HOOK3;-;-;-;1015;30;53	Name=AluSg	TRUE	Alu	UTR3
chr8:43021486:A:G	chr8:43021486:A:G	A:G	HOOK3	UTR3	unknown	A;G;+;A||R;ALU;-;SINE/AluSg;UTR3;HOOK3;-;-;UTR3;HOOK3;-;-;UTR3;HOOK3;-;-;-;1029;30;54	Name=AluSg	TRUE	Alu	UTR3
chr8:43021575:A:G	chr8:43021575:A:G	A:G	HOOK3	UTR3	unknown	A;G;+;A||R||D;ALU;-;SINE/AluSg;UTR3;HOOK3;-;-;UTR3;HOOK3;-;-;UTR3;HOOK3;-;-;-;1174;30;54	Name=AluSg	TRUE	Alu	UTR3
chr8:43021854:A:G	chr8:43021854:A:G	A:G	HOOK3	UTR3	unknown	A;G;+;A||R||D;ALU;-;SINE/AluY;UTR3;HOOK3;-;-;UTR3;HOOK3;-;-;UTR3;HOOK3;-;-;-;506;30;47	Name=AluY	TRUE	Alu	UTR3
chr8:43021876:A:G	chr8:43021876:A:G	A:G	HOOK3	UTR3	unknown	A;G;+;A||R||D;ALU;-;SINE/AluY;UTR3;HOOK3;-;-;UTR3;HOOK3;-;-;UTR3;HOOK3;-;-;-;428;26;42	Name=AluY	TRUE	Alu	UTR3
chr8:43021943:A:G	chr8:43021943:A:G	A:G	HOOK3	UTR3	unknown	A;G;+;A||R||D;ALU;-;SINE/AluY;UTR3;HOOK3;-;-;UTR3;HOOK3;-;-;UTR3;HOOK3;-;-;-;926;30;52	Name=AluY	TRUE	Alu	UTR3
chr8:55891232:A:G	chr8:55891232:A:G	A:G	LYN	intronic	unknown	A;G;+;A||R||D;ALU;-;SINE/AluSp;intronic;LYN;-;-;intronic;LYN;-;-;intronic;LYN;-;-;-;12;4;4	Name=AluSp	TRUE	Alu	intronic
chr8:55896173:A:G	chr8:55896173:A:G	A:G	LYN	intronic	unknown	A;G;+;A||R||D;ALU;-;SINE/AluJr;intronic;LYN;-;-;intronic;LYN;-;-;intronic;LYN;-;-;-;16;4;4	Name=AluJr	TRUE	Alu	intronic
chr8:55906537:A:G	chr8:55906537:A:G	A:G	LYN	intronic	unknown	A;G;+;A||R||D;ALU;-;SINE/AluSx1;intronic;LYN;-;-;intronic;LYN;-;-;intronic;LYN;-;-;-;9;5;5	Name=AluSx1	TRUE	Alu	intronic
chr8:55917030:A:G	chr8:55917030:A:G	A:G	LYN	intronic	unknown	A;G;+;A||R||D;ALU;-;SINE/AluSz6;intronic;LYN;-;-;intronic;LYN;-;-;intronic;LYN;-;-;-;8;4;5	Name=AluSz6	TRUE	Alu	intronic
chr8:55917057:A:G	chr8:55917057:A:G	A:G	LYN	intronic	unknown	A;G;+;A||R||D;ALU;-;SINE/AluSz6;intronic;LYN;-;-;intronic;LYN;-;-;intronic;LYN;-;-;-;4;2;2	Name=AluSz6	TRUE	Alu	intronic
chr8:55987251:A:G	chr8:55987251:A:G	A:G	LYN	intronic	unknown	A;G;+;A||R||D;ALU;rs757838398;SINE/AluSx1;intronic;LYN;-;-;intronic;LYN;-;-;intronic;LYN;-;-;-;14;5;6	Name=AluSx1	TRUE	Alu	intronic
chr8:55987266:A:G	chr8:55987266:A:G	A:G	LYN	intronic	unknown	A;G;+;A||R||D;ALU;-;SINE/AluSx1;intronic;LYN;-;-;intronic;LYN;-;-;intronic;LYN;-;-;-;18;3;4	Name=AluSx1	TRUE	Alu	intronic
chr8:56012596:A:G	chr8:56012596:A:G	A:G	LYN	UTR3	unknown	A;G;+;A||R;ALU;-;SINE/AluJr;upstream;RP11-446E9.2;-;-;downstream;LYN;-;-;downstream;LYN;-;-;-;89;5;6	Name=AluJr	TRUE	Alu	UTR3
chr8:65730279:T:C	chr8:65730279:A:G	A:G	PDE7A	intronic	unknown	T;C;-;A||R||D;ALU;-;SINE/AluSp;intronic;PDE7A;-;-;intronic;PDE7A;-;-;intronic;PDE7A;-;-;-;387;26;42	Name=AluSp	TRUE	Alu	intronic
chr8:65730283:T:C	chr8:65730283:A:G	A:G	PDE7A	intronic	unknown	T;C;-;A||R||D;ALU;-;SINE/AluSp;intronic;PDE7A;-;-;intronic;PDE7A;-;-;intronic;PDE7A;-;-;-;480;26;44	Name=AluSp	TRUE	Alu	intronic
chr8:65730286:T:C	chr8:65730286:A:G	A:G	PDE7A	intronic	unknown	T;C;-;A||R||D;ALU;-;SINE/AluSp;intronic;PDE7A;-;-;intronic;PDE7A;-;-;intronic;PDE7A;-;-;-;371;26;43	Name=AluSp	TRUE	Alu	intronic
chr8:65737074:T:C	chr8:65737074:A:G	A:G	PDE7A	intronic	unknown	T;C;-;A||R||D;ALU;-;SINE/AluJb;intronic;PDE7A;-;-;intronic;PDE7A;-;-;intronic;PDE7A;-;-;-;138;23;27	Name=AluJb	TRUE	Alu	intronic
chr8:106697487:G:A	chr8:106697487:G:A	C:T	OXR1	intronic	unknown	.	.	FALSE	None	intronic
chr8:65736950:T:C	chr8:65736950:A:G	A:G	PDE7A	intronic	unknown	T;C;-;A||R||D;ALU;-;SINE/AluSx;intronic;PDE7A;-;-;intronic;PDE7A;-;-;intronic;PDE7A;-;-;-;72;13;15	Name=AluSx3	TRUE	Alu	intronic
chr8:16108146:T:C	chr8:16108146:A:G	A:G	MSR1	UTR3	unknown	T;C;-;R;REP;-;Simple_repeat/(TAA)n;UTR3;MSR1;-;-;UTR3;MSR1;-;-;UTR3;MSR1;-;-;-;267;26;35	Name=(GTTAATA)n	TRUE	Simple
repeat	UTR3
chr8:16108193:T:C	chr8:16108193:A:G	A:G	MSR1	UTR3	unknown	T;C;-;R||D;REP;-;Simple_repeat/(TAA)n;UTR3;MSR1;-;-;UTR3;MSR1;-;-;UTR3;MSR1;-;-;-;240;21;34	Name=(TAGTAC)n	TRUE	Simple
repeat	UTR3
chr8:18075099:C:T	chr8:18075099:G:A	C:T	ASAH1	intronic	unknown	.	Name=AluY	FALSE	Alu	intronic
chr8:18075101:T:C	chr8:18075101:A:G	A:G	ASAH1	intronic	unknown	.	Name=AluY	FALSE	Alu	intronic
chr8:23163241:T:C	chr8:23163241:A:G	A:G	TNFRSF10D	intronic	unknown	T;C;-;R;ALU;-;SINE/AluSq2;intronic;TNFRSF10D;-;-;intronic;TNFRSF10D;-;-;intronic;TNFRSF10D;-;-;-;1;1;1	Name=AluSq2	TRUE	Alu	intronic
chr8:23163267:T:C	chr8:23163267:A:G	A:G	TNFRSF10D	intronic	unknown	T;C;-;R;ALU;-;SINE/AluSq2;intronic;TNFRSF10D;-;-;intronic;TNFRSF10D;-;-;intronic;TNFRSF10D;-;-;-;4;3;3	Name=AluSq2	TRUE	Alu	intronic
chr8:38972320:A:G	chr8:38972320:A:G	A:G	PLEKHA2	UTR3	unknown	A;G;+;A||R||D;ALU;-;SINE/AluJr4;ncRNA_intronic;CTD-2544N14.3;-;-;UTR3;PLEKHA2;-;-;UTR3;PLEKHA2;-;-;-;2399;30;55	Name=AluJr4	TRUE	Alu	UTR3
chr8:55906540:A:G	chr8:55906540:A:G	A:G	LYN	intronic	unknown	A;G;+;A||R||D;ALU;-;SINE/AluSx1;intronic;LYN;-;-;intronic;LYN;-;-;intronic;LYN;-;-;-;9;4;4	Name=AluSx1	TRUE	Alu	intronic
chr8:55943455:A:G	chr8:55943455:A:G	A:G	LYN	intronic	unknown	A;G;+;A||R;ALU;-;SINE/AluSg;intronic;LYN;-;-;intronic;LYN;-;-;intronic;LYN;-;-;-;22;3;4	Name=AluSx4	TRUE	Alu	intronic
chr8:65730345:T:C	chr8:65730345:A:G	A:G	PDE7A	intronic	unknown	T;C;-;A||R||D;ALU;-;SINE/AluSp;intronic;PDE7A;-;-;intronic;PDE7A;-;-;intronic;PDE7A;-;-;-;515;26;45	Name=AluSp	TRUE	Alu	intronic
chr8:65737094:T:C	chr8:65737094:A:G	A:G	PDE7A	intronic	unknown	T;C;-;A||R||D;ALU;-;SINE/AluJb;intronic;PDE7A;-;-;intronic;PDE7A;-;-;intronic;PDE7A;-;-;-;154;23;28	Name=AluJb	TRUE	Alu	intronic
chr8:11842709:T:C	chr8:11842709:A:G	A:G	CTSB	UTR3	unknown	T;C;-;A||R||D;ALU;-;SINE/AluSq2;UTR3;CTSB;-;-;UTR3;CTSB;-;-;UTR3;CTSB;-;-;-;2197;30;54	Name=AluSq2	TRUE	Alu	UTR3
chr8:130354162:T:C	chr8:130354162:A:G	A:G	ASAP1	intronic	unknown	T;C;-;A||R;ALU;-;SINE/AluY;intronic;ASAP1;-;-;intronic;ASAP1;-;-;intronic;ASAP1;-;-;-;14;8;8	Name=AluYm1	TRUE	Alu	intronic
chr8:43020939:A:G	chr8:43020939:A:G	A:G	HOOK3	UTR3	unknown	A;G;+;A||R||D;ALU;-;SINE/AluSq2;UTR3;HOOK3;-;-;UTR3;HOOK3;-;-;UTR3;HOOK3;-;-;-;13;6;6	Name=AluSq2	TRUE	Alu	UTR3
chr8:43021034:A:G	chr8:43021034:A:G	A:G	HOOK3	UTR3	unknown	A;G;+;A||R||D;ALU;-;SINE/AluSq2;UTR3;HOOK3;-;-;UTR3;HOOK3;-;-;UTR3;HOOK3;-;-;-;1450;30;55	Name=AluSq2	TRUE	Alu	UTR3
chr8:55917333:A:G	chr8:55917333:A:G	A:G	LYN	intronic	unknown	A;G;+;A||R;ALU;-;SINE/AluJo;intronic;LYN;-;-;intronic;LYN;-;-;intronic;LYN;-;-;-;6;4;4	Name=AluJo	TRUE	Alu	intronic
chr8:65730909:T:C	chr8:65730909:A:G	A:G	PDE7A	intronic	unknown	T;C;-;A||R||D;ALU;-;SINE/AluSz;intronic;PDE7A;-;-;intronic;PDE7A;-;-;intronic;PDE7A;-;-;-;616;30;48	Name=AluSz	TRUE	Alu	intronic
chr8:101369289:T:C	chr8:101369289:T:C	A:G	NACA4P	ncRNA
exonic	unknown	.	.	FALSE	None	ncRNA
chr8:106697950:C:T	chr8:106697950:C:T	C:T	OXR1	intronic	unknown	.	.	FALSE	None	intronic
chr8:106697978:T:C	chr8:106697978:T:C	A:G	OXR1	intronic	unknown	.	.	FALSE	None	intronic
chr8:43020458:A:G	chr8:43020458:A:G	A:G	HOOK3	UTR3	unknown	A;G;+;A||R||D;ALU;-;SINE/AluSz;UTR3;HOOK3;-;-;UTR3;HOOK3;-;-;UTR3;HOOK3;-;-;-;1010;30;55	Name=AluSz	TRUE	Alu	UTR3
chr8:43020529:A:G	chr8:43020529:A:G	A:G	HOOK3	UTR3	unknown	A;G;+;A||R||D;ALU;-;SINE/AluSz;UTR3;HOOK3;-;-;UTR3;HOOK3;-;-;UTR3;HOOK3;-;-;-;508;30;49	Name=AluSz	TRUE	Alu	UTR3
chr8:43020583:A:G	chr8:43020583:A:G	A:G	HOOK3	UTR3	unknown	A;G;+;A||R||D;ALU;-;SINE/AluSz;UTR3;HOOK3;-;-;UTR3;HOOK3;-;-;UTR3;HOOK3;-;-;-;376;29;45	Name=AluSz	TRUE	Alu	UTR3
chr8:43020603:A:G	chr8:43020603:A:G	A:G	HOOK3	UTR3	unknown	A;G;+;A||R||D;ALU;-;SINE/AluSz;UTR3;HOOK3;-;-;UTR3;HOOK3;-;-;UTR3;HOOK3;-;-;-;588;29;51	Name=AluSz	TRUE	Alu	UTR3
chr8:43020639:A:G	chr8:43020639:A:G	A:G	HOOK3	UTR3	unknown	A;G;+;A||R||D;ALU;-;SINE/AluSz;UTR3;HOOK3;-;-;UTR3;HOOK3;-;-;UTR3;HOOK3;-;-;-;1283;30;55	Name=AluSz	TRUE	Alu	UTR3
chr8:97729189:A:G	chr8:97729189:A:G	A:G	MTDH	UTR3	unknown	A;G;+;A||R||D;ALU;-;SINE/AluJo;downstream;MTDH;-;-;UTR3;MTDH;-;-;UTR3;MTDH;-;-;-;2093;30;55	Name=AluJo	TRUE	Alu	UTR3
chr8:11857161:T:C	chr8:11857161:A:G	A:G	CTSB	intronic	unknown	T;C;-;A||R;ALU;-;SINE/AluSz6;intronic;CTSB;-;-;intronic;CTSB;-;-;intronic;CTSB;-;-;-;182;22;29	Name=AluSz6	TRUE	Alu	intronic
chr8:38972447:A:G	chr8:38972447:A:G	A:G	PLEKHA2	UTR3	unknown	A;G;+;A||R||D;ALU;-;SINE/AluJr4;ncRNA_exonic;CTD-2544N14.3;-;-;UTR3;PLEKHA2;-;-;UTR3;PLEKHA2;-;-;-;2169;30;55	Name=AluJr4	TRUE	Alu	UTR3
chr8:55932604:A:G	chr8:55932604:A:G	A:G	LYN	intronic	unknown	A;G;+;R||D;ALU;-;SINE/AluSx;intronic;LYN;-;-;intronic;LYN;-;-;intronic;LYN;-;-;-;31;2;2	Name=AluSx	TRUE	Alu	intronic
chr8:65737630:T:C	chr8:65737630:A:G	A:G	PDE7A	intronic	unknown	T;C;-;A||R||D;ALU;-;SINE/AluSz;intronic;PDE7A;-;-;intronic;PDE7A;-;-;intronic;PDE7A;-;-;-;305;24;34	Name=AluSz	TRUE	Alu	intronic
chr8:43021798:A:G	chr8:43021798:A:G	A:G	HOOK3	UTR3	unknown	A;G;+;A||R;ALU;-;SINE/AluY;UTR3;HOOK3;-;-;UTR3;HOOK3;-;-;UTR3;HOOK3;-;-;-;136;20;27	Name=AluY	TRUE	Alu	UTR3
chr8:55903869:A:G	chr8:55903869:A:G	A:G	LYN	intronic	unknown	A;G;+;A||R||D;ALU;-;SINE/AluJb;intronic;LYN;-;-;intronic;LYN;-;-;intronic;LYN;-;-;-;13;6;6	Name=AluJb	TRUE	Alu	intronic
chr8:96506757:A:G	chr8:96506757:A:G	A:G	SDC2	intronic	unknown	A;G;+;A;ALU;-;SINE/AluY;intronic;SDC2;-;-;intronic;SDC2;-;-;intronic;SDC2;-;-;-;5;3;3	Name=AluY	TRUE	Alu	intronic
chr8:101369399:G:A	chr8:101369399:G:A	C:T	NACA4P	ncRNA
exonic	unknown	.	.	FALSE	None	ncRNA
chr8:106697286:T:C	chr8:106697286:T:C	A:G	OXR1	intronic	unknown	.	.	FALSE	None	intronic
chr8:107984407:A:G	chr8:107984407:T:C	A:G	RSPO2	intronic	unknown	.	.	FALSE	None	intronic
chr8:144995628:G:A	chr8:144995628:G:A	C:T	TMED10P1	ncRNA
exonic	unknown	.	.	FALSE	None	ncRNA
chr8:43020528:A:G	chr8:43020528:A:G	A:G	HOOK3	UTR3	unknown	A;G;+;A||R||D;ALU;-;SINE/AluSz;UTR3;HOOK3;-;-;UTR3;HOOK3;-;-;UTR3;HOOK3;-;-;-;448;28;47	Name=AluSz	TRUE	Alu	UTR3
chr8:43020553:A:G	chr8:43020553:A:G	A:G	HOOK3	UTR3	unknown	A;G;+;A||R||D;ALU;-;SINE/AluSz;UTR3;HOOK3;-;-;UTR3;HOOK3;-;-;UTR3;HOOK3;-;-;-;436;28;50	Name=AluSz	TRUE	Alu	UTR3
chr8:43020567:A:G	chr8:43020567:A:G	A:G	HOOK3	UTR3	unknown	A;G;+;A||R||D;ALU;-;SINE/AluSz;UTR3;HOOK3;-;-;UTR3;HOOK3;-;-;UTR3;HOOK3;-;-;-;574;30;53	Name=AluSz	TRUE	Alu	UTR3
chr8:55932522:A:G	chr8:55932522:A:G	A:G	LYN	intronic	unknown	A;G;+;A||R||D;ALU;-;SINE/AluSx;intronic;LYN;-;-;intronic;LYN;-;-;intronic;LYN;-;-;-;33;2;3	Name=AluSx	TRUE	Alu	intronic
chr8:43023095:A:G	chr8:43023095:A:G	A:G	HOOK3	UTR3	unknown	A;G;+;A||R||D;ALU;-;SINE/AluSx1;UTR3;HOOK3;-;-;UTR3;HOOK3;-;-;UTR3;HOOK3;-;-;-;734;30;51	Name=AluSx1	TRUE	Alu	UTR3
chr8:55932563:A:G	chr8:55932563:A:G	A:G	LYN	intronic	unknown	A;G;+;R||D;ALU;-;SINE/AluSx;intronic;LYN;-;-;intronic;LYN;-;-;intronic;LYN;-;-;-;20;1;1	Name=AluSx	TRUE	Alu	intronic
chr8:35524470:A:G	chr8:35524470:A:G	A:G	UNC5D	intronic	unknown	.	.	FALSE	None	intronic
chr8:11852186:T:C	chr8:11852186:A:G	A:G	CTSB	intronic	unknown	T;C;-;A||R||D;ALU;-;SINE/AluSz6;intronic;CTSB;-;-;intronic;CTSB;-;-;intronic;CTSB;-;-;-;461;29;47	Name=AluSz6	TRUE	Alu	intronic
chr8:55934064:A:G	chr8:55934064:A:G	A:G	LYN	intronic	unknown	A;G;+;R||D;ALU;-;SINE/AluSg;intronic;LYN;-;-;intronic;LYN;-;-;intronic;LYN;-;-;-;4;1;1	Name=AluSx4	TRUE	Alu	intronic
chr8:144974357:T:C	chr8:144974357:A:G	A:G	ZNF252P	ncRNA
exonic	unknown	T;C;-;A||R||D;ALU;-;SINE/AluJr4;ncRNA_exonic;ZNF252P;-;-;ncRNA_exonic;ZNF252P;-;-;UTR3;ZNF252P;-;-;-;2114;30;55	Name=AluJr4	TRUE	Alu	ncRNA
chr8:16108226:T:C	chr8:16108226:A:G	A:G	MSR1	UTR3	unknown	T;C;-;R;REP;-;Simple_repeat/(TAA)n;UTR3;MSR1;-;-;UTR3;MSR1;-;-;UTR3;MSR1;-;-;-;154;18;26	Name=(TAGTAC)n	TRUE	Simple
repeat	UTR3
chr8:18075054:G:A	chr8:18075054:C:T	C:T	ASAH1	intronic	unknown	.	Name=AluY	FALSE	Alu	intronic
chr8:11856491:T:C	chr8:11856491:A:G	A:G	CTSB	intronic	unknown	T;C;-;A||R||D;ALU;-;SINE/AluSx;intronic;CTSB;-;-;intronic;CTSB;-;-;intronic;CTSB;-;-;-;254;25;37	Name=AluSx	TRUE	Alu	intronic
chr8:89935615:G:A	chr8:89935615:C:T	C:T	NBN	intronic	unknown	.	.	FALSE	None	intronic
chr8:89780074:G:A	chr8:89780074:G:A	C:T	RIPK2	splicing	unknown	.	.	FALSE	None	splicing
chr8:38972235:A:G	chr8:38972235:A:G	A:G	PLEKHA2	UTR3	unknown	A;G;+;A||R||D;ALU;-;SINE/AluJr4;ncRNA_intronic;CTD-2544N14.3;-;-;UTR3;PLEKHA2;-;-;UTR3;PLEKHA2;-;-;-;2292;30;55	Name=AluJr4	TRUE	Alu	UTR3
chr8:55934066:A:G	chr8:55934066:A:G	A:G	LYN	intronic	unknown	A;G;+;R||D;ALU;-;SINE/AluSg;intronic;LYN;-;-;intronic;LYN;-;-;intronic;LYN;-;-;-;4;1;1	Name=AluSx4	TRUE	Alu	intronic
chr9:112684505:T:C	chr9:112684505:A:G	A:G	INIP	UTR3	unknown	T;C;-;A||R;ALU;-;SINE/AluJr;UTR3;INIP;-;-;intergenic;KIAA1958||INIP;-;-;intergenic;KIAA1958||INIP;-;-;-;2361;30;55	Name=AluJr	TRUE	Alu	UTR3
chr9:112686634:T:C	chr9:112686634:A:G	A:G	INIP	UTR3	unknown	T;C;-;A||R;ALU;-;SINE/AluSz;UTR3;INIP;-;-;UTR3;INIP;-;-;UTR3;INIP;-;-;-;1437;30;55	Name=AluSz	TRUE	Alu	UTR3
chr9:112686770:T:C	chr9:112686770:A:G	A:G	INIP	UTR3	unknown	T;C;-;A||R;ALU;-;SINE/AluSz;UTR3;INIP;-;-;UTR3;INIP;-;-;UTR3;INIP;-;-;-;1494;30;55	Name=AluSz	TRUE	Alu	UTR3
chr9:113410348:T:C	chr9:113410348:A:G	A:G	POLE3	UTR5	unknown	.	.	FALSE	None	UTR5
chr9:125273757:A:G	chr9:125273757:A:G	A:G	GAPVD1	intronic	unknown	.	.	FALSE	None	intronic
chr9:127815808:T:C	chr9:127815808:A:G	A:G	ENG	splicing	unknown	.	.	FALSE	None	splicing
chr9:128309254:T:C	chr9:128309254:A:G	A:G	TRUB2	UTR3	unknown	T;C;-;A||R||D;REP;-;SINE/FAM;UTR3;TRUB2;-;-;UTR3;TRUB2;-;-;UTR3;TRUB2;-;-;-;2316;30;54	Name=FAM	TRUE	Other	UTR3
chr9:129504233:A:G	chr9:129504233:A:G	A:G	LINC00963	ncRNA
intronic	unknown	A;G;+;A||R;ALU;-;SINE/AluSx;ncRNA_exonic;LINC00963;-;-;ncRNA_intronic;LINC00963;-;-;ncRNA_exonic;LOC100506190;-;-;-;528;30;50	Name=AluSx	TRUE	Alu	ncRNA
chr9:129504234:A:G	chr9:129504234:A:G	A:G	LINC00963	ncRNA
intronic	unknown	A;G;+;A||R;ALU;-;SINE/AluSx;ncRNA_exonic;LINC00963;-;-;ncRNA_intronic;LINC00963;-;-;ncRNA_exonic;LOC100506190;-;-;-;551;30;52	Name=AluSx	TRUE	Alu	ncRNA
chr9:133159099:T:C	chr9:133159099:A:G	A:G	GBGT1	intronic	unknown	T;C;-;A||R||D;ALU;-;SINE/AluSz;intronic;GBGT1||RALGDS;-;-;intronic;GBGT1;-;-;intronic;GBGT1||RALGDS;-;-;-;303;27;43	Name=AluSz	TRUE	Alu	intronic
chr9:134911130:C:T	chr9:134911130:G:A	C:T	FCN1	intronic	unknown	.	.	FALSE	None	intronic
chr9:32456318:T:C	chr9:32456318:A:G	A:G	DDX58	UTR3	unknown	T;C;-;A||R||D;NONREP;-;-/-;UTR3;DDX58;-;-;UTR3;DDX58;-;-;UTR3;DDX58;-;-;-;2179;30;55	.	TRUE	None	UTR3
chr9:32456320:T:C	chr9:32456320:A:G	A:G	DDX58	UTR3	unknown	T;C;-;A||R||D;NONREP;-;-/-;UTR3;DDX58;-;-;UTR3;DDX58;-;-;UTR3;DDX58;-;-;-;1806;30;54	.	TRUE	None	UTR3
chr9:32456367:T:C	chr9:32456367:A:G	A:G	DDX58	UTR3	unknown	T;C;-;A||R||D;NONREP;-;-/-;UTR3;DDX58;-;-;UTR3;DDX58;-;-;UTR3;DDX58;-;-;-;1855;30;55	.	TRUE	None	UTR3
chr9:32456370:T:C	chr9:32456370:A:G	A:G	DDX58	UTR3	unknown	T;C;-;A||R||D;NONREP;-;-/-;UTR3;DDX58;-;-;UTR3;DDX58;-;-;UTR3;DDX58;-;-;-;1308;30;54	.	TRUE	None	UTR3
chr9:76399481:G:A	chr9:76399481:G:A	C:T	RPSAP9	ncRNA
exonic	unknown	.	.	FALSE	None	ncRNA
chr9:98217915:T:C	chr9:98217915:A:G	A:G	TBC1D2	intronic	unknown	T;C;-;A||R||D;ALU;-;SINE/AluJo;intronic;TBC1D2;-;-;intronic;TBC1D2;-;-;intronic;TBC1D2;-;-;-;108;13;24	Name=AluJo	TRUE	Alu	intronic
chr9:110246029:T:C	chr9:110246029:A:G	A:G	TXN	intronic	unknown	T;C;-;A||R||D;ALU;-;SINE/AluSx;intronic;TXN;-;-;intronic;TXN;-;-;intronic;TXN;-;-;-;966;30;51	Name=AluSx	TRUE	Alu	intronic
chr9:112880117:A:G	chr9:112880117:T:C	A:G	SLC46A2	intronic	unknown	A;G;+;R;ALU;-;SINE/AluSx1;intronic;SLC46A2;-;-;intronic;SLC46A2;-;-;intronic;SLC46A2;-;-;-;335;22;38	Name=AluSx1	TRUE	Alu	intronic
chr9:112880166:A:G	chr9:112880166:T:C	A:G	SLC46A2	intronic	unknown	A;G;+;A||R;ALU;-;SINE/AluSx1;intronic;SLC46A2;-;-;intronic;SLC46A2;-;-;intronic;SLC46A2;-;-;-;217;20;26	Name=AluSx1	TRUE	Alu	intronic
chr9:121290929:A:G	chr9:121290929:A:G	A:G	GSN	intronic	unknown	A;G;+;A||R;ALU;-;SINE/AluJb;intronic;GSN;-;-;intronic;GSN;-;-;intronic;GSN;-;-;-;401;27;47	Name=AluJb	TRUE	Alu	intronic
chr9:125596734:A:G	chr9:125596734:T:C	A:G	MAPKAP1	intronic	unknown	.	.	FALSE	None	intronic
chr9:127805324:A:G	chr9:127805324:A:G	A:G	FPGS	intronic	unknown	A;G;+;A||R||D;ALU;-;SINE/AluJb;intronic;FPGS;-;-;intronic;FPGS;-;-;intronic;FPGS;-;-;-;996;30;53	Name=AluJb	TRUE	Alu	intronic
chr9:129506681:A:G	chr9:129506681:A:G	A:G	LINC00963	ncRNA
intronic	unknown	A;G;+;A||R;ALU;-;SINE/AluY;ncRNA_exonic;LINC00963;-;-;ncRNA_intronic;LINC00963;-;-;ncRNA_intronic;LOC100506190;-;-;-;1898;30;54	Name=AluYf1	TRUE	Alu	ncRNA
chr9:129506703:A:G	chr9:129506703:A:G	A:G	LINC00963	ncRNA
intronic	unknown	A;G;+;A||R||D;ALU;-;SINE/AluY;ncRNA_exonic;LINC00963;-;-;ncRNA_intronic;LINC00963;-;-;ncRNA_intronic;LOC100506190;-;-;-;1767;30;54	Name=AluYf1	TRUE	Alu	ncRNA
chr9:32573165:G:A	chr9:32573165:C:T	C:T	NDUFB6	UTR5	unknown	.	.	FALSE	None	UTR5
chr9:98217784:T:C	chr9:98217784:A:G	A:G	TBC1D2	intronic	unknown	T;C;-;A||R;ALU;-;SINE/AluJo;intronic;TBC1D2;-;-;intronic;TBC1D2;-;-;intronic;TBC1D2;-;-;-;103;14;27	Name=AluJo	TRUE	Alu	intronic
chr9:98217853:T:C	chr9:98217853:A:G	A:G	TBC1D2	intronic	unknown	T;C;-;A||R;ALU;-;SINE/AluJo;intronic;TBC1D2;-;-;intronic;TBC1D2;-;-;intronic;TBC1D2;-;-;-;159;14;31	Name=AluJo	TRUE	Alu	intronic
chr9:98218011:T:C	chr9:98218011:A:G	A:G	TBC1D2	intronic	unknown	T;C;-;A||R;ALU;-;SINE/AluJo;intronic;TBC1D2;-;-;intronic;TBC1D2;-;-;intronic;TBC1D2;-;-;-;38;10;13	Name=AluJo	TRUE	Alu	intronic
chr9:98218046:T:C	chr9:98218046:A:G	A:G	TBC1D2	intronic	unknown	T;C;-;A||R;ALU;-;SINE/AluJr4;intronic;TBC1D2;-;-;intronic;TBC1D2;-;-;intronic;TBC1D2;-;-;-;54;9;16	Name=AluJr4	TRUE	Alu	intronic
chr9:98218050:T:C	chr9:98218050:A:G	A:G	TBC1D2	intronic	unknown	T;C;-;A||R;ALU;-;SINE/AluJr4;intronic;TBC1D2;-;-;intronic;TBC1D2;-;-;intronic;TBC1D2;-;-;-;108;12;19	Name=AluJr4	TRUE	Alu	intronic
chr9:98218054:T:C	chr9:98218054:A:G	A:G	TBC1D2	intronic	unknown	T;C;-;A||R;ALU;-;SINE/AluJr4;intronic;TBC1D2;-;-;intronic;TBC1D2;-;-;intronic;TBC1D2;-;-;-;55;9;15	Name=AluJr4	TRUE	Alu	intronic
chr9:98218147:T:C	chr9:98218147:A:G	A:G	TBC1D2	intronic	unknown	T;C;-;A||R;ALU;-;SINE/AluJr4;intronic;TBC1D2;-;-;intronic;TBC1D2;-;-;intronic;TBC1D2;-;-;-;135;15;29	Name=AluJr4	TRUE	Alu	intronic
chr9:98218323:T:C	chr9:98218323:A:G	A:G	TBC1D2	intronic	unknown	T;C;-;A||R;ALU;-;SINE/AluY;intronic;TBC1D2;-;-;intronic;TBC1D2;-;-;intronic;TBC1D2;-;-;-;122;14;27	Name=AluY	TRUE	Alu	intronic
chr9:98218467:T:C	chr9:98218467:A:G	A:G	TBC1D2	intronic	unknown	T;C;-;A;ALU;-;SINE/AluY;intronic;TBC1D2;-;-;intronic;TBC1D2;-;-;intronic;TBC1D2;-;-;-;31;9;12	Name=AluY	TRUE	Alu	intronic
chr9:112685300:T:C	chr9:112685300:A:G	A:G	INIP	UTR3	unknown	T;C;-;A||R;ALU;-;SINE/AluJb;UTR3;INIP;-;-;intergenic;KIAA1958||INIP;-;-;intergenic;KIAA1958||INIP;-;-;-;2127;30;55	Name=AluJb	TRUE	Alu	UTR3
chr9:127804942:A:G	chr9:127804942:A:G	A:G	FPGS	intronic	unknown	A;G;+;A||R||D;ALU;-;SINE/AluSx1;intronic;FPGS;-;-;intronic;FPGS;-;-;intronic;FPGS;-;-;-;262;28;40	Name=AluSx1	TRUE	Alu	intronic
chr9:134906134:T:C	chr9:134906134:A:G	A:G	FCN1	UTR3	unknown	T;C;-;R;ALU;-;SINE/AluSz;intergenic;FCN2||FCN1;-;-;intergenic;FCN2||FCN1;-;-;intergenic;FCN2||FCN1;-;-;-;38;5;5	Name=AluSz	TRUE	Alu	UTR3
chr9:134906173:T:C	chr9:134906173:A:G	A:G	FCN1	UTR3	unknown	T;C;-;R;ALU;-;SINE/AluSz;intergenic;FCN2||FCN1;-;-;intergenic;FCN2||FCN1;-;-;intergenic;FCN2||FCN1;-;-;-;93;6;7	Name=AluSz	TRUE	Alu	UTR3
chr9:134906200:T:C	chr9:134906200:A:G	A:G	FCN1	UTR3	unknown	T;C;-;R;ALU;-;SINE/AluSz;intergenic;FCN2||FCN1;-;-;intergenic;FCN2||FCN1;-;-;intergenic;FCN2||FCN1;-;-;-;172;7;8	Name=AluSz	TRUE	Alu	UTR3
chr9:19125559:T:C	chr9:19125559:A:G	A:G	PLIN2	intronic	unknown	T;C;-;R;ALU;rs573598660;SINE/AluJr;intronic;PLIN2;-;-;intronic;PLIN2;-;-;intronic;PLIN2;-;-;-;497;28;48	Name=AluJr	TRUE	Alu	intronic
chr9:97921696:T:C	chr9:97921696:A:G	A:G	TRMO	intronic	unknown	.	Name=AluY	FALSE	Alu	intronic
chr9:97921697:T:C	chr9:97921697:A:G	A:G	TRMO	intronic	unknown	.	Name=AluY	FALSE	Alu	intronic
chr9:98218002:T:C	chr9:98218002:A:G	A:G	TBC1D2	intronic	unknown	T;C;-;A||R;ALU;-;SINE/AluJo;intronic;TBC1D2;-;-;intronic;TBC1D2;-;-;intronic;TBC1D2;-;-;-;69;12;20	Name=AluJo	TRUE	Alu	intronic
chr9:98218047:T:C	chr9:98218047:A:G	A:G	TBC1D2	intronic	unknown	T;C;-;A||R;ALU;-;SINE/AluJr4;intronic;TBC1D2;-;-;intronic;TBC1D2;-;-;intronic;TBC1D2;-;-;-;74;13;18	Name=AluJr4	TRUE	Alu	intronic
chr9:98218385:T:C	chr9:98218385:A:G	A:G	TBC1D2	intronic	unknown	T;C;-;A;ALU;-;SINE/AluY;intronic;TBC1D2;-;-;intronic;TBC1D2;-;-;intronic;TBC1D2;-;-;-;19;7;7	Name=AluY	TRUE	Alu	intronic
chr9:98218402:T:C	chr9:98218402:A:G	A:G	TBC1D2	intronic	unknown	T;C;-;A;ALU;-;SINE/AluY;intronic;TBC1D2;-;-;intronic;TBC1D2;-;-;intronic;TBC1D2;-;-;-;20;8;10	Name=AluY	TRUE	Alu	intronic
chr9:113221582:C:T	chr9:113221582:C:T	C:T	SLC31A1	UTR5	unknown	.	.	FALSE	None	UTR5
chr9:121216131:A:G	chr9:121216131:A:G	A:G	GSN	intronic	unknown	A;G;+;A||R;ALU;-;SINE/AluSx;intronic;GSN;-;-;intergenic;RAB14||GSN;-;-;intronic;GSN;-;-;-;3;3;3	Name=AluSx1	TRUE	Alu	intronic
chr9:129807725:A:G	chr9:129807725:A:G	A:G	TOR1B	intronic	unknown	A;G;+;A||R;ALU;-;SINE/AluY;intronic;TOR1B;-;-;intronic;TOR1B;-;-;intronic;TOR1B;-;-;-;497;28;51	Name=AluY	TRUE	Alu	intronic
chr9:15167329:T:C	chr9:15167329:A:G	A:G	TTC39B	UTR3	unknown	T;C;-;A||R;ALU;-;SINE/AluJr;UTR3;TTC39B;-;-;intergenic;LOC389705||TTC39B;-;-;intergenic;AK021570||TTC39B;-;-;-;998;30;53	Name=AluJr	TRUE	Alu	UTR3
chr9:32456304:T:C	chr9:32456304:A:G	A:G	DDX58	UTR3	unknown	T;C;-;A||R||D;NONREP;-;-/-;UTR3;DDX58;-;-;UTR3;DDX58;-;-;UTR3;DDX58;-;-;-;1831;30;55	.	TRUE	None	UTR3
chr9:32456415:T:C	chr9:32456415:A:G	A:G	DDX58	UTR3	unknown	T;C;-;A||R||D;NONREP;-;-/-;UTR3;DDX58;-;-;UTR3;DDX58;-;-;UTR3;DDX58;-;-;-;1313;30;54	.	TRUE	None	UTR3
chr9:32456488:T:C	chr9:32456488:A:G	A:G	DDX58	UTR3	unknown	T;C;-;R||D;REP;-;Simple_repeat/(TA)n;UTR3;DDX58;-;-;UTR3;DDX58;-;-;UTR3;DDX58;-;-;-;1514;30;53	.	TRUE	None	UTR3
chr9:33077027:A:G	chr9:33077027:T:C	A:G	SMU1	upstream	unknown	.	Name=AluSp	FALSE	Alu	upstream
chr9:73154677:A:G	chr9:73154677:A:G	A:G	ANXA1	intronic	unknown	A;G;+;A||R;ALU;-;SINE/AluSz6;intronic;ANXA1;-;-;intronic;ANXA1;-;-;intronic;ANXA1;-;-;-;377;19;26	Name=AluSz6	TRUE	Alu	intronic
chr9:9090940:T:C	chr9:9090940:A:G	A:G	PTPRD	intronic	unknown	.	.	FALSE	None	intronic
chr9:98118371:T:C	chr9:98118371:A:G	A:G	TRIM14	intronic	unknown	T;C;-;A||R;REP;-;SINE/MIRc;intronic;TRIM14;-;-;intronic;TRIM14;-;-;intronic;TRIM14;-;-;-;73;15;16	Name=MIRc	TRUE	Other	intronic
chr9:98218005:T:C	chr9:98218005:A:G	A:G	TBC1D2	intronic	unknown	T;C;-;A||R;ALU;-;SINE/AluJo;intronic;TBC1D2;-;-;intronic;TBC1D2;-;-;intronic;TBC1D2;-;-;-;37;8;12	Name=AluJo	TRUE	Alu	intronic
chr9:98218445:T:C	chr9:98218445:A:G	A:G	TBC1D2	intronic	unknown	.	Name=AluY	FALSE	Alu	intronic
chr9:127843246:C:T	chr9:127843246:G:A	C:T	ENG	splicing	unknown	.	.	FALSE	None	splicing
chr9:15167689:T:C	chr9:15167689:A:G	A:G	TTC39B	UTR3	unknown	T;C;-;A||R;ALU;-;SINE/AluSp;UTR3;TTC39B;-;-;intergenic;LOC389705||TTC39B;-;-;intergenic;AK021570||TTC39B;-;-;-;809;30;52	Name=AluSp	TRUE	Alu	UTR3
chr9:33027881:A:G	chr9:33027881:A:G	A:G	DNAJA1	intronic	unknown	A;G;+;A||R;ALU;-;SINE/AluSx;intronic;DNAJA1;-;-;intronic;DNAJA1;-;-;intronic;DNAJA1;-;-;-;69;16;26	Name=AluSx	TRUE	Alu	intronic
chr9:117180931:T:C	chr9:117180931:A:G	A:G	ASTN2	intronic	unknown	.	.	FALSE	None	intronic
chr9:117180968:T:C	chr9:117180968:A:G	A:G	ASTN2	intronic	unknown	.	.	FALSE	None	intronic
chr9:134885806:C:T	chr9:134885806:C:T	C:T	FCN2	exonic	synonymous SNV	.	.	FALSE	None	exonic
chr9:33261171:T:C	chr9:33261171:A:G	A:G	BAG1	splicing	unknown	.	.	FALSE	None	splicing
chr9:117180903:T:C	chr9:117180903:A:G	A:G	ASTN2	intronic	unknown	T;C;-;R;NONREP;-;-/-;intronic;ASTN2;-;-;intronic;ASTN2;-;-;intronic;ASTN2;-;-;712;1040;1;1;1	.	TRUE	None	intronic
chr9:65733920:C:T	chr9:65733920:C:T	C:T	CBWD5	UTR3	unknown	.	.	FALSE	None	UTR3
chr9:113154103:A:G	chr9:113154103:A:G	A:G	SLC31A2	intronic	unknown	A;G;+;A||R;ALU;-;SINE/AluJb;intronic;SLC31A2;-;-;intronic;SLC31A2;-;-;intronic;SLC31A2;-;-;-;144;15;28	Name=AluJb	TRUE	Alu	intronic
chr9:72953058:C:T	chr9:72953058:G:A	C:T	ALDH1A1	upstream	unknown	.	.	FALSE	None	upstream
chr9:112377293:T:C	chr9:112377293:T:C	A:G	HSDL2	upstream	unknown	T;C;-;A||R;ALU;-;SINE/AluJr4;intergenic;PTBP3||HSDL2;-;-;intergenic;MIR3134||HSDL2;-;-;intergenic;MIR3134||HSDL2;-;-;-;339;30;42	Name=AluJr4	TRUE	Alu	upstream
chr9:112880211:A:G	chr9:112880211:T:C	A:G	SLC46A2	intronic	unknown	.	Name=AluSx1	FALSE	Alu	intronic
chr9:98218455:T:C	chr9:98218455:A:G	A:G	TBC1D2	intronic	unknown	T;C;-;A;ALU;-;SINE/AluY;intronic;TBC1D2;-;-;intronic;TBC1D2;-;-;intronic;TBC1D2;-;-;-;14;5;7	Name=AluY	TRUE	Alu	intronic
chr9:128679843:T:C	chr9:128679843:T:C	A:G	SET	upstream	unknown	T;C;-;A||R;ALU;-;SINE/AluJb;intergenic;HMGA1P4||SET;-;-;intergenic;MIR1268A||SET;-;-;intergenic;WDR34||SET;-;-;-;34;9;10	Name=AluJb	TRUE	Alu	upstream
chr9:121290911:A:G	chr9:121290911:A:G	A:G	GSN	intronic	unknown	A;G;+;A||R;ALU;rs546095698;SINE/AluJb;intronic;GSN;-;-;intronic;GSN;-;-;intronic;GSN;-;-;-;220;23;43	Name=AluJb	TRUE	Alu	intronic
chr9:121290912:A:G	chr9:121290912:A:G	A:G	GSN	intronic	unknown	A;G;+;A||R;ALU;-;SINE/AluJb;intronic;GSN;-;-;intronic;GSN;-;-;intronic;GSN;-;-;-;270;25;45	Name=AluJb	TRUE	Alu	intronic
chr9:33027928:A:G	chr9:33027928:A:G	A:G	DNAJA1	intronic	unknown	A;G;+;R;ALU;-;SINE/AluSx;intronic;DNAJA1;-;-;intronic;DNAJA1;-;-;intronic;DNAJA1;-;-;-;45;16;23	Name=AluSx	TRUE	Alu	intronic
chr9:129923149:T:C	chr9:129923149:A:G	A:G	FNBP1	intronic	unknown	T;C;-;A||R||D;ALU;rs554024933;SINE/AluJo;intronic;FNBP1;-;-;intronic;FNBP1;-;-;intronic;FNBP1;-;-;534;198;445;28;48	Name=AluSz	TRUE	Alu	intronic
chr9:15167690:T:C	chr9:15167690:A:G	A:G	TTC39B	UTR3	unknown	T;C;-;A||R;ALU;-;SINE/AluSp;UTR3;TTC39B;-;-;intergenic;LOC389705||TTC39B;-;-;intergenic;AK021570||TTC39B;-;-;-;1015;30;53	Name=AluSp	TRUE	Alu	UTR3
chr9:121216200:A:G	chr9:121216200:A:G	A:G	GSN	intronic	unknown	A;G;+;A||R;ALU;-;SINE/AluSx;intronic;GSN;-;-;intergenic;RAB14||GSN;-;-;intronic;GSN;-;-;-;7;4;4	Name=AluSx1	TRUE	Alu	intronic
chr9:121216210:A:G	chr9:121216210:A:G	A:G	GSN	intronic	unknown	A;G;+;R||D;ALU;-;SINE/AluSx;intronic;GSN;-;-;intergenic;RAB14||GSN;-;-;intronic;GSN;-;-;-;4;2;2	Name=AluSx1	TRUE	Alu	intronic
chr9:32497558:T:C	chr9:32497558:A:G	A:G	DDX58	intronic	unknown	.	Name=AluY	FALSE	Alu	intronic
chr9:33262831:C:T	chr9:33262831:G:A	C:T	BAG1	splicing	unknown	.	.	FALSE	None	splicing
chr9:87773165:C:T	chr9:87773165:C:T	C:T	CTSL3P	ncRNA
exonic	unknown	.	.	FALSE	None	ncRNA
chr9:87773183:C:T	chr9:87773183:C:T	C:T	CTSL3P	ncRNA
exonic	unknown	.	.	FALSE	None	ncRNA
chr9:113154100:A:G	chr9:113154100:A:G	A:G	SLC31A2	intronic	unknown	A;G;+;A||R;ALU;rs757209922;SINE/AluJb;intronic;SLC31A2;-;-;intronic;SLC31A2;-;-;intronic;SLC31A2;-;-;-;144;16;29	Name=AluJb	TRUE	Alu	intronic
chr9:98117446:T:C	chr9:98117446:A:G	A:G	TRIM14	intronic	unknown	T;C;-;A||R;ALU;-;SINE/AluSz6;intronic;TRIM14;-;-;intronic;TRIM14;-;-;intronic;TRIM14;-;-;-;21;7;8	Name=AluSz6	TRUE	Alu	intronic
chr9:98117435:T:C	chr9:98117435:A:G	A:G	TRIM14	intronic	unknown	T;C;-;A||R||D;ALU;-;SINE/AluSz6;intronic;TRIM14;-;-;intronic;TRIM14;-;-;intronic;TRIM14;-;-;-;29;10;11	Name=AluSz6	TRUE	Alu	intronic
chr10:100232545:T:C	chr10:100232545:A:G	A:G	CWF19L1	UTR3	unknown	T;C;-;A||R||D;ALU;-;SINE/AluSq2;ncRNA_intronic;RP11-316M21.6;-;-;UTR3;CWF19L1;-;-;UTR3;CWF19L1;-;-;-;2479;30;55	Name=AluSq2	TRUE	Alu	UTR3
chr10:100232550:T:C	chr10:100232550:A:G	A:G	CWF19L1	UTR3	unknown	T;C;-;A||R||D;ALU;-;SINE/AluSq2;ncRNA_intronic;RP11-316M21.6;-;-;UTR3;CWF19L1;-;-;UTR3;CWF19L1;-;-;-;2227;30;55	Name=AluSq2	TRUE	Alu	UTR3
chr10:100232557:T:C	chr10:100232557:A:G	A:G	CWF19L1	UTR3	unknown	T;C;-;A||R||D;ALU;-;SINE/AluSq2;ncRNA_intronic;RP11-316M21.6;-;-;UTR3;CWF19L1;-;-;UTR3;CWF19L1;-;-;-;2392;30;55	Name=AluSq2	TRUE	Alu	UTR3
chr10:100232668:T:C	chr10:100232668:A:G	A:G	CWF19L1	UTR3	unknown	T;C;-;A||R||D;ALU;-;SINE/AluSq2;ncRNA_intronic;RP11-316M21.6;-;-;UTR3;CWF19L1;-;-;UTR3;CWF19L1;-;-;-;2495;30;55	Name=AluSq2	TRUE	Alu	UTR3
chr10:100233026:T:C	chr10:100233026:A:G	A:G	CWF19L1	UTR3	unknown	T;C;-;A||R||D;ALU;-;SINE/AluJo;ncRNA_intronic;RP11-316M21.6;-;-;UTR3;CWF19L1;-;-;UTR3;CWF19L1;-;-;-;2394;30;55	Name=AluJo	TRUE	Alu	UTR3
chr10:100233036:T:C	chr10:100233036:A:G	A:G	CWF19L1	UTR3	unknown	T;C;-;A||R||D;ALU;-;SINE/AluJo;ncRNA_intronic;RP11-316M21.6;-;-;UTR3;CWF19L1;-;-;UTR3;CWF19L1;-;-;-;2505;30;55	Name=AluJo	TRUE	Alu	UTR3
chr10:100233053:T:C	chr10:100233053:A:G	A:G	CWF19L1	UTR3	unknown	T;C;-;A||R||D;ALU;-;SINE/AluJo;ncRNA_intronic;RP11-316M21.6;-;-;UTR3;CWF19L1;-;-;UTR3;CWF19L1;-;-;-;2336;30;55	Name=AluJo	TRUE	Alu	UTR3
chr10:100233141:T:C	chr10:100233141:A:G	A:G	CWF19L1	UTR3	unknown	T;C;-;A||R||D;ALU;-;SINE/AluJo;ncRNA_intronic;RP11-316M21.6;-;-;UTR3;CWF19L1;-;-;UTR3;CWF19L1;-;-;-;1485;30;55	Name=AluJo	TRUE	Alu	UTR3
chr10:100233142:T:C	chr10:100233142:A:G	A:G	CWF19L1	UTR3	unknown	T;C;-;A||R||D;ALU;-;SINE/AluJo;ncRNA_intronic;RP11-316M21.6;-;-;UTR3;CWF19L1;-;-;UTR3;CWF19L1;-;-;-;1906;30;55	Name=AluJo	TRUE	Alu	UTR3
chr10:101810858:T:C	chr10:101810858:A:G	A:G	OGA	intronic	unknown	T;C;-;A||R||D;ALU;-;SINE/AluSz6;intronic;MGEA5;-;-;intronic;MGEA5;-;-;intronic;MGEA5;-;-;-;1400;30;53	Name=AluSz6	TRUE	Alu	intronic
chr10:101810918:T:C	chr10:101810918:A:G	A:G	OGA	intronic	unknown	T;C;-;A||R||D;ALU;-;SINE/AluSz6;intronic;MGEA5;-;-;intronic;MGEA5;-;-;intronic;MGEA5;-;-;-;1277;30;53	Name=AluSz6	TRUE	Alu	intronic
chr10:101811172:T:C	chr10:101811172:A:G	A:G	OGA	intronic	unknown	T;C;-;A||R||D;ALU;-;SINE/AluSx;intronic;MGEA5;-;-;intronic;MGEA5;-;-;intronic;MGEA5;-;-;-;1166;30;54	Name=AluSx	TRUE	Alu	intronic
chr10:17229274:A:G	chr10:17229274:A:G	A:G	VIM	splicing	unknown	.	.	FALSE	None	splicing
chr10:45728153:A:G	chr10:45728153:A:G	A:G	WASHC2C	intronic	unknown	A;G;+;R||D;ALU;-;SINE/AluJr;intronic;FAM21C;-;-;intronic;FAM21C;-;-;intronic;FAM21C;-;-;-;306;26;43	Name=AluJr	TRUE	Alu	intronic
chr10:46634978:C:T	chr10:46634978:G:A	C:T	SHLD2P1	ncRNA
intronic	unknown	.	.	FALSE	None	ncRNA
chr10:46635113:T:C	chr10:46635113:A:G	A:G	SHLD2P1	ncRNA
intronic	unknown	.	.	FALSE	None	ncRNA
chr10:46635298:A:G	chr10:46635298:T:C	A:G	SHLD2P1	ncRNA
intronic	unknown	.	.	FALSE	None	ncRNA
chr10:47706153:G:A	chr10:47706153:G:A	C:T	SHLD2P3	ncRNA
exonic	unknown	.	Name=(GCC)n	FALSE	Simple
repeat	ncRNA
chr10:47706371:T:C	chr10:47706371:T:C	A:G	SHLD2P3	ncRNA
exonic	unknown	.	.	FALSE	None	ncRNA
chr10:47706556:A:G	chr10:47706556:A:G	A:G	SHLD2P3	ncRNA
exonic	unknown	.	.	FALSE	None	ncRNA
chr10:47706774:C:T	chr10:47706774:C:T	C:T	SHLD2P3	ncRNA
intronic	unknown	.	.	FALSE	None	ncRNA
chr10:47707105:A:G	chr10:47707105:A:G	A:G	SHLD2P3	ncRNA
intronic	unknown	.	.	FALSE	None	ncRNA
chr10:70163953:T:C	chr10:70163953:A:G	A:G	SAR1A	intronic	unknown	T;C;-;R||D;NONREP;-;-/-;intronic;SAR1A;-;-;intronic;SAR1A;-;-;intronic;SAR1A;-;-;851;3847;1126;29;51	.	TRUE	None	intronic
chr10:72220134:A:G	chr10:72220134:A:G	A:G	ANAPC16	UTR5	unknown	A;G;+;A||R;ALU;-;SINE/AluSp;intronic;ANAPC16;-;-;UTR5;ANAPC16;-;-;UTR5;ANAPC16;-;-;-;2386;30;55	Name=AluSp	TRUE	Alu	UTR5
chr10:73248973:T:C	chr10:73248973:T:C	A:G	DNAJC9-AS1	ncRNA
intronic	unknown	T;C;-;A||R;ALU;-;SINE/AluJr;ncRNA_exonic;DNAJC9-AS1;-;-;ncRNA_intronic;DNAJC9-AS1;-;-;ncRNA_intronic;DNAJC9-AS1;-;-;-;2414;30;55	Name=AluJr	TRUE	Alu	ncRNA
chr10:73249057:T:C	chr10:73249057:T:C	A:G	DNAJC9-AS1	ncRNA
intronic	unknown	T;C;-;A||R;ALU;-;SINE/AluJr;ncRNA_exonic;DNAJC9-AS1;-;-;ncRNA_intronic;DNAJC9-AS1;-;-;ncRNA_intronic;DNAJC9-AS1;-;-;-;2533;30;55	Name=AluJr	TRUE	Alu	ncRNA
chr10:73249118:T:C	chr10:73249118:T:C	A:G	DNAJC9-AS1	ncRNA
intronic	unknown	T;C;-;A||R;ALU;-;SINE/AluJr;ncRNA_exonic;DNAJC9-AS1;-;-;ncRNA_intronic;DNAJC9-AS1;-;-;ncRNA_intronic;DNAJC9-AS1;-;-;-;2572;30;55	Name=AluJr	TRUE	Alu	ncRNA
chr10:73249197:T:C	chr10:73249197:T:C	A:G	DNAJC9-AS1	ncRNA
intronic	unknown	T;C;-;A||R||D;ALU;-;SINE/AluJr;ncRNA_exonic;DNAJC9-AS1;-;-;ncRNA_intronic;DNAJC9-AS1;-;-;ncRNA_intronic;DNAJC9-AS1;-;-;-;2551;30;55	Name=AluJr	TRUE	Alu	ncRNA
chr10:73249827:T:C	chr10:73249827:T:C	A:G	DNAJC9-AS1	ncRNA
intronic	unknown	T;C;-;A||R||D;ALU;-;SINE/AluY;ncRNA_intronic;DNAJC9-AS1;-;-;ncRNA_intronic;DNAJC9-AS1;-;-;ncRNA_intronic;DNAJC9-AS1;-;-;-;2437;30;55	Name=AluSc	TRUE	Alu	ncRNA
chr10:91806641:T:C	chr10:91806641:T:C	A:G	TNKS2	intronic	unknown	.	.	FALSE	None	intronic
chr10:91806969:G:A	chr10:91806969:G:A	C:T	TNKS2	intronic	unknown	.	.	FALSE	None	intronic
chr10:98418201:G:A	chr10:98418201:C:T	C:T	HPS1	exonic	synonymous SNV	.	.	FALSE	None	exonic
chr10:100232510:T:C	chr10:100232510:A:G	A:G	CWF19L1	UTR3	unknown	T;C;-;A||R;ALU;-;SINE/AluSq2;ncRNA_intronic;RP11-316M21.6;-;-;UTR3;CWF19L1;-;-;UTR3;CWF19L1;-;-;-;2160;30;54	Name=AluSq2	TRUE	Alu	UTR3
chr10:100233121:T:C	chr10:100233121:A:G	A:G	CWF19L1	UTR3	unknown	T;C;-;A||R||D;ALU;-;SINE/AluJo;ncRNA_intronic;RP11-316M21.6;-;-;UTR3;CWF19L1;-;-;UTR3;CWF19L1;-;-;-;2021;30;55	Name=AluJo	TRUE	Alu	UTR3
chr10:101810864:T:C	chr10:101810864:A:G	A:G	OGA	intronic	unknown	T;C;-;A||R||D;ALU;-;SINE/AluSz6;intronic;MGEA5;-;-;intronic;MGEA5;-;-;intronic;MGEA5;-;-;-;4;3;3	Name=AluSz6	TRUE	Alu	intronic
chr10:102512947:A:G	chr10:102512947:A:G	A:G	SUFU	intronic	unknown	A;G;+;A||R||D;ALU;-;SINE/AluJo;intronic;SUFU;-;-;intronic;SUFU;-;-;intronic;SUFU;-;-;-;309;27;47	Name=AluJo	TRUE	Alu	intronic
chr10:128053124:A:G	chr10:128053124:A:G	A:G	PTPRE	intronic	unknown	A;G;+;A;ALU;-;SINE/AluSz;intronic;PTPRE;-;-;intronic;PTPRE;-;-;intronic;PTPRE;-;-;-;85;8;10	Name=AluSz	TRUE	Alu	intronic
chr10:17687273:A:G	chr10:17687273:A:G	A:G	STAM	intronic	unknown	A;G;+;A||R;ALU;-;SINE/AluSz;intronic;STAM;-;-;intronic;STAM;-;-;intronic;STAM;-;-;-;12;7;8	Name=AluSz	TRUE	Alu	intronic
chr10:26761217:T:C	chr10:26761217:A:G	A:G	ABI1	intronic	unknown	T;C;-;A||R||D;ALU;-;SINE/AluJo;intronic;ABI1;-;-;intronic;ABI1;-;-;intronic;ABI1;-;-;-;784;30;49	Name=AluJo	TRUE	Alu	intronic
chr10:26773377:T:C	chr10:26773377:A:G	A:G	ABI1	intronic	unknown	T;C;-;A||R;ALU;-;SINE/AluSz;intronic;ABI1;-;-;intronic;ABI1;-;-;intronic;ABI1;-;-;-;1;1;1	Name=AluSz	TRUE	Alu	intronic
chr10:69100098:A:G	chr10:69100098:A:G	A:G	SRGN	intronic	unknown	A;G;+;A||R||D;ALU;-;SINE/AluSq2;intronic;SRGN;-;-;intronic;SRGN;-;-;intronic;SRGN;-;-;-;586;29;44	Name=AluSz	TRUE	Alu	intronic
chr10:69100099:A:G	chr10:69100099:A:G	A:G	SRGN	intronic	unknown	A;G;+;A||R||D;ALU;-;SINE/AluSq2;intronic;SRGN;-;-;intronic;SRGN;-;-;intronic;SRGN;-;-;-;494;30;44	Name=AluSz	TRUE	Alu	intronic
chr10:72220248:A:G	chr10:72220248:A:G	A:G	ANAPC16	UTR5	unknown	A;G;+;A||D;ALU;rs12766396;SINE/AluSp;intronic;ANAPC16;-;-;UTR5;ANAPC16;-;-;UTR5;ANAPC16;-;-;-;1559;30;55	Name=AluSp	TRUE	Alu	UTR5
chr10:73249833:T:C	chr10:73249833:T:C	A:G	DNAJC9-AS1	ncRNA
intronic	unknown	T;C;-;A||R||D;ALU;-;SINE/AluY;ncRNA_intronic;DNAJC9-AS1;-;-;ncRNA_intronic;DNAJC9-AS1;-;-;ncRNA_intronic;DNAJC9-AS1;-;-;-;2288;30;55	Name=AluSc	TRUE	Alu	ncRNA
chr10:101810863:T:C	chr10:101810863:A:G	A:G	OGA	intronic	unknown	T;C;-;A||R||D;ALU;-;SINE/AluSz6;intronic;MGEA5;-;-;intronic;MGEA5;-;-;intronic;MGEA5;-;-;-;4;3;3	Name=AluSz6	TRUE	Alu	intronic
chr10:128053108:A:G	chr10:128053108:A:G	A:G	PTPRE	intronic	unknown	A;G;+;A||R;ALU;-;SINE/AluSz;intronic;PTPRE;-;-;intronic;PTPRE;-;-;intronic;PTPRE;-;-;-;136;15;17	Name=AluSz	TRUE	Alu	intronic
chr10:17230649:G:A	chr10:17230649:G:A	C:T	VIM	splicing	unknown	.	.	FALSE	None	splicing
chr10:70163676:A:G	chr10:70163676:T:C	A:G	SAR1A	intronic	unknown	A;G;+;R||D;NONREP;-;-/-;intronic;SAR1A;-;-;intronic;SAR1A;-;-;intronic;SAR1A;-;-;-;60;19;29	.	TRUE	None	intronic
chr10:70163705:G:A	chr10:70163705:C:T	C:T	SAR1A	intronic	unknown	.	.	FALSE	None	intronic
chr10:70163731:T:C	chr10:70163731:A:G	A:G	SAR1A	intronic	unknown	T;C;-;R||D;NONREP;-;-/-;intronic;SAR1A;-;-;intronic;SAR1A;-;-;intronic;SAR1A;-;-;851;3847;0;0;0	.	TRUE	None	intronic
chr10:70164384:G:A	chr10:70164384:C:T	C:T	SAR1A	intronic	unknown	.	.	FALSE	None	intronic
chr10:70164400:A:G	chr10:70164400:T:C	A:G	SAR1A	intronic	unknown	.	.	FALSE	None	intronic
chr10:91806147:T:C	chr10:91806147:T:C	A:G	TNKS2	intronic	unknown	.	.	FALSE	None	intronic
chr10:91806822:G:A	chr10:91806822:G:A	C:T	TNKS2	intronic	unknown	.	.	FALSE	None	intronic
chr10:103179104:T:C	chr10:103179104:A:G	A:G	NT5C2	intronic	unknown	T;C;-;A||R||D;ALU;-;SINE/AluSg;intronic;NT5C2;-;-;intronic;NT5C2;-;-;intronic;NT5C2;-;-;-;130;23;33	Name=AluSg	TRUE	Alu	intronic
chr10:128053166:A:G	chr10:128053166:A:G	A:G	PTPRE	intronic	unknown	A;G;+;A||R;ALU;-;SINE/AluSz;intronic;PTPRE;-;-;intronic;PTPRE;-;-;intronic;PTPRE;-;-;-;118;13;17	Name=AluSz	TRUE	Alu	intronic
chr10:23433176:A:G	chr10:23433176:A:G	A:G	OTUD1	upstream	unknown	.	Name=AluJb	FALSE	Alu	upstream
chr10:23433186:A:G	chr10:23433186:A:G	A:G	OTUD1	upstream	unknown	.	Name=AluJb	FALSE	Alu	upstream
chr10:89327995:A:G	chr10:89327995:A:G	A:G	IFIT3	upstream	unknown	.	.	FALSE	None	upstream
chr10:89331598:A:G	chr10:89331598:A:G	A:G	IFIT3	intronic	unknown	.	Name=AluJb	FALSE	Alu	intronic
chr10:89383427:G:A	chr10:89383427:G:A	C:T	IFIT1B	exonic	synonymous SNV	.	.	FALSE	None	exonic
chr10:89383428:A:G	chr10:89383428:A:G	A:G	IFIT1B	exonic	nonsynonymous SNV	.	.	FALSE	None	exonic
chr10:89383445:G:A	chr10:89383445:G:A	C:T	IFIT1B	exonic	synonymous SNV	.	.	FALSE	None	exonic
chr10:89383451:G:A	chr10:89383451:G:A	C:T	IFIT1B	exonic	synonymous SNV	.	.	FALSE	None	exonic
chr10:89383465:A:G	chr10:89383465:A:G	A:G	IFIT1B	exonic	nonsynonymous SNV	.	.	FALSE	None	exonic
chr10:89383530:G:A	chr10:89383530:G:A	C:T	IFIT1B	exonic	nonsynonymous SNV	.	.	FALSE	None	exonic
chr10:89383538:G:A	chr10:89383538:G:A	C:T	IFIT1B	exonic	synonymous SNV	.	.	FALSE	None	exonic
chr10:89383542:A:G	chr10:89383542:A:G	A:G	IFIT1B	exonic	nonsynonymous SNV	.	.	FALSE	None	exonic
chr10:89383544:G:A	chr10:89383544:G:A	C:T	IFIT1B	exonic	synonymous SNV	.	.	FALSE	None	exonic
chr10:89383563:A:G	chr10:89383563:A:G	A:G	IFIT1B	exonic	nonsynonymous SNV	.	.	FALSE	None	exonic
chr10:89383708:C:T	chr10:89383708:C:T	C:T	IFIT1B	exonic	nonsynonymous SNV	.	.	FALSE	None	exonic
chr10:89383733:G:A	chr10:89383733:G:A	C:T	IFIT1B	exonic	synonymous SNV	.	.	FALSE	None	exonic
chr10:89383734:G:A	chr10:89383734:G:A	C:T	IFIT1B	exonic	nonsynonymous SNV	.	.	FALSE	None	exonic
chr10:89383797:A:G	chr10:89383797:A:G	A:G	IFIT1B	exonic	nonsynonymous SNV	.	.	FALSE	None	exonic
chr10:89383813:C:T	chr10:89383813:C:T	C:T	IFIT1B	exonic	nonsynonymous SNV	.	.	FALSE	None	exonic
chr10:89383824:A:G	chr10:89383824:A:G	A:G	IFIT1B	exonic	nonsynonymous SNV	.	.	FALSE	None	exonic
chr10:89383958:T:C	chr10:89383958:T:C	A:G	IFIT1B	exonic	synonymous SNV	.	.	FALSE	None	exonic
chr10:89383959:G:A	chr10:89383959:G:A	C:T	IFIT1B	exonic	nonsynonymous SNV	.	.	FALSE	None	exonic
chr10:89383972:G:A	chr10:89383972:G:A	C:T	IFIT1B	exonic	nonsynonymous SNV	.	.	FALSE	None	exonic
chr10:89384045:G:A	chr10:89384045:G:A	C:T	IFIT1B	exonic	synonymous SNV	.	.	FALSE	None	exonic
chr10:89384051:T:C	chr10:89384051:T:C	A:G	IFIT1B	exonic	synonymous SNV	.	.	FALSE	None	exonic
chr10:89384054:A:G	chr10:89384054:A:G	A:G	IFIT1B	exonic	nonsynonymous SNV	.	.	FALSE	None	exonic
chr10:89384057:T:C	chr10:89384057:T:C	A:G	IFIT1B	exonic	synonymous SNV	.	.	FALSE	None	exonic
chr10:89384064:G:A	chr10:89384064:G:A	C:T	IFIT1B	exonic	nonsynonymous SNV	.	.	FALSE	None	exonic
chr10:89384077:A:G	chr10:89384077:A:G	A:G	IFIT1B	exonic	nonsynonymous SNV	.	.	FALSE	None	exonic
chr10:89384096:T:C	chr10:89384096:T:C	A:G	IFIT1B	exonic	synonymous SNV	.	.	FALSE	None	exonic
chr10:103170800:T:C	chr10:103170800:A:G	A:G	NT5C2	intronic	unknown	T;C;-;A||R;ALU;-;SINE/AluJb;intronic;NT5C2;-;-;intronic;NT5C2;-;-;intronic;NT5C2;-;-;-;34;12;14	Name=AluJb	TRUE	Alu	intronic
chr10:112449496:A:G	chr10:112449496:A:G	A:G	VTI1A	intronic	unknown	A;G;+;A||R||D;ALU;-;SINE/AluSp;intronic;VTI1A;-;-;intronic;VTI1A;-;-;intronic;VTI1A;-;-;-;1239;30;55	Name=AluSp	TRUE	Alu	intronic
chr10:15106274:T:C	chr10:15106274:A:G	A:G	NMT2	UTR3	unknown	T;C;-;A||R;ALU;-;SINE/AluSz;intergenic;RPP38||NMT2;-;-;UTR3;NMT2;-;-;UTR3;NMT2;-;-;-;1621;30;55	Name=AluSz	TRUE	Alu	UTR3
chr10:45728706:A:G	chr10:45728706:A:G	A:G	WASHC2C	intronic	unknown	A;G;+;A||R||D;ALU;-;SINE/AluSx3;intronic;FAM21C;-;-;intronic;FAM21C;-;-;intronic;FAM21C;-;-;387;50;196;25;41	Name=AluSg	TRUE	Alu	intronic
chr10:73249962:T:C	chr10:73249962:T:C	A:G	DNAJC9-AS1	ncRNA
intronic	unknown	T;C;-;A||R||D;ALU;-;SINE/AluY;ncRNA_intronic;DNAJC9-AS1;-;-;ncRNA_intronic;DNAJC9-AS1;-;-;ncRNA_intronic;DNAJC9-AS1;-;-;-;2012;30;55	Name=AluY	TRUE	Alu	ncRNA
chr10:74315974:A:G	chr10:74315974:A:G	A:G	ADK	intronic	unknown	A;G;+;A||R;ALU;-;SINE/AluSz;intronic;ADK;-;-;intronic;ADK;-;-;intronic;ADK;-;-;-;5;3;3	Name=AluSz	TRUE	Alu	intronic
chr10:80159095:C:T	chr10:80159095:G:A	C:T	ANXA11	intronic	unknown	.	.	FALSE	None	intronic
chr10:45728551:A:G	chr10:45728551:A:G	A:G	WASHC2C	intronic	unknown	.	Name=AluSg	FALSE	Alu	intronic
chr10:49973404:A:G	chr10:49973404:A:G	A:G	TIMM23B-AGAP6	ncRNA
intronic	unknown	A;G;+;A||R||D;ALU;-;SINE/AluJr;ncRNA_intronic;LINC00843;-;-;UTR3;TIMM23B;-;-;ncRNA_exonic;BC035067;-;-;-;1916;30;54	Name=AluJr	TRUE	Alu	ncRNA
chr10:28525125:T:C	chr10:28525125:A:G	A:G	WAC-AS1	ncRNA
intronic	unknown	T;C;-;A||R||D;ALU;-;SINE/AluSq;ncRNA_intronic;WAC-AS1;-;-;ncRNA_intronic;WAC-AS1;-;-;ncRNA_intronic;WAC-AS1;-;-;-;831;30;54	Name=AluSq	TRUE	Alu	ncRNA
chr10:96709540:T:C	chr10:96709540:A:G	A:G	PIK3AP1	intronic	unknown	T;C;-;A||R||D;NONREP;-;-/-;intronic;PIK3AP1;-;-;intronic;PIK3AP1;-;-;intronic;PIK3AP1;-;-;-;65;9;10	.	TRUE	None	intronic
chr10:96709541:T:C	chr10:96709541:A:G	A:G	PIK3AP1	intronic	unknown	T;C;-;A||R||D;NONREP;-;-/-;intronic;PIK3AP1;-;-;intronic;PIK3AP1;-;-;intronic;PIK3AP1;-;-;-;64;8;9	.	TRUE	None	intronic
chr10:103178437:T:C	chr10:103178437:A:G	A:G	NT5C2	intronic	unknown	T;C;-;A||R||D;ALU;-;SINE/AluJb;intronic;NT5C2;-;-;intronic;NT5C2;-;-;intronic;NT5C2;-;-;-;597;30;53	Name=AluJb	TRUE	Alu	intronic
chr10:12826058:A:G	chr10:12826058:A:G	A:G	CAMK1D	UTR3	unknown	A;G;+;A||R;ALU;-;SINE/AluSz;UTR3;CAMK1D;-;-;UTR3;CAMK1D;-;-;UTR3;CAMK1D;-;-;-;717;27;48	Name=AluSz	TRUE	Alu	UTR3
chr10:43605191:C:T	chr10:43605191:C:T	C:T	ZNF485	upstream	unknown	.	.	FALSE	None	upstream
chr10:70163670:A:G	chr10:70163670:T:C	A:G	SAR1A	intronic	unknown	A;G;+;R;NONREP;-;-/-;intronic;SAR1A;-;-;intronic;SAR1A;-;-;intronic;SAR1A;-;-;-;63;17;29	.	TRUE	None	intronic
chr10:103178322:T:C	chr10:103178322:A:G	A:G	NT5C2	intronic	unknown	T;C;-;A||R||D;ALU;-;SINE/AluJb;intronic;NT5C2;-;-;intronic;NT5C2;-;-;intronic;NT5C2;-;-;-;476;29;50	Name=AluJb	TRUE	Alu	intronic
chr10:103178436:T:C	chr10:103178436:A:G	A:G	NT5C2	intronic	unknown	T;C;-;A||R;ALU;-;SINE/AluJb;intronic;NT5C2;-;-;intronic;NT5C2;-;-;intronic;NT5C2;-;-;-;445;30;53	Name=AluJb	TRUE	Alu	intronic
chr10:19052429:T:C	chr10:19052429:T:C	A:G	MALRD1	intronic	unknown	.	.	FALSE	None	intronic
chr10:92216484:T:C	chr10:92216484:A:G	A:G	CPEB3	intronic	unknown	.	.	FALSE	None	intronic
chr10:100253152:T:C	chr10:100253152:A:G	A:G	CWF19L1	intronic	unknown	T;C;-;A||R||D;REP;-;SINE/FRAM;intronic;CWF19L1;-;-;intronic;CWF19L1;-;-;intronic;CWF19L1;-;-;-;623;30;49	Name=AluJo	TRUE	Alu	intronic
chr10:103178050:T:C	chr10:103178050:A:G	A:G	NT5C2	intronic	unknown	T;C;-;A||R||D;REP;-;LINE/L1MB5;intronic;NT5C2;-;-;intronic;NT5C2;-;-;intronic;NT5C2;-;-;-;706;29;52	Name=L1MB5	TRUE	LINE	intronic
chr10:89384046:A:G	chr10:89384046:A:G	A:G	IFIT1B	exonic	nonsynonymous SNV	.	.	FALSE	None	exonic
chr10:7800095:A:G	chr10:7800095:A:G	A:G	ATP5F1C	intronic	unknown	.	.	FALSE	None	intronic
chr10:14907135:T:C	chr10:14907135:A:G	A:G	DCLRE1C	UTR3	unknown	T;C;-;A||R||D;ALU;-;SINE/AluJo;UTR3;DCLRE1C;-;-;UTR3;DCLRE1C;-;-;UTR3;DCLRE1C;-;-;-;1002;30;55	Name=AluJo	TRUE	Alu	UTR3
chr10:14907136:T:C	chr10:14907136:A:G	A:G	DCLRE1C	UTR3	unknown	T;C;-;A||R||D;ALU;-;SINE/AluJo;UTR3;DCLRE1C;-;-;UTR3;DCLRE1C;-;-;UTR3;DCLRE1C;-;-;-;1273;30;55	Name=AluJo	TRUE	Alu	UTR3
chr10:100253148:T:C	chr10:100253148:A:G	A:G	CWF19L1	intronic	unknown	T;C;-;A||R||D;REP;-;SINE/FRAM;intronic;CWF19L1;-;-;intronic;CWF19L1;-;-;intronic;CWF19L1;-;-;-;580;28;46	Name=AluJo	TRUE	Alu	intronic
chr10:103179219:T:C	chr10:103179219:A:G	A:G	NT5C2	intronic	unknown	T;C;-;A||R||D;ALU;-;SINE/AluSg;intronic;NT5C2;-;-;intronic;NT5C2;-;-;intronic;NT5C2;-;-;-;311;28;47	Name=AluSg	TRUE	Alu	intronic
chr10:114965119:T:C	chr10:114965119:T:C	A:G	TRUB1	intronic	unknown	.	Name=AluYm1	FALSE	Alu	intronic
chr10:114965121:A:G	chr10:114965121:A:G	A:G	TRUB1	intronic	unknown	.	Name=AluYm1	FALSE	Alu	intronic
chr10:114965123:G:A	chr10:114965123:G:A	C:T	TRUB1	intronic	unknown	.	Name=AluYm1	FALSE	Alu	intronic
chr10:89301749:T:C	chr10:89301749:T:C	A:G	IFIT2	upstream	unknown	T;C;-;A;NONREP;-;-/-;intronic;LIPA;-;-;upstream;IFIT2;-;-;ncRNA_intronic;BC040833;-;-;-;5;4;5	.	TRUE	None	upstream
chr10:89383947:C:T	chr10:89383947:C:T	C:T	IFIT1B	exonic	synonymous SNV	.	.	FALSE	None	exonic
chr10:89383695:T:C	chr10:89383695:T:C	A:G	IFIT1B	exonic	nonsynonymous SNV	.	.	FALSE	None	exonic
chr10:89383623:G:A	chr10:89383623:G:A	C:T	IFIT1B	exonic	nonsynonymous SNV	.	.	FALSE	None	exonic
chr10:89383684:C:T	chr10:89383684:C:T	C:T	IFIT1B	exonic	nonsynonymous SNV	.	.	FALSE	None	exonic
chr10:87776602:A:G	chr10:87776602:T:C	A:G	ATAD1	intronic	unknown	.	Name=AluJb	FALSE	Alu	intronic
chr10:89383584:G:A	chr10:89383584:G:A	C:T	IFIT1B	exonic	nonsynonymous SNV	.	.	FALSE	None	exonic
chr10:89383592:A:G	chr10:89383592:A:G	A:G	IFIT1B	exonic	synonymous SNV	.	.	FALSE	None	exonic
chr10:114965030:T:C	chr10:114965030:T:C	A:G	TRUB1	intronic	unknown	.	Name=AluYm1	FALSE	Alu	intronic
chr10:89383587:A:G	chr10:89383587:A:G	A:G	IFIT1B	exonic	nonsynonymous SNV	.	.	FALSE	None	exonic
chr11:104998898:A:G	chr11:104998898:T:C	A:G	CASP5	exonic	synonymous SNV	.	.	FALSE	None	exonic
chr11:104998929:A:G	chr11:104998929:T:C	A:G	CASP5	exonic	nonsynonymous SNV	.	.	FALSE	None	exonic
chr11:104998935:C:T	chr11:104998935:G:A	C:T	CASP5	exonic	nonsynonymous SNV	.	.	FALSE	None	exonic
chr11:105000375:T:C	chr11:105000375:A:G	A:G	CASP5	exonic	nonsynonymous SNV	.	.	FALSE	None	exonic
chr11:105000378:T:C	chr11:105000378:A:G	A:G	CASP5	exonic	nonsynonymous SNV	.	.	FALSE	None	exonic
chr11:10767453:G:A	chr11:10767453:G:A	C:T	CTR9	intronic	unknown	.	.	FALSE	None	intronic
chr11:10767482:C:T	chr11:10767482:C:T	C:T	CTR9	intronic	unknown	.	.	FALSE	None	intronic
chr11:107967317:A:G	chr11:107967317:A:G	A:G	RAB39A	downstream	unknown	A;G;+;A||R;ALU;-;SINE/AluJr;intergenic;RAB39A||CUL5;-;-;intergenic;RAB39A||CUL5;-;-;intergenic;RAB39A||CUL5;-;-;-;380;20;38	Name=AluJr	TRUE	Alu	downstream
chr11:108365909:A:G	chr11:108365909:A:G	A:G	ATM	UTR3	unknown	A;G;+;A||R;ALU;-;SINE/AluSq2;UTR3;ATM;-;-;UTR3;ATM;-;-;UTR3;ATM;-;-;-;1583;30;55	Name=AluSq2	TRUE	Alu	UTR3
chr11:117335716:T:C	chr11:117335716:T:C	A:G	CEP164	intronic	unknown	.	.	FALSE	None	intronic
chr11:119017529:T:C	chr11:119017529:A:G	A:G	RPS25	exonic	nonsynonymous SNV	.	.	FALSE	None	exonic
chr11:14673040:A:G	chr11:14673040:A:G	A:G	PDE3B	intronic	unknown	.	.	FALSE	None	intronic
chr11:17075091:A:G	chr11:17075091:T:C	A:G	RPS13	intronic	unknown	.	.	FALSE	None	intronic
chr11:1761474:A:G	chr11:1761474:T:C	A:G	CTSD	intronic	unknown	.	.	FALSE	None	intronic
chr11:18394560:A:G	chr11:18394560:A:G	A:G	LDHA	UTR5	unknown	.	.	FALSE	None	UTR5
chr11:2965833:C:T	chr11:2965833:G:A	C:T	NAP1L4	intronic	unknown	.	.	FALSE	None	intronic
chr11:65776911:T:C	chr11:65776911:A:G	A:G	AP5B1	UTR3	unknown	T;C;-;A||R||D;ALU;-;SINE/AluJb;UTR3;AP5B1;-;-;UTR3;AP5B1;-;-;UTR3;AP5B1;-;-;-;1543;30;54	Name=AluJb	TRUE	Alu	UTR3
chr11:65777052:T:C	chr11:65777052:A:G	A:G	AP5B1	UTR3	unknown	T;C;-;A||R||D;ALU;-;SINE/AluJb;UTR3;AP5B1;-;-;UTR3;AP5B1;-;-;UTR3;AP5B1;-;-;-;2186;30;54	Name=AluJb	TRUE	Alu	UTR3
chr11:65777096:T:C	chr11:65777096:A:G	A:G	AP5B1	UTR3	unknown	T;C;-;A||R||D;ALU;-;SINE/AluJb;UTR3;AP5B1;-;-;UTR3;AP5B1;-;-;UTR3;AP5B1;-;-;-;1898;30;55	Name=AluJb	TRUE	Alu	UTR3
chr11:69303471:A:G	chr11:69303471:A:G	A:G	MYEOV	downstream	unknown	.	.	FALSE	None	downstream
chr11:74455856:T:C	chr11:74455856:A:G	A:G	KCNE3	UTR3	unknown	T;C;-;A;ALU;rs181492231;SINE/AluSx1;ncRNA_intronic;RP11-702H23.4||RP11-702H23.6;-;-;UTR3;KCNE3;-;-;UTR3;KCNE3;-;-;-;781;30;51	Name=AluSx1	TRUE	Alu	UTR3
chr11:74455866:T:C	chr11:74455866:A:G	A:G	KCNE3	UTR3	unknown	T;C;-;A||R;ALU;-;SINE/AluSx1;ncRNA_intronic;RP11-702H23.4||RP11-702H23.6;-;-;UTR3;KCNE3;-;-;UTR3;KCNE3;-;-;-;551;29;49	Name=AluSx1	TRUE	Alu	UTR3
chr11:74456245:T:C	chr11:74456245:A:G	A:G	KCNE3	UTR3	unknown	T;C;-;A||R;ALU;-;SINE/AluSx;ncRNA_intronic;RP11-702H23.4||RP11-702H23.6;-;-;UTR3;KCNE3;-;-;UTR3;KCNE3;-;-;-;485;30;47	Name=AluSx1	TRUE	Alu	UTR3
chr11:74456249:T:C	chr11:74456249:A:G	A:G	KCNE3	UTR3	unknown	T;C;-;A||R;ALU;-;SINE/AluSx;ncRNA_intronic;RP11-702H23.4||RP11-702H23.6;-;-;UTR3;KCNE3;-;-;UTR3;KCNE3;-;-;-;578;29;46	Name=AluSx1	TRUE	Alu	UTR3
chr11:74456275:T:C	chr11:74456275:A:G	A:G	KCNE3	UTR3	unknown	T;C;-;A||R||D;ALU;-;SINE/AluSx;ncRNA_intronic;RP11-702H23.4||RP11-702H23.6;-;-;UTR3;KCNE3;-;-;UTR3;KCNE3;-;-;-;451;27;46	Name=AluSx1	TRUE	Alu	UTR3
chr11:77734331:C:T	chr11:77734331:G:A	C:T	RSF1	intronic	unknown	.	.	FALSE	None	intronic
chr11:77734334:C:T	chr11:77734334:G:A	C:T	RSF1	intronic	unknown	.	.	FALSE	None	intronic
chr11:9310778:T:C	chr11:9310778:A:G	A:G	TMEM41B	intronic	unknown	.	.	FALSE	None	intronic
chr11:9310803:C:T	chr11:9310803:G:A	C:T	TMEM41B	intronic	unknown	.	.	FALSE	None	intronic
chr11:9310804:A:G	chr11:9310804:T:C	A:G	TMEM41B	intronic	unknown	.	.	FALSE	None	intronic
chr11:10457780:A:G	chr11:10457780:A:G	A:G	AMPD3	intronic	unknown	A;G;+;A||R;ALU;-;SINE/AluJb;intronic;AMPD3;-;-;intronic;AMPD3;-;-;intronic;AMPD3;-;-;-;4;3;3	Name=AluJb	TRUE	Alu	intronic
chr11:104998977:A:G	chr11:104998977:T:C	A:G	CASP5	exonic	nonsynonymous SNV	.	.	FALSE	None	exonic
chr11:104998978:T:C	chr11:104998978:A:G	A:G	CASP5	exonic	nonsynonymous SNV	.	.	FALSE	None	exonic
chr11:117035785:T:C	chr11:117035785:A:G	A:G	SIK3	intronic	unknown	.	.	FALSE	None	intronic
chr11:17435919:A:G	chr11:17435919:T:C	A:G	ABCC8	intronic	unknown	.	.	FALSE	None	intronic
chr11:27581709:T:C	chr11:27581709:T:C	A:G	BDNF-AS	ncRNA
intronic	unknown	.	.	FALSE	None	ncRNA
chr11:3722333:T:C	chr11:3722333:A:G	A:G	NUP98	intronic	unknown	T;C;-;A||R;ALU;-;SINE/AluJr;intronic;NUP98;-;-;intronic;NUP98;-;-;intronic;NUP98;-;-;-;32;11;14	Name=AluJr	TRUE	Alu	intronic
chr11:47362743:T:C	chr11:47362743:A:G	A:G	SPI1	intronic	unknown	.	Name=AluSg	FALSE	Alu	intronic
chr11:47362744:T:C	chr11:47362744:A:G	A:G	SPI1	intronic	unknown	T;C;-;R;ALU;-;SINE/AluSg;intronic;SPI1;-;-;intronic;SPI1;-;-;intronic;SLC39A13||SPI1;-;-;-;0;0;0	Name=AluSg	TRUE	Alu	intronic
chr11:60946182:T:C	chr11:60946182:A:G	A:G	SLC15A3	intronic	unknown	T;C;-;A||R||D;ALU;-;SINE/AluJb;intronic;SLC15A3;-;-;intronic;SLC15A3;-;-;intronic;SLC15A3;-;-;-;14;4;5	Name=AluJb	TRUE	Alu	intronic
chr11:62887494:A:G	chr11:62887494:A:G	A:G	SLC3A2	intronic	unknown	A;G;+;A||R;ALU;-;SINE/AluSx;intronic;SLC3A2;-;-;intronic;SLC3A2;-;-;intronic;SLC3A2;-;-;-;1018;29;53	Name=AluSx	TRUE	Alu	intronic
chr11:65206543:C:T	chr11:65206543:C:T	C:T	CAPN1	exonic	synonymous SNV	.	.	FALSE	None	exonic
chr11:74455824:T:C	chr11:74455824:A:G	A:G	KCNE3	UTR3	unknown	T;C;-;A||R||D;ALU;-;SINE/AluSx1;ncRNA_intronic;RP11-702H23.4||RP11-702H23.6;-;-;UTR3;KCNE3;-;-;UTR3;KCNE3;-;-;-;658;30;49	Name=AluSx1	TRUE	Alu	UTR3
chr11:74456220:T:C	chr11:74456220:A:G	A:G	KCNE3	UTR3	unknown	T;C;-;A||R||D;ALU;-;SINE/AluSx;ncRNA_intronic;RP11-702H23.4||RP11-702H23.6;-;-;UTR3;KCNE3;-;-;UTR3;KCNE3;-;-;-;412;29;45	Name=AluSx1	TRUE	Alu	UTR3
chr11:77734526:T:C	chr11:77734526:A:G	A:G	RSF1	intronic	unknown	.	.	FALSE	None	intronic
chr11:77734542:A:G	chr11:77734542:T:C	A:G	RSF1	intronic	unknown	.	.	FALSE	None	intronic
chr11:78068542:T:C	chr11:78068542:A:G	A:G	NDUFC2	UTR3	unknown	T;C;-;A||R;ALU;-;SINE/AluSc;UTR3;NDUFC2;-;-;UTR3;NDUFC2;-;-;UTR3;NDUFC2;-;-;-;1694;30;55	Name=AluSc	TRUE	Alu	UTR3
chr11:125080652:C:T	chr11:125080652:C:T	C:T	SLC37A2	exonic	nonsynonymous SNV	.	.	FALSE	None	exonic
chr11:3892682:T:C	chr11:3892682:T:C	A:G	STIM1	intronic	unknown	.	.	FALSE	None	intronic
chr11:44615378:G:A	chr11:44615378:G:A	C:T	CD82	intronic	unknown	.	.	FALSE	None	intronic
chr11:60389060:A:G	chr11:60389060:A:G	A:G	MS4A7	intronic	unknown	A;G;+;A||R;NONREP;-;-/-;intronic;MS4A14||MS4A7;-;-;intronic;MS4A7;-;-;intronic;MS4A14||MS4A7;-;-;-;680;30;46	.	TRUE	None	intronic
chr11:62792523:A:G	chr11:62792523:T:C	A:G	NXF1	intronic	unknown	.	.	FALSE	None	intronic
chr11:62823729:T:C	chr11:62823729:A:G	A:G	STX5	intronic	unknown	T;C;-;A||R||D;ALU;-;SINE/AluJo;intronic;STX5;-;-;intronic;STX5;-;-;intronic;STX5;-;-;-;374;28;40	Name=AluJo	TRUE	Alu	intronic
chr11:62880895:C:T	chr11:62880895:C:T	C:T	SLC3A2	intronic	unknown	.	.	FALSE	None	intronic
chr11:67489459:A:G	chr11:67489459:A:G	A:G	AIP	intronic	unknown	.	.	FALSE	None	intronic
chr11:74482514:G:A	chr11:74482514:C:T	C:T	LIPT2	downstream	unknown	.	.	FALSE	None	downstream
chr11:752287:A:G	chr11:752287:A:G	A:G	TALDO1	intronic	unknown	A;G;+;R;ALU;-;SINE/AluY;intronic;TALDO1;-;-;intronic;TALDO1;-;-;intronic;TALDO1;-;-;-;77;10;21	Name=AluY	TRUE	Alu	intronic
chr11:85021424:T:C	chr11:85021424:A:G	A:G	DLG2	intronic	unknown	.	.	FALSE	None	intronic
chr11:90283787:C:T	chr11:90283787:C:T	C:T	DISC1FP1	ncRNA
intronic	unknown	.	.	FALSE	None	ncRNA
chr11:90283796:C:T	chr11:90283796:C:T	C:T	DISC1FP1	ncRNA
intronic	unknown	.	.	FALSE	None	ncRNA
chr11:90283797:A:G	chr11:90283797:A:G	A:G	DISC1FP1	ncRNA
intronic	unknown	.	.	FALSE	None	ncRNA
chr11:90283802:T:C	chr11:90283802:T:C	A:G	DISC1FP1	ncRNA
intronic	unknown	.	.	FALSE	None	ncRNA
chr11:3722366:T:C	chr11:3722366:A:G	A:G	NUP98	intronic	unknown	T;C;-;R;ALU;-;SINE/AluJr;intronic;NUP98;-;-;intronic;NUP98;-;-;intronic;NUP98;-;-;-;46;12;17	Name=AluJr	TRUE	Alu	intronic
chr11:57549180:T:C	chr11:57549180:T:C	A:G	SMTNL1	intronic	unknown	T;C;-;A||R||D;ALU;-;SINE/AluSx1;intronic;SMTNL1;-;-;intronic;SMTNL1;-;-;intronic;SMTNL1;-;-;-;14;7;9	Name=AluSx1	TRUE	Alu	intronic
chr11:57565638:T:C	chr11:57565638:A:G	A:G	UBE2L6	intronic	unknown	T;C;-;R;ALU;-;SINE/AluJo;intronic;UBE2L6;-;-;intronic;UBE2L6;-;-;intronic;UBE2L6;-;-;-;0;0;0	Name=AluJo	TRUE	Alu	intronic
chr11:60388912:A:G	chr11:60388912:A:G	A:G	MS4A7	intronic	unknown	A;G;+;A||R||D;NONREP;-;-/-;intronic;MS4A14||MS4A7;-;-;intronic;MS4A7;-;-;intronic;MS4A14||MS4A7;-;-;-;692;30;44	.	TRUE	None	intronic
chr11:60389046:A:G	chr11:60389046:A:G	A:G	MS4A7	intronic	unknown	A;G;+;A||R;NONREP;-;-/-;intronic;MS4A14||MS4A7;-;-;intronic;MS4A7;-;-;intronic;MS4A14||MS4A7;-;-;-;567;28;43	.	TRUE	None	intronic
chr11:62738944:A:G	chr11:62738944:A:G	A:G	TTC9C	downstream	unknown	A;G;+;A||R||D;ALU;-;SINE/AluSx;downstream;TTC9C;-;-;downstream;TTC9C;-;-;downstream;TTC9C;-;-;-;2061;30;54	Name=AluSx	TRUE	Alu	downstream
chr11:62792525:A:G	chr11:62792525:T:C	A:G	NXF1	intronic	unknown	.	.	FALSE	None	intronic
chr11:62869436:A:G	chr11:62869436:A:G	A:G	SLC3A2	intronic	unknown	.	Name=AluY	FALSE	Alu	intronic
chr11:62869438:G:A	chr11:62869438:G:A	C:T	SLC3A2	intronic	unknown	.	Name=AluY	FALSE	Alu	intronic
chr11:63536832:A:G	chr11:63536832:A:G	A:G	PLAAT4	UTR5	unknown	.	.	FALSE	None	UTR5
chr11:63536842:A:G	chr11:63536842:A:G	A:G	PLAAT4	UTR5	unknown	.	.	FALSE	None	UTR5
chr11:78069179:T:C	chr11:78069179:A:G	A:G	NDUFC2	UTR3	unknown	T;C;-;A||R||D;ALU;rs532558534;SINE/AluJb;UTR3;NDUFC2;-;-;UTR3;NDUFC2;-;-;UTR3;NDUFC2;-;-;-;1882;30;55	Name=AluJb	TRUE	Alu	UTR3
chr11:96327930:T:C	chr11:96327930:A:G	A:G	MAML2	intronic	unknown	T;C;-;A||R;ALU;-;SINE/AluSx;intronic;MAML2;-;-;intronic;MAML2;-;-;intronic;MAML2;-;-;-;13;6;7	Name=AluSx	TRUE	Alu	intronic
chr11:14673850:G:A	chr11:14673850:G:A	C:T	PDE3B	intronic	unknown	.	.	FALSE	None	intronic
chr11:14673865:G:A	chr11:14673865:G:A	C:T	PDE3B	intronic	unknown	.	.	FALSE	None	intronic
chr11:44587560:A:G	chr11:44587560:A:G	A:G	CD82	intronic	unknown	.	.	FALSE	None	intronic
chr11:78068543:T:C	chr11:78068543:A:G	A:G	NDUFC2	UTR3	unknown	T;C;-;A||R;ALU;-;SINE/AluSc;UTR3;NDUFC2;-;-;UTR3;NDUFC2;-;-;UTR3;NDUFC2;-;-;-;862;30;54	Name=AluSc	TRUE	Alu	UTR3
chr11:10457031:A:G	chr11:10457031:A:G	A:G	AMPD3	intronic	unknown	A;G;+;A||R;ALU;-;SINE/AluJr;intronic;AMPD3;-;-;intronic;AMPD3;-;-;intronic;AMPD3;-;-;-;4;2;2	Name=AluJr	TRUE	Alu	intronic
chr11:117988505:G:A	chr11:117988505:G:A	C:T	IL10RA	intronic	unknown	.	.	FALSE	None	intronic
chr11:118203365:T:C	chr11:118203365:A:G	A:G	JAML	intronic	unknown	T;C;-;A||R||D;REP;-;DNA/MER96;intronic;AMICA1;-;-;intronic;JAML;-;-;intronic;AMICA1;-;-;-;511;27;37	Name=MER96	TRUE	Other	intronic
chr11:14673859:T:C	chr11:14673859:T:C	A:G	PDE3B	intronic	unknown	.	.	FALSE	None	intronic
chr11:35210055:G:A	chr11:35210055:G:A	C:T	CD44	splicing	unknown	.	.	FALSE	None	splicing
chr11:35210058:A:G	chr11:35210058:A:G	A:G	CD44	intronic	unknown	.	.	FALSE	None	intronic
chr11:66520807:T:C	chr11:66520807:T:C	A:G	BBS1	intronic	unknown	T;C;-;A||R||D;ALU;-;SINE/AluSz6;intronic;BBS1||CTD-3074O7.11;-;-;intronic;BBS1;-;-;intronic;BBS1;-;-;-;1705;30;53	Name=AluSz6	TRUE	Alu	intronic
chr11:244079:A:G	chr11:244079:A:G	A:G	PSMD13	exonic	nonsynonymous SNV	.	.	FALSE	None	exonic
chr11:62763030:A:G	chr11:62763030:A:G	A:G	POLR2G	intronic	unknown	.	.	FALSE	None	intronic
chr11:67999163:T:C	chr11:67999163:A:G	A:G	UNC93B1	intronic	unknown	.	.	FALSE	None	intronic
chr11:67999165:G:A	chr11:67999165:C:T	C:T	UNC93B1	intronic	unknown	.	.	FALSE	None	intronic
chr11:67999167:A:G	chr11:67999167:T:C	A:G	UNC93B1	intronic	unknown	.	.	FALSE	None	intronic
chr11:68050071:G:A	chr11:68050071:G:A	C:T	TCIRG1	intronic	unknown	.	.	FALSE	None	intronic
chr11:96328027:T:C	chr11:96328027:A:G	A:G	MAML2	intronic	unknown	T;C;-;A||R;ALU;-;SINE/AluSx;intronic;MAML2;-;-;intronic;MAML2;-;-;intronic;MAML2;-;-;-;13;8;9	Name=AluSx	TRUE	Alu	intronic
chr11:10798989:T:C	chr11:10798989:A:G	A:G	EIF4G2	intronic	unknown	.	.	FALSE	None	intronic
chr11:14673309:A:G	chr11:14673309:A:G	A:G	PDE3B	intronic	unknown	.	.	FALSE	None	intronic
chr11:62763034:C:T	chr11:62763034:C:T	C:T	POLR2G	intronic	unknown	.	.	FALSE	None	intronic
chr11:47240255:C:T	chr11:47240255:G:A	C:T	ACP2	intronic	unknown	.	.	FALSE	None	intronic
chr11:5682221:T:C	chr11:5682221:A:G	A:G	TRIM5	intronic	unknown	T;C;-;R;ALU;-;SINE/AluSx1;intronic;TRIM5;-;-;intronic;TRIM5;-;-;intronic;TRIM5;-;-;-;2;2;2	Name=AluSx1	TRUE	Alu	intronic
chr11:5682241:T:C	chr11:5682241:A:G	A:G	TRIM5	intronic	unknown	T;C;-;A||R;ALU;-;SINE/AluSx1;intronic;TRIM5;-;-;intronic;TRIM5;-;-;intronic;TRIM5;-;-;-;6;4;4	Name=AluSx1	TRUE	Alu	intronic
chr11:14673244:T:C	chr11:14673244:T:C	A:G	PDE3B	intronic	unknown	.	.	FALSE	None	intronic
chr11:14673339:G:A	chr11:14673339:G:A	C:T	PDE3B	intronic	unknown	.	.	FALSE	None	intronic
chr11:62738890:A:G	chr11:62738890:A:G	A:G	TTC9C	downstream	unknown	A;G;+;A||R;ALU;-;SINE/AluSx;downstream;TTC9C;-;-;downstream;TTC9C;-;-;downstream;TTC9C;-;-;-;1776;30;54	Name=AluSx	TRUE	Alu	downstream
chr11:44605056:A:G	chr11:44605056:A:G	A:G	CD82	splicing	unknown	.	.	FALSE	None	splicing
chr11:31431089:A:G	chr11:31431089:A:G	A:G	DNAJC24	UTR3	unknown	A;G;+;A||R||D;ALU;-;SINE/AluSx1;UTR3;DNAJC24;-;-;UTR3;DNAJC24;-;-;UTR3;DNAJC24;-;-;-;2269;30;55	Name=AluSx1	TRUE	Alu	UTR3
chr11:3722704:T:C	chr11:3722704:A:G	A:G	NUP98	intronic	unknown	T;C;-;A||R||D;ALU;-;SINE/AluJb;intronic;NUP98;-;-;intronic;NUP98;-;-;intronic;NUP98;-;-;-;136;23;32	Name=AluJb	TRUE	Alu	intronic
chr11:3722315:T:C	chr11:3722315:A:G	A:G	NUP98	intronic	unknown	T;C;-;R;ALU;-;SINE/AluJr;intronic;NUP98;-;-;intronic;NUP98;-;-;intronic;NUP98;-;-;-;53;16;20	Name=AluJr	TRUE	Alu	intronic
chr11:74997591:A:G	chr11:74997591:A:G	A:G	NEU3	intronic	unknown	A;G;+;A||R;ALU;-;SINE/AluSx3;intronic;NEU3;-;-;intronic;NEU3;-;-;intronic;NEU3;-;-;-;24;14;16	Name=AluSx3	TRUE	Alu	intronic
chr11:75318659:T:C	chr11:75318659:A:G	A:G	ARRB1	intronic	unknown	T;C;-;A||R;ALU;-;SINE/AluSx;intronic;ARRB1;-;-;intronic;ARRB1;-;-;intronic;ARRB1;-;-;-;5;3;3	Name=AluSx	TRUE	Alu	intronic
chr11:62840942:T:C	chr11:62840942:A:G	A:G	WDR74	intronic	unknown	.	Name=AluSc8	FALSE	Alu	intronic
chr11:6713976:T:C	chr11:6713976:A:G	A:G	GVINP1	ncRNA
exonic	unknown	T;C;-;A||R||D;ALU;-;SINE/AluSz;ncRNA_exonic;GVINP1;-;-;ncRNA_exonic;GVINP1;-;-;UTR3;GVINP1;-;-;-;355;23;33	Name=AluSz	TRUE	Alu	ncRNA
chr11:6713977:T:C	chr11:6713977:A:G	A:G	GVINP1	ncRNA
exonic	unknown	T;C;-;A||R||D;ALU;-;SINE/AluSz;ncRNA_exonic;GVINP1;-;-;ncRNA_exonic;GVINP1;-;-;UTR3;GVINP1;-;-;-;289;24;31	Name=AluSz	TRUE	Alu	ncRNA
chr11:75318288:T:C	chr11:75318288:A:G	A:G	ARRB1	intronic	unknown	T;C;-;A||R;ALU;-;SINE/AluJb;intronic;ARRB1;-;-;intronic;ARRB1;-;-;intronic;ARRB1;-;-;-;16;5;7	Name=AluJo	TRUE	Alu	intronic
chr11:77023819:A:G	chr11:77023819:A:G	A:G	ACER3	UTR3	unknown	A;G;+;A||R;ALU;-;SINE/AluY;UTR3;ACER3;-;-;UTR3;ACER3;-;-;downstream;ACER3;-;-;-;1490;30;54	Name=AluY	TRUE	Alu	UTR3
chr11:44605049:T:C	chr11:44605049:T:C	A:G	CD82	intronic	unknown	.	.	FALSE	None	intronic
chr11:44605050:C:T	chr11:44605050:C:T	C:T	CD82	intronic	unknown	.	.	FALSE	None	intronic
chr11:44605052:C:T	chr11:44605052:C:T	C:T	CD82	intronic	unknown	.	.	FALSE	None	intronic
chr11:125079762:T:C	chr11:125079762:T:C	A:G	SLC37A2	splicing	unknown	.	.	FALSE	None	splicing
chr11:57549118:T:C	chr11:57549118:T:C	A:G	SMTNL1	intronic	unknown	T;C;-;A||R||D;ALU;-;SINE/AluSx1;intronic;SMTNL1;-;-;intronic;SMTNL1;-;-;intronic;SMTNL1;-;-;-;21;10;12	Name=AluSx1	TRUE	Alu	intronic
chr11:57565503:T:C	chr11:57565503:A:G	A:G	UBE2L6	intronic	unknown	T;C;-;A||R;ALU;-;SINE/AluJo;intronic;UBE2L6;-;-;intronic;UBE2L6;-;-;intronic;UBE2L6;-;-;-;1;1;1	Name=AluJo	TRUE	Alu	intronic
chr11:57565516:T:C	chr11:57565516:A:G	A:G	UBE2L6	intronic	unknown	T;C;-;A||R;ALU;-;SINE/AluJo;intronic;UBE2L6;-;-;intronic;UBE2L6;-;-;intronic;UBE2L6;-;-;-;2;2;2	Name=AluJo	TRUE	Alu	intronic
chr11:57565564:T:C	chr11:57565564:A:G	A:G	UBE2L6	intronic	unknown	T;C;-;A;ALU;-;SINE/AluJo;intronic;UBE2L6;-;-;intronic;UBE2L6;-;-;intronic;UBE2L6;-;-;-;1;1;1	Name=AluJo	TRUE	Alu	intronic
chr11:69303414:G:A	chr11:69303414:G:A	C:T	MYEOV	downstream	unknown	.	.	FALSE	None	downstream
chr11:69303418:T:C	chr11:69303418:T:C	A:G	MYEOV	downstream	unknown	.	.	FALSE	None	downstream
chr11:69303429:A:G	chr11:69303429:A:G	A:G	MYEOV	downstream	unknown	.	.	FALSE	None	downstream
chr11:57565441:T:C	chr11:57565441:A:G	A:G	UBE2L6	intronic	unknown	T;C;-;A||R;ALU;-;SINE/AluJo;intronic;UBE2L6;-;-;intronic;UBE2L6;-;-;intronic;UBE2L6;-;-;-;2;2;2	Name=AluJo	TRUE	Alu	intronic
chr11:614172:A:G	chr11:614172:T:C	A:G	IRF7	splicing	unknown	.	.	FALSE	None	splicing
chr12:108786648:T:C	chr12:108786648:A:G	A:G	SSH1	UTR3	unknown	T;C;-;A||R||D;ALU;-;SINE/AluJb;UTR3;SSH1;-;-;UTR3;SSH1;-;-;UTR3;SSH1;-;-;-;1858;30;55	Name=AluJb	TRUE	Alu	UTR3
chr12:110498247:T:C	chr12:110498247:A:G	A:G	VPS29	intronic	unknown	T;C;-;A||R||D;ALU;-;SINE/AluSq2;intronic;VPS29;-;-;intronic;VPS29;-;-;intronic;VPS29;-;-;-;1741;30;52	Name=AluSq2	TRUE	Alu	intronic
chr12:112125550:G:A	chr12:112125550:G:A	C:T	TRAFD1	UTR5	unknown	.	.	FALSE	None	UTR5
chr12:112125552:G:A	chr12:112125552:G:A	C:T	TRAFD1	UTR5	unknown	.	.	FALSE	None	UTR5
chr12:112125556:T:C	chr12:112125556:T:C	A:G	TRAFD1	UTR5	unknown	.	.	FALSE	None	UTR5
chr12:112125558:A:G	chr12:112125558:A:G	A:G	TRAFD1	UTR5	unknown	.	.	FALSE	None	UTR5
chr12:113391119:A:G	chr12:113391119:A:G	A:G	PLBD2	UTR3	unknown	A;G;+;A||R;NONREP;-;-/-;intergenic;PLBD2||SDS;-;-;intergenic;PLBD2||SDS;-;-;intergenic;PLBD2||SDS;-;-;-;1995;30;53	.	TRUE	None	UTR3
chr12:113391120:A:G	chr12:113391120:A:G	A:G	PLBD2	UTR3	unknown	A;G;+;A||R||D;NONREP;-;-/-;intergenic;PLBD2||SDS;-;-;intergenic;PLBD2||SDS;-;-;intergenic;PLBD2||SDS;-;-;-;2515;30;54	.	TRUE	None	UTR3
chr12:113391146:A:G	chr12:113391146:A:G	A:G	PLBD2	UTR3	unknown	A;G;+;A||R;NONREP;-;-/-;intergenic;PLBD2||SDS;-;-;intergenic;PLBD2||SDS;-;-;intergenic;PLBD2||SDS;-;-;-;2311;30;54	.	TRUE	None	UTR3
chr12:120460750:A:G	chr12:120460750:A:G	A:G	GATC	UTR3	unknown	A;G;+;A||R||D;ALU;-;SINE/AluY;UTR3;GATC;-;-;UTR3;GATC;-;-;UTR3;GATC;-;-;-;2182;30;55	Name=AluY	TRUE	Alu	UTR3
chr12:120460858:A:G	chr12:120460858:A:G	A:G	GATC	UTR3	unknown	A;G;+;A||R||D;ALU;-;SINE/AluY;UTR3;GATC;-;-;UTR3;GATC;-;-;UTR3;GATC;-;-;-;2217;30;54	Name=AluY	TRUE	Alu	UTR3
chr12:120461272:A:G	chr12:120461272:A:G	A:G	GATC	UTR3	unknown	A;G;+;A||R||D;ALU;-;SINE/AluJr;UTR3;GATC;-;-;UTR3;GATC;-;-;UTR3;GATC;-;-;-;2093;30;55	Name=AluJr	TRUE	Alu	UTR3
chr12:12876018:T:C	chr12:12876018:T:C	A:G	RPL13AP20	ncRNA
exonic	unknown	.	.	FALSE	None	ncRNA
chr12:12876030:T:C	chr12:12876030:T:C	A:G	RPL13AP20	ncRNA
exonic	unknown	.	.	FALSE	None	ncRNA
chr12:43787848:A:G	chr12:43787848:A:G	A:G	IRAK4	UTR3	unknown	A;G;+;A||R||D;ALU;-;SINE/AluSx1;UTR3;IRAK4;-;-;UTR3;IRAK4;-;-;UTR3;IRAK4;-;-;-;2251;30;54	Name=AluSx1	TRUE	Alu	UTR3
chr12:43787936:A:G	chr12:43787936:A:G	A:G	IRAK4	UTR3	unknown	A;G;+;A||R||D;ALU;-;SINE/AluSx1;UTR3;IRAK4;-;-;UTR3;IRAK4;-;-;UTR3;IRAK4;-;-;-;2255;30;54	Name=AluSx1	TRUE	Alu	UTR3
chr12:43787971:A:G	chr12:43787971:A:G	A:G	IRAK4	UTR3	unknown	A;G;+;A||R||D;ALU;-;SINE/AluSx1;UTR3;IRAK4;-;-;UTR3;IRAK4;-;-;UTR3;IRAK4;-;-;-;1968;30;54	Name=AluSx1	TRUE	Alu	UTR3
chr12:49758679:A:G	chr12:49758679:A:G	A:G	TMBIM6	intronic	unknown	.	.	FALSE	None	intronic
chr12:50930336:A:G	chr12:50930336:A:G	A:G	METTL7A	UTR3	unknown	A;G;+;A||R||D;ALU;-;SINE/AluSq2;UTR3;METTL7A;-;-;UTR3;METTL7A;-;-;UTR3;METTL7A;-;-;-;1201;30;55	Name=AluSq2	TRUE	Alu	UTR3
chr12:50930380:A:G	chr12:50930380:A:G	A:G	METTL7A	UTR3	unknown	A;G;+;A||R||D;ALU;-;SINE/AluSq2;UTR3;METTL7A;-;-;UTR3;METTL7A;-;-;UTR3;METTL7A;-;-;-;1615;30;55	Name=AluSq2	TRUE	Alu	UTR3
chr12:50930653:A:G	chr12:50930653:A:G	A:G	METTL7A	UTR3	unknown	A;G;+;A||R||D;ALU;-;SINE/AluSp;UTR3;METTL7A;-;-;UTR3;METTL7A;-;-;UTR3;METTL7A;-;-;-;2566;30;55	Name=AluSp	TRUE	Alu	UTR3
chr12:50930713:A:G	chr12:50930713:A:G	A:G	METTL7A	UTR3	unknown	A;G;+;A||R||D;ALU;-;SINE/AluSp;UTR3;METTL7A;-;-;UTR3;METTL7A;-;-;UTR3;METTL7A;-;-;-;2533;30;55	Name=AluSp	TRUE	Alu	UTR3
chr12:50930723:A:G	chr12:50930723:A:G	A:G	METTL7A	UTR3	unknown	A;G;+;A||R||D;ALU;-;SINE/AluSp;UTR3;METTL7A;-;-;UTR3;METTL7A;-;-;UTR3;METTL7A;-;-;-;2406;30;55	Name=AluSp	TRUE	Alu	UTR3
chr12:50930844:A:G	chr12:50930844:A:G	A:G	METTL7A	UTR3	unknown	A;G;+;A||R||D;ALU;-;SINE/AluSp;UTR3;METTL7A;-;-;UTR3;METTL7A;-;-;UTR3;METTL7A;-;-;-;2499;30;55	Name=AluSp	TRUE	Alu	UTR3
chr12:50930856:A:G	chr12:50930856:A:G	A:G	METTL7A	UTR3	unknown	A;G;+;A||R||D;ALU;-;SINE/AluSp;UTR3;METTL7A;-;-;UTR3;METTL7A;-;-;UTR3;METTL7A;-;-;-;2313;30;55	Name=AluSp	TRUE	Alu	UTR3
chr12:50931454:A:G	chr12:50931454:A:G	A:G	METTL7A	UTR3	unknown	A;G;+;A||R||D;ALU;-;SINE/AluSq2;UTR3;METTL7A;-;-;UTR3;METTL7A;-;-;UTR3;METTL7A;-;-;-;1876;30;55	Name=AluSq2	TRUE	Alu	UTR3
chr12:50931455:A:G	chr12:50931455:A:G	A:G	METTL7A	UTR3	unknown	A;G;+;A||R||D;ALU;-;SINE/AluSq2;UTR3;METTL7A;-;-;UTR3;METTL7A;-;-;UTR3;METTL7A;-;-;-;1787;30;55	Name=AluSq2	TRUE	Alu	UTR3
chr12:50931497:A:G	chr12:50931497:A:G	A:G	METTL7A	UTR3	unknown	A;G;+;A||R||D;ALU;-;SINE/AluSq2;UTR3;METTL7A;-;-;UTR3;METTL7A;-;-;UTR3;METTL7A;-;-;-;1756;30;55	Name=AluSq2	TRUE	Alu	UTR3
chr12:50931504:A:G	chr12:50931504:A:G	A:G	METTL7A	UTR3	unknown	A;G;+;A||R||D;ALU;-;SINE/AluSq2;UTR3;METTL7A;-;-;UTR3;METTL7A;-;-;UTR3;METTL7A;-;-;-;947;30;55	Name=AluSq2	TRUE	Alu	UTR3
chr12:50931590:A:G	chr12:50931590:A:G	A:G	METTL7A	UTR3	unknown	A;G;+;A||R||D;ALU;-;SINE/AluSq2;UTR3;METTL7A;-;-;UTR3;METTL7A;-;-;UTR3;METTL7A;-;-;-;1365;30;55	Name=AluSq2	TRUE	Alu	UTR3
chr12:50931591:A:G	chr12:50931591:A:G	A:G	METTL7A	UTR3	unknown	A;G;+;A||R||D;ALU;-;SINE/AluSq2;UTR3;METTL7A;-;-;UTR3;METTL7A;-;-;UTR3;METTL7A;-;-;-;1274;30;55	Name=AluSq2	TRUE	Alu	UTR3
chr12:55727341:T:C	chr12:55727341:A:G	A:G	CD63	splicing	unknown	.	.	FALSE	None	splicing
chr12:55727347:A:G	chr12:55727347:T:C	A:G	CD63	intronic	unknown	.	.	FALSE	None	intronic
chr12:55980063:C:T	chr12:55980063:C:T	C:T	RAB5B	intronic	unknown	.	.	FALSE	None	intronic
chr12:56155087:G:A	chr12:56155087:G:A	C:T	MYL6B	exonic	nonsynonymous SNV	.	.	FALSE	None	exonic
chr12:56155089:G:A	chr12:56155089:G:A	C:T	MYL6B	exonic	synonymous SNV	.	.	FALSE	None	exonic
chr12:56155152:C:T	chr12:56155152:C:T	C:T	MYL6B	exonic	synonymous SNV	.	.	FALSE	None	exonic
chr12:6236276:G:A	chr12:6236276:G:A	C:T	CD9	splicing	unknown	.	.	FALSE	None	splicing
chr12:6236278:G:A	chr12:6236278:G:A	C:T	CD9	intronic	unknown	.	.	FALSE	None	intronic
chr12:6537133:C:T	chr12:6537133:C:T	C:T	GAPDH	exonic	synonymous SNV	.	.	FALSE	None	exonic
chr12:68766231:A:G	chr12:68766231:A:G	A:G	SLC35E3	UTR3	unknown	A;G;+;A||R||D;ALU;-;SINE/AluSp;UTR3;SLC35E3;-;-;downstream;SLC35E3;-;-;downstream;SLC35E3;-;-;-;733;30;53	Name=AluSp	TRUE	Alu	UTR3
chr12:68843243:A:G	chr12:68843243:A:G	A:G	MDM2	UTR3	unknown	A;G;+;A||R;NONREP;-;-/-;UTR3;MDM2;-;-;UTR3;MDM2;-;-;UTR3;MDM2;-;-;-;2141;30;55	.	TRUE	None	UTR3
chr12:68843273:A:G	chr12:68843273:A:G	A:G	MDM2	UTR3	unknown	A;G;+;A||R||D;NONREP;-;-/-;UTR3;MDM2;-;-;UTR3;MDM2;-;-;UTR3;MDM2;-;-;-;2274;30;55	.	TRUE	None	UTR3
chr12:68843276:A:G	chr12:68843276:A:G	A:G	MDM2	UTR3	unknown	A;G;+;A||R||D;NONREP;-;-/-;UTR3;MDM2;-;-;UTR3;MDM2;-;-;UTR3;MDM2;-;-;-;2056;30;55	.	TRUE	None	UTR3
chr12:68843293:A:G	chr12:68843293:A:G	A:G	MDM2	UTR3	unknown	A;G;+;A||R||D;NONREP;-;-/-;UTR3;MDM2;-;-;UTR3;MDM2;-;-;UTR3;MDM2;-;-;-;2125;30;55	.	TRUE	None	UTR3
chr12:68843730:A:G	chr12:68843730:A:G	A:G	MDM2	UTR3	unknown	A;G;+;A||R||D;NONREP;-;-/-;UTR3;MDM2;-;-;UTR3;MDM2;-;-;UTR3;MDM2;-;-;-;1797;30;54	.	TRUE	None	UTR3
chr12:68843749:A:G	chr12:68843749:A:G	A:G	MDM2	UTR3	unknown	A;G;+;A||R;NONREP;-;-/-;UTR3;MDM2;-;-;UTR3;MDM2;-;-;UTR3;MDM2;-;-;-;2584;30;54	.	TRUE	None	UTR3
chr12:68843772:A:G	chr12:68843772:A:G	A:G	MDM2	UTR3	unknown	A;G;+;A||R||D;NONREP;-;-/-;UTR3;MDM2;-;-;UTR3;MDM2;-;-;UTR3;MDM2;-;-;-;2494;30;54	.	TRUE	None	UTR3
chr12:71703056:A:G	chr12:71703056:A:G	A:G	TMEM19	UTR3	unknown	A;G;+;A||R||D;ALU;-;SINE/AluSz;UTR3;TMEM19;-;-;UTR3;TMEM19;-;-;UTR3;TMEM19;-;-;-;1408;30;55	Name=AluSz	TRUE	Alu	UTR3
chr12:71703070:A:G	chr12:71703070:A:G	A:G	TMEM19	UTR3	unknown	A;G;+;A||R||D;ALU;-;SINE/AluSz;UTR3;TMEM19;-;-;UTR3;TMEM19;-;-;UTR3;TMEM19;-;-;-;1780;30;55	Name=AluSz	TRUE	Alu	UTR3
chr12:7439518:T:C	chr12:7439518:A:G	A:G	CD163L1	intronic	unknown	.	.	FALSE	None	intronic
chr12:8384301:T:C	chr12:8384301:A:G	A:G	LINC00937	ncRNA
intronic	unknown	T;C;-;R||D;ALU;-;SINE/AluSx;ncRNA_intronic;LINC00937;-;-;ncRNA_intronic;LINC00937;-;-;intronic;LINC00937;-;-;-;407;24;41	Name=AluSx	TRUE	Alu	ncRNA
chr12:8384407:T:C	chr12:8384407:A:G	A:G	LINC00937	ncRNA
intronic	unknown	T;C;-;R;ALU;-;SINE/AluSx;ncRNA_intronic;LINC00937;-;-;ncRNA_intronic;LINC00937;-;-;intronic;LINC00937;-;-;-;374;22;37	Name=AluSx	TRUE	Alu	ncRNA
chr12:92860726:A:G	chr12:92860726:T:C	A:G	EEA1	intronic	unknown	.	.	FALSE	None	intronic
chr12:101901759:A:G	chr12:101901759:A:G	A:G	DRAM1	intronic	unknown	A;G;+;A||R||D;ALU;-;SINE/AluSg;intronic;DRAM1;-;-;intronic;DRAM1;-;-;intronic;DRAM1;-;-;-;46;8;9	Name=AluSg	TRUE	Alu	intronic
chr12:120460894:A:G	chr12:120460894:A:G	A:G	GATC	UTR3	unknown	A;G;+;A||R||D;ALU;-;SINE/AluY;UTR3;GATC;-;-;UTR3;GATC;-;-;UTR3;GATC;-;-;-;1429;30;55	Name=AluY	TRUE	Alu	UTR3
chr12:120461196:A:G	chr12:120461196:A:G	A:G	GATC	UTR3	unknown	A;G;+;A||R||D;ALU;-;SINE/AluJr;UTR3;GATC;-;-;UTR3;GATC;-;-;UTR3;GATC;-;-;-;2292;30;55	Name=AluJr	TRUE	Alu	UTR3
chr12:121224427:A:G	chr12:121224427:A:G	A:G	P2RX4	intronic	unknown	A;G;+;A||R;ALU;-;SINE/AluSx;intronic;P2RX4;-;-;intronic;P2RX4;-;-;intronic;P2RX4;-;-;-;32;8;11	Name=AluSx	TRUE	Alu	intronic
chr12:121224482:A:G	chr12:121224482:A:G	A:G	P2RX4	intronic	unknown	A;G;+;A||R;ALU;-;SINE/AluSx;intronic;P2RX4;-;-;intronic;P2RX4;-;-;intronic;P2RX4;-;-;-;58;11;15	Name=AluSx	TRUE	Alu	intronic
chr12:12690993:A:G	chr12:12690993:T:C	A:G	GPR19	intronic	unknown	.	.	FALSE	None	intronic
chr12:27421500:A:G	chr12:27421500:T:C	A:G	ARNTL2-AS1	ncRNA
intronic	unknown	A;G;+;A||D;ALU;rs113632419;SINE/AluSz;ncRNA_intronic;RP11-165P7.1;-;-;ncRNA_intronic;ARNTL2-AS1;-;-;ncRNA_intronic;BC043511;-;-;-;676;25;45	Name=AluSz	TRUE	Alu	ncRNA
chr12:51392319:A:G	chr12:51392319:A:G	A:G	SLC4A8	intronic	unknown	.	Name=AluSx3	FALSE	Alu	intronic
chr12:64449074:A:G	chr12:64449074:A:G	A:G	XPOT	UTR3	unknown	A;G;+;A||R||D;ALU;-;SINE/AluSz;UTR3;XPOT;-;-;downstream;XPOT;-;-;downstream;XPOT;-;-;-;1641;30;55	Name=AluSz	TRUE	Alu	UTR3
chr12:64449075:A:G	chr12:64449075:A:G	A:G	XPOT	UTR3	unknown	A;G;+;A||R||D;ALU;-;SINE/AluSz;UTR3;XPOT;-;-;downstream;XPOT;-;-;downstream;XPOT;-;-;-;1529;30;55	Name=AluSz	TRUE	Alu	UTR3
chr12:64450281:A:G	chr12:64450281:A:G	A:G	XPOT	UTR3	unknown	A;G;+;A||R||D;ALU;-;SINE/AluJr4;UTR3;XPOT;-;-;intergenic;XPOT||TBK1;-;-;intergenic;XPOT||TBK1;-;-;-;2290;30;55	Name=AluJr4	TRUE	Alu	UTR3
chr12:64450291:A:G	chr12:64450291:A:G	A:G	XPOT	UTR3	unknown	A;G;+;A||R||D;ALU;-;SINE/AluJr4;UTR3;XPOT;-;-;intergenic;XPOT||TBK1;-;-;intergenic;XPOT||TBK1;-;-;-;2088;30;55	Name=AluJr4	TRUE	Alu	UTR3
chr12:64450354:A:G	chr12:64450354:A:G	A:G	XPOT	UTR3	unknown	A;G;+;A||R||D;ALU;-;SINE/AluJr4;UTR3;XPOT;-;-;intergenic;XPOT||TBK1;-;-;intergenic;XPOT||TBK1;-;-;-;1870;30;55	Name=AluJr4	TRUE	Alu	UTR3
chr12:6534862:G:A	chr12:6534862:G:A	C:T	GAPDH	splicing	unknown	.	.	FALSE	None	splicing
chr12:66194002:A:G	chr12:66194002:A:G	A:G	IRAK3	intronic	unknown	A;G;+;A||R||D;ALU;-;SINE/AluJb;intronic;IRAK3;-;-;intronic;IRAK3;-;-;intronic;IRAK3;-;-;-;523;25;33	Name=AluJb	TRUE	Alu	intronic
chr12:68765101:A:G	chr12:68765101:A:G	A:G	SLC35E3	UTR3	unknown	A;G;+;A||R||D;ALU;-;SINE/AluSp;UTR3;SLC35E3;-;-;UTR3;SLC35E3;-;-;UTR3;SLC35E3;-;-;-;1178;30;54	Name=AluSp	TRUE	Alu	UTR3
chr12:68821481:A:G	chr12:68821481:A:G	A:G	MDM2	intronic	unknown	A;G;+;A||R||D;ALU;-;SINE/AluJb;intronic;MDM2;-;-;intronic;MDM2;-;-;intronic;MDM2;-;-;-;265;21;30	Name=AluJb	TRUE	Alu	intronic
chr12:68832654:A:G	chr12:68832654:A:G	A:G	MDM2	intronic	unknown	A;G;+;A||R||D;ALU;-;SINE/AluJb;intronic;MDM2;-;-;intronic;MDM2;-;-;intronic;MDM2;-;-;-;172;19;28	Name=AluJb	TRUE	Alu	intronic
chr12:69526865:A:G	chr12:69526865:A:G	A:G	FRS2	intronic	unknown	.	Name=AluSc8	FALSE	Alu	intronic
chr12:69526872:T:C	chr12:69526872:T:C	A:G	FRS2	intronic	unknown	.	Name=AluSc8	FALSE	Alu	intronic
chr12:69526884:T:C	chr12:69526884:T:C	A:G	FRS2	intronic	unknown	.	Name=AluSc8	FALSE	Alu	intronic
chr12:71703004:A:G	chr12:71703004:A:G	A:G	TMEM19	UTR3	unknown	A;G;+;A||R||D;ALU;-;SINE/AluSz;UTR3;TMEM19;-;-;UTR3;TMEM19;-;-;UTR3;TMEM19;-;-;-;709;29;52	Name=AluSz	TRUE	Alu	UTR3
chr12:76829346:A:G	chr12:76829346:A:G	A:G	ZDHHC17	intronic	unknown	A;G;+;A||R||D;ALU;-;SINE/AluSg;intronic;ZDHHC17;-;-;intronic;ZDHHC17;-;-;intronic;ZDHHC17;-;-;-;11;7;7	Name=AluSx4	TRUE	Alu	intronic
chr12:10118597:A:G	chr12:10118597:T:C	A:G	CLEC7A	intronic	unknown	.	.	FALSE	None	intronic
chr12:110498261:T:C	chr12:110498261:A:G	A:G	VPS29	intronic	unknown	T;C;-;A||R||D;ALU;-;SINE/AluSq2;intronic;VPS29;-;-;intronic;VPS29;-;-;intronic;VPS29;-;-;-;1720;30;54	Name=AluSq2	TRUE	Alu	intronic
chr12:113281292:A:G	chr12:113281292:A:G	A:G	TPCN1	intronic	unknown	A;G;+;A||R||D;ALU;-;SINE/AluSx;intronic;TPCN1;-;-;intronic;TPCN1;-;-;intronic;TPCN1;-;-;-;954;30;52	Name=AluSx	TRUE	Alu	intronic
chr12:123625337:T:C	chr12:123625337:A:G	A:G	EIF2B1	intronic	unknown	T;C;-;A||R||D;ALU;-;SINE/AluJb;intronic;EIF2B1;-;-;intronic;EIF2B1;-;-;intronic;EIF2B1;-;-;-;1948;30;54	Name=AluYh3	TRUE	Alu	intronic
chr12:12876080:A:G	chr12:12876080:A:G	A:G	RPL13AP20	ncRNA
exonic	unknown	.	.	FALSE	None	ncRNA
chr12:50930339:A:G	chr12:50930339:A:G	A:G	METTL7A	UTR3	unknown	A;G;+;A||R||D;ALU;-;SINE/AluSq2;UTR3;METTL7A;-;-;UTR3;METTL7A;-;-;UTR3;METTL7A;-;-;-;1054;30;55	Name=AluSq2	TRUE	Alu	UTR3
chr12:50930530:A:G	chr12:50930530:A:G	A:G	METTL7A	UTR3	unknown	A;G;+;A||R||D;ALU;-;SINE/AluSq2;UTR3;METTL7A;-;-;UTR3;METTL7A;-;-;UTR3;METTL7A;-;-;-;2458;30;55	Name=AluSq2	TRUE	Alu	UTR3
chr12:50930684:A:G	chr12:50930684:A:G	A:G	METTL7A	UTR3	unknown	A;G;+;A||R||D;ALU;-;SINE/AluSp;UTR3;METTL7A;-;-;UTR3;METTL7A;-;-;UTR3;METTL7A;-;-;-;2515;30;55	Name=AluSp	TRUE	Alu	UTR3
chr12:50931523:A:G	chr12:50931523:A:G	A:G	METTL7A	UTR3	unknown	A;G;+;A||R||D;ALU;-;SINE/AluSq2;UTR3;METTL7A;-;-;UTR3;METTL7A;-;-;UTR3;METTL7A;-;-;-;1156;30;54	Name=AluSq2	TRUE	Alu	UTR3
chr12:62021705:G:A	chr12:62021705:C:T	C:T	TAFA2	intronic	unknown	.	.	FALSE	None	intronic
chr12:62021725:A:G	chr12:62021725:T:C	A:G	TAFA2	intronic	unknown	A;G;+;R;NONREP;-;-/-;intronic;FAM19A2;-;-;intronic;FAM19A2;-;-;intronic;FAM19A2;-;-;775;1882;6;4;6	.	TRUE	None	intronic
chr12:6225424:A:G	chr12:6225424:A:G	A:G	CD9	splicing	unknown	.	.	FALSE	None	splicing
chr12:6330927:C:T	chr12:6330927:G:A	C:T	TNFRSF1A	splicing	unknown	.	.	FALSE	None	splicing
chr12:64450369:A:G	chr12:64450369:A:G	A:G	XPOT	UTR3	unknown	A;G;+;A||R||D;ALU;-;SINE/AluJr4;UTR3;XPOT;-;-;intergenic;XPOT||TBK1;-;-;intergenic;XPOT||TBK1;-;-;-;2071;30;54	Name=AluJr4	TRUE	Alu	UTR3
chr12:71702445:A:G	chr12:71702445:A:G	A:G	TMEM19	UTR3	unknown	A;G;+;A||R||D;ALU;-;SINE/AluSz6;UTR3;TMEM19;-;-;UTR3;TMEM19;-;-;UTR3;TMEM19;-;-;-;1943;30;55	Name=AluSz6	TRUE	Alu	UTR3
chr12:9240016:G:A	chr12:9240016:G:A	C:T	LINC00987	ncRNA
exonic	unknown	.	.	FALSE	None	ncRNA
chr12:92860716:A:G	chr12:92860716:T:C	A:G	EEA1	intronic	unknown	.	.	FALSE	None	intronic
chr12:9688590:A:G	chr12:9688590:A:G	A:G	CLEC2D	intronic	unknown	A;G;+;A||R||D;ALU;-;SINE/AluSz;intronic;CLEC2D;-;-;intronic;CLEC2D;-;-;intronic;CLEC2D;-;-;-;75;13;15	Name=AluSz	TRUE	Alu	intronic
chr12:110498140:T:C	chr12:110498140:A:G	A:G	VPS29	intronic	unknown	T;C;-;R||D;ALU;-;SINE/AluSq2;intronic;VPS29;-;-;intronic;VPS29;-;-;intronic;VPS29;-;-;-;0;0;0	Name=AluSq2	TRUE	Alu	intronic
chr12:112942525:A:G	chr12:112942525:A:G	A:G	OAS3	intronic	unknown	A;G;+;A||R||D;ALU;-;SINE/AluJr;ncRNA_intronic;RP1-71H24.1;-;-;intronic;OAS3;-;-;intronic;OAS3;-;-;-;32;10;13	Name=AluJr	TRUE	Alu	intronic
chr12:112943040:A:G	chr12:112943040:A:G	A:G	OAS3	intronic	unknown	A;G;+;A||R||D;ALU;-;SINE/AluJb;ncRNA_intronic;RP1-71H24.1;-;-;intronic;OAS3;-;-;intronic;OAS3;-;-;-;32;9;11	Name=AluJb	TRUE	Alu	intronic
chr12:120460855:A:G	chr12:120460855:A:G	A:G	GATC	UTR3	unknown	A;G;+;A||R||D;ALU;-;SINE/AluY;UTR3;GATC;-;-;UTR3;GATC;-;-;UTR3;GATC;-;-;-;1;1;1	Name=AluY	TRUE	Alu	UTR3
chr12:120461175:A:G	chr12:120461175:A:G	A:G	GATC	UTR3	unknown	A;G;+;A||R||D;ALU;-;SINE/AluJr;UTR3;GATC;-;-;UTR3;GATC;-;-;UTR3;GATC;-;-;-;2131;30;54	Name=AluJr	TRUE	Alu	UTR3
chr12:120461195:A:G	chr12:120461195:A:G	A:G	GATC	UTR3	unknown	A;G;+;A||R||D;ALU;-;SINE/AluJr;UTR3;GATC;-;-;UTR3;GATC;-;-;UTR3;GATC;-;-;-;1945;30;54	Name=AluJr	TRUE	Alu	UTR3
chr12:121025662:T:C	chr12:121025662:A:G	A:G	OASL	intronic	unknown	T;C;-;R||D;ALU;-;SINE/AluSx1;intronic;OASL;-;-;intronic;OASL;-;-;intronic;OASL;-;-;-;46;8;9	Name=AluSx1	TRUE	Alu	intronic
chr12:121215774:A:G	chr12:121215774:A:G	A:G	P2RX4	intronic	unknown	A;G;+;A||R;ALU;-;SINE/AluJb;intronic;P2RX4;-;-;intronic;P2RX4;-;-;intronic;P2RX4;-;-;-;83;16;20	Name=AluJb	TRUE	Alu	intronic
chr12:121215801:A:G	chr12:121215801:A:G	A:G	P2RX4	intronic	unknown	A;G;+;A||R;ALU;-;SINE/AluJb;intronic;P2RX4;-;-;intronic;P2RX4;-;-;intronic;P2RX4;-;-;-;64;13;18	Name=AluJb	TRUE	Alu	intronic
chr12:121231224:A:G	chr12:121231224:A:G	A:G	P2RX4	intronic	unknown	A;G;+;A||R;ALU;-;SINE/AluSx1;intronic;P2RX4;-;-;intronic;P2RX4;-;-;intronic;P2RX4;-;-;-;366;29;45	Name=AluSx1	TRUE	Alu	intronic
chr12:123621771:G:A	chr12:123621771:C:T	C:T	EIF2B1	exonic	synonymous SNV	.	.	FALSE	None	exonic
chr12:123662050:A:G	chr12:123662050:A:G	A:G	GTF2H3	UTR3	unknown	A;G;+;A||R;ALU;-;SINE/AluSq2;UTR3;GTF2H3;-;-;UTR3;GTF2H3;-;-;UTR3;GTF2H3;-;-;-;877;30;53	Name=AluSq2	TRUE	Alu	UTR3
chr12:50930540:A:G	chr12:50930540:A:G	A:G	METTL7A	UTR3	unknown	A;G;+;A||R||D;ALU;-;SINE/AluSq2;UTR3;METTL7A;-;-;UTR3;METTL7A;-;-;UTR3;METTL7A;-;-;-;2150;30;55	Name=AluSq2	TRUE	Alu	UTR3
chr12:50930664:A:G	chr12:50930664:A:G	A:G	METTL7A	UTR3	unknown	A;G;+;A||R||D;ALU;-;SINE/AluSp;UTR3;METTL7A;-;-;UTR3;METTL7A;-;-;UTR3;METTL7A;-;-;-;1550;30;55	Name=AluSp	TRUE	Alu	UTR3
chr12:50930683:A:G	chr12:50930683:A:G	A:G	METTL7A	UTR3	unknown	A;G;+;A||R||D;ALU;-;SINE/AluSp;UTR3;METTL7A;-;-;UTR3;METTL7A;-;-;UTR3;METTL7A;-;-;-;2112;30;54	Name=AluSp	TRUE	Alu	UTR3
chr12:50930762:A:G	chr12:50930762:A:G	A:G	METTL7A	UTR3	unknown	A;G;+;A||R||D;ALU;-;SINE/AluSp;UTR3;METTL7A;-;-;UTR3;METTL7A;-;-;UTR3;METTL7A;-;-;-;2413;30;55	Name=AluSp	TRUE	Alu	UTR3
chr12:50930843:A:G	chr12:50930843:A:G	A:G	METTL7A	UTR3	unknown	A;G;+;A||R;ALU;-;SINE/AluSp;UTR3;METTL7A;-;-;UTR3;METTL7A;-;-;UTR3;METTL7A;-;-;-;1609;30;55	Name=AluSp	TRUE	Alu	UTR3
chr12:51007402:T:C	chr12:51007402:A:G	A:G	SLC11A2	intronic	unknown	T;C;-;A||R||D;ALU;-;SINE/AluSx1;intronic;SLC11A2;-;-;intronic;SLC11A2;-;-;intronic;SLC11A2;-;-;-;354;26;37	Name=AluSx1	TRUE	Alu	intronic
chr12:55409783:T:C	chr12:55409783:T:C	A:G	OR6C65	downstream	unknown	.	.	FALSE	None	downstream
chr12:56352581:T:C	chr12:56352581:A:G	A:G	STAT2	intronic	unknown	T;C;-;A||R||D;ALU;-;SINE/AluJr;intronic;STAT2;-;-;intronic;STAT2;-;-;intronic;STAT2;-;-;-;817;29;51	Name=AluJr	TRUE	Alu	intronic
chr12:56358383:T:C	chr12:56358383:A:G	A:G	STAT2	intronic	unknown	T;C;-;A||R;ALU;-;SINE/AluSx1;intronic;STAT2;-;-;intronic;STAT2;-;-;intronic;STAT2;-;-;-;14;4;8	Name=AluSx1	TRUE	Alu	intronic
chr12:56358384:T:C	chr12:56358384:A:G	A:G	STAT2	intronic	unknown	T;C;-;A;ALU;-;SINE/AluSx1;intronic;STAT2;-;-;intronic;STAT2;-;-;intronic;STAT2;-;-;-;14;5;9	Name=AluSx1	TRUE	Alu	intronic
chr12:66194007:A:G	chr12:66194007:A:G	A:G	IRAK3	intronic	unknown	A;G;+;A||R||D;ALU;-;SINE/AluJb;intronic;IRAK3;-;-;intronic;IRAK3;-;-;intronic;IRAK3;-;-;-;561;24;37	Name=AluJb	TRUE	Alu	intronic
chr12:66194058:A:G	chr12:66194058:A:G	A:G	IRAK3	intronic	unknown	A;G;+;A||R||D;ALU;-;SINE/AluJb;intronic;IRAK3;-;-;intronic;IRAK3;-;-;intronic;IRAK3;-;-;-;421;25;33	Name=AluJb	TRUE	Alu	intronic
chr12:7439769:T:C	chr12:7439769:A:G	A:G	CD163L1	intronic	unknown	.	.	FALSE	None	intronic
chr12:7439772:C:T	chr12:7439772:G:A	C:T	CD163L1	intronic	unknown	.	.	FALSE	None	intronic
chr12:9688598:A:G	chr12:9688598:A:G	A:G	CLEC2D	intronic	unknown	A;G;+;A||R||D;ALU;-;SINE/AluSz;intronic;CLEC2D;-;-;intronic;CLEC2D;-;-;intronic;CLEC2D;-;-;-;87;15;18	Name=AluSz	TRUE	Alu	intronic
chr12:108786643:T:C	chr12:108786643:A:G	A:G	SSH1	UTR3	unknown	T;C;-;A||R||D;ALU;-;SINE/AluJb;UTR3;SSH1;-;-;UTR3;SSH1;-;-;UTR3;SSH1;-;-;-;2013;30;55	Name=AluJb	TRUE	Alu	UTR3
chr12:121193751:A:G	chr12:121193751:A:G	A:G	P2RX7	downstream	unknown	.	Name=AluSx4	FALSE	Alu	downstream
chr12:132721318:A:G	chr12:132721318:A:G	A:G	PGAM5	UTR3	unknown	A;G;+;A||R||D;ALU;-;SINE/AluJo;UTR3;PGAM5;-;-;UTR3;PGAM5;-;-;UTR3;PGAM5;-;-;-;2513;30;55	Name=AluJo	TRUE	Alu	UTR3
chr12:16989353:A:G	chr12:16989353:A:G	A:G	SKP1P2	ncRNA
exonic	unknown	.	.	FALSE	None	ncRNA
chr12:24816887:T:C	chr12:24816887:A:G	A:G	BCAT1	UTR3	unknown	T;C;-;A||R;REP;-;DNA/MER1B;UTR3;BCAT1;-;-;UTR3;BCAT1;-;-;UTR3;BCAT1;-;-;-;946;30;51	Name=MER1B	TRUE	Other	UTR3
chr12:27421321:A:G	chr12:27421321:T:C	A:G	ARNTL2-AS1	ncRNA
intronic	unknown	A;G;+;A||R||D;ALU;-;SINE/AluSz;ncRNA_intronic;RP11-165P7.1;-;-;ncRNA_intronic;ARNTL2-AS1;-;-;ncRNA_intronic;BC043511;-;-;-;461;24;40	Name=AluSz	TRUE	Alu	ncRNA
chr12:51007892:T:C	chr12:51007892:A:G	A:G	SLC11A2	intronic	unknown	T;C;-;A||R||D;ALU;-;SINE/AluJb;intronic;SLC11A2;-;-;intronic;SLC11A2;-;-;intronic;SLC11A2;-;-;-;570;30;47	Name=AluJb	TRUE	Alu	intronic
chr12:51008020:T:C	chr12:51008020:A:G	A:G	SLC11A2	intronic	unknown	T;C;-;A||R||D;ALU;-;SINE/AluJr;intronic;SLC11A2;-;-;intronic;SLC11A2;-;-;intronic;SLC11A2;-;-;-;456;28;41	Name=AluJr	TRUE	Alu	intronic
chr12:120461140:A:G	chr12:120461140:A:G	A:G	GATC	UTR3	unknown	A;G;+;A||D;ALU;-;SINE/AluJr;UTR3;GATC;-;-;UTR3;GATC;-;-;UTR3;GATC;-;-;-;2259;30;55	Name=AluJr	TRUE	Alu	UTR3
chr12:50930419:A:G	chr12:50930419:A:G	A:G	METTL7A	UTR3	unknown	A;G;+;A||R||D;ALU;-;SINE/AluSq2;UTR3;METTL7A;-;-;UTR3;METTL7A;-;-;UTR3;METTL7A;-;-;-;1972;30;55	Name=AluSq2	TRUE	Alu	UTR3
chr12:69484222:C:T	chr12:69484222:C:T	C:T	FRS2	intronic	unknown	.	Name=AluYh3	FALSE	Alu	intronic
chr12:69484274:T:C	chr12:69484274:T:C	A:G	FRS2	intronic	unknown	.	Name=AluYh3	FALSE	Alu	intronic
chr12:69484275:G:A	chr12:69484275:G:A	C:T	FRS2	intronic	unknown	.	Name=AluYh3	FALSE	Alu	intronic
chr12:69484286:A:G	chr12:69484286:A:G	A:G	FRS2	intronic	unknown	.	Name=AluYh3	FALSE	Alu	intronic
chr12:71702441:A:G	chr12:71702441:A:G	A:G	TMEM19	UTR3	unknown	A;G;+;A||R||D;ALU;-;SINE/AluSz6;UTR3;TMEM19;-;-;UTR3;TMEM19;-;-;UTR3;TMEM19;-;-;-;1823;30;55	Name=AluSz6	TRUE	Alu	UTR3
chr12:71702442:A:G	chr12:71702442:A:G	A:G	TMEM19	UTR3	unknown	A;G;+;A||R||D;ALU;-;SINE/AluSz6;UTR3;TMEM19;-;-;UTR3;TMEM19;-;-;UTR3;TMEM19;-;-;-;1917;30;55	Name=AluSz6	TRUE	Alu	UTR3
chr12:8636962:C:T	chr12:8636962:G:A	C:T	MFAP5	downstream	unknown	.	.	FALSE	None	downstream
chr12:8636977:A:G	chr12:8636977:T:C	A:G	MFAP5	downstream	unknown	.	.	FALSE	None	downstream
chr12:8637024:T:C	chr12:8637024:A:G	A:G	MFAP5	downstream	unknown	.	.	FALSE	None	downstream
chr12:8637026:G:A	chr12:8637026:C:T	C:T	MFAP5	downstream	unknown	.	.	FALSE	None	downstream
chr12:95467709:C:T	chr12:95467709:C:T	C:T	METAP2	upstream	unknown	.	.	FALSE	None	upstream
chr12:111516348:G:A	chr12:111516348:C:T	C:T	ATXN2	exonic	nonsynonymous SNV	.	.	FALSE	None	exonic
chr12:121216611:A:G	chr12:121216611:A:G	A:G	P2RX4	intronic	unknown	A;G;+;R;ALU;-;SINE/AluSq2;intronic;P2RX4;-;-;intronic;P2RX4;-;-;intronic;P2RX4;-;-;-;14;7;9	Name=AluSq2	TRUE	Alu	intronic
chr12:121216673:A:G	chr12:121216673:A:G	A:G	P2RX4	intronic	unknown	A;G;+;A||R||D;ALU;-;SINE/AluSq2;intronic;P2RX4;-;-;intronic;P2RX4;-;-;intronic;P2RX4;-;-;-;20;11;13	Name=AluSq2	TRUE	Alu	intronic
chr12:132721763:A:G	chr12:132721763:A:G	A:G	PGAM5	UTR3	unknown	A;G;+;A||R||D;ALU;-;SINE/AluSq;UTR3;PGAM5;-;-;UTR3;PGAM5;-;-;UTR3;PGAM5;-;-;-;2347;30;55	Name=AluSq	TRUE	Alu	UTR3
chr12:47779182:C:T	chr12:47779182:C:T	C:T	SLC48A1	exonic	synonymous SNV	.	.	FALSE	None	exonic
chr12:56353828:T:C	chr12:56353828:A:G	A:G	STAT2	intronic	unknown	T;C;-;A||R||D;ALU;-;SINE/AluSx;intronic;STAT2;-;-;intronic;STAT2;-;-;intronic;STAT2;-;-;-;281;25;39	Name=AluSx	TRUE	Alu	intronic
chr12:56358890:T:C	chr12:56358890:A:G	A:G	STAT2	intronic	unknown	T;C;-;A||R;ALU;-;SINE/AluSx;intronic;STAT2;-;-;intronic;STAT2;-;-;intronic;STAT2;-;-;-;11;4;9	Name=AluSx	TRUE	Alu	intronic
chr12:75496244:A:G	chr12:75496244:T:C	A:G	KRR1	UTR3	unknown	A;G;+;R||D;ALU;-;SINE/AluSx1;intronic;GLIPR1;-;-;intronic;GLIPR1;-;-;intronic;GLIPR1;-;-;-;152;25;32	Name=AluSx1	TRUE	Alu	UTR3
chr12:9688484:A:G	chr12:9688484:A:G	A:G	CLEC2D	intronic	unknown	A;G;+;A||R||D;ALU;-;SINE/AluSz;intronic;CLEC2D;-;-;intronic;CLEC2D;-;-;intronic;CLEC2D;-;-;-;72;15;18	Name=AluSz	TRUE	Alu	intronic
chr12:9688572:A:G	chr12:9688572:A:G	A:G	CLEC2D	intronic	unknown	A;G;+;A||R||D;ALU;-;SINE/AluSz;intronic;CLEC2D;-;-;intronic;CLEC2D;-;-;intronic;CLEC2D;-;-;-;66;13;13	Name=AluSz	TRUE	Alu	intronic
chr12:9688580:A:G	chr12:9688580:A:G	A:G	CLEC2D	intronic	unknown	A;G;+;A||R||D;ALU;-;SINE/AluSz;intronic;CLEC2D;-;-;intronic;CLEC2D;-;-;intronic;CLEC2D;-;-;-;63;10;11	Name=AluSz	TRUE	Alu	intronic
chr12:113390111:A:G	chr12:113390111:A:G	A:G	PLBD2	UTR3	unknown	A;G;+;A||D;NONREP;rs112693280;-/-;downstream;PLBD2;-;-;downstream;PLBD2;-;-;downstream;PLBD2;-;-;-;2158;30;53	Name=(CCAT)n	TRUE	Simple
repeat	UTR3
chr12:11660479:A:G	chr12:11660479:A:G	A:G	ETV6	intronic	unknown	A;G;+;A||R||D;ALU;-;SINE/AluSx1;intronic;ETV6;-;-;intronic;ETV6;-;-;intronic;ETV6;-;-;-;5;2;2	Name=AluSx1	TRUE	Alu	intronic
chr12:132721831:A:G	chr12:132721831:A:G	A:G	PGAM5	UTR3	unknown	A;G;+;A||R||D;ALU;-;SINE/AluSq;UTR3;PGAM5;-;-;UTR3;PGAM5;-;-;UTR3;PGAM5;-;-;-;2365;30;55	Name=AluSq	TRUE	Alu	UTR3
chr12:8461009:G:A	chr12:8461009:G:A	C:T	CLEC6A	intronic	unknown	.	.	FALSE	None	intronic
chr12:8461032:T:C	chr12:8461032:T:C	A:G	CLEC6A	intronic	unknown	.	.	FALSE	None	intronic
chr12:112943035:A:G	chr12:112943035:A:G	A:G	OAS3	intronic	unknown	A;G;+;A||R||D;ALU;-;SINE/AluJb;ncRNA_intronic;RP1-71H24.1;-;-;intronic;OAS3;-;-;intronic;OAS3;-;-;-;49;12;16	Name=AluJb	TRUE	Alu	intronic
chr12:112966031:T:C	chr12:112966031:T:C	A:G	OAS3	splicing	unknown	.	.	FALSE	None	splicing
chr12:98733696:A:G	chr12:98733696:A:G	A:G	APAF1	UTR3	unknown	A;G;+;A||R||D;ALU;-;SINE/AluJr;UTR3;APAF1;-;-;UTR3;APAF1;-;-;UTR3;APAF1;-;-;-;2185;30;54	Name=AluJr	TRUE	Alu	UTR3
chr12:110497673:T:C	chr12:110497673:A:G	A:G	VPS29	intronic	unknown	T;C;-;A||R;ALU;-;SINE/AluSx1;intronic;VPS29;-;-;intronic;VPS29;-;-;intronic;VPS29;-;-;-;1054;30;46	Name=AluSx1	TRUE	Alu	intronic
chr12:51007411:T:C	chr12:51007411:A:G	A:G	SLC11A2	intronic	unknown	T;C;-;A||R||D;ALU;-;SINE/AluSx1;intronic;SLC11A2;-;-;intronic;SLC11A2;-;-;intronic;SLC11A2;-;-;-;248;26;37	Name=AluSx1	TRUE	Alu	intronic
chr12:76829197:A:G	chr12:76829197:A:G	A:G	ZDHHC17	intronic	unknown	A;G;+;A||R||D;ALU;-;SINE/AluSg;intronic;ZDHHC17;-;-;intronic;ZDHHC17;-;-;intronic;ZDHHC17;-;-;-;83;18;27	Name=AluSx4	TRUE	Alu	intronic
chr12:7829928:T:C	chr12:7829928:A:G	A:G	SLC2A14	exonic	synonymous SNV	.	.	FALSE	None	exonic
chr12:7829933:C:T	chr12:7829933:G:A	C:T	SLC2A14	exonic	nonsynonymous SNV	.	.	FALSE	None	exonic
chr12:104031666:T:C	chr12:104031666:A:G	A:G	GLT8D2	intronic	unknown	.	.	FALSE	None	intronic
chr12:111581585:T:C	chr12:111581585:A:G	A:G	ATXN2	intronic	unknown	.	.	FALSE	None	intronic
chr12:96029054:C:T	chr12:96029054:G:A	C:T	LTA4H	splicing	unknown	.	.	FALSE	None	splicing
chr12:112931716:A:G	chr12:112931716:A:G	A:G	OAS1	intronic	unknown	A;G;+;R||D;REP;-;SINE/MIR3;ncRNA_intronic;RP1-71H24.1;-;-;intergenic;OAS1||OAS3;-;-;intronic;OAS1;-;-;-;19;10;11	Name=MIR3	TRUE	Other	intronic
chr12:120460926:A:G	chr12:120460926:A:G	A:G	GATC	UTR3	unknown	A;G;+;A||R;ALU;-;SINE/AluY;UTR3;GATC;-;-;UTR3;GATC;-;-;UTR3;GATC;-;-;-;983;30;55	Name=AluY	TRUE	Alu	UTR3
chr12:27421344:A:G	chr12:27421344:T:C	A:G	ARNTL2-AS1	ncRNA
intronic	unknown	A;G;+;A||R||D;ALU;-;SINE/AluSz;ncRNA_intronic;RP11-165P7.1;-;-;ncRNA_intronic;ARNTL2-AS1;-;-;ncRNA_intronic;BC043511;-;-;-;365;24;43	Name=AluSz	TRUE	Alu	ncRNA
chr12:121335262:T:C	chr12:121335262:A:G	A:G	ANAPC5	intronic	unknown	T;C;-;A||R||D;ALU;-;SINE/AluSq2;intronic;ANAPC5;-;-;intronic;ANAPC5;-;-;intronic;ANAPC5;-;-;-;389;29;49	Name=AluSq2	TRUE	Alu	intronic
chr12:111841055:T:C	chr12:111841055:A:G	A:G	MAPKAPK5-AS1	ncRNA
intronic	unknown	T;C;-;A||R||D;ALU;-;SINE/AluSz;ncRNA_intronic;MAPKAPK5-AS1;-;-;ncRNA_intronic;MAPKAPK5-AS1;-;-;ncRNA_intronic;MAPKAPK5-AS1;-;-;-;797;28;51	Name=AluSz	TRUE	Alu	ncRNA
chr12:108590451:T:C	chr12:108590451:A:G	A:G	TMEM119	UTR3	unknown	T;C;-;A||R;ALU;-;SINE/AluSx1;UTR3;TMEM119;-;-;UTR3;TMEM119;-;-;UTR3;TMEM119;-;-;-;1834;30;55	Name=AluSx1	TRUE	Alu	UTR3
chr12:110456075:A:G	chr12:110456075:T:C	A:G	GPN3	intronic	unknown	.	Name=AluSq	FALSE	Alu	intronic
chr12:100627498:A:G	chr12:100627498:A:G	A:G	GAS2L3	UTR3	unknown	A;G;+;A||R;ALU;-;SINE/AluSq;intergenic;GAS2L3||AC010209.1;-;-;UTR3;GAS2L3;-;-;intergenic;GAS2L3||Mir_652;-;-;-;646;28;46	Name=AluSq	TRUE	Alu	UTR3
chr12:8460635:T:C	chr12:8460635:T:C	A:G	CLEC6A	intronic	unknown	.	.	FALSE	None	intronic
chr12:49100555:C:T	chr12:49100555:G:A	C:T	LMBR1L	splicing	unknown	.	.	FALSE	None	splicing
chr12:110498072:T:C	chr12:110498072:A:G	A:G	VPS29	intronic	unknown	T;C;-;A||R||D;ALU;-;SINE/AluSq2;intronic;VPS29;-;-;intronic;VPS29;-;-;intronic;VPS29;-;-;-;1003;30;46	Name=AluSq2	TRUE	Alu	intronic
chr12:71703018:A:G	chr12:71703018:A:G	A:G	TMEM19	UTR3	unknown	A;G;+;A||R||D;ALU;-;SINE/AluSz;UTR3;TMEM19;-;-;UTR3;TMEM19;-;-;UTR3;TMEM19;-;-;-;13;5;5	Name=AluSz	TRUE	Alu	UTR3
chr12:120460925:A:G	chr12:120460925:A:G	A:G	GATC	UTR3	unknown	A;G;+;A||R;ALU;-;SINE/AluY;UTR3;GATC;-;-;UTR3;GATC;-;-;UTR3;GATC;-;-;-;968;30;53	Name=AluY	TRUE	Alu	UTR3
chr12:121216741:A:G	chr12:121216741:A:G	A:G	P2RX4	intronic	unknown	A;G;+;A||R;ALU;-;SINE/AluSq2;intronic;P2RX4;-;-;intronic;P2RX4;-;-;intronic;P2RX4;-;-;-;25;8;10	Name=AluSq2	TRUE	Alu	intronic
chr12:64716828:G:A	chr12:64716828:C:T	C:T	GNS	intronic	unknown	.	.	FALSE	None	intronic
chr12:7439573:C:T	chr12:7439573:G:A	C:T	CD163L1	intronic	unknown	.	.	FALSE	None	intronic
chr12:108591205:T:C	chr12:108591205:A:G	A:G	TMEM119	UTR3	unknown	T;C;-;A||R||D;REP;-;SINE/FLAM_C;UTR3;TMEM119;-;-;UTR3;TMEM119;-;-;UTR3;TMEM119;-;-;-;1512;30;53	Name=FLAM_C	TRUE	Other	UTR3
chr12:121215537:A:G	chr12:121215537:A:G	A:G	P2RX4	intronic	unknown	A;G;+;A||R;ALU;-;SINE/AluJb;intronic;P2RX4;-;-;intronic;P2RX4;-;-;intronic;P2RX4;-;-;-;51;11;15	Name=AluJb	TRUE	Alu	intronic
chr12:7439562:T:C	chr12:7439562:A:G	A:G	CD163L1	intronic	unknown	.	.	FALSE	None	intronic
chr12:76829326:A:G	chr12:76829326:A:G	A:G	ZDHHC17	intronic	unknown	A;G;+;A||R;ALU;-;SINE/AluSg;intronic;ZDHHC17;-;-;intronic;ZDHHC17;-;-;intronic;ZDHHC17;-;-;-;8;5;6	Name=AluSx4	TRUE	Alu	intronic
chr12:130802435:T:C	chr12:130802435:A:G	A:G	STX2	intronic	unknown	T;C;-;A||R;ALU;-;SINE/AluSz;intronic;STX2;-;-;intronic;STX2;-;-;intronic;STX2;-;-;-;1006;30;54	Name=AluSz	TRUE	Alu	intronic
chr12:121193606:A:G	chr12:121193606:A:G	A:G	P2RX7	downstream	unknown	.	Name=AluSx4	FALSE	Alu	downstream
chr12:121193614:A:G	chr12:121193614:A:G	A:G	P2RX7	downstream	unknown	.	Name=AluSx4	FALSE	Alu	downstream
chr12:121213628:A:G	chr12:121213628:A:G	A:G	P2RX4	intronic	unknown	A;G;+;A||R;ALU;-;SINE/AluSz;intronic;P2RX4;-;-;intronic;P2RX4;-;-;intronic;P2RX4;-;-;-;56;12;17	Name=AluSz	TRUE	Alu	intronic
chr12:120197467:G:A	chr12:120197467:C:T	C:T	RPLP0	intronic	unknown	.	.	FALSE	None	intronic
chr12:120197474:A:G	chr12:120197474:T:C	A:G	RPLP0	intronic	unknown	.	.	FALSE	None	intronic
chr12:118356840:T:C	chr12:118356840:A:G	A:G	TAOK3	intronic	unknown	T;C;-;A||R||D;ALU;-;SINE/AluJr;intronic;TAOK3;-;-;intronic;TAOK3;-;-;intronic;TAOK3;-;-;-;14;5;5	Name=AluJr	TRUE	Alu	intronic
chr12:121418822:A:G	chr12:121418822:A:G	A:G	RNF34	intronic	unknown	A;G;+;A||R;ALU;-;SINE/AluSx;intronic;RNF34;-;-;intronic;RNF34;-;-;intronic;RNF34;-;-;-;666;30;53	Name=AluSx	TRUE	Alu	intronic
chr12:121025718:T:C	chr12:121025718:A:G	A:G	OASL	intronic	unknown	T;C;-;R||D;ALU;-;SINE/AluSx1;intronic;OASL;-;-;intronic;OASL;-;-;intronic;OASL;-;-;-;19;5;6	Name=AluSx1	TRUE	Alu	intronic
chr12:121025116:T:C	chr12:121025116:A:G	A:G	OASL	intronic	unknown	T;C;-;R||D;ALU;-;SINE/AluSg7;intronic;OASL;-;-;intronic;OASL;-;-;intronic;OASL;-;-;-;7;3;3	Name=AluSg7	TRUE	Alu	intronic
chr12:121025653:T:C	chr12:121025653:A:G	A:G	OASL	intronic	unknown	T;C;-;R||D;ALU;-;SINE/AluSx1;intronic;OASL;-;-;intronic;OASL;-;-;intronic;OASL;-;-;-;21;5;6	Name=AluSx1	TRUE	Alu	intronic
chr12:121030950:T:C	chr12:121030950:A:G	A:G	OASL	intronic	unknown	T;C;-;R;ALU;-;SINE/AluJr;intronic;OASL;-;-;intronic;OASL;-;-;intronic;OASL;-;-;-;0;0;0	Name=AluJb	TRUE	Alu	intronic
chr12:56346817:A:G	chr12:56346817:T:C	A:G	STAT2	splicing	unknown	.	.	FALSE	None	splicing
chr12:56346818:C:T	chr12:56346818:G:A	C:T	STAT2	splicing	unknown	.	.	FALSE	None	splicing
chr12:113401208:C:T	chr12:113401208:G:A	C:T	SDS	intronic	unknown	.	Name=L2a	FALSE	Other	intronic
chr13:100150649:T:C	chr13:100150649:T:C	A:G	PCCA	intronic	unknown	.	.	FALSE	None	intronic
chr13:100150651:A:G	chr13:100150651:A:G	A:G	PCCA	intronic	unknown	.	.	FALSE	None	intronic
chr13:100150692:G:A	chr13:100150692:G:A	C:T	PCCA	intronic	unknown	.	.	FALSE	None	intronic
chr13:100150759:A:G	chr13:100150759:A:G	A:G	PCCA	intronic	unknown	.	.	FALSE	None	intronic
chr13:100150782:T:C	chr13:100150782:T:C	A:G	PCCA	intronic	unknown	.	.	FALSE	None	intronic
chr13:110897383:T:C	chr13:110897383:A:G	A:G	ANKRD10	intronic	unknown	T;C;-;A||R||D;ALU;-;SINE/AluJr4;ncRNA_intronic;ANKRD10-IT1;-;-;intronic;ANKRD10;-;-;intronic;ANKRD10;-;-;-;2276;30;55	Name=AluJr	TRUE	Alu	intronic
chr13:110899024:T:C	chr13:110899024:A:G	A:G	ANKRD10	intronic	unknown	T;C;-;A||R||D;ALU;-;SINE/AluSq;ncRNA_intronic;ANKRD10-IT1;-;-;intronic;ANKRD10;-;-;ncRNA_exonic;AK124233;-;-;-;1880;30;54	Name=AluSq2	TRUE	Alu	intronic
chr13:19672262:A:G	chr13:19672262:A:G	A:G	MPHOSPH8	UTR3	unknown	A;G;+;A||R||D;ALU;-;SINE/AluSq2;UTR3;MPHOSPH8;-;-;UTR3;MPHOSPH8;-;-;UTR3;MPHOSPH8;-;-;-;2540;30;55	Name=AluSp	TRUE	Alu	UTR3
chr13:19672883:A:G	chr13:19672883:A:G	A:G	MPHOSPH8	UTR3	unknown	A;G;+;A||R||D;ALU;-;SINE/AluJb;UTR3;MPHOSPH8;-;-;UTR3;MPHOSPH8;-;-;UTR3;MPHOSPH8;-;-;-;2063;30;55	Name=AluJb	TRUE	Alu	UTR3
chr13:19672884:A:G	chr13:19672884:A:G	A:G	MPHOSPH8	UTR3	unknown	A;G;+;A||R||D;ALU;-;SINE/AluJb;UTR3;MPHOSPH8;-;-;UTR3;MPHOSPH8;-;-;UTR3;MPHOSPH8;-;-;-;2541;30;55	Name=AluJb	TRUE	Alu	UTR3
chr13:20617337:C:T	chr13:20617337:C:T	C:T	IFT88	intronic	unknown	.	.	FALSE	None	intronic
chr13:27945230:T:C	chr13:27945230:T:C	A:G	LINC00543	upstream	unknown	.	.	FALSE	None	upstream
chr13:27945324:T:C	chr13:27945324:T:C	A:G	LINC00543	upstream	unknown	.	.	FALSE	None	upstream
chr13:27945364:C:T	chr13:27945364:C:T	C:T	LINC00543	upstream	unknown	.	.	FALSE	None	upstream
chr13:27945365:A:G	chr13:27945365:A:G	A:G	LINC00543	upstream	unknown	A;G;+;R;NONREP;-;-/-;exonic;ATP5EP2;nonsynonymous	.	TRUE	None	upstream
chr13:27945367:A:G	chr13:27945367:A:G	A:G	LINC00543	upstream	unknown	A;G;+;R;NONREP;rs772388234;-/-;exonic;ATP5EP2;synonymous	.	TRUE	None	upstream
chr13:27945443:G:A	chr13:27945443:G:A	C:T	LINC00543	upstream	unknown	.	.	FALSE	None	upstream
chr13:41470511:C:T	chr13:41470511:C:T	C:T	RGCC	UTR3	unknown	.	.	FALSE	None	UTR3
chr13:95619421:T:C	chr13:95619421:A:G	A:G	DZIP1	intronic	unknown	.	.	FALSE	None	intronic
chr13:110899029:T:C	chr13:110899029:A:G	A:G	ANKRD10	intronic	unknown	T;C;-;A||R||D;ALU;-;SINE/AluSq;ncRNA_intronic;ANKRD10-IT1;-;-;intronic;ANKRD10;-;-;ncRNA_exonic;AK124233;-;-;-;1606;30;54	Name=AluSq2	TRUE	Alu	intronic
chr13:21374317:T:C	chr13:21374317:T:C	A:G	MIPEPP3	ncRNA
intronic	unknown	T;C;-;A||R||D;ALU;-;SINE/AluSx;intergenic;RNA5SP25||ZDHHC20;-;-;ncRNA_intronic;MIPEPP3;-;-;ncRNA_intronic;MIPEPP3;-;-;-;2231;30;55	Name=AluSx	TRUE	Alu	ncRNA
chr13:21374356:T:C	chr13:21374356:T:C	A:G	MIPEPP3	ncRNA
intronic	unknown	T;C;-;A||R||D;ALU;-;SINE/AluSx;intergenic;RNA5SP25||ZDHHC20;-;-;ncRNA_intronic;MIPEPP3;-;-;ncRNA_intronic;MIPEPP3;-;-;-;1882;30;55	Name=AluSx	TRUE	Alu	ncRNA
chr13:21374431:T:C	chr13:21374431:T:C	A:G	MIPEPP3	ncRNA
intronic	unknown	T;C;-;A||R;ALU;-;SINE/AluSx;intergenic;RNA5SP25||ZDHHC20;-;-;ncRNA_intronic;MIPEPP3;-;-;ncRNA_intronic;MIPEPP3;-;-;-;2071;30;55	Name=AluSx	TRUE	Alu	ncRNA
chr13:21374438:T:C	chr13:21374438:T:C	A:G	MIPEPP3	ncRNA
intronic	unknown	T;C;-;A||R||D;ALU;-;SINE/AluSx;intergenic;RNA5SP25||ZDHHC20;-;-;ncRNA_intronic;MIPEPP3;-;-;ncRNA_intronic;MIPEPP3;-;-;-;1658;30;54	Name=AluSx	TRUE	Alu	ncRNA
chr13:27945215:A:G	chr13:27945215:A:G	A:G	LINC00543	upstream	unknown	.	.	FALSE	None	upstream
chr13:41384555:T:C	chr13:41384555:T:C	A:G	NAA16	downstream	unknown	.	Name=L2a	FALSE	Other	downstream
chr13:49991331:T:C	chr13:49991331:A:G	A:G	DLEU2	ncRNA
intronic	unknown	T;C;-;A||R;ALU;-;SINE/AluJb;intergenic;AL136123.1||MIR3613;-;-;ncRNA_intronic;DLEU2;-;-;ncRNA_intronic;DLEU2;-;-;-;412;25;44	Name=AluJb	TRUE	Alu	ncRNA
chr13:19642271:G:A	chr13:19642271:G:A	C:T	MPHOSPH8	splicing	unknown	.	.	FALSE	None	splicing
chr13:21374968:T:C	chr13:21374968:T:C	A:G	MIPEPP3	ncRNA
intronic	unknown	T;C;-;A||R||D;ALU;-;SINE/AluSz;intergenic;RNA5SP25||ZDHHC20;-;-;ncRNA_intronic;MIPEPP3;-;-;ncRNA_intronic;MIPEPP3;-;-;-;2462;30;55	Name=AluSz	TRUE	Alu	ncRNA
chr13:46159692:G:A	chr13:46159692:C:T	C:T	LCP1	intronic	unknown	.	.	FALSE	None	intronic
chr13:46159693:A:G	chr13:46159693:T:C	A:G	LCP1	intronic	unknown	.	.	FALSE	None	intronic
chr13:110899994:T:C	chr13:110899994:A:G	A:G	ANKRD10	intronic	unknown	T;C;-;A||R||D;ALU;-;SINE/AluJr;intronic;ANKRD10;-;-;intronic;ANKRD10;-;-;ncRNA_exonic;AK124233;-;-;-;2189;30;55	Name=AluJr	TRUE	Alu	intronic
chr13:110900009:T:C	chr13:110900009:A:G	A:G	ANKRD10	intronic	unknown	T;C;-;A||R||D;ALU;-;SINE/AluJr;intronic;ANKRD10;-;-;intronic;ANKRD10;-;-;ncRNA_exonic;AK124233;-;-;-;1971;30;53	Name=AluJr	TRUE	Alu	intronic
chr13:18207127:C:T	chr13:18207127:C:T	C:T	FAM230C	ncRNA
intronic	unknown	.	.	FALSE	None	ncRNA
chr13:21374321:T:C	chr13:21374321:T:C	A:G	MIPEPP3	ncRNA
intronic	unknown	T;C;-;A||R;ALU;-;SINE/AluSx;intergenic;RNA5SP25||ZDHHC20;-;-;ncRNA_intronic;MIPEPP3;-;-;ncRNA_intronic;MIPEPP3;-;-;-;967;30;53	Name=AluSx	TRUE	Alu	ncRNA
chr13:21375058:T:C	chr13:21375058:T:C	A:G	MIPEPP3	ncRNA
intronic	unknown	T;C;-;A||R;ALU;-;SINE/AluSz;intergenic;RNA5SP25||ZDHHC20;-;-;ncRNA_intronic;MIPEPP3;-;-;ncRNA_intronic;MIPEPP3;-;-;-;2177;30;54	Name=AluSz	TRUE	Alu	ncRNA
chr13:21375072:T:C	chr13:21375072:T:C	A:G	MIPEPP3	ncRNA
intronic	unknown	T;C;-;A||R;ALU;-;SINE/AluSz;intergenic;RNA5SP25||ZDHHC20;-;-;ncRNA_intronic;MIPEPP3;-;-;ncRNA_intronic;MIPEPP3;-;-;-;1687;30;55	Name=AluSz	TRUE	Alu	ncRNA
chr13:110900040:T:C	chr13:110900040:A:G	A:G	ANKRD10	intronic	unknown	T;C;-;A||R||D;ALU;-;SINE/AluJr;intronic;ANKRD10;-;-;intronic;ANKRD10;-;-;ncRNA_exonic;AK124233;-;-;-;2097;30;55	Name=AluJr	TRUE	Alu	intronic
chr13:21374485:T:C	chr13:21374485:T:C	A:G	MIPEPP3	ncRNA
intronic	unknown	T;C;-;A||R;ALU;-;SINE/AluSx;intergenic;RNA5SP25||ZDHHC20;-;-;ncRNA_intronic;MIPEPP3;-;-;ncRNA_intronic;MIPEPP3;-;-;-;1909;30;55	Name=AluSx	TRUE	Alu	ncRNA
chr13:21374486:T:C	chr13:21374486:T:C	A:G	MIPEPP3	ncRNA
intronic	unknown	T;C;-;A||R||D;ALU;-;SINE/AluSx;intergenic;RNA5SP25||ZDHHC20;-;-;ncRNA_intronic;MIPEPP3;-;-;ncRNA_intronic;MIPEPP3;-;-;-;1992;30;55	Name=AluSx	TRUE	Alu	ncRNA
chr13:21374508:T:C	chr13:21374508:T:C	A:G	MIPEPP3	ncRNA
intronic	unknown	T;C;-;A||R;ALU;-;SINE/AluSx;intergenic;RNA5SP25||ZDHHC20;-;-;ncRNA_intronic;MIPEPP3;-;-;ncRNA_intronic;MIPEPP3;-;-;-;1708;30;55	Name=AluSx	TRUE	Alu	ncRNA
chr13:41384900:A:G	chr13:41384900:A:G	A:G	NAA16	downstream	unknown	.	.	FALSE	None	downstream
chr13:18207142:A:G	chr13:18207142:A:G	A:G	FAM230C	ncRNA
intronic	unknown	.	.	FALSE	None	ncRNA
chr13:21374516:T:C	chr13:21374516:T:C	A:G	MIPEPP3	ncRNA
intronic	unknown	T;C;-;A||R;ALU;-;SINE/AluSx;intergenic;RNA5SP25||ZDHHC20;-;-;ncRNA_intronic;MIPEPP3;-;-;ncRNA_intronic;MIPEPP3;-;-;-;1865;30;55	Name=AluSx	TRUE	Alu	ncRNA
chr13:21374899:T:C	chr13:21374899:T:C	A:G	MIPEPP3	ncRNA
intronic	unknown	T;C;-;A||R;ALU;-;SINE/AluSz;intergenic;RNA5SP25||ZDHHC20;-;-;ncRNA_intronic;MIPEPP3;-;-;ncRNA_intronic;MIPEPP3;-;-;-;2022;30;55	Name=AluSz	TRUE	Alu	ncRNA
chr13:21374908:T:C	chr13:21374908:T:C	A:G	MIPEPP3	ncRNA
intronic	unknown	T;C;-;A||R;ALU;-;SINE/AluSz;intergenic;RNA5SP25||ZDHHC20;-;-;ncRNA_intronic;MIPEPP3;-;-;ncRNA_intronic;MIPEPP3;-;-;-;1663;30;55	Name=AluSz	TRUE	Alu	ncRNA
chr13:21374916:T:C	chr13:21374916:T:C	A:G	MIPEPP3	ncRNA
intronic	unknown	T;C;-;A||R||D;ALU;-;SINE/AluSz;intergenic;RNA5SP25||ZDHHC20;-;-;ncRNA_intronic;MIPEPP3;-;-;ncRNA_intronic;MIPEPP3;-;-;-;1689;30;55	Name=AluSz	TRUE	Alu	ncRNA
chr13:21374971:T:C	chr13:21374971:T:C	A:G	MIPEPP3	ncRNA
intronic	unknown	T;C;-;A||R;ALU;-;SINE/AluSz;intergenic;RNA5SP25||ZDHHC20;-;-;ncRNA_intronic;MIPEPP3;-;-;ncRNA_intronic;MIPEPP3;-;-;-;2119;30;55	Name=AluSz	TRUE	Alu	ncRNA
chr13:52642712:A:G	chr13:52642712:A:G	A:G	HNRNPA1L2	exonic	nonsynonymous SNV	.	.	FALSE	None	exonic
chr13:20617606:T:C	chr13:20617606:T:C	A:G	IFT88	intronic	unknown	.	.	FALSE	None	intronic
chr13:21374877:T:C	chr13:21374877:T:C	A:G	MIPEPP3	ncRNA
intronic	unknown	T;C;-;A||R;ALU;-;SINE/AluSz;intergenic;RNA5SP25||ZDHHC20;-;-;ncRNA_intronic;MIPEPP3;-;-;ncRNA_intronic;MIPEPP3;-;-;-;1784;30;55	Name=AluSz	TRUE	Alu	ncRNA
chr13:32399063:A:G	chr13:32399063:A:G	A:G	BRCA2	UTR3	unknown	A;G;+;A||R||D;ALU;-;SINE/AluJr;UTR3;BRCA2;-;-;UTR3;BRCA2;-;-;UTR3;BRCA2;-;-;-;407;25;33	Name=FLAM_C	TRUE	Other	UTR3
chr13:48508582:T:C	chr13:48508582:A:G	A:G	RCBTB2	intronic	unknown	T;C;-;A||R||D;ALU;-;SINE/AluSx;intronic;RCBTB2;-;-;intronic;RCBTB2;-;-;intronic;RCBTB2;-;-;-;2;2;2	Name=AluSx	TRUE	Alu	intronic
chr13:100151065:G:A	chr13:100151065:G:A	C:T	PCCA	intronic	unknown	.	.	FALSE	None	intronic
chr13:21374472:T:C	chr13:21374472:T:C	A:G	MIPEPP3	ncRNA
intronic	unknown	T;C;-;A||R;ALU;-;SINE/AluSx;intergenic;RNA5SP25||ZDHHC20;-;-;ncRNA_intronic;MIPEPP3;-;-;ncRNA_intronic;MIPEPP3;-;-;-;789;30;54	Name=AluSx	TRUE	Alu	ncRNA
chr13:21374507:T:C	chr13:21374507:T:C	A:G	MIPEPP3	ncRNA
intronic	unknown	T;C;-;A||R;ALU;-;SINE/AluSx;intergenic;RNA5SP25||ZDHHC20;-;-;ncRNA_intronic;MIPEPP3;-;-;ncRNA_intronic;MIPEPP3;-;-;-;1469;30;54	Name=AluSx	TRUE	Alu	ncRNA
chr13:110714218:C:T	chr13:110714218:C:T	C:T	ING1	exonic	synonymous SNV	.	.	FALSE	None	exonic
chr13:21374913:T:C	chr13:21374913:T:C	A:G	MIPEPP3	ncRNA
intronic	unknown	T;C;-;A||R;ALU;-;SINE/AluSz;intergenic;RNA5SP25||ZDHHC20;-;-;ncRNA_intronic;MIPEPP3;-;-;ncRNA_intronic;MIPEPP3;-;-;-;1394;30;55	Name=AluSz	TRUE	Alu	ncRNA
chr13:21374954:T:C	chr13:21374954:T:C	A:G	MIPEPP3	ncRNA
intronic	unknown	T;C;-;A||R||D;ALU;rs755582559;SINE/AluSz;intergenic;RNA5SP25||ZDHHC20;-;-;ncRNA_intronic;MIPEPP3;-;-;ncRNA_intronic;MIPEPP3;-;-;-;2220;30;55	Name=AluSz	TRUE	Alu	ncRNA
chr13:43108006:C:T	chr13:43108006:C:T	C:T	DNAJC15	UTR3	unknown	.	Name=L2a	FALSE	Other	UTR3
chr13:21374890:T:C	chr13:21374890:T:C	A:G	MIPEPP3	ncRNA
intronic	unknown	T;C;-;A||R;ALU;-;SINE/AluSz;intergenic;RNA5SP25||ZDHHC20;-;-;ncRNA_intronic;MIPEPP3;-;-;ncRNA_intronic;MIPEPP3;-;-;-;704;29;53	Name=AluSz	TRUE	Alu	ncRNA
chr13:21374915:T:C	chr13:21374915:T:C	A:G	MIPEPP3	ncRNA
intronic	unknown	T;C;-;A||R;ALU;-;SINE/AluSz;intergenic;RNA5SP25||ZDHHC20;-;-;ncRNA_intronic;MIPEPP3;-;-;ncRNA_intronic;MIPEPP3;-;-;-;1246;30;55	Name=AluSz	TRUE	Alu	ncRNA
chr13:41385082:T:C	chr13:41385082:T:C	A:G	NAA16	downstream	unknown	.	.	FALSE	None	downstream
chr13:32399024:A:G	chr13:32399024:A:G	A:G	BRCA2	UTR3	unknown	A;G;+;A||R||D;ALU;-;SINE/AluJr;UTR3;BRCA2;-;-;UTR3;BRCA2;-;-;UTR3;BRCA2;-;-;-;375;24;33	Name=FLAM_C	TRUE	Other	UTR3
chr13:41384684:A:G	chr13:41384684:A:G	A:G	NAA16	downstream	unknown	.	.	FALSE	None	downstream
chr13:100150636:A:G	chr13:100150636:A:G	A:G	PCCA	intronic	unknown	.	.	FALSE	None	intronic
chr14:100099087:A:G	chr14:100099087:A:G	A:G	EVL	intronic	unknown	A;G;+;A||R||D;REP;-;SINE/FLAM_C;intronic;EVL;-;-;intronic;EVL;-;-;intronic;EVL;-;-;-;12;6;7	Name=FLAM_C	TRUE	Other	intronic
chr14:20366224:T:C	chr14:20366224:A:G	A:G	TEP1	UTR3	unknown	T;C;-;A||R||D;NONREP;-;-/-;UTR3;TEP1;-;-;UTR3;TEP1;-;-;UTR3;TEP1;-;-;-;2264;30;55	.	TRUE	None	UTR3
chr14:20366277:T:C	chr14:20366277:A:G	A:G	TEP1	UTR3	unknown	T;C;-;A||R||D;NONREP;-;-/-;UTR3;TEP1;-;-;UTR3;TEP1;-;-;UTR3;TEP1;-;-;-;2098;30;55	.	TRUE	None	UTR3
chr14:20366278:T:C	chr14:20366278:A:G	A:G	TEP1	UTR3	unknown	T;C;-;A||R||D;NONREP;-;-/-;UTR3;TEP1;-;-;UTR3;TEP1;-;-;UTR3;TEP1;-;-;-;2089;30;55	.	TRUE	None	UTR3
chr14:20366302:T:C	chr14:20366302:A:G	A:G	TEP1	UTR3	unknown	T;C;-;A||R||D;NONREP;-;-/-;UTR3;TEP1;-;-;UTR3;TEP1;-;-;UTR3;TEP1;-;-;-;2339;30;55	.	TRUE	None	UTR3
chr14:24136183:G:A	chr14:24136183:G:A	C:T	PSME1	UTR5	unknown	.	.	FALSE	None	UTR5
chr14:24136186:A:G	chr14:24136186:A:G	A:G	PSME1	UTR5	unknown	.	.	FALSE	None	UTR5
chr14:24138932:C:T	chr14:24138932:C:T	C:T	PSME1	UTR3	unknown	.	.	FALSE	None	UTR3
chr14:34568928:A:G	chr14:34568928:T:C	A:G	SNX6	intronic	unknown	.	.	FALSE	None	intronic
chr14:35262927:T:C	chr14:35262927:T:C	A:G	PRORP	intronic	unknown	.	.	FALSE	None	intronic
chr14:55145115:G:A	chr14:55145115:G:A	C:T	LGALS3	splicing	unknown	.	.	FALSE	None	splicing
chr14:58258252:A:G	chr14:58258252:A:G	A:G	PSMA3	intronic	unknown	A;G;+;A||R||D;ALU;-;SINE/AluJr;intronic;PSMA3;-;-;intronic;PSMA3;-;-;intronic;C14orf37||PSMA3;-;-;-;109;21;30	Name=AluJr	TRUE	Alu	intronic
chr14:74716015:C:T	chr14:74716015:C:T	C:T	FCF1	exonic	nonsynonymous SNV	.	.	FALSE	None	exonic
chr14:91216422:A:G	chr14:91216422:A:G	A:G	DGLUCY	intronic	unknown	A;G;+;A||R||D;ALU;-;SINE/AluJr;intronic;C14orf159;-;-;intronic;C14orf159;-;-;intronic;C14orf159;-;-;-;1518;30;54	Name=AluJr	TRUE	Alu	intronic
chr14:94378482:G:A	chr14:94378482:C:T	C:T	SERPINA1	exonic	synonymous SNV	.	.	FALSE	None	exonic
chr14:105488519:A:G	chr14:105488519:A:G	A:G	CRIP1	intronic	unknown	.	.	FALSE	None	intronic
chr14:105488523:A:G	chr14:105488523:A:G	A:G	CRIP1	intronic	unknown	.	.	FALSE	None	intronic
chr14:105488524:G:A	chr14:105488524:G:A	C:T	CRIP1	intronic	unknown	.	.	FALSE	None	intronic
chr14:21460342:T:C	chr14:21460342:A:G	A:G	RAB2B	UTR3	unknown	T;C;-;A||R||D;ALU;-;SINE/AluSc;UTR3;RAB2B;-;-;UTR3;RAB2B;-;-;UTR3;RAB2B;-;-;-;1974;30;55	Name=AluSc	TRUE	Alu	UTR3
chr14:21460343:T:C	chr14:21460343:A:G	A:G	RAB2B	UTR3	unknown	T;C;-;A||R||D;ALU;rs538348521;SINE/AluSc;UTR3;RAB2B;-;-;UTR3;RAB2B;-;-;UTR3;RAB2B;-;-;-;1150;30;55	Name=AluSc	TRUE	Alu	UTR3
chr14:52643014:T:C	chr14:52643014:A:G	A:G	ERO1A	UTR3	unknown	T;C;-;A||R||D;REP;-;DNA/MER53;UTR3;ERO1L;-;-;UTR3;ERO1A;-;-;UTR3;ERO1L;-;-;-;1691;30;53	Name=MER53	TRUE	Other	UTR3
chr14:68421916:T:C	chr14:68421916:T:C	A:G	RAD51B	intronic	unknown	.	.	FALSE	None	intronic
chr14:76767151:A:G	chr14:76767151:A:G	A:G	VASH1	intronic	unknown	A;G;+;A||R;ALU;-;SINE/AluSz;intronic;VASH1;-;-;intronic;VASH1;-;-;intronic;VASH1;-;-;-;295;25;47	Name=AluSz	TRUE	Alu	intronic
chr14:20366901:T:C	chr14:20366901:A:G	A:G	TEP1	UTR3	unknown	T;C;-;A||R||D;NONREP;-;-/-;UTR3;TEP1;-;-;UTR3;TEP1;-;-;UTR3;TEP1;-;-;-;2464;30;54	.	TRUE	None	UTR3
chr14:34790627:T:C	chr14:34790627:A:G	A:G	BAZ1A	intronic	unknown	T;C;-;A||R;ALU;-;SINE/AluSz;intronic;BAZ1A;-;-;intronic;BAZ1A;-;-;intronic;BAZ1A;-;-;-;203;21;29	Name=AluSz	TRUE	Alu	intronic
chr14:34791117:T:C	chr14:34791117:A:G	A:G	BAZ1A	intronic	unknown	T;C;-;A||R;ALU;-;SINE/AluSp;intronic;BAZ1A;-;-;intronic;BAZ1A;-;-;intronic;BAZ1A;-;-;-;257;23;30	Name=AluSp	TRUE	Alu	intronic
chr14:58258319:A:G	chr14:58258319:A:G	A:G	PSMA3	intronic	unknown	A;G;+;A;ALU;-;SINE/AluJr;intronic;PSMA3;-;-;intronic;PSMA3;-;-;intronic;C14orf37||PSMA3;-;-;-;154;23;36	Name=AluJr	TRUE	Alu	intronic
chr14:58258333:A:G	chr14:58258333:A:G	A:G	PSMA3	intronic	unknown	A;G;+;A||R;ALU;-;SINE/AluJr;intronic;PSMA3;-;-;intronic;PSMA3;-;-;intronic;C14orf37||PSMA3;-;-;-;202;27;38	Name=AluJr	TRUE	Alu	intronic
chr14:91216409:A:G	chr14:91216409:A:G	A:G	DGLUCY	intronic	unknown	A;G;+;A||R||D;ALU;-;SINE/AluJr;intronic;C14orf159;-;-;intronic;C14orf159;-;-;intronic;C14orf159;-;-;-;1395;30;54	Name=AluJr	TRUE	Alu	intronic
chr14:92705336:T:C	chr14:92705336:A:G	A:G	LGMN	intronic	unknown	T;C;-;A||R||D;ALU;-;SINE/AluSq;intronic;LGMN;-;-;intronic;LGMN;-;-;intronic;LGMN;-;-;-;625;30;52	Name=AluSq	TRUE	Alu	intronic
chr14:92726049:T:C	chr14:92726049:A:G	A:G	LGMN	intronic	unknown	T;C;-;A||R;ALU;-;SINE/AluSq2;intronic;LGMN;-;-;intronic;LGMN;-;-;intronic;LGMN;-;-;-;9;6;6	Name=AluSq2	TRUE	Alu	intronic
chr14:103427377:T:C	chr14:103427377:T:C	A:G	MARK3	intronic	unknown	.	Name=AluSx	FALSE	Alu	intronic
chr14:103427387:T:C	chr14:103427387:T:C	A:G	MARK3	intronic	unknown	.	Name=AluSx	FALSE	Alu	intronic
chr14:21460331:T:C	chr14:21460331:A:G	A:G	RAB2B	UTR3	unknown	T;C;-;A||R||D;ALU;-;SINE/AluSc;UTR3;RAB2B;-;-;UTR3;RAB2B;-;-;UTR3;RAB2B;-;-;-;1595;30;55	Name=AluSc	TRUE	Alu	UTR3
chr14:34790626:T:C	chr14:34790626:A:G	A:G	BAZ1A	intronic	unknown	T;C;-;A||R;ALU;-;SINE/AluSz;intronic;BAZ1A;-;-;intronic;BAZ1A;-;-;intronic;BAZ1A;-;-;-;148;18;25	Name=AluSz	TRUE	Alu	intronic
chr14:50325998:A:G	chr14:50325998:A:G	A:G	DMAC2L	UTR3	unknown	A;G;+;A||R||D;ALU;-;SINE/AluSx;UTR3;ATP5S;-;-;UTR3;ATP5S;-;-;UTR3;ATP5S;-;-;-;1700;30;55	Name=AluSx	TRUE	Alu	UTR3
chr14:90766853:A:G	chr14:90766853:T:C	A:G	TTC7B	intronic	unknown	.	.	FALSE	None	intronic
chr14:74736153:A:G	chr14:74736153:A:G	A:G	FCF1	UTR3	unknown	A;G;+;A||R||D;ALU;-;SINE/AluSx;UTR3;FCF1;-;-;UTR3;FCF1;-;-;UTR3;FCF1;-;-;-;2238;30;54	Name=AluSx	TRUE	Alu	UTR3
chr14:74736154:A:G	chr14:74736154:A:G	A:G	FCF1	UTR3	unknown	A;G;+;A||R||D;ALU;-;SINE/AluSx;UTR3;FCF1;-;-;UTR3;FCF1;-;-;UTR3;FCF1;-;-;-;2030;30;54	Name=AluSx	TRUE	Alu	UTR3
chr14:34790581:T:C	chr14:34790581:A:G	A:G	BAZ1A	intronic	unknown	T;C;-;R;ALU;-;SINE/AluSz;intronic;BAZ1A;-;-;intronic;BAZ1A;-;-;intronic;BAZ1A;-;-;-;138;14;19	Name=AluSz	TRUE	Alu	intronic
chr14:52643105:T:C	chr14:52643105:A:G	A:G	ERO1A	UTR3	unknown	T;C;-;A||R||D;REP;-;DNA/MER53;UTR3;ERO1L;-;-;UTR3;ERO1A;-;-;UTR3;ERO1L;-;-;289;20;1236;30;53	Name=MER53	TRUE	Other	UTR3
chr14:52643092:T:C	chr14:52643092:A:G	A:G	ERO1A	UTR3	unknown	T;C;-;A||R||D;REP;-;DNA/MER53;UTR3;ERO1L;-;-;UTR3;ERO1A;-;-;UTR3;ERO1L;-;-;289;20;1222;30;54	Name=MER53	TRUE	Other	UTR3
chr14:61795894:A:G	chr14:61795894:A:G	A:G	SNAPC1	UTR3	unknown	A;G;+;A||R||D;REP;-;SINE/FLAM_C;UTR3;SNAPC1;-;-;UTR3;SNAPC1;-;-;UTR3;SNAPC1;-;-;-;958;30;53	Name=FLAM_C	TRUE	Other	UTR3
chr14:61071597:A:G	chr14:61071597:A:G	A:G	SLC38A6	intronic	unknown	A;G;+;A||R||D;ALU;-;SINE/AluJb;intronic;SLC38A6;-;-;intronic;SLC38A6;-;-;intronic;SLC38A6;-;-;-;50;17;23	Name=AluJb	TRUE	Alu	intronic
chr14:74058071:T:C	chr14:74058071:A:G	A:G	ALDH6A1	UTR3	unknown	T;C;-;A||R||D;ALU;-;SINE/AluSc8;ncRNA_intronic;AC005484.5;-;-;UTR3;ALDH6A1;-;-;intronic;CCDC176;-;-;-;2297;30;55	Name=AluSc8	TRUE	Alu	UTR3
chr14:74058083:T:C	chr14:74058083:A:G	A:G	ALDH6A1	UTR3	unknown	T;C;-;A||R||D;ALU;-;SINE/AluSc8;ncRNA_intronic;AC005484.5;-;-;UTR3;ALDH6A1;-;-;intronic;CCDC176;-;-;-;2299;30;55	Name=AluSc8	TRUE	Alu	UTR3
chr14:92705824:T:C	chr14:92705824:A:G	A:G	LGMN	intronic	unknown	T;C;-;A||R||D;ALU;-;SINE/AluSx;intronic;LGMN;-;-;intronic;LGMN;-;-;intronic;LGMN;-;-;-;423;28;46	Name=AluSx	TRUE	Alu	intronic
chr14:22875246:G:A	chr14:22875246:G:A	C:T	LRP10	splicing	unknown	.	.	FALSE	None	splicing
chr14:92705859:T:C	chr14:92705859:A:G	A:G	LGMN	intronic	unknown	T;C;-;A||R||D;ALU;-;SINE/AluSx;intronic;LGMN;-;-;intronic;LGMN;-;-;intronic;LGMN;-;-;-;645;30;47	Name=AluSx	TRUE	Alu	intronic
chr14:74735609:A:G	chr14:74735609:A:G	A:G	FCF1	UTR3	unknown	A;G;+;A||R||D;ALU;-;SINE/AluSc5;UTR3;FCF1;-;-;UTR3;FCF1;-;-;UTR3;FCF1;-;-;-;1324;30;54	Name=AluSc5	TRUE	Alu	UTR3
chr14:21564742:A:G	chr14:21564742:T:C	A:G	OR10G3	downstream	unknown	.	.	FALSE	None	downstream
chr14:74086391:A:G	chr14:74086391:A:G	A:G	LIN52	intronic	unknown	A;G;+;A||R||D;ALU;-;SINE/AluJb;intronic;LIN52;-;-;intronic;LIN52;-;-;intronic;LIN52;-;-;-;39;12;17	Name=AluJb	TRUE	Alu	intronic
chr14:50325958:A:G	chr14:50325958:A:G	A:G	DMAC2L	UTR3	unknown	A;G;+;A||R||D;ALU;-;SINE/AluSx;UTR3;ATP5S;-;-;UTR3;ATP5S;-;-;UTR3;ATP5S;-;-;-;1860;30;55	Name=AluSx	TRUE	Alu	UTR3
chr14:52775636:T:C	chr14:52775636:A:G	A:G	GNPNAT1	UTR3	unknown	T;C;-;A||R||D;ALU;-;SINE/AluJo;ncRNA_exonic;RP11-589M4.1;-;-;UTR3;GNPNAT1;-;-;UTR3;GNPNAT1;-;-;-;2391;30;55	Name=AluJo	TRUE	Alu	UTR3
chr15:40693876:T:C	chr15:40693876:A:G	A:G	RAD51-AS1	ncRNA
exonic	unknown	T;C;-;A||R||D;NONREP;-;-/-;ncRNA_intronic;RAD51-AS1;-;-;ncRNA_exonic;RAD51-AS1;-;-;ncRNA_exonic;RAD51-AS1;-;-;-;1593;30;54	.	TRUE	None	ncRNA
chr15:41299253:A:G	chr15:41299253:A:G	A:G	OIP5-AS1	ncRNA
exonic	unknown	A;G;+;A||R||D;ALU;-;SINE/AluSx;ncRNA_exonic;OIP5-AS1;-;-;ncRNA_exonic;OIP5-AS1;-;-;ncRNA_exonic;OIP5-AS1;-;-;-;2477;30;55	Name=AluSx	TRUE	Alu	ncRNA
chr15:41308778:A:G	chr15:41308778:A:G	A:G	OIP5-AS1	ncRNA
exonic	unknown	A;G;+;A||R;ALU;-;SINE/AluSz;downstream;OIP5;-;-;downstream;OIP5;-;-;downstream;OIP5;-;-;-;794;29;52	Name=AluSz	TRUE	Alu	ncRNA
chr15:45555896:T:C	chr15:45555896:T:C	A:G	HMGN2P46	ncRNA
exonic	unknown	.	.	FALSE	None	ncRNA
chr15:45555911:A:G	chr15:45555911:A:G	A:G	HMGN2P46	ncRNA
exonic	unknown	.	.	FALSE	None	ncRNA
chr15:51913206:A:G	chr15:51913206:A:G	A:G	TMOD3	UTR3	unknown	A;G;+;A||R||D;ALU;-;SINE/AluSx1;intergenic;TMOD3||LEO1;-;-;intergenic;TMOD3||LOC100422556;-;-;intergenic;AF188711||LEO1;-;-;-;809;30;53	Name=AluSx1	TRUE	Alu	UTR3
chr15:55317452:T:C	chr15:55317452:A:G	A:G	PIGBOS1	UTR3	unknown	T;C;-;A||R||D;ALU;-;SINE/AluSg;ncRNA_exonic;RP11-139H15.1;-;-;UTR3;PIGBOS1;-;-;downstream;HP06981;-;-;-;2059;30;54	Name=AluSg	TRUE	Alu	UTR3
chr15:57978590:T:C	chr15:57978590:A:G	A:G	ALDH1A2	intronic	unknown	.	.	FALSE	None	intronic
chr15:64955218:T:C	chr15:64955218:T:C	A:G	ANKDD1A	intronic	unknown	T;C;-;A||R||D;ALU;-;SINE/AluY;intronic;ANKDD1A;-;-;intronic;ANKDD1A;-;-;intronic;ANKDD1A;-;-;-;2087;30;54	Name=AluY	TRUE	Alu	intronic
chr15:80978617:G:A	chr15:80978617:C:T	C:T	MESD	UTR3	unknown	.	.	FALSE	None	UTR3
chr15:85415373:C:T	chr15:85415373:C:T	C:T	AKAP13	intronic	unknown	.	.	FALSE	None	intronic
chr15:89201633:T:C	chr15:89201633:T:C	A:G	ABHD2	UTR3	unknown	.	.	FALSE	None	UTR3
chr15:89201638:C:T	chr15:89201638:C:T	C:T	ABHD2	UTR3	unknown	.	.	FALSE	None	UTR3
chr15:89201639:A:G	chr15:89201639:A:G	A:G	ABHD2	UTR3	unknown	A;G;+;R;NONREP;-;-/-;UTR3;ABHD2;-;-;UTR3;ABHD2;-;-;UTR3;ABHD2;-;-;558;248;182;27;45	.	TRUE	None	UTR3
chr15:89901461:T:C	chr15:89901461:A:G	A:G	ARPIN	UTR3	unknown	T;C;-;A||R;REP;-;SINE/FLAM_C;UTR3;C15orf38;-;-;UTR3;ARPIN;-;-;UTR3;C15orf38;-;-;-;1670;30;55	Name=FLAM_C	TRUE	Other	UTR3
chr15:89901496:T:C	chr15:89901496:A:G	A:G	ARPIN	UTR3	unknown	T;C;-;A||R||D;REP;-;SINE/FLAM_C;UTR3;C15orf38;-;-;UTR3;ARPIN;-;-;UTR3;C15orf38;-;-;-;1831;30;54	Name=FLAM_C	TRUE	Other	UTR3
chr15:25437369:T:C	chr15:25437369:A:G	A:G	UBE3A	intronic	unknown	T;C;-;A||R||D;NONREP;-;-/-;intronic;UBE3A;-;-;intronic;UBE3A;-;-;intronic;UBE3A;-;-;-;19;9;10	.	TRUE	None	intronic
chr15:34231096:T:C	chr15:34231096:A:G	A:G	SLC12A6	UTR3	unknown	T;C;-;A||R||D;ALU;-;SINE/AluSp;downstream;EMC4;-;-;UTR3;SLC12A6;-;-;UTR3;SLC12A6;-;-;-;1944;30;55	Name=AluSp	TRUE	Alu	UTR3
chr15:34231109:T:C	chr15:34231109:A:G	A:G	SLC12A6	UTR3	unknown	T;C;-;A||R||D;ALU;-;SINE/AluSp;downstream;EMC4;-;-;UTR3;SLC12A6;-;-;UTR3;SLC12A6;-;-;-;1524;30;54	Name=AluSp	TRUE	Alu	UTR3
chr15:41299219:A:G	chr15:41299219:A:G	A:G	OIP5-AS1	ncRNA
exonic	unknown	A;G;+;A||R||D;ALU;-;SINE/AluSx;ncRNA_exonic;OIP5-AS1;-;-;ncRNA_exonic;OIP5-AS1;-;-;ncRNA_exonic;OIP5-AS1;-;-;-;2076;30;55	Name=AluSx	TRUE	Alu	ncRNA
chr15:41299220:A:G	chr15:41299220:A:G	A:G	OIP5-AS1	ncRNA
exonic	unknown	A;G;+;A||R||D;ALU;-;SINE/AluSx;ncRNA_exonic;OIP5-AS1;-;-;ncRNA_exonic;OIP5-AS1;-;-;ncRNA_exonic;OIP5-AS1;-;-;-;2303;30;55	Name=AluSx	TRUE	Alu	ncRNA
chr15:41305379:A:G	chr15:41305379:A:G	A:G	OIP5-AS1	ncRNA
exonic	unknown	A;G;+;A||R||D;ALU;-;SINE/AluSz6;ncRNA_exonic;OIP5-AS1;-;-;intergenic;OIP5-AS1||OIP5;-;-;ncRNA_exonic;BC067230;-;-;-;2508;30;55	Name=AluSz6	TRUE	Alu	ncRNA
chr15:41305449:A:G	chr15:41305449:A:G	A:G	OIP5-AS1	ncRNA
exonic	unknown	A;G;+;A||R||D;ALU;-;SINE/AluSz6;ncRNA_exonic;OIP5-AS1;-;-;intergenic;OIP5-AS1||OIP5;-;-;ncRNA_exonic;BC067230;-;-;-;2527;30;54	Name=AluSz6	TRUE	Alu	ncRNA
chr15:45473776:A:G	chr15:45473776:T:C	A:G	SLC30A4	downstream	unknown	.	Name=FLAM_C	FALSE	Other	downstream
chr15:45491536:A:G	chr15:45491536:T:C	A:G	SLC30A4	intronic	unknown	.	Name=AluJb	FALSE	Alu	intronic
chr15:45491788:A:G	chr15:45491788:T:C	A:G	SLC30A4	intronic	unknown	A;G;+;A;ALU;-;SINE/AluJb;ncRNA_intronic;RP11-519G16.3;-;-;intronic;SLC30A4;-;-;intronic;SLC30A4;-;-;-;2;1;1	Name=AluJb	TRUE	Alu	intronic
chr15:45491789:A:G	chr15:45491789:T:C	A:G	SLC30A4	intronic	unknown	A;G;+;A;ALU;-;SINE/AluJb;ncRNA_intronic;RP11-519G16.3;-;-;intronic;SLC30A4;-;-;intronic;SLC30A4;-;-;-;1;1;1	Name=AluJb	TRUE	Alu	intronic
chr15:45491794:A:G	chr15:45491794:T:C	A:G	SLC30A4	intronic	unknown	A;G;+;A;ALU;-;SINE/AluJb;ncRNA_intronic;RP11-519G16.3;-;-;intronic;SLC30A4;-;-;intronic;SLC30A4;-;-;-;2;1;1	Name=AluJb	TRUE	Alu	intronic
chr15:45519331:A:G	chr15:45519331:A:G	A:G	HMGN2P46	ncRNA
intronic	unknown	A;G;+;R;ALU;-;SINE/AluSz;ncRNA_intronic;HMGN2P46;-;-;ncRNA_intronic;HMGN2P46;-;-;intronic;HMGN2P46||SLC30A4;-;-;-;198;13;15	Name=AluSz	TRUE	Alu	ncRNA
chr15:49365055:A:G	chr15:49365055:T:C	A:G	FAM227B	intronic	unknown	.	.	FALSE	None	intronic
chr15:49365071:A:G	chr15:49365071:T:C	A:G	FAM227B	intronic	unknown	.	.	FALSE	None	intronic
chr15:51913892:A:G	chr15:51913892:A:G	A:G	TMOD3	UTR3	unknown	A;G;+;A||R||D;ALU;-;SINE/AluJb;intergenic;TMOD3||LEO1;-;-;intergenic;TMOD3||LOC100422556;-;-;intergenic;AF188711||LEO1;-;-;-;1636;30;55	Name=AluJb	TRUE	Alu	UTR3
chr15:79898963:T:C	chr15:79898963:A:G	A:G	ST20	ncRNA
exonic	unknown	.	.	FALSE	None	ncRNA
chr15:85664756:G:A	chr15:85664756:G:A	C:T	AKAP13	splicing	unknown	.	.	FALSE	None	splicing
chr15:88640735:A:G	chr15:88640735:A:G	A:G	ISG20	intronic	unknown	A;G;+;R||D;ALU;-;SINE/AluJb;intronic;ISG20;-;-;intronic;ISG20;-;-;intronic;ISG20;-;-;-;200;18;23	Name=AluJb	TRUE	Alu	intronic
chr15:89805071:C:T	chr15:89805071:G:A	C:T	ANPEP	intronic	unknown	.	.	FALSE	None	intronic
chr15:89805072:T:C	chr15:89805072:A:G	A:G	ANPEP	intronic	unknown	.	.	FALSE	None	intronic
chr15:89805074:A:G	chr15:89805074:T:C	A:G	ANPEP	intronic	unknown	.	.	FALSE	None	intronic
chr15:89805077:C:T	chr15:89805077:G:A	C:T	ANPEP	splicing	unknown	.	.	FALSE	None	splicing
chr15:89897328:T:C	chr15:89897328:A:G	A:G	ARPIN	UTR3	unknown	T;C;-;A||R||D;ALU;-;SINE/AluSq2;intronic;C15orf38-AP3S2;-;-;UTR3;ARPIN;-;-;intronic;C15orf38-AP3S2;-;-;-;2042;30;55	Name=AluSq2	TRUE	Alu	UTR3
chr15:89897337:T:C	chr15:89897337:A:G	A:G	ARPIN	UTR3	unknown	T;C;-;A||R||D;ALU;-;SINE/AluSq2;intronic;C15orf38-AP3S2;-;-;UTR3;ARPIN;-;-;intronic;C15orf38-AP3S2;-;-;-;2176;30;55	Name=AluSq2	TRUE	Alu	UTR3
chr15:89897363:T:C	chr15:89897363:A:G	A:G	ARPIN	UTR3	unknown	T;C;-;A||R||D;ALU;-;SINE/AluSq2;intronic;C15orf38-AP3S2;-;-;UTR3;ARPIN;-;-;intronic;C15orf38-AP3S2;-;-;-;2064;30;55	Name=AluSq2	TRUE	Alu	UTR3
chr15:89899222:T:C	chr15:89899222:A:G	A:G	ARPIN	UTR3	unknown	T;C;-;A||R||D;ALU;-;SINE/AluSz;intronic;C15orf38-AP3S2;-;-;UTR3;ARPIN;-;-;intronic;C15orf38-AP3S2;-;-;-;1936;30;54	Name=AluSz	TRUE	Alu	UTR3
chr15:34231819:T:C	chr15:34231819:A:G	A:G	SLC12A6	UTR3	unknown	T;C;-;A||R||D;ALU;-;SINE/AluY;intergenic;EMC4||SLC12A6;-;-;UTR3;SLC12A6;-;-;UTR3;SLC12A6;-;-;-;1955;30;54	Name=AluY	TRUE	Alu	UTR3
chr15:40694298:T:C	chr15:40694298:A:G	A:G	RAD51-AS1	ncRNA
exonic	unknown	T;C;-;A||R||D;ALU;-;SINE/AluSx;ncRNA_intronic;RAD51-AS1;-;-;ncRNA_exonic;RAD51-AS1;-;-;ncRNA_exonic;RAD51-AS1;-;-;-;1641;30;54	Name=AluSx	TRUE	Alu	ncRNA
chr15:51913938:A:G	chr15:51913938:A:G	A:G	TMOD3	UTR3	unknown	A;G;+;A||R||D;ALU;-;SINE/AluJb;intergenic;TMOD3||LEO1;-;-;intergenic;TMOD3||LOC100422556;-;-;intergenic;AF188711||LEO1;-;-;-;1481;29;54	Name=AluJb	TRUE	Alu	UTR3
chr15:51913957:A:G	chr15:51913957:A:G	A:G	TMOD3	UTR3	unknown	A;G;+;A||R||D;ALU;-;SINE/AluJb;intergenic;TMOD3||LEO1;-;-;intergenic;TMOD3||LOC100422556;-;-;intergenic;AF188711||LEO1;-;-;-;891;30;55	Name=AluJb	TRUE	Alu	UTR3
chr15:64119374:A:G	chr15:64119374:A:G	A:G	SNX1	intronic	unknown	A;G;+;A||R;ALU;-;SINE/AluJr;intronic;SNX1;-;-;intronic;SNX1;-;-;intronic;SNX1;-;-;-;42;11;12	Name=AluJr	TRUE	Alu	intronic
chr15:89803223:G:A	chr15:89803223:C:T	C:T	ANPEP	intronic	unknown	.	.	FALSE	None	intronic
chr15:89803225:T:C	chr15:89803225:A:G	A:G	ANPEP	intronic	unknown	.	.	FALSE	None	intronic
chr15:89803228:C:T	chr15:89803228:G:A	C:T	ANPEP	intronic	unknown	.	.	FALSE	None	intronic
chr15:89803231:C:T	chr15:89803231:G:A	C:T	ANPEP	intronic	unknown	.	.	FALSE	None	intronic
chr15:89803235:T:C	chr15:89803235:A:G	A:G	ANPEP	intronic	unknown	.	.	FALSE	None	intronic
chr15:89803236:G:A	chr15:89803236:C:T	C:T	ANPEP	intronic	unknown	.	.	FALSE	None	intronic
chr15:89803237:A:G	chr15:89803237:T:C	A:G	ANPEP	splicing	unknown	.	.	FALSE	None	splicing
chr15:99258130:A:G	chr15:99258130:A:G	A:G	HSP90B2P	ncRNA
exonic	unknown	.	.	FALSE	None	ncRNA
chr15:99259687:T:C	chr15:99259687:T:C	A:G	HSP90B2P	ncRNA
exonic	unknown	.	.	FALSE	None	ncRNA
chr15:60386020:A:G	chr15:60386020:T:C	A:G	ANXA2	intronic	unknown	.	.	FALSE	None	intronic
chr15:64119177:A:G	chr15:64119177:A:G	A:G	SNX1	intronic	unknown	A;G;+;A||R||D;ALU;-;SINE/AluJr;intronic;SNX1;-;-;intronic;SNX1;-;-;intronic;SNX1;-;-;-;68;17;20	Name=AluJr	TRUE	Alu	intronic
chr15:64119497:A:G	chr15:64119497:A:G	A:G	SNX1	intronic	unknown	A;G;+;A||R||D;ALU;-;SINE/AluSz;intronic;SNX1;-;-;intronic;SNX1;-;-;intronic;SNX1;-;-;-;32;9;10	Name=AluSz	TRUE	Alu	intronic
chr15:74026725:A:G	chr15:74026725:A:G	A:G	PML	intronic	unknown	A;G;+;A||R;ALU;-;SINE/AluSz6;intronic;PML;-;-;intronic;PML;-;-;UTR3;PML;-;-;-;602;30;42	Name=AluSz6	TRUE	Alu	intronic
chr15:74026790:A:G	chr15:74026790:A:G	A:G	PML	intronic	unknown	A;G;+;A||R;ALU;-;SINE/AluSz6;intronic;PML;-;-;intronic;PML;-;-;UTR3;PML;-;-;-;592;30;43	Name=AluSz6	TRUE	Alu	intronic
chr15:74026832:A:G	chr15:74026832:A:G	A:G	PML	intronic	unknown	A;G;+;A||R||D;ALU;-;SINE/AluSz6;intronic;PML;-;-;intronic;PML;-;-;UTR3;PML;-;-;-;638;29;41	Name=AluSz6	TRUE	Alu	intronic
chr15:74027392:A:G	chr15:74027392:A:G	A:G	PML	intronic	unknown	A;G;+;A||R||D;ALU;-;SINE/AluJr;intronic;PML;-;-;intronic;PML;-;-;UTR3;PML;-;-;-;2;2;2	Name=AluJr	TRUE	Alu	intronic
chr15:74027423:A:G	chr15:74027423:A:G	A:G	PML	intronic	unknown	A;G;+;A||R||D;ALU;-;SINE/AluJr;intronic;PML;-;-;intronic;PML;-;-;UTR3;PML;-;-;-;724;30;42	Name=AluJr	TRUE	Alu	intronic
chr15:74027453:A:G	chr15:74027453:A:G	A:G	PML	intronic	unknown	A;G;+;A||R||D;ALU;-;SINE/AluJr;intronic;PML;-;-;intronic;PML;-;-;UTR3;PML;-;-;-;794;30;45	Name=AluJr	TRUE	Alu	intronic
chr15:74027472:A:G	chr15:74027472:A:G	A:G	PML	intronic	unknown	A;G;+;A||R||D;ALU;-;SINE/AluJr;intronic;PML;-;-;intronic;PML;-;-;UTR3;PML;-;-;-;793;30;48	Name=AluJr	TRUE	Alu	intronic
chr15:88640879:A:G	chr15:88640879:A:G	A:G	ISG20	intronic	unknown	A;G;+;A||R||D;ALU;-;SINE/AluJb;intronic;ISG20;-;-;intronic;ISG20;-;-;intronic;ISG20;-;-;-;207;19;24	Name=AluJb	TRUE	Alu	intronic
chr15:45491122:A:G	chr15:45491122:T:C	A:G	SLC30A4	intronic	unknown	A;G;+;A||R;ALU;-;SINE/AluJb;ncRNA_intronic;RP11-519G16.3;-;-;intronic;SLC30A4;-;-;intronic;SLC30A4;-;-;-;3;3;3	Name=AluJb	TRUE	Alu	intronic
chr15:45493705:A:G	chr15:45493705:T:C	A:G	SLC30A4	intronic	unknown	A;G;+;A;ALU;-;SINE/AluSg;ncRNA_intronic;RP11-519G16.3;-;-;intronic;SLC30A4;-;-;intronic;SLC30A4;-;-;-;2;1;1	Name=AluSx4	TRUE	Alu	intronic
chr15:45518696:A:G	chr15:45518696:A:G	A:G	HMGN2P46	ncRNA
intronic	unknown	A;G;+;A||R;ALU;-;SINE/AluSz;ncRNA_intronic;HMGN2P46;-;-;ncRNA_intronic;HMGN2P46;-;-;intronic;HMGN2P46||SLC30A4;-;-;-;196;17;20	Name=AluSz	TRUE	Alu	ncRNA
chr15:34232455:T:C	chr15:34232455:A:G	A:G	SLC12A6	UTR3	unknown	T;C;-;A||R||D;ALU;-;SINE/AluSz;downstream;SLC12A6;-;-;UTR3;SLC12A6;-;-;UTR3;SLC12A6;-;-;-;2006;30;54	Name=AluSz	TRUE	Alu	UTR3
chr15:34232507:T:C	chr15:34232507:A:G	A:G	SLC12A6	UTR3	unknown	T;C;-;A||R||D;ALU;-;SINE/AluSz;downstream;SLC12A6;-;-;UTR3;SLC12A6;-;-;UTR3;SLC12A6;-;-;-;2046;30;55	Name=AluSz	TRUE	Alu	UTR3
chr15:60404634:A:G	chr15:60404634:T:C	A:G	ANXA2	upstream	unknown	.	.	FALSE	None	upstream
chr15:64119480:A:G	chr15:64119480:A:G	A:G	SNX1	intronic	unknown	A;G;+;A||R;ALU;-;SINE/AluSz;intronic;SNX1;-;-;intronic;SNX1;-;-;intronic;SNX1;-;-;-;33;12;14	Name=AluSz	TRUE	Alu	intronic
chr15:84642218:T:C	chr15:84642218:T:C	A:G	SCAND2P	ncRNA
exonic	unknown	T;C;-;A||R||D;ALU;-;SINE/AluSc;ncRNA_exonic;SCAND2P;-;-;ncRNA_exonic;SCAND2P;-;-;downstream;WDR73;-;-;-;2114;30;54	Name=AluSc	TRUE	Alu	ncRNA
chr15:84642257:T:C	chr15:84642257:T:C	A:G	SCAND2P	ncRNA
exonic	unknown	T;C;-;A||R||D;ALU;-;SINE/AluSc;ncRNA_exonic;SCAND2P;-;-;ncRNA_exonic;SCAND2P;-;-;downstream;WDR73;-;-;-;2107;30;54	Name=AluSc	TRUE	Alu	ncRNA
chr15:88478730:A:G	chr15:88478730:A:G	A:G	MRPS11	UTR3	unknown	A;G;+;A||R||D;ALU;-;SINE/AluSz;UTR3;MRPS11;-;-;downstream;MRPS11;-;-;downstream;MRPS11;-;-;-;825;30;53	Name=AluSz	TRUE	Alu	UTR3
chr15:25437368:T:C	chr15:25437368:A:G	A:G	UBE3A	intronic	unknown	T;C;-;A||R;NONREP;-;-/-;intronic;UBE3A;-;-;intronic;UBE3A;-;-;intronic;UBE3A;-;-;-;15;8;9	.	TRUE	None	intronic
chr15:45583471:T:C	chr15:45583471:T:C	A:G	BLOC1S6	upstream	unknown	.	Name=AluSx	FALSE	Alu	upstream
chr15:60388880:T:C	chr15:60388880:A:G	A:G	ANXA2	intronic	unknown	T;C;-;A||R;ALU;-;SINE/AluJo;intronic;ANXA2;-;-;intronic;ANXA2;-;-;intronic;ANXA2;-;-;-;94;16;19	Name=AluJo	TRUE	Alu	intronic
chr15:64119496:A:G	chr15:64119496:A:G	A:G	SNX1	intronic	unknown	A;G;+;A||R||D;ALU;-;SINE/AluSz;intronic;SNX1;-;-;intronic;SNX1;-;-;intronic;SNX1;-;-;-;22;9;9	Name=AluSz	TRUE	Alu	intronic
chr15:72779509:T:C	chr15:72779509:A:G	A:G	ADPGK	intronic	unknown	T;C;-;A||R;ALU;-;SINE/AluSp;intronic;ADPGK;-;-;intronic;ADPGK;-;-;intronic;ADPGK;-;-;-;7;7;7	Name=AluSp	TRUE	Alu	intronic
chr15:92804673:A:G	chr15:92804673:A:G	A:G	ASB9P1	downstream	unknown	.	Name=AluSx	FALSE	Alu	downstream
chr15:45512872:A:G	chr15:45512872:A:G	A:G	HMGN2P46	ncRNA
intronic	unknown	A;G;+;R;REP;-;SINE/FRAM;ncRNA_intronic;HMGN2P46||RP11-519G16.3;-;-;ncRNA_intronic;HMGN2P46;-;-;intronic;HMGN2P46||SLC30A4;-;-;-;32;6;7	Name=FRAM	TRUE	Other	ncRNA
chr15:45512919:A:G	chr15:45512919:A:G	A:G	HMGN2P46	ncRNA
intronic	unknown	.	Name=FRAM	FALSE	Other	ncRNA
chr15:72356620:A:G	chr15:72356620:T:C	A:G	HEXA	exonic	nonsynonymous SNV	.	.	FALSE	None	exonic
chr15:72356624:A:G	chr15:72356624:T:C	A:G	HEXA	exonic	nonsynonymous SNV	.	.	FALSE	None	exonic
chr15:20462954:G:A	chr15:20462954:C:T	C:T	HERC2P3	ncRNA
exonic	unknown	.	.	FALSE	None	ncRNA
chr15:41298780:A:G	chr15:41298780:A:G	A:G	OIP5-AS1	ncRNA
exonic	unknown	A;G;+;A||R||D;ALU;-;SINE/AluSx1;ncRNA_exonic;OIP5-AS1;-;-;ncRNA_exonic;OIP5-AS1;-;-;ncRNA_exonic;OIP5-AS1;-;-;-;1783;30;55	Name=AluSx1	TRUE	Alu	ncRNA
chr15:41298823:A:G	chr15:41298823:A:G	A:G	OIP5-AS1	ncRNA
exonic	unknown	A;G;+;A||R||D;ALU;-;SINE/AluSx1;ncRNA_exonic;OIP5-AS1;-;-;ncRNA_exonic;OIP5-AS1;-;-;ncRNA_exonic;OIP5-AS1;-;-;-;2048;30;55	Name=AluSx1	TRUE	Alu	ncRNA
chr15:71164556:A:G	chr15:71164556:A:G	A:G	THSD4	intronic	unknown	.	.	FALSE	None	intronic
chr15:89897422:T:C	chr15:89897422:A:G	A:G	ARPIN	UTR3	unknown	T;C;-;A||R||D;ALU;-;SINE/AluSq2;intronic;C15orf38-AP3S2;-;-;UTR3;ARPIN;-;-;intronic;C15orf38-AP3S2;-;-;-;1526;30;55	Name=AluSq2	TRUE	Alu	UTR3
chr15:89897423:T:C	chr15:89897423:A:G	A:G	ARPIN	UTR3	unknown	T;C;-;A||R||D;ALU;-;SINE/AluSq2;intronic;C15orf38-AP3S2;-;-;UTR3;ARPIN;-;-;intronic;C15orf38-AP3S2;-;-;-;1977;30;55	Name=AluSq2	TRUE	Alu	UTR3
chr15:63124743:A:G	chr15:63124743:A:G	A:G	LACTB	intronic	unknown	A;G;+;A||R;ALU;-;SINE/AluSz6;intronic;LACTB;-;-;intronic;LACTB;-;-;intronic;LACTB;-;-;-;21;7;8	Name=AluSz6	TRUE	Alu	intronic
chr15:74026768:A:G	chr15:74026768:A:G	A:G	PML	intronic	unknown	A;G;+;A||R;ALU;-;SINE/AluSz6;intronic;PML;-;-;intronic;PML;-;-;UTR3;PML;-;-;-;563;28;40	Name=AluSz6	TRUE	Alu	intronic
chr15:99694532:A:G	chr15:99694532:A:G	A:G	MEF2A	intronic	unknown	A;G;+;A||R||D;REP;-;DNA/Tigger4a;intronic;MEF2A;-;-;intronic;MEF2A;-;-;intronic;MEF2A;-;-;-;683;28;49	Name=Tigger4a	TRUE	Other	intronic
chr15:89897428:T:C	chr15:89897428:A:G	A:G	ARPIN	UTR3	unknown	T;C;-;A||R||D;ALU;-;SINE/AluSq2;intronic;C15orf38-AP3S2;-;-;UTR3;ARPIN;-;-;intronic;C15orf38-AP3S2;-;-;-;2073;30;55	Name=AluSq2	TRUE	Alu	UTR3
chr15:52505494:T:C	chr15:52505494:A:G	A:G	MYO5A	intronic	unknown	.	.	FALSE	None	intronic
chr15:52505518:A:G	chr15:52505518:T:C	A:G	MYO5A	intronic	unknown	.	.	FALSE	None	intronic
chr15:90429667:G:A	chr15:90429667:G:A	C:T	IQGAP1	splicing	unknown	.	.	FALSE	None	splicing
chr15:63128365:A:G	chr15:63128365:A:G	A:G	LACTB	intronic	unknown	A;G;+;A||R||D;ALU;-;SINE/AluJo;intronic;LACTB;-;-;intronic;LACTB;-;-;intronic;LACTB;-;-;-;231;25;40	Name=AluJr	TRUE	Alu	intronic
chr15:51913246:A:G	chr15:51913246:A:G	A:G	TMOD3	UTR3	unknown	A;G;+;A||R||D;ALU;-;SINE/AluSx1;intergenic;TMOD3||LEO1;-;-;intergenic;TMOD3||LOC100422556;-;-;intergenic;AF188711||LEO1;-;-;-;1201;30;55	Name=AluSx1	TRUE	Alu	UTR3
chr15:45663202:A:G	chr15:45663202:A:G	A:G	SQOR	intronic	unknown	A;G;+;A||R;ALU;-;SINE/AluSz;intronic;RP11-96O20.4||SQRDL;-;-;intronic;SQRDL;-;-;intronic;SQRDL;-;-;-;6;5;5	Name=AluSz	TRUE	Alu	intronic
chr15:85415666:C:T	chr15:85415666:C:T	C:T	AKAP13	intronic	unknown	.	.	FALSE	None	intronic
chr15:72059280:A:G	chr15:72059280:T:C	A:G	MYO9A	intronic	unknown	.	.	FALSE	None	intronic
chr15:52505499:C:T	chr15:52505499:G:A	C:T	MYO5A	intronic	unknown	.	.	FALSE	None	intronic
chr15:43876266:T:C	chr15:43876266:A:G	A:G	PIN4P1	ncRNA
exonic	unknown	.	.	FALSE	None	ncRNA
chr15:71341488:C:T	chr15:71341488:C:T	C:T	THSD4	intronic	unknown	.	.	FALSE	None	intronic
chr15:99258387:T:C	chr15:99258387:T:C	A:G	HSP90B2P	ncRNA
exonic	unknown	.	.	FALSE	None	ncRNA
chr15:99258380:A:G	chr15:99258380:A:G	A:G	HSP90B2P	ncRNA
exonic	unknown	.	.	FALSE	None	ncRNA
chr15:88642825:A:G	chr15:88642825:A:G	A:G	ISG20	intronic	unknown	A;G;+;A||R||D;ALU;-;SINE/AluSz;intronic;ISG20;-;-;intronic;ISG20;-;-;intronic;ISG20;-;-;-;501;29;41	Name=AluSz	TRUE	Alu	intronic
chr15:88642890:A:G	chr15:88642890:A:G	A:G	ISG20	intronic	unknown	A;G;+;A||R||D;ALU;-;SINE/AluSz;intronic;ISG20;-;-;intronic;ISG20;-;-;intronic;ISG20;-;-;-;325;25;36	Name=AluSz	TRUE	Alu	intronic
chr15:88642968:A:G	chr15:88642968:A:G	A:G	ISG20	intronic	unknown	A;G;+;A||R||D;ALU;-;SINE/AluJo;intronic;ISG20;-;-;intronic;ISG20;-;-;intronic;ISG20;-;-;-;265;22;31	Name=AluJo	TRUE	Alu	intronic
chr15:45479306:A:G	chr15:45479306:T:C	A:G	SLC30A4	downstream	unknown	A;G;+;A||R||D;ALU;-;SINE/AluJb;ncRNA_exonic;RP11-519G16.3;-;-;intergenic;C15orf48||SLC30A4;-;-;ncRNA_exonic;AK056686;-;-;-;9;3;4	Name=AluJb	TRUE	Alu	downstream
chr15:45497284:A:G	chr15:45497284:T:C	A:G	SLC30A4	intronic	unknown	A;G;+;A;ALU;-;SINE/AluSx;ncRNA_intronic;RP11-519G16.3;-;-;intronic;SLC30A4;-;-;intronic;SLC30A4;-;-;-;7;4;5	Name=AluSx	TRUE	Alu	intronic
chr15:45502943:A:G	chr15:45502943:T:C	A:G	SLC30A4	exonic	stoploss	A;G;+;A;ALU;-;SINE/AluJr;ncRNA_intronic;RP11-519G16.3;-;-;intronic;SLC30A4;-;-;intronic;SLC30A4;-;-;-;27;9;10	Name=AluJr	TRUE	Alu	exonic
chr15:51724789:C:T	chr15:51724789:G:A	C:T	LYSMD2	splicing	unknown	.	.	FALSE	None	splicing
chr15:73975109:A:G	chr15:73975109:T:C	A:G	STOML1	downstream	unknown	.	Name=AluSc8	FALSE	Alu	downstream
chr15:45479247:A:G	chr15:45479247:T:C	A:G	SLC30A4	downstream	unknown	A;G;+;R||D;ALU;-;SINE/AluJb;ncRNA_exonic;RP11-519G16.3;-;-;intergenic;C15orf48||SLC30A4;-;-;ncRNA_exonic;AK056686;-;-;-;6;4;4	Name=AluJb	TRUE	Alu	downstream
chr15:73975654:A:G	chr15:73975654:T:C	A:G	STOML1	downstream	unknown	.	Name=AluSg	FALSE	Alu	downstream
chr15:73975655:A:G	chr15:73975655:T:C	A:G	STOML1	downstream	unknown	.	Name=AluSg	FALSE	Alu	downstream
chr15:80779365:G:A	chr15:80779365:G:A	C:T	CEMIP	upstream	unknown	.	.	FALSE	None	upstream
chr16:10931866:A:G	chr16:10931866:A:G	A:G	CIITA	UTR3	unknown	A;G;+;A||R||D;ALU;-;SINE/AluSx1;intronic;DEXI;-;-;intronic;DEXI;-;-;intronic;DEXI;-;-;-;1108;30;53	Name=AluSx1	TRUE	Alu	UTR3
chr16:1962661:T:C	chr16:1962661:A:G	A:G	RPS2	intronic	unknown	.	.	FALSE	None	intronic
chr16:21639981:T:C	chr16:21639981:A:G	A:G	IGSF6	UTR3	unknown	T;C;-;A||R;ALU;-;SINE/AluSx3;intronic;METTL9;-;-;intronic;METTL9;-;-;intronic;METTL9;-;-;-;305;21;34	Name=AluSx	TRUE	Alu	UTR3
chr16:21640001:T:C	chr16:21640001:A:G	A:G	IGSF6	UTR3	unknown	T;C;-;A||R;ALU;-;SINE/AluSx3;intronic;METTL9;-;-;intronic;METTL9;-;-;intronic;METTL9;-;-;-;239;16;27	Name=AluSx	TRUE	Alu	UTR3
chr16:21640035:T:C	chr16:21640035:A:G	A:G	IGSF6	UTR3	unknown	T;C;-;A||R;ALU;-;SINE/AluSx3;intronic;METTL9;-;-;intronic;METTL9;-;-;intronic;METTL9;-;-;-;271;22;37	Name=AluSx	TRUE	Alu	UTR3
chr16:21640075:T:C	chr16:21640075:A:G	A:G	IGSF6	UTR3	unknown	T;C;-;A||R;ALU;-;SINE/AluSx3;intronic;METTL9;-;-;intronic;METTL9;-;-;intronic;METTL9;-;-;-;517;26;43	Name=AluSx	TRUE	Alu	UTR3
chr16:21640084:T:C	chr16:21640084:A:G	A:G	IGSF6	UTR3	unknown	T;C;-;A||R;ALU;-;SINE/AluSx3;intronic;METTL9;-;-;intronic;METTL9;-;-;intronic;METTL9;-;-;-;503;25;43	Name=AluSx	TRUE	Alu	UTR3
chr16:21640086:T:C	chr16:21640086:A:G	A:G	IGSF6	UTR3	unknown	T;C;-;A||R;ALU;-;SINE/AluSx3;intronic;METTL9;-;-;intronic;METTL9;-;-;intronic;METTL9;-;-;-;558;26;44	Name=AluSx	TRUE	Alu	UTR3
chr16:21640211:T:C	chr16:21640211:A:G	A:G	IGSF6	UTR3	unknown	T;C;-;A||R;ALU;-;SINE/AluSx3;intronic;METTL9;-;-;intronic;METTL9;-;-;intronic;METTL9;-;-;-;588;24;43	Name=AluSx	TRUE	Alu	UTR3
chr16:21640707:T:C	chr16:21640707:A:G	A:G	IGSF6	UTR3	unknown	T;C;-;A||R;ALU;-;SINE/AluSx;intronic;METTL9;-;-;intronic;METTL9;-;-;intronic;METTL9;-;-;-;272;19;35	Name=AluSx	TRUE	Alu	UTR3
chr16:29972946:C:T	chr16:29972946:C:T	C:T	TMEM219	intronic	unknown	.	.	FALSE	None	intronic
chr16:31357103:T:C	chr16:31357103:T:C	A:G	ITGAX	splicing	unknown	.	.	FALSE	None	splicing
chr16:31357538:C:T	chr16:31357538:C:T	C:T	ITGAX	intronic	unknown	.	.	FALSE	None	intronic
chr16:31358411:A:G	chr16:31358411:A:G	A:G	ITGAX	intronic	unknown	A;G;+;A||R||D;ALU;-;SINE/AluJr;intronic;ITGAX;-;-;intronic;ITGAX;-;-;intronic;ITGAX;-;-;-;460;22;35	Name=AluJr	TRUE	Alu	intronic
chr16:31363516:A:G	chr16:31363516:A:G	A:G	ITGAX	intronic	unknown	A;G;+;A||R;ALU;-;SINE/AluSx;intronic;ITGAX;-;-;intronic;ITGAX;-;-;intronic;ITGAX;-;-;-;220;8;12	Name=AluSx	TRUE	Alu	intronic
chr16:31363540:A:G	chr16:31363540:A:G	A:G	ITGAX	intronic	unknown	A;G;+;A||R;ALU;-;SINE/AluSx;intronic;ITGAX;-;-;intronic;ITGAX;-;-;intronic;ITGAX;-;-;-;187;7;10	Name=AluSx	TRUE	Alu	intronic
chr16:31363547:A:G	chr16:31363547:A:G	A:G	ITGAX	intronic	unknown	A;G;+;A||R;ALU;-;SINE/AluSx;intronic;ITGAX;-;-;intronic;ITGAX;-;-;intronic;ITGAX;-;-;-;184;8;10	Name=AluSx	TRUE	Alu	intronic
chr16:31363585:A:G	chr16:31363585:A:G	A:G	ITGAX	intronic	unknown	A;G;+;R;ALU;-;SINE/AluSx;intronic;ITGAX;-;-;intronic;ITGAX;-;-;intronic;ITGAX;-;-;-;157;9;10	Name=AluSx	TRUE	Alu	intronic
chr16:31363645:A:G	chr16:31363645:A:G	A:G	ITGAX	intronic	unknown	A;G;+;A||R;ALU;-;SINE/AluSx;intronic;ITGAX;-;-;intronic;ITGAX;-;-;intronic;ITGAX;-;-;-;119;7;7	Name=AluSx	TRUE	Alu	intronic
chr16:31363679:A:G	chr16:31363679:A:G	A:G	ITGAX	intronic	unknown	A;G;+;A||R;ALU;-;SINE/AluSx;intronic;ITGAX;-;-;intronic;ITGAX;-;-;intronic;ITGAX;-;-;-;145;6;6	Name=AluSx	TRUE	Alu	intronic
chr16:31364161:A:G	chr16:31364161:A:G	A:G	ITGAX	intronic	unknown	A;G;+;A||R||D;ALU;-;SINE/AluJr;intronic;ITGAX;-;-;intronic;ITGAX;-;-;intronic;ITGAX;-;-;-;264;16;22	Name=AluJr	TRUE	Alu	intronic
chr16:31364241:A:G	chr16:31364241:A:G	A:G	ITGAX	intronic	unknown	A;G;+;A||R||D;ALU;-;SINE/AluJr;intronic;ITGAX;-;-;intronic;ITGAX;-;-;intronic;ITGAX;-;-;-;261;13;19	Name=AluJr	TRUE	Alu	intronic
chr16:31364307:A:G	chr16:31364307:A:G	A:G	ITGAX	intronic	unknown	A;G;+;A||R||D;ALU;-;SINE/AluJr;intronic;ITGAX;-;-;intronic;ITGAX;-;-;intronic;ITGAX;-;-;-;206;9;13	Name=AluJr	TRUE	Alu	intronic
chr16:31368244:A:G	chr16:31368244:A:G	A:G	ITGAX	intronic	unknown	A;G;+;A||R;ALU;-;SINE/AluSx1;intronic;ITGAX;-;-;intronic;ITGAX;-;-;intronic;ITGAX;-;-;-;279;13;21	Name=AluSx1	TRUE	Alu	intronic
chr16:31368247:A:G	chr16:31368247:A:G	A:G	ITGAX	intronic	unknown	A;G;+;A||R||D;ALU;-;SINE/AluSx1;intronic;ITGAX;-;-;intronic;ITGAX;-;-;intronic;ITGAX;-;-;-;219;10;17	Name=AluSx1	TRUE	Alu	intronic
chr16:31368251:A:G	chr16:31368251:A:G	A:G	ITGAX	intronic	unknown	A;G;+;A||R;ALU;-;SINE/AluSx1;intronic;ITGAX;-;-;intronic;ITGAX;-;-;intronic;ITGAX;-;-;-;292;15;22	Name=AluSx1	TRUE	Alu	intronic
chr16:31368377:A:G	chr16:31368377:A:G	A:G	ITGAX	intronic	unknown	A;G;+;R;ALU;-;SINE/AluSx1;intronic;ITGAX;-;-;intronic;ITGAX;-;-;intronic;ITGAX;-;-;-;172;11;15	Name=AluSx1	TRUE	Alu	intronic
chr16:70065800:C:T	chr16:70065800:G:A	C:T	PDXDC2P-NPIPB14P	ncRNA
exonic	unknown	.	.	FALSE	None	ncRNA
chr16:70378247:T:C	chr16:70378247:A:G	A:G	ST3GAL2	UTR3	unknown	T;C;-;A||R;ALU;-;SINE/AluSx;intergenic;DDX19A||ST3GAL2;-;-;intergenic;DDX19A||ST3GAL2;-;-;intergenic;DDX19A||ST3GAL2;-;-;-;104;19;30	Name=AluSx	TRUE	Alu	UTR3
chr16:75445933:T:C	chr16:75445933:A:G	A:G	TMEM170A	UTR3	unknown	T;C;-;A||R||D;ALU;-;SINE/AluSg4;UTR3;TMEM170A;-;-;UTR3;TMEM170A;-;-;UTR3;TMEM170A;-;-;-;1217;30;55	Name=AluSg4	TRUE	Alu	UTR3
chr16:75445993:T:C	chr16:75445993:A:G	A:G	TMEM170A	UTR3	unknown	T;C;-;A||R||D;ALU;-;SINE/AluSg4;UTR3;TMEM170A;-;-;UTR3;TMEM170A;-;-;UTR3;TMEM170A;-;-;-;1531;30;54	Name=AluSg4	TRUE	Alu	UTR3
chr16:75446009:T:C	chr16:75446009:A:G	A:G	TMEM170A	UTR3	unknown	T;C;-;A||R||D;ALU;-;SINE/AluSg4;UTR3;TMEM170A;-;-;UTR3;TMEM170A;-;-;UTR3;TMEM170A;-;-;-;1869;30;55	Name=AluSg4	TRUE	Alu	UTR3
chr16:15701182:A:G	chr16:15701182:A:G	A:G	NDE1	intronic	unknown	A;G;+;A||R||D;ALU;-;SINE/AluSx;intronic;NDE1;-;-;intronic;NDE1;-;-;intronic;NDE1;-;-;-;1616;30;54	Name=AluSx	TRUE	Alu	intronic
chr16:15701187:A:G	chr16:15701187:A:G	A:G	NDE1	intronic	unknown	A;G;+;A||R||D;ALU;-;SINE/AluSx;intronic;NDE1;-;-;intronic;NDE1;-;-;intronic;NDE1;-;-;-;1636;30;55	Name=AluSx	TRUE	Alu	intronic
chr16:21518154:T:C	chr16:21518154:A:G	A:G	SLC7A5P2	ncRNA
exonic	unknown	T;C;-;A||R;ALU;-;SINE/AluSx;intergenic;MIR3680-1||SCARNA6;-;-;ncRNA_exonic;SLC7A5P2;-;-;UTR3;SLC7A5P2;-;-;489;130;59;14;22	Name=AluSx	TRUE	Alu	ncRNA
chr16:21640015:T:C	chr16:21640015:A:G	A:G	IGSF6	UTR3	unknown	T;C;-;A||R;ALU;-;SINE/AluSx3;intronic;METTL9;-;-;intronic;METTL9;-;-;intronic;METTL9;-;-;-;323;21;35	Name=AluSx	TRUE	Alu	UTR3
chr16:21640031:T:C	chr16:21640031:A:G	A:G	IGSF6	UTR3	unknown	T;C;-;A||R;ALU;-;SINE/AluSx3;intronic;METTL9;-;-;intronic;METTL9;-;-;intronic;METTL9;-;-;-;504;24;42	Name=AluSx	TRUE	Alu	UTR3
chr16:21640134:T:C	chr16:21640134:A:G	A:G	IGSF6	UTR3	unknown	T;C;-;A||R;ALU;-;SINE/AluSx3;intronic;METTL9;-;-;intronic;METTL9;-;-;intronic;METTL9;-;-;-;301;22;37	Name=AluSx	TRUE	Alu	UTR3
chr16:21640135:T:C	chr16:21640135:A:G	A:G	IGSF6	UTR3	unknown	T;C;-;A||R;ALU;-;SINE/AluSx3;intronic;METTL9;-;-;intronic;METTL9;-;-;intronic;METTL9;-;-;-;355;24;40	Name=AluSx	TRUE	Alu	UTR3
chr16:21640167:T:C	chr16:21640167:A:G	A:G	IGSF6	UTR3	unknown	T;C;-;A||R;ALU;-;SINE/AluSx3;intronic;METTL9;-;-;intronic;METTL9;-;-;intronic;METTL9;-;-;-;644;25;44	Name=AluSx	TRUE	Alu	UTR3
chr16:21640210:T:C	chr16:21640210:A:G	A:G	IGSF6	UTR3	unknown	T;C;-;A||R;ALU;-;SINE/AluSx3;intronic;METTL9;-;-;intronic;METTL9;-;-;intronic;METTL9;-;-;-;375;23;39	Name=AluSx	TRUE	Alu	UTR3
chr16:21640219:T:C	chr16:21640219:A:G	A:G	IGSF6	UTR3	unknown	T;C;-;A||R;ALU;-;SINE/AluSx3;intronic;METTL9;-;-;intronic;METTL9;-;-;intronic;METTL9;-;-;-;770;26;46	Name=AluSx	TRUE	Alu	UTR3
chr16:21640494:T:C	chr16:21640494:A:G	A:G	IGSF6	UTR3	unknown	T;C;-;A||R;ALU;-;SINE/AluSx;intronic;METTL9;-;-;intronic;METTL9;-;-;intronic;METTL9;-;-;-;396;21;39	Name=AluSx	TRUE	Alu	UTR3
chr16:21640506:T:C	chr16:21640506:A:G	A:G	IGSF6	UTR3	unknown	T;C;-;A||R;ALU;-;SINE/AluSx;intronic;METTL9;-;-;intronic;METTL9;-;-;intronic;METTL9;-;-;-;403;26;44	Name=AluSx	TRUE	Alu	UTR3
chr16:21640507:T:C	chr16:21640507:A:G	A:G	IGSF6	UTR3	unknown	T;C;-;A||R;ALU;-;SINE/AluSx;intronic;METTL9;-;-;intronic;METTL9;-;-;intronic;METTL9;-;-;-;287;23;40	Name=AluSx	TRUE	Alu	UTR3
chr16:21640568:T:C	chr16:21640568:A:G	A:G	IGSF6	UTR3	unknown	T;C;-;A||R;ALU;-;SINE/AluSx;intronic;METTL9;-;-;intronic;METTL9;-;-;intronic;METTL9;-;-;-;184;16;29	Name=AluSx	TRUE	Alu	UTR3
chr16:21640658:T:C	chr16:21640658:A:G	A:G	IGSF6	UTR3	unknown	T;C;-;A||R;ALU;-;SINE/AluSx;intronic;METTL9;-;-;intronic;METTL9;-;-;intronic;METTL9;-;-;-;226;14;26	Name=AluSx	TRUE	Alu	UTR3
chr16:28957522:A:G	chr16:28957522:A:G	A:G	NFATC2IP	intronic	unknown	A;G;+;A||R||D;ALU;-;SINE/AluJr;ncRNA_intronic;RP11-264B17.2;-;-;intronic;NFATC2IP;-;-;intronic;NFATC2IP||NPIPL1;-;-;-;1748;30;54	Name=AluJr	TRUE	Alu	intronic
chr16:28979645:A:G	chr16:28979645:A:G	A:G	SPNS1	intronic	unknown	A;G;+;A||R;ALU;-;SINE/AluJb;ncRNA_intronic;RP11-264B17.3;-;-;intronic;SPNS1;-;-;UTR3;SPNS1;-;-;-;1284;30;54	Name=AluJr	TRUE	Alu	intronic
chr16:30554429:T:C	chr16:30554429:A:G	A:G	ZNF764	UTR3	unknown	T;C;-;A||R||D;ALU;-;SINE/AluSq2;UTR3;ZNF764;-;-;UTR3;ZNF764;-;-;UTR3;ZNF764;-;-;-;1946;30;54	Name=AluSq2	TRUE	Alu	UTR3
chr16:31363706:A:G	chr16:31363706:A:G	A:G	ITGAX	intronic	unknown	A;G;+;A||R;ALU;-;SINE/AluSx;intronic;ITGAX;-;-;intronic;ITGAX;-;-;intronic;ITGAX;-;-;-;145;7;9	Name=AluSx	TRUE	Alu	intronic
chr16:48353385:A:G	chr16:48353385:A:G	A:G	LONP2	UTR3	unknown	A;G;+;A||R;ALU;-;SINE/AluJb;UTR3;LONP2;-;-;ncRNA_intronic;MIR5095||MIR548AE2;-;-;ncRNA_intronic;MIR548AE2;-;-;-;2431;30;55	Name=AluJb	TRUE	Alu	UTR3
chr16:55749976:G:A	chr16:55749976:G:A	C:T	CES1P2	ncRNA
exonic	unknown	.	.	FALSE	None	ncRNA
chr16:55750294:A:G	chr16:55750294:A:G	A:G	CES1P2	downstream	unknown	.	.	FALSE	None	downstream
chr16:56618674:T:C	chr16:56618674:T:C	A:G	MT1L	ncRNA
exonic	unknown	.	.	FALSE	None	ncRNA
chr16:56618683:T:C	chr16:56618683:T:C	A:G	MT1L	ncRNA
exonic	unknown	.	.	FALSE	None	ncRNA
chr16:56618695:T:C	chr16:56618695:T:C	A:G	MT1L	ncRNA
exonic	unknown	.	.	FALSE	None	ncRNA
chr16:75445570:T:C	chr16:75445570:A:G	A:G	TMEM170A	UTR3	unknown	T;C;-;A||R||D;ALU;-;SINE/AluJb;UTR3;TMEM170A;-;-;UTR3;TMEM170A;-;-;UTR3;TMEM170A;-;-;-;1042;30;55	Name=AluJb	TRUE	Alu	UTR3
chr16:75445576:T:C	chr16:75445576:A:G	A:G	TMEM170A	UTR3	unknown	T;C;-;A||R||D;ALU;-;SINE/AluJb;UTR3;TMEM170A;-;-;UTR3;TMEM170A;-;-;UTR3;TMEM170A;-;-;-;1860;30;54	Name=AluJb	TRUE	Alu	UTR3
chr16:75445586:T:C	chr16:75445586:A:G	A:G	TMEM170A	UTR3	unknown	T;C;-;A||R||D;ALU;-;SINE/AluJb;UTR3;TMEM170A;-;-;UTR3;TMEM170A;-;-;UTR3;TMEM170A;-;-;-;1469;30;55	Name=AluJb	TRUE	Alu	UTR3
chr16:75445919:T:C	chr16:75445919:A:G	A:G	TMEM170A	UTR3	unknown	T;C;-;A||R||D;ALU;-;SINE/AluSg4;UTR3;TMEM170A;-;-;UTR3;TMEM170A;-;-;UTR3;TMEM170A;-;-;-;1003;30;55	Name=AluSg4	TRUE	Alu	UTR3
chr16:75446112:T:C	chr16:75446112:A:G	A:G	TMEM170A	UTR3	unknown	T;C;-;A||R||D;ALU;-;SINE/AluSg4;UTR3;TMEM170A;-;-;UTR3;TMEM170A;-;-;UTR3;TMEM170A;-;-;-;958;30;55	Name=AluSg4	TRUE	Alu	UTR3
chr16:81906828:A:G	chr16:81906828:A:G	A:G	PLCG2	intronic	unknown	A;G;+;A||R||D;ALU;-;SINE/AluSc;intronic;PLCG2;-;-;intronic;PLCG2;-;-;intronic;PLCG2;-;-;-;29;6;7	Name=AluSc	TRUE	Alu	intronic
chr16:88862542:A:G	chr16:88862542:A:G	A:G	TRAPPC2L	UTR3	unknown	.	Name=MLT1J	FALSE	Other	UTR3
chr16:21640076:T:C	chr16:21640076:A:G	A:G	IGSF6	UTR3	unknown	T;C;-;A||R;ALU;-;SINE/AluSx3;intronic;METTL9;-;-;intronic;METTL9;-;-;intronic;METTL9;-;-;-;555;26;44	Name=AluSx	TRUE	Alu	UTR3
chr16:22285539:A:G	chr16:22285539:A:G	A:G	EEF2K	UTR3	unknown	A;G;+;A||R||D;ALU;-;SINE/AluJo;UTR3;EEF2K;-;-;UTR3;EEF2K;-;-;UTR3;EEF2K;-;-;-;2409;30;55	Name=AluJo	TRUE	Alu	UTR3
chr16:31363521:A:G	chr16:31363521:A:G	A:G	ITGAX	intronic	unknown	A;G;+;R;ALU;-;SINE/AluSx;intronic;ITGAX;-;-;intronic;ITGAX;-;-;intronic;ITGAX;-;-;-;147;7;8	Name=AluSx	TRUE	Alu	intronic
chr16:31364347:A:G	chr16:31364347:A:G	A:G	ITGAX	intronic	unknown	A;G;+;A||R;ALU;-;SINE/AluJr;intronic;ITGAX;-;-;intronic;ITGAX;-;-;intronic;ITGAX;-;-;-;162;8;9	Name=AluJr	TRUE	Alu	intronic
chr16:48354470:A:G	chr16:48354470:A:G	A:G	LONP2	UTR3	unknown	A;G;+;A||R||D;ALU;-;SINE/AluSz;UTR3;LONP2;-;-;ncRNA_intronic;MIR5095||MIR548AE2;-;-;ncRNA_intronic;MIR548AE2;-;-;-;1575;30;55	Name=AluSz	TRUE	Alu	UTR3
chr16:67995771:T:C	chr16:67995771:A:G	A:G	DPEP2	intronic	unknown	T;C;-;R;ALU;-;SINE/AluSx;intronic;DPEP2;-;-;intronic;DPEP2;-;-;intronic;DPEP2;-;-;-;97;8;8	Name=AluSx	TRUE	Alu	intronic
chr16:70372975:A:G	chr16:70372975:A:G	A:G	DDX19A	UTR3	unknown	A;G;+;A||R||D;ALU;-;SINE/AluSz;UTR3;DDX19A;-;-;UTR3;DDX19A;-;-;UTR3;DDX19A;-;-;-;2382;30;54	Name=AluJb	TRUE	Alu	UTR3
chr16:71398745:T:C	chr16:71398745:T:C	A:G	CALB2	downstream	unknown	.	.	FALSE	None	downstream
chr16:75446075:T:C	chr16:75446075:A:G	A:G	TMEM170A	UTR3	unknown	T;C;-;A||R||D;ALU;-;SINE/AluSg4;UTR3;TMEM170A;-;-;UTR3;TMEM170A;-;-;UTR3;TMEM170A;-;-;-;1589;30;55	Name=AluSg4	TRUE	Alu	UTR3
chr16:19068396:A:G	chr16:19068396:A:G	A:G	COQ7	intronic	unknown	A;G;+;A||R;ALU;-;SINE/AluSx1;UTR5;COQ7;-;-;intronic;COQ7;-;-;UTR5;COQ7;-;-;-;67;17;28	Name=AluSx1	TRUE	Alu	intronic
chr16:21518058:T:C	chr16:21518058:A:G	A:G	SLC7A5P2	ncRNA
exonic	unknown	T;C;-;A;ALU;-;SINE/AluSx;intergenic;MIR3680-1||SCARNA6;-;-;ncRNA_exonic;SLC7A5P2;-;-;UTR3;SLC7A5P2;-;-;489;130;1;1;1	Name=AluSx	TRUE	Alu	ncRNA
chr16:21518061:T:C	chr16:21518061:A:G	A:G	SLC7A5P2	ncRNA
exonic	unknown	T;C;-;R||D;ALU;-;SINE/AluSx;intergenic;MIR3680-1||SCARNA6;-;-;ncRNA_exonic;SLC7A5P2;-;-;UTR3;SLC7A5P2;-;-;489;130;21;12;14	Name=AluSx	TRUE	Alu	ncRNA
chr16:29834400:A:G	chr16:29834400:A:G	A:G	MVP	intronic	unknown	A;G;+;A||R||D;ALU;-;SINE/AluJr;intronic;MVP;-;-;intronic;MVP;-;-;intronic;MVP;-;-;-;2234;30;55	Name=AluJr	TRUE	Alu	intronic
chr16:29834402:A:G	chr16:29834402:A:G	A:G	MVP	intronic	unknown	A;G;+;A||R||D;ALU;-;SINE/AluJr;intronic;MVP;-;-;intronic;MVP;-;-;intronic;MVP;-;-;-;2366;30;55	Name=AluJr	TRUE	Alu	intronic
chr16:48354334:A:G	chr16:48354334:A:G	A:G	LONP2	UTR3	unknown	A;G;+;A||R||D;ALU;-;SINE/AluSz;UTR3;LONP2;-;-;ncRNA_intronic;MIR5095||MIR548AE2;-;-;ncRNA_intronic;MIR548AE2;-;-;-;1471;30;55	Name=AluSz	TRUE	Alu	UTR3
chr16:48605170:T:C	chr16:48605170:A:G	A:G	N4BP1	intronic	unknown	T;C;-;A||R||D;ALU;-;SINE/AluSp;intronic;N4BP1;-;-;ncRNA_intronic;MIR5095;-;-;intronic;N4BP1;-;-;-;13;9;9	Name=AluSp	TRUE	Alu	intronic
chr16:75445921:T:C	chr16:75445921:A:G	A:G	TMEM170A	UTR3	unknown	T;C;-;A||R;ALU;-;SINE/AluSg4;UTR3;TMEM170A;-;-;UTR3;TMEM170A;-;-;UTR3;TMEM170A;-;-;-;580;30;53	Name=AluSg4	TRUE	Alu	UTR3
chr16:75445934:T:C	chr16:75445934:A:G	A:G	TMEM170A	UTR3	unknown	T;C;-;A||R||D;ALU;-;SINE/AluSg4;UTR3;TMEM170A;-;-;UTR3;TMEM170A;-;-;UTR3;TMEM170A;-;-;-;407;30;54	Name=AluSg4	TRUE	Alu	UTR3
chr16:75446012:T:C	chr16:75446012:A:G	A:G	TMEM170A	UTR3	unknown	T;C;-;A||R||D;ALU;-;SINE/AluSg4;UTR3;TMEM170A;-;-;UTR3;TMEM170A;-;-;UTR3;TMEM170A;-;-;-;1656;30;55	Name=AluSg4	TRUE	Alu	UTR3
chr16:81030835:A:G	chr16:81030835:A:G	A:G	CENPN	UTR3	unknown	A;G;+;A||R||D;ALU;-;SINE/AluSg;ncRNA_exonic;RP11-303E16.2;-;-;UTR3;CENPN;-;-;UTR3;CENPN;-;-;-;1460;29;54	Name=AluSg	TRUE	Alu	UTR3
chr16:81030902:A:G	chr16:81030902:A:G	A:G	CENPN	UTR3	unknown	A;G;+;A||R||D;ALU;-;SINE/AluSg;ncRNA_exonic;RP11-303E16.2;-;-;UTR3;CENPN;-;-;UTR3;CENPN;-;-;-;988;28;51	Name=AluSg	TRUE	Alu	UTR3
chr16:81030929:A:G	chr16:81030929:A:G	A:G	CENPN	UTR3	unknown	A;G;+;A||R||D;ALU;-;SINE/AluSg;ncRNA_exonic;RP11-303E16.2;-;-;UTR3;CENPN;-;-;UTR3;CENPN;-;-;-;815;28;51	Name=AluSg	TRUE	Alu	UTR3
chr16:89883344:T:C	chr16:89883344:T:C	A:G	TCF25	intronic	unknown	.	.	FALSE	None	intronic
chr16:1353663:A:G	chr16:1353663:A:G	A:G	GNPTG	intronic	unknown	A;G;+;A||R||D;ALU;-;SINE/AluJr;intronic;GNPTG;-;-;intronic;GNPTG;-;-;intronic;GNPTG;-;-;-;957;30;52	Name=AluJr	TRUE	Alu	intronic
chr16:15084681:C:T	chr16:15084681:G:A	C:T	RRN3	exonic	nonsynonymous SNV	.	.	FALSE	None	exonic
chr16:15700607:A:G	chr16:15700607:A:G	A:G	NDE1	intronic	unknown	A;G;+;A||R||D;ALU;-;SINE/AluSz;intronic;NDE1;-;-;intronic;NDE1;-;-;intronic;NDE1;-;-;-;1148;29;51	Name=AluSz	TRUE	Alu	intronic
chr16:57783728:T:C	chr16:57783728:A:G	A:G	KIFC3	intronic	unknown	T;C;-;A||R;ALU;-;SINE/AluSq;intronic;KIFC3;-;-;intronic;KIFC3;-;-;intronic;KIFC3;-;-;-;153;17;21	Name=AluSq	TRUE	Alu	intronic
chr16:57783752:T:C	chr16:57783752:A:G	A:G	KIFC3	intronic	unknown	T;C;-;A||R;ALU;-;SINE/AluSq;intronic;KIFC3;-;-;intronic;KIFC3;-;-;intronic;KIFC3;-;-;-;91;18;21	Name=AluSq	TRUE	Alu	intronic
chr16:57794507:T:C	chr16:57794507:A:G	A:G	KIFC3	intronic	unknown	T;C;-;A||R;ALU;-;SINE/AluJo;intronic;KIFC3;-;-;intronic;KIFC3;-;-;intronic;KIFC3;-;-;-;129;21;29	Name=AluJo	TRUE	Alu	intronic
chr16:21518033:T:C	chr16:21518033:A:G	A:G	SLC7A5P2	ncRNA
exonic	unknown	T;C;-;A||R||D;ALU;-;SINE/AluSx;intergenic;MIR3680-1||SCARNA6;-;-;ncRNA_exonic;SLC7A5P2;-;-;UTR3;SLC7A5P2;-;-;489;130;20;9;12	Name=AluSx	TRUE	Alu	ncRNA
chr16:30284727:T:C	chr16:30284727:A:G	A:G	SMG1P5	downstream	unknown	.	Name=Tigger4a	FALSE	Other	downstream
chr16:31123646:A:G	chr16:31123646:A:G	A:G	KAT8	intronic	unknown	A;G;+;A||R||D;ALU;-;SINE/AluSz6;intronic;KAT8;-;-;intronic;KAT8;-;-;intronic;KAT8;-;-;-;2228;30;55	Name=AluSz6	TRUE	Alu	intronic
chr16:50105833:A:G	chr16:50105833:A:G	A:G	HEATR3	UTR3	unknown	A;G;+;A||R||D;ALU;-;SINE/AluSx1;ncRNA_intronic;RP11-429P3.5;-;-;downstream;HEATR3;-;-;upstream;AF086132;-;-;-;1663;30;54	Name=AluSx1	TRUE	Alu	UTR3
chr16:67995842:T:C	chr16:67995842:A:G	A:G	DPEP2	intronic	unknown	T;C;-;A||R;ALU;-;SINE/AluSx;intronic;DPEP2;-;-;intronic;DPEP2;-;-;intronic;DPEP2;-;-;-;184;12;17	Name=AluSx	TRUE	Alu	intronic
chr16:69322985:T:C	chr16:69322985:T:C	A:G	VPS4A	intronic	unknown	T;C;-;A||R||D;ALU;-;SINE/AluSx4;intronic;VPS4A;-;-;intronic;VPS4A;-;-;intronic;VPS4A;-;-;-;2474;30;54	Name=AluSx4	TRUE	Alu	intronic
chr16:15700334:A:G	chr16:15700334:A:G	A:G	NDE1	intronic	unknown	A;G;+;A||R||D;ALU;-;SINE/AluSz6;intronic;NDE1;-;-;intronic;NDE1;-;-;intronic;NDE1;-;-;-;1786;30;53	Name=AluSz6	TRUE	Alu	intronic
chr16:21518151:T:C	chr16:21518151:A:G	A:G	SLC7A5P2	ncRNA
exonic	unknown	T;C;-;A||R||D;ALU;-;SINE/AluSx;intergenic;MIR3680-1||SCARNA6;-;-;ncRNA_exonic;SLC7A5P2;-;-;UTR3;SLC7A5P2;-;-;489;130;55;14;21	Name=AluSx	TRUE	Alu	ncRNA
chr16:21518880:T:C	chr16:21518880:A:G	A:G	SLC7A5P2	ncRNA
exonic	unknown	.	Name=AluY	FALSE	Alu	ncRNA
chr16:28955306:A:G	chr16:28955306:A:G	A:G	NFATC2IP	intronic	unknown	A;G;+;A||R||D;ALU;-;SINE/AluJb;intronic;NFATC2IP;-;-;intronic;NFATC2IP;-;-;intronic;NFATC2IP||NPIPL1;-;-;-;2041;30;55	Name=AluJb	TRUE	Alu	intronic
chr16:81030629:A:G	chr16:81030629:A:G	A:G	CENPN	UTR3	unknown	A;G;+;A||R||D;ALU;-;SINE/AluSx1;ncRNA_intronic;RP11-303E16.3;-;-;UTR3;CENPN;-;-;UTR3;CENPN;-;-;-;858;29;52	Name=AluSx1	TRUE	Alu	UTR3
chr16:81030731:A:G	chr16:81030731:A:G	A:G	CENPN	UTR3	unknown	A;G;+;A||R||D;ALU;-;SINE/AluSx1;ncRNA_intronic;RP11-303E16.3;-;-;UTR3;CENPN;-;-;UTR3;CENPN;-;-;-;1162;29;53	Name=AluSx1	TRUE	Alu	UTR3
chr16:15701100:A:G	chr16:15701100:A:G	A:G	NDE1	intronic	unknown	A;G;+;A||R||D;ALU;-;SINE/AluSx;intronic;NDE1;-;-;intronic;NDE1;-;-;intronic;NDE1;-;-;-;1651;30;54	Name=AluSx	TRUE	Alu	intronic
chr16:2061900:C:T	chr16:2061900:C:T	C:T	TSC2	exonic	synonymous SNV	.	.	FALSE	None	exonic
chr16:89513356:A:G	chr16:89513356:A:G	A:G	SPG7	intronic	unknown	A;G;+;R;ALU;-;SINE/AluSq2;intronic;SPG7;-;-;intronic;SPG7;-;-;intronic;SPG7;-;-;-;0;0;0	Name=AluSq2	TRUE	Alu	intronic
chr16:30920488:T:C	chr16:30920488:A:G	A:G	FBXL19-AS1	ncRNA
exonic	unknown	T;C;-;A||R;ALU;-;SINE/AluJr;ncRNA_exonic;FBXL19-AS1;-;-;ncRNA_exonic;FBXL19-AS1;-;-;UTR3;FBXL19-AS1;-;-;-;308;28;46	Name=AluJr	TRUE	Alu	ncRNA
chr16:30920489:T:C	chr16:30920489:A:G	A:G	FBXL19-AS1	ncRNA
exonic	unknown	T;C;-;A||R||D;ALU;-;SINE/AluJr;ncRNA_exonic;FBXL19-AS1;-;-;ncRNA_exonic;FBXL19-AS1;-;-;UTR3;FBXL19-AS1;-;-;-;365;28;49	Name=AluJr	TRUE	Alu	ncRNA
chr16:81906598:A:G	chr16:81906598:A:G	A:G	PLCG2	intronic	unknown	A;G;+;A||R;ALU;-;SINE/AluSz6;intronic;PLCG2;-;-;intronic;PLCG2;-;-;intronic;PLCG2;-;-;-;44;8;9	Name=AluSz6	TRUE	Alu	intronic
chr16:89687638:A:G	chr16:89687638:A:G	A:G	CDK10	intronic	unknown	A;G;+;A||R||D;ALU;-;SINE/AluJb;intronic;CDK10;-;-;intronic;CDK10;-;-;intronic;CDK10;-;-;-;2148;30;54	Name=AluJb	TRUE	Alu	intronic
chr16:28955010:A:G	chr16:28955010:A:G	A:G	NFATC2IP	intronic	unknown	A;G;+;A||R||D;ALU;-;SINE/AluJr;intronic;NFATC2IP;-;-;intronic;NFATC2IP;-;-;intronic;NFATC2IP||NPIPL1;-;-;-;1976;30;54	Name=AluJr	TRUE	Alu	intronic
chr16:28955357:A:G	chr16:28955357:A:G	A:G	NFATC2IP	intronic	unknown	A;G;+;A||R;ALU;-;SINE/AluJb;intronic;NFATC2IP;-;-;intronic;NFATC2IP;-;-;intronic;NFATC2IP||NPIPL1;-;-;-;2148;30;54	Name=AluJb	TRUE	Alu	intronic
chr16:28955666:A:G	chr16:28955666:A:G	A:G	NFATC2IP	intronic	unknown	A;G;+;A||R||D;ALU;-;SINE/AluJo;intronic;NFATC2IP;-;-;intronic;NFATC2IP;-;-;intronic;NFATC2IP||NPIPL1;-;-;-;1687;30;54	Name=AluJo	TRUE	Alu	intronic
chr16:75445433:T:C	chr16:75445433:A:G	A:G	TMEM170A	UTR3	unknown	T;C;-;A||R||D;ALU;-;SINE/AluJb;UTR3;TMEM170A;-;-;UTR3;TMEM170A;-;-;UTR3;TMEM170A;-;-;-;1932;30;55	Name=AluJb	TRUE	Alu	UTR3
chr16:75445523:T:C	chr16:75445523:A:G	A:G	TMEM170A	UTR3	unknown	T;C;-;A||R||D;ALU;-;SINE/AluJb;UTR3;TMEM170A;-;-;UTR3;TMEM170A;-;-;UTR3;TMEM170A;-;-;-;1815;30;55	Name=AluJb	TRUE	Alu	UTR3
chr16:75445569:T:C	chr16:75445569:A:G	A:G	TMEM170A	UTR3	unknown	T;C;-;A||R||D;ALU;-;SINE/AluJb;UTR3;TMEM170A;-;-;UTR3;TMEM170A;-;-;UTR3;TMEM170A;-;-;-;1142;30;55	Name=AluJb	TRUE	Alu	UTR3
chr16:15701090:A:G	chr16:15701090:A:G	A:G	NDE1	intronic	unknown	A;G;+;A||R||D;ALU;-;SINE/AluSx;intronic;NDE1;-;-;intronic;NDE1;-;-;intronic;NDE1;-;-;-;1154;30;53	Name=AluSx	TRUE	Alu	intronic
chr16:28975819:A:G	chr16:28975819:A:G	A:G	SPNS1	intronic	unknown	.	Name=MIRb	FALSE	Other	intronic
chr16:57791147:T:C	chr16:57791147:A:G	A:G	KIFC3	intronic	unknown	T;C;-;A||R;ALU;-;SINE/AluSx;intronic;KIFC3;-;-;intronic;KIFC3;-;-;intronic;KIFC3;-;-;-;50;12;13	Name=AluSx	TRUE	Alu	intronic
chr16:57792718:T:C	chr16:57792718:A:G	A:G	KIFC3	intronic	unknown	T;C;-;A||R;ALU;-;SINE/AluJb;intronic;KIFC3;-;-;intronic;KIFC3;-;-;intronic;KIFC3;-;-;-;29;12;12	Name=AluJb	TRUE	Alu	intronic
chr16:75445426:T:C	chr16:75445426:A:G	A:G	TMEM170A	UTR3	unknown	T;C;-;A||R||D;ALU;-;SINE/AluJb;UTR3;TMEM170A;-;-;UTR3;TMEM170A;-;-;UTR3;TMEM170A;-;-;-;1769;30;55	Name=AluJb	TRUE	Alu	UTR3
chr16:26032885:T:C	chr16:26032885:T:C	A:G	HS3ST4	intronic	unknown	.	.	FALSE	None	intronic
chr16:18519286:T:C	chr16:18519286:A:G	A:G	NOMO2	exonic	synonymous SNV	.	.	FALSE	None	exonic
chr16:31123560:A:G	chr16:31123560:A:G	A:G	KAT8	intronic	unknown	A;G;+;A||R||D;ALU;-;SINE/AluSz6;intronic;KAT8;-;-;intronic;KAT8;-;-;intronic;KAT8;-;-;-;2175;30;55	Name=AluSz6	TRUE	Alu	intronic
chr16:29670139:A:G	chr16:29670139:A:G	A:G	SPN	UTR3	unknown	A;G;+;A||R||D;ALU;-;SINE/AluJr;UTR3;SPN;-;-;UTR3;SPN;-;-;UTR3;SPN;-;-;-;703;29;49	Name=AluJr	TRUE	Alu	UTR3
chr16:30920435:T:C	chr16:30920435:A:G	A:G	FBXL19-AS1	ncRNA
exonic	unknown	T;C;-;A||R||D;ALU;-;SINE/AluJr;ncRNA_exonic;FBXL19-AS1;-;-;ncRNA_exonic;FBXL19-AS1;-;-;UTR3;FBXL19-AS1;-;-;-;410;29;53	Name=AluJr	TRUE	Alu	ncRNA
chr16:31123530:A:G	chr16:31123530:A:G	A:G	KAT8	intronic	unknown	A;G;+;A||R||D;ALU;-;SINE/AluSz6;intronic;KAT8;-;-;intronic;KAT8;-;-;intronic;KAT8;-;-;-;2508;30;55	Name=AluSz6	TRUE	Alu	intronic
chr16:48354471:A:G	chr16:48354471:A:G	A:G	LONP2	UTR3	unknown	A;G;+;A||R||D;ALU;-;SINE/AluSz;UTR3;LONP2;-;-;ncRNA_intronic;MIR5095||MIR548AE2;-;-;ncRNA_intronic;MIR548AE2;-;-;-;1626;30;55	Name=AluSz	TRUE	Alu	UTR3
chr16:56943123:T:C	chr16:56943123:T:C	A:G	HERPUD1	intronic	unknown	.	.	FALSE	None	intronic
chr16:48353443:A:G	chr16:48353443:A:G	A:G	LONP2	UTR3	unknown	A;G;+;A||R;ALU;-;SINE/AluJb;UTR3;LONP2;-;-;ncRNA_intronic;MIR5095||MIR548AE2;-;-;ncRNA_intronic;MIR548AE2;-;-;-;1720;30;55	Name=AluJb	TRUE	Alu	UTR3
chr16:28955303:A:G	chr16:28955303:A:G	A:G	NFATC2IP	intronic	unknown	A;G;+;A||R||D;ALU;-;SINE/AluJb;intronic;NFATC2IP;-;-;intronic;NFATC2IP;-;-;intronic;NFATC2IP||NPIPL1;-;-;-;1664;30;53	Name=AluJb	TRUE	Alu	intronic
chr16:29823670:A:G	chr16:29823670:A:G	A:G	MVP	intronic	unknown	A;G;+;A||R;ALU;-;SINE/AluY;intronic;MVP;-;-;intronic;MVP;-;-;intronic;MVP;-;-;-;26;12;13	Name=AluY	TRUE	Alu	intronic
chr16:48354337:A:G	chr16:48354337:A:G	A:G	LONP2	UTR3	unknown	A;G;+;A||R||D;ALU;-;SINE/AluSz;UTR3;LONP2;-;-;ncRNA_intronic;MIR5095||MIR548AE2;-;-;ncRNA_intronic;MIR548AE2;-;-;-;1873;30;55	Name=AluSz	TRUE	Alu	UTR3
chr16:29670137:A:G	chr16:29670137:A:G	A:G	SPN	UTR3	unknown	A;G;+;A||R||D;ALU;-;SINE/AluJr;UTR3;SPN;-;-;UTR3;SPN;-;-;UTR3;SPN;-;-;-;648;29;50	Name=AluJr	TRUE	Alu	UTR3
chr16:29670239:A:G	chr16:29670239:A:G	A:G	SPN	UTR3	unknown	A;G;+;A||R||D;ALU;-;SINE/AluSg;UTR3;SPN;-;-;UTR3;SPN;-;-;UTR3;SPN;-;-;-;572;28;47	Name=AluSg	TRUE	Alu	UTR3
chr16:29667523:A:G	chr16:29667523:A:G	A:G	SPN	UTR3	unknown	A;G;+;A||R||D;ALU;-;SINE/AluSg;UTR3;SPN;-;-;UTR3;SPN;-;-;UTR3;SPN;-;-;-;296;19;29	Name=AluSg	TRUE	Alu	UTR3
chr16:29670232:A:G	chr16:29670232:A:G	A:G	SPN	UTR3	unknown	A;G;+;A||R||D;ALU;-;SINE/AluSg;UTR3;SPN;-;-;UTR3;SPN;-;-;UTR3;SPN;-;-;-;556;26;42	Name=AluSg	TRUE	Alu	UTR3
chr16:29670238:A:G	chr16:29670238:A:G	A:G	SPN	UTR3	unknown	A;G;+;A||R||D;ALU;-;SINE/AluSg;UTR3;SPN;-;-;UTR3;SPN;-;-;UTR3;SPN;-;-;-;462;23;41	Name=AluSg	TRUE	Alu	UTR3
chr16:29670289:A:G	chr16:29670289:A:G	A:G	SPN	UTR3	unknown	A;G;+;A||R||D;ALU;-;SINE/AluSg;UTR3;SPN;-;-;UTR3;SPN;-;-;UTR3;SPN;-;-;-;448;24;39	Name=AluSg	TRUE	Alu	UTR3
chr16:81030955:A:G	chr16:81030955:A:G	A:G	CENPN	UTR3	unknown	A;G;+;A||R||D;ALU;-;SINE/AluSg;ncRNA_exonic;RP11-303E16.2;-;-;UTR3;CENPN;-;-;UTR3;CENPN;-;-;-;979;28;51	Name=AluSg	TRUE	Alu	UTR3
chr16:29670378:A:G	chr16:29670378:A:G	A:G	SPN	UTR3	unknown	A;G;+;A||R||D;ALU;-;SINE/AluSg;UTR3;SPN;-;-;UTR3;SPN;-;-;UTR3;SPN;-;-;-;514;28;44	Name=AluSg	TRUE	Alu	UTR3
chr16:18517252:A:G	chr16:18517252:T:C	A:G	NOMO2	exonic	synonymous SNV	.	.	FALSE	None	exonic
chr16:28499925:G:A	chr16:28499925:C:T	C:T	IL27	intronic	unknown	.	.	FALSE	None	intronic
chr16:4609355:G:A	chr16:4609355:C:T	C:T	UBALD1	UTR3	unknown	.	.	FALSE	None	UTR3
chr16:20856196:T:C	chr16:20856196:A:G	A:G	DCUN1D3	UTR3	unknown	T;C;-;A||R;REP;-;DNA/MADE1;UTR3;DCUN1D3;-;-;intergenic;LOC81691||DCUN1D3;-;-;intronic;ERI2;-;-;-;1278;30;53	Name=MADE1	TRUE	Other	UTR3
chr16:28956653:A:G	chr16:28956653:A:G	A:G	NFATC2IP	intronic	unknown	A;G;+;A||R||D;REP;-;SINE/FLAM_C;intronic;NFATC2IP;-;-;intronic;NFATC2IP;-;-;intronic;NFATC2IP||NPIPL1;-;-;-;1924;30;54	Name=FLAM_C	TRUE	Other	intronic
chr16:29819092:T:C	chr16:29819092:T:C	A:G	PAGR1	intronic	unknown	T;C;-;A||R;ALU;-;SINE/AluSx3;ncRNA_intronic;AC009133.12||AC009133.20;-;-;intronic;PAGR1;-;-;intronic;BC029255||PAGR1;-;-;-;164;24;29	Name=AluSx3	TRUE	Alu	intronic
chr16:28515303:A:G	chr16:28515303:T:C	A:G	IL27	upstream	unknown	.	Name=AluJb	FALSE	Alu	upstream
chr17:12116148:G:A	chr17:12116148:G:A	C:T	MAP2K4	intronic	unknown	.	.	FALSE	None	intronic
chr17:15704748:T:C	chr17:15704748:T:C	A:G	ZNF286A	intronic	unknown	.	.	FALSE	None	intronic
chr17:1857417:G:A	chr17:1857417:G:A	C:T	RPA1	intronic	unknown	.	.	FALSE	None	intronic
chr17:30973492:A:G	chr17:30973492:A:G	A:G	RNF135	intronic	unknown	A;G;+;A||R;ALU;-;SINE/AluSx1;intronic;RNF135;-;-;intronic;RNF135;-;-;intronic;RNF135;-;-;-;253;28;43	Name=AluSx1	TRUE	Alu	intronic
chr17:30973979:A:G	chr17:30973979:A:G	A:G	RNF135	intronic	unknown	A;G;+;A||R||D;ALU;-;SINE/AluSc8;intronic;RNF135;-;-;intronic;RNF135;-;-;intronic;RNF135;-;-;-;783;30;54	Name=AluSc8	TRUE	Alu	intronic
chr17:30974057:A:G	chr17:30974057:A:G	A:G	RNF135	intronic	unknown	A;G;+;A||R;ALU;-;SINE/AluSc8;intronic;RNF135;-;-;intronic;RNF135;-;-;intronic;RNF135;-;-;-;485;28;47	Name=AluSc8	TRUE	Alu	intronic
chr17:30974089:A:G	chr17:30974089:A:G	A:G	RNF135	intronic	unknown	A;G;+;A||R||D;ALU;-;SINE/AluSc8;intronic;RNF135;-;-;intronic;RNF135;-;-;intronic;RNF135;-;-;-;740;30;51	Name=AluSc8	TRUE	Alu	intronic
chr17:30974125:A:G	chr17:30974125:A:G	A:G	RNF135	intronic	unknown	A;G;+;A||R||D;ALU;-;SINE/AluSc8;intronic;RNF135;-;-;intronic;RNF135;-;-;intronic;RNF135;-;-;-;841;30;51	Name=AluSc8	TRUE	Alu	intronic
chr17:32227919:T:C	chr17:32227919:T:C	A:G	RHOT1	downstream	unknown	.	.	FALSE	None	downstream
chr17:36090143:T:C	chr17:36090143:A:G	A:G	CCL3	UTR5	unknown	.	.	FALSE	None	UTR5
chr17:39257148:T:C	chr17:39257148:A:G	A:G	FBXL20	UTR3	unknown	T;C;-;A||R;ALU;-;SINE/AluSg7;intergenic;RP11-690G19.3||FBXL20;-;-;UTR3;FBXL20;-;-;UTR3;FBXL20;-;-;-;1169;30;53	Name=AluSg7	TRUE	Alu	UTR3
chr17:43218405:A:G	chr17:43218405:A:G	A:G	TMEM106A	UTR3	unknown	A;G;+;A||R||D;ALU;-;SINE/AluSq4;ncRNA_intronic;LINC00854;-;-;UTR3;TMEM106A;-;-;UTR3;TMEM106A;-;-;-;745;30;48	Name=AluSz	TRUE	Alu	UTR3
chr17:43218441:A:G	chr17:43218441:A:G	A:G	TMEM106A	UTR3	unknown	A;G;+;A||R||D;ALU;-;SINE/AluSq4;ncRNA_intronic;LINC00854;-;-;UTR3;TMEM106A;-;-;UTR3;TMEM106A;-;-;-;1025;30;51	Name=AluSz	TRUE	Alu	UTR3
chr17:43218485:A:G	chr17:43218485:A:G	A:G	TMEM106A	UTR3	unknown	A;G;+;A||R||D;ALU;-;SINE/AluSq4;ncRNA_intronic;LINC00854;-;-;UTR3;TMEM106A;-;-;UTR3;TMEM106A;-;-;-;556;29;45	Name=AluSz	TRUE	Alu	UTR3
chr17:43218500:A:G	chr17:43218500:A:G	A:G	TMEM106A	UTR3	unknown	A;G;+;A||R;ALU;-;SINE/AluSq4;ncRNA_intronic;LINC00854;-;-;UTR3;TMEM106A;-;-;UTR3;TMEM106A;-;-;-;5;4;4	Name=AluSz	TRUE	Alu	UTR3
chr17:43219478:A:G	chr17:43219478:A:G	A:G	TMEM106A	UTR3	unknown	A;G;+;A||R||D;ALU;-;SINE/AluSz6;ncRNA_intronic;LINC00854;-;-;UTR3;TMEM106A;-;-;UTR3;TMEM106A;-;-;-;782;30;52	Name=AluSz6	TRUE	Alu	UTR3
chr17:43219652:A:G	chr17:43219652:A:G	A:G	TMEM106A	UTR3	unknown	A;G;+;A||R;ALU;-;SINE/AluSz6;ncRNA_intronic;LINC00854;-;-;UTR3;TMEM106A;-;-;downstream;TMEM106A;-;-;-;509;29;45	Name=AluSz6	TRUE	Alu	UTR3
chr17:45241552:C:T	chr17:45241552:C:T	C:T	FMNL1	exonic	synonymous SNV	.	.	FALSE	None	exonic
chr17:46721821:A:G	chr17:46721821:A:G	A:G	NSF	intronic	unknown	.	.	FALSE	None	intronic
chr17:64468347:A:G	chr17:64468347:A:G	A:G	MILR1	UTR3	unknown	A;G;+;A||R||D;ALU;-;SINE/AluSx1;UTR3;MILR1;-;-;UTR3;MILR1;-;-;exonic;MILR1;stoploss;MILR1:uc010wpz.2:exon5:c.A317G:p.X106W;-;1159;30;54	Name=AluSx1	TRUE	Alu	UTR3
chr17:64471719:A:G	chr17:64471719:A:G	A:G	MILR1	intronic	unknown	A;G;+;A||R;ALU;-;SINE/AluJo;intergenic;MILR1||POLG2;-;-;intergenic;MILR1||POLG2;-;-;intergenic;MILR1||POLG2;-;-;-;577;26;47	Name=AluJo	TRUE	Alu	intronic
chr17:64747333:G:A	chr17:64747333:C:T	C:T	ARHGAP27P1-BPTFP1-KPNA2P3	downstream	unknown	.	.	FALSE	None	downstream
chr17:64747362:T:C	chr17:64747362:A:G	A:G	ARHGAP27P1-BPTFP1-KPNA2P3	downstream	unknown	.	.	FALSE	None	downstream
chr17:7224802:C:T	chr17:7224802:C:T	C:T	ACADVL	intronic	unknown	.	.	FALSE	None	intronic
chr17:7224803:T:C	chr17:7224803:T:C	A:G	ACADVL	intronic	unknown	.	.	FALSE	None	intronic
chr17:75338986:T:C	chr17:75338986:A:G	A:G	GRB2	intronic	unknown	.	.	FALSE	None	intronic
chr17:75339007:G:A	chr17:75339007:C:T	C:T	GRB2	intronic	unknown	.	.	FALSE	None	intronic
chr17:75339023:C:T	chr17:75339023:G:A	C:T	GRB2	intronic	unknown	.	.	FALSE	None	intronic
chr17:7580884:T:C	chr17:7580884:T:C	A:G	CD68	intronic	unknown	.	.	FALSE	None	intronic
chr17:7580888:T:C	chr17:7580888:T:C	A:G	CD68	intronic	unknown	.	.	FALSE	None	intronic
chr17:75889193:T:C	chr17:75889193:A:G	A:G	TRIM65	UTR3	unknown	T;C;-;A||R||D;ALU;-;SINE/AluSg;UTR3;TRIM65;-;-;UTR3;TRIM65;-;-;UTR3;TRIM65;-;-;-;1619;30;54	Name=AluSg	TRUE	Alu	UTR3
chr17:75889858:T:C	chr17:75889858:A:G	A:G	TRIM65	UTR3	unknown	T;C;-;A||R||D;ALU;-;SINE/AluJo;UTR3;TRIM65;-;-;UTR3;TRIM65;-;-;UTR3;TRIM65;-;-;-;2200;30;55	Name=AluJo	TRUE	Alu	UTR3
chr17:75889923:T:C	chr17:75889923:A:G	A:G	TRIM65	UTR3	unknown	T;C;-;A||R||D;ALU;-;SINE/AluJo;UTR3;TRIM65;-;-;UTR3;TRIM65;-;-;UTR3;TRIM65;-;-;-;1830;30;54	Name=AluJo	TRUE	Alu	UTR3
chr17:78422615:A:G	chr17:78422615:A:G	A:G	PGS1	intronic	unknown	A;G;+;A||R||D;ALU;-;SINE/AluJb;intronic;PGS1;-;-;intronic;PGS1;-;-;intronic;PGS1;-;-;-;2394;30;54	Name=AluJb	TRUE	Alu	intronic
chr17:78422637:A:G	chr17:78422637:A:G	A:G	PGS1	intronic	unknown	A;G;+;A||R||D;ALU;-;SINE/AluJb;intronic;PGS1;-;-;intronic;PGS1;-;-;intronic;PGS1;-;-;-;2118;30;55	Name=AluJb	TRUE	Alu	intronic
chr17:80415982:A:G	chr17:80415982:A:G	A:G	ENDOV	intronic	unknown	A;G;+;A||R||D;ALU;rs753454379;SINE/AluSp;intronic;ENDOV;-;-;intronic;ENDOV;-;-;intronic;ENDOV;-;-;-;599;30;54	Name=AluSp	TRUE	Alu	intronic
chr17:81822816:T:C	chr17:81822816:A:G	A:G	MCRIP1	UTR3	unknown	T;C;-;A||R;NONREP;-;-/-;UTR3;AC174470.1||FAM195B;-;-;UTR3;FAM195B;-;-;UTR3;FAM195B;-;-;-;2497;30;54	.	TRUE	None	UTR3
chr17:16383882:A:G	chr17:16383882:A:G	A:G	UBB	downstream	unknown	A;G;+;A||R||D;ALU;-;SINE/AluSz;intergenic;UBB||RP11-138I1.2;-;-;intergenic;UBB||TRPV2;-;-;intergenic;UBB||TRPV2;-;-;-;2068;30;54	Name=AluSz	TRUE	Alu	downstream
chr17:17224711:T:C	chr17:17224711:A:G	A:G	FLCN	intronic	unknown	T;C;-;A||R||D;ALU;-;SINE/AluSx;intronic;FLCN||RP11-45M22.4;-;-;intronic;FLCN;-;-;UTR3;FLCN;-;-;-;1545;30;54	Name=AluSx	TRUE	Alu	intronic
chr17:18677653:T:C	chr17:18677653:A:G	A:G	ZNF286B	ncRNA
intronic	unknown	.	.	FALSE	None	ncRNA
chr17:38753212:C:T	chr17:38753212:C:T	C:T	PSMB3	exonic	synonymous SNV	.	.	FALSE	None	exonic
chr17:42665818:A:G	chr17:42665818:A:G	A:G	TUBG2	exonic	synonymous SNV	.	.	FALSE	None	exonic
chr17:43218068:A:G	chr17:43218068:A:G	A:G	TMEM106A	UTR3	unknown	A;G;+;A||R||D;REP;-;SINE/FLAM_C;ncRNA_intronic;LINC00854;-;-;UTR3;TMEM106A;-;-;UTR3;TMEM106A;-;-;-;872;30;49	Name=FLAM_C	TRUE	Other	UTR3
chr17:43218406:A:G	chr17:43218406:A:G	A:G	TMEM106A	UTR3	unknown	A;G;+;A||R;ALU;-;SINE/AluSq4;ncRNA_intronic;LINC00854;-;-;UTR3;TMEM106A;-;-;UTR3;TMEM106A;-;-;-;490;29;46	Name=AluSz	TRUE	Alu	UTR3
chr17:43218541:A:G	chr17:43218541:A:G	A:G	TMEM106A	UTR3	unknown	A;G;+;A;ALU;rs184370597;SINE/AluSq4;ncRNA_intronic;LINC00854;-;-;UTR3;TMEM106A;-;-;UTR3;TMEM106A;-;-;-;487;30;47	Name=AluSz	TRUE	Alu	UTR3
chr17:43219682:A:G	chr17:43219682:A:G	A:G	TMEM106A	UTR3	unknown	A;G;+;A||R;ALU;-;SINE/AluSz6;ncRNA_intronic;LINC00854;-;-;UTR3;TMEM106A;-;-;downstream;TMEM106A;-;-;-;581;30;46	Name=AluSz6	TRUE	Alu	UTR3
chr17:44033591:T:C	chr17:44033591:A:G	A:G	LSM12	downstream	unknown	T;C;-;A||R;ALU;-;SINE/AluJb;intergenic;U3||LSM12;-;-;intergenic;TMEM101||LSM12;-;-;intergenic;TMEM101||LSM12;-;-;-;22;11;14	Name=AluJb	TRUE	Alu	downstream
chr17:44347862:A:G	chr17:44347862:A:G	A:G	GRN	intronic	unknown	A;G;+;A||R||D;ALU;-;SINE/AluSx4;intronic;GRN;-;-;intronic;GRN;-;-;intronic;GRN;-;-;-;179;21;27	Name=AluSx1	TRUE	Alu	intronic
chr17:46722015:G:A	chr17:46722015:G:A	C:T	NSF	intronic	unknown	.	.	FALSE	None	intronic
chr17:46722023:G:A	chr17:46722023:G:A	C:T	NSF	intronic	unknown	.	.	FALSE	None	intronic
chr17:61590525:T:C	chr17:61590525:A:G	A:G	NACA2	UTR3	unknown	.	.	FALSE	None	UTR3
chr17:61590538:C:T	chr17:61590538:G:A	C:T	NACA2	exonic	nonsynonymous SNV	.	.	FALSE	None	exonic
chr17:64322886:T:C	chr17:64322886:A:G	A:G	PECAM1	UTR3	unknown	T;C;-;A||R;ALU;-;SINE/AluSx;intergenic;TEX2||MILR1;-;-;UTR3;PECAM1;-;-;ncRNA_exonic;PECAM1;-;-;-;2309;30;55	Name=AluSx	TRUE	Alu	UTR3
chr17:64467724:A:G	chr17:64467724:A:G	A:G	MILR1	intronic	unknown	A;G;+;A||R;ALU;-;SINE/AluSz;intronic;MILR1;-;-;intronic;MILR1;-;-;UTR3;MILR1;-;-;-;193;22;35	Name=AluSz	TRUE	Alu	intronic
chr17:64820859:T:C	chr17:64820859:A:G	A:G	PLEKHM1P1	ncRNA
intronic	unknown	T;C;-;R||D;ALU;-;SINE/AluY;ncRNA_intronic;PLEKHM1P;-;-;ncRNA_intronic;PLEKHM1P1;-;-;intronic;PLEKHM1P;-;-;-;284;25;35	Name=AluY	TRUE	Alu	ncRNA
chr17:76489462:T:C	chr17:76489462:A:G	A:G	RHBDF2	intronic	unknown	T;C;-;R||D;ALU;-;SINE/AluY;intronic;RHBDF2;-;-;intronic;RHBDF2;-;-;intronic;RHBDF2;-;-;-;45;8;10	Name=AluY	TRUE	Alu	intronic
chr17:78422912:A:G	chr17:78422912:A:G	A:G	PGS1	intronic	unknown	A;G;+;A||R||D;ALU;-;SINE/AluSq2;intronic;PGS1;-;-;intronic;PGS1;-;-;intronic;PGS1;-;-;-;2127;30;54	Name=AluSq2	TRUE	Alu	intronic
chr17:80416116:A:G	chr17:80416116:A:G	A:G	ENDOV	intronic	unknown	A;G;+;A||R||D;ALU;-;SINE/AluSp;intronic;ENDOV;-;-;intronic;ENDOV;-;-;intronic;ENDOV;-;-;-;604;30;54	Name=AluSp	TRUE	Alu	intronic
chr17:1573051:T:C	chr17:1573051:A:G	A:G	SLC43A2	UTR3	unknown	T;C;-;A||R;ALU;-;SINE/AluJo;UTR3;SLC43A2;-;-;UTR3;SLC43A2;-;-;intergenic;PITPNA||SLC43A2;-;-;-;313;19;37	Name=AluJo	TRUE	Alu	UTR3
chr17:28715277:C:T	chr17:28715277:G:A	C:T	RAB34	splicing	unknown	.	.	FALSE	None	splicing
chr17:30973529:A:G	chr17:30973529:A:G	A:G	RNF135	intronic	unknown	A;G;+;A||R;ALU;-;SINE/AluSx1;intronic;RNF135;-;-;intronic;RNF135;-;-;intronic;RNF135;-;-;-;249;27;43	Name=AluSx1	TRUE	Alu	intronic
chr17:30973537:A:G	chr17:30973537:A:G	A:G	RNF135	intronic	unknown	A;G;+;A||R||D;ALU;-;SINE/AluSx1;intronic;RNF135;-;-;intronic;RNF135;-;-;intronic;RNF135;-;-;-;412;28;49	Name=AluSx1	TRUE	Alu	intronic
chr17:30974028:A:G	chr17:30974028:A:G	A:G	RNF135	intronic	unknown	A;G;+;A||R;ALU;-;SINE/AluSc8;intronic;RNF135;-;-;intronic;RNF135;-;-;intronic;RNF135;-;-;-;277;29;43	Name=AluSc8	TRUE	Alu	intronic
chr17:30974047:A:G	chr17:30974047:A:G	A:G	RNF135	intronic	unknown	A;G;+;A||R;ALU;-;SINE/AluSc8;intronic;RNF135;-;-;intronic;RNF135;-;-;intronic;RNF135;-;-;-;616;29;48	Name=AluSc8	TRUE	Alu	intronic
chr17:43218429:A:G	chr17:43218429:A:G	A:G	TMEM106A	UTR3	unknown	A;G;+;A||R;ALU;-;SINE/AluSq4;ncRNA_intronic;LINC00854;-;-;UTR3;TMEM106A;-;-;UTR3;TMEM106A;-;-;-;742;29;48	Name=AluSz	TRUE	Alu	UTR3
chr17:59836945:T:C	chr17:59836945:T:C	A:G	VMP1	intronic	unknown	.	Name=AluSg4	FALSE	Alu	intronic
chr17:59836957:T:C	chr17:59836957:T:C	A:G	VMP1	intronic	unknown	.	Name=AluSg4	FALSE	Alu	intronic
chr17:64468418:A:G	chr17:64468418:A:G	A:G	MILR1	UTR3	unknown	A;G;+;A||R||D;ALU;-;SINE/AluSx1;UTR3;MILR1;-;-;UTR3;MILR1;-;-;UTR3;MILR1;-;-;-;858;29;50	Name=AluSx1	TRUE	Alu	UTR3
chr17:7220834:A:G	chr17:7220834:A:G	A:G	ACADVL	intronic	unknown	.	.	FALSE	None	intronic
chr17:7812691:T:C	chr17:7812691:T:C	A:G	DNAH2	intronic	unknown	.	Name=AluSq2	FALSE	Alu	intronic
chr17:7812703:C:T	chr17:7812703:C:T	C:T	DNAH2	intronic	unknown	.	Name=AluSq2	FALSE	Alu	intronic
chr17:8964226:T:C	chr17:8964226:A:G	A:G	PIK3R5	intronic	unknown	T;C;-;A||R;ALU;rs568459351;SINE/AluJo;intronic;PIK3R5;-;-;intronic;PIK3R5;-;-;intronic;PIK3R5;-;-;-;35;5;7	Name=AluJo	TRUE	Alu	intronic
chr17:19649106:C:T	chr17:19649106:C:T	C:T	ALDH3A2	exonic	synonymous SNV	.	.	FALSE	None	exonic
chr17:2089915:A:G	chr17:2089915:T:C	A:G	SMG6	intronic	unknown	A;G;+;R;ALU;-;SINE/AluSx;ncRNA_intronic;RP11-667K14.5;-;-;intronic;SMG6;-;-;intronic;SMG6;-;-;-;2;2;2	Name=AluSx	TRUE	Alu	intronic
chr17:30934762:A:G	chr17:30934762:A:G	A:G	ADAP2	intronic	unknown	A;G;+;A;ALU;-;SINE/AluJb;intronic;ADAP2;-;-;intronic;ADAP2;-;-;intronic;ADAP2;-;-;-;4;4;4	Name=AluJb	TRUE	Alu	intronic
chr17:30973607:A:G	chr17:30973607:A:G	A:G	RNF135	intronic	unknown	A;G;+;A||R;ALU;-;SINE/AluSx1;intronic;RNF135;-;-;intronic;RNF135;-;-;intronic;RNF135;-;-;-;536;29;49	Name=AluSx1	TRUE	Alu	intronic
chr17:30973746:A:G	chr17:30973746:A:G	A:G	RNF135	intronic	unknown	A;G;+;A||R||D;ALU;-;SINE/AluSx1;intronic;RNF135;-;-;intronic;RNF135;-;-;intronic;RNF135;-;-;-;761;29;51	Name=AluSx1	TRUE	Alu	intronic
chr17:56825090:T:C	chr17:56825090:A:G	A:G	C17orf67	UTR5	unknown	T;C;-;A||R;REP;-;DNA/MER5A;UTR5;C17orf67;-;-;UTR5;C17orf67;-;-;UTR5;C17orf67;-;-;-;248;25;44	Name=MER5A	TRUE	Other	UTR5
chr17:64471697:A:G	chr17:64471697:A:G	A:G	MILR1	intronic	unknown	A;G;+;A||R;ALU;-;SINE/AluJo;intergenic;MILR1||POLG2;-;-;intergenic;MILR1||POLG2;-;-;intergenic;MILR1||POLG2;-;-;-;436;21;38	Name=AluJo	TRUE	Alu	intronic
chr17:64821001:T:C	chr17:64821001:A:G	A:G	PLEKHM1P1	ncRNA
intronic	unknown	T;C;-;R||D;ALU;-;SINE/AluY;ncRNA_intronic;PLEKHM1P;-;-;ncRNA_intronic;PLEKHM1P1;-;-;intronic;PLEKHM1P;-;-;-;558;28;45	Name=AluY	TRUE	Alu	ncRNA
chr17:80265788:A:G	chr17:80265788:A:G	A:G	RNF213	intronic	unknown	A;G;+;A||R;REP;-;LTR/ERVL-B4-int;intronic;RNF213;-;-;intronic;RNF213;-;-;intronic;RNF213;-;-;-;4;4;4	Name=ERVL-B4-int	TRUE	Other	intronic
chr17:80273230:T:C	chr17:80273230:T:C	A:G	RNF213	intronic	unknown	.	.	FALSE	None	intronic
chr17:80273237:A:G	chr17:80273237:A:G	A:G	RNF213	intronic	unknown	.	.	FALSE	None	intronic
chr17:42533451:T:C	chr17:42533451:T:C	A:G	NAGLU	upstream	unknown	.	.	FALSE	None	upstream
chr17:61070033:T:C	chr17:61070033:T:C	A:G	BCAS3	intronic	unknown	.	.	FALSE	None	intronic
chr17:63830129:T:C	chr17:63830129:T:C	A:G	PSMC5	intronic	unknown	.	.	FALSE	None	intronic
chr17:67338610:T:C	chr17:67338610:A:G	A:G	PSMD12	UTR3	unknown	T;C;-;A||R;ALU;-;SINE/AluSq;UTR3;PSMD12;-;-;UTR3;PSMD12;-;-;intergenic;HELZ||PSMD12;-;-;-;1736;30;55	Name=AluSq	TRUE	Alu	UTR3
chr17:76226036:G:A	chr17:76226036:C:T	C:T	RNF157	intronic	unknown	.	.	FALSE	None	intronic
chr17:76226037:T:C	chr17:76226037:A:G	A:G	RNF157	intronic	unknown	.	.	FALSE	None	intronic
chr17:1572928:T:C	chr17:1572928:A:G	A:G	SLC43A2	UTR3	unknown	T;C;-;A||R;ALU;-;SINE/AluJo;UTR3;SLC43A2;-;-;UTR3;SLC43A2;-;-;intergenic;PITPNA||SLC43A2;-;-;-;354;24;42	Name=AluJo	TRUE	Alu	UTR3
chr17:21553795:T:C	chr17:21553795:A:G	A:G	LINC02693	upstream	unknown	.	Name=AluYm1	FALSE	Alu	upstream
chr17:21553799:G:A	chr17:21553799:C:T	C:T	LINC02693	upstream	unknown	.	Name=AluYm1	FALSE	Alu	upstream
chr17:27640569:T:C	chr17:27640569:T:C	A:G	LGALS9	intronic	unknown	.	.	FALSE	None	intronic
chr17:31534452:A:G	chr17:31534452:A:G	A:G	RAB11FIP4	UTR3	unknown	A;G;+;A||R||D;ALU;-;SINE/AluJr;UTR3;RAB11FIP4;-;-;UTR3;RAB11FIP4;-;-;UTR3;RAB11FIP4;-;-;-;935;28;46	Name=AluJr	TRUE	Alu	UTR3
chr17:61590637:T:C	chr17:61590637:A:G	A:G	NACA2	exonic	nonsynonymous SNV	.	.	FALSE	None	exonic
chr17:61590640:C:T	chr17:61590640:G:A	C:T	NACA2	exonic	nonsynonymous SNV	.	.	FALSE	None	exonic
chr17:61590644:T:C	chr17:61590644:A:G	A:G	NACA2	exonic	synonymous SNV	.	.	FALSE	None	exonic
chr17:64469019:A:G	chr17:64469019:A:G	A:G	MILR1	intronic	unknown	A;G;+;A||R;ALU;-;SINE/AluSx1;downstream;MILR1;-;-;downstream;MILR1;-;-;downstream;MILR1;-;-;-;65;14;18	Name=AluSx1	TRUE	Alu	intronic
chr17:64747192:A:G	chr17:64747192:T:C	A:G	ARHGAP27P1-BPTFP1-KPNA2P3	downstream	unknown	.	.	FALSE	None	downstream
chr17:15537452:T:C	chr17:15537452:A:G	A:G	TVP23C	UTR3	unknown	.	.	FALSE	None	UTR3
chr17:20449596:T:C	chr17:20449596:A:G	A:G	LGALS9B	UTR3	unknown	.	.	FALSE	None	UTR3
chr17:20449628:A:G	chr17:20449628:T:C	A:G	LGALS9B	UTR3	unknown	.	.	FALSE	None	UTR3
chr17:35827586:A:G	chr17:35827586:A:G	A:G	TAF15	intronic	unknown	A;G;+;A||R||D;ALU;-;SINE/AluSq2;ncRNA_intronic;AC015849.19;-;-;intronic;TAF15;-;-;intronic;TAF15;-;-;-;1431;30;53	Name=AluSq2	TRUE	Alu	intronic
chr17:59837091:T:C	chr17:59837091:T:C	A:G	VMP1	intronic	unknown	.	Name=AluSg4	FALSE	Alu	intronic
chr17:59837095:T:C	chr17:59837095:T:C	A:G	VMP1	intronic	unknown	.	Name=AluSg4	FALSE	Alu	intronic
chr17:35878651:A:G	chr17:35878651:T:C	A:G	CCL5	intronic	unknown	.	.	FALSE	None	intronic
chr17:4234651:T:C	chr17:4234651:A:G	A:G	ANKFY1	intronic	unknown	T;C;-;A||R;ALU;-;SINE/AluJo;intronic;ANKFY1;-;-;intronic;ANKFY1;-;-;intronic;ANKFY1;-;-;-;4;3;3	Name=AluJo	TRUE	Alu	intronic
chr17:59203698:A:G	chr17:59203698:A:G	A:G	PRR11	UTR3	unknown	A;G;+;A||R||D;ALU;-;SINE/AluSz;ncRNA_intronic;CTD-2510F5.4;-;-;UTR3;PRR11;-;-;UTR3;PRR11;-;-;-;2;2;2	Name=AluSz	TRUE	Alu	UTR3
chr17:75890131:T:C	chr17:75890131:A:G	A:G	TRIM65	UTR3	unknown	T;C;-;A||R||D;ALU;-;SINE/AluJr;UTR3;TRIM65;-;-;UTR3;TRIM65;-;-;UTR3;TRIM65;-;-;-;2276;30;55	Name=AluJr	TRUE	Alu	UTR3
chr17:56915467:A:G	chr17:56915467:T:C	A:G	TRIM25	upstream	unknown	.	Name=AluJr	FALSE	Alu	upstream
chr17:59837008:T:C	chr17:59837008:T:C	A:G	VMP1	intronic	unknown	.	Name=AluSg4	FALSE	Alu	intronic
chr17:59837037:T:C	chr17:59837037:T:C	A:G	VMP1	intronic	unknown	.	Name=AluSg4	FALSE	Alu	intronic
chr17:81560595:T:C	chr17:81560595:A:G	A:G	NPLOC4	intronic	unknown	T;C;-;A||R||D;ALU;-;SINE/AluSc;intronic;NPLOC4;-;-;intronic;NPLOC4;-;-;intronic;NPLOC4;-;-;-;2383;30;54	Name=AluSc	TRUE	Alu	intronic
chr17:47491132:A:G	chr17:47491132:T:C	A:G	MRPL45P2	ncRNA
exonic	unknown	.	.	FALSE	None	ncRNA
chr17:61070013:A:G	chr17:61070013:A:G	A:G	BCAS3	intronic	unknown	.	.	FALSE	None	intronic
chr17:74530942:T:C	chr17:74530942:A:G	A:G	CD300LB	intronic	unknown	.	Name=AluJo	FALSE	Alu	intronic
chr17:1780760:T:C	chr17:1780760:A:G	A:G	SMYD4	UTR3	unknown	T;C;-;A||R||D;ALU;-;SINE/AluY;UTR3;SMYD4;-;-;UTR3;SMYD4;-;-;UTR3;SMYD4;-;-;-;1828;30;55	Name=AluYm1	TRUE	Alu	UTR3
chr17:35421723:T:C	chr17:35421723:A:G	A:G	SLFN12	intronic	unknown	T;C;-;R||D;ALU;-;SINE/AluSc8;intronic;SLFN12;-;-;intronic;SLFN12;-;-;intronic;SLFN12;-;-;-;41;12;14	Name=AluSc8	TRUE	Alu	intronic
chr17:75350702:C:T	chr17:75350702:G:A	C:T	GRB2	intronic	unknown	.	Name=AluY	FALSE	Alu	intronic
chr17:80320453:A:G	chr17:80320453:A:G	A:G	RNF213	UTR3	unknown	A;G;+;A||R||D;ALU;-;SINE/AluSp;UTR3;RNF213;-;-;UTR3;RNF213;-;-;UTR3;RNF213;-;-;-;942;30;55	Name=AluSp	TRUE	Alu	UTR3
chr17:64454887:A:G	chr17:64454887:A:G	A:G	MILR1	intronic	unknown	.	Name=AluJo	FALSE	Alu	intronic
chr17:64454894:A:G	chr17:64454894:A:G	A:G	MILR1	intronic	unknown	.	Name=AluJo	FALSE	Alu	intronic
chr17:75945018:T:C	chr17:75945018:A:G	A:G	ACOX1	UTR3	unknown	T;C;-;A||R||D;ALU;-;SINE/AluSx;ncRNA_intronic;RP11-552F3.13;-;-;UTR3;ACOX1;-;-;UTR3;ACOX1;-;-;-;1928;30;55	Name=AluSx	TRUE	Alu	UTR3
chr17:64322237:T:C	chr17:64322237:A:G	A:G	PECAM1	UTR3	unknown	T;C;-;A||R;ALU;-;SINE/AluSq;intergenic;TEX2||MILR1;-;-;UTR3;PECAM1;-;-;ncRNA_exonic;PECAM1;-;-;-;760;29;47	Name=AluSq	TRUE	Alu	UTR3
chr17:64322238:T:C	chr17:64322238:A:G	A:G	PECAM1	UTR3	unknown	T;C;-;A||R;ALU;-;SINE/AluSq;intergenic;TEX2||MILR1;-;-;UTR3;PECAM1;-;-;ncRNA_exonic;PECAM1;-;-;-;763;29;49	Name=AluSq	TRUE	Alu	UTR3
chr17:2417357:T:C	chr17:2417357:A:G	A:G	METTL16	UTR3	unknown	T;C;-;A||R||D;ALU;-;SINE/AluSz;UTR3;METTL16;-;-;UTR3;METTL16;-;-;UTR3;METTL16;-;-;-;2364;30;55	Name=AluSx	TRUE	Alu	UTR3
chr17:2417215:T:C	chr17:2417215:A:G	A:G	METTL16	UTR3	unknown	T;C;-;A||R||D;ALU;-;SINE/AluSz;UTR3;METTL16;-;-;UTR3;METTL16;-;-;UTR3;METTL16;-;-;-;1653;30;54	Name=AluSx	TRUE	Alu	UTR3
chr17:2417228:T:C	chr17:2417228:A:G	A:G	METTL16	UTR3	unknown	T;C;-;A||R||D;ALU;-;SINE/AluSz;UTR3;METTL16;-;-;UTR3;METTL16;-;-;UTR3;METTL16;-;-;-;1838;30;54	Name=AluSx	TRUE	Alu	UTR3
chr17:59203694:A:G	chr17:59203694:A:G	A:G	PRR11	UTR3	unknown	A;G;+;A||R||D;ALU;-;SINE/AluSz;ncRNA_intronic;CTD-2510F5.4;-;-;UTR3;PRR11;-;-;UTR3;PRR11;-;-;-;366;24;41	Name=AluSz	TRUE	Alu	UTR3
chr17:63699075:G:A	chr17:63699075:C:T	C:T	LIMD2	intronic	unknown	.	.	FALSE	None	intronic
chr17:63699077:A:G	chr17:63699077:T:C	A:G	LIMD2	intronic	unknown	.	.	FALSE	None	intronic
chr17:8889225:G:A	chr17:8889225:C:T	C:T	PIK3R5	intronic	unknown	.	.	FALSE	None	intronic
chr17:31534285:A:G	chr17:31534285:A:G	A:G	RAB11FIP4	UTR3	unknown	A;G;+;A||R||D;ALU;-;SINE/AluJr;UTR3;RAB11FIP4;-;-;UTR3;RAB11FIP4;-;-;UTR3;RAB11FIP4;-;-;-;855;26;43	Name=AluJr	TRUE	Alu	UTR3
chr17:42301618:A:G	chr17:42301618:A:G	A:G	STAT5A	intronic	unknown	A;G;+;A||R||D;ALU;-;SINE/AluJb;intronic;STAT5A;-;-;intronic;STAT5A;-;-;intronic;STAT5A;-;-;-;490;28;38	Name=AluJb	TRUE	Alu	intronic
chr17:59885459:C:T	chr17:59885459:G:A	C:T	TUBD1	intronic	unknown	.	.	FALSE	None	intronic
chr17:64747239:A:G	chr17:64747239:T:C	A:G	ARHGAP27P1-BPTFP1-KPNA2P3	downstream	unknown	.	.	FALSE	None	downstream
chr17:17225336:T:C	chr17:17225336:A:G	A:G	FLCN	intronic	unknown	T;C;-;A||R;ALU;-;SINE/AluJb;intronic;FLCN||RP11-45M22.4;-;-;intronic;FLCN;-;-;UTR3;FLCN;-;-;-;1771;30;52	Name=AluJr	TRUE	Alu	intronic
chr17:74244363:A:G	chr17:74244363:A:G	A:G	TTYH2	intronic	unknown	A;G;+;A||R||D;NONREP;-;-/-;intronic;TTYH2;-;-;intronic;TTYH2;-;-;intronic;TTYH2;-;-;-;566;28;50	.	TRUE	None	intronic
chr17:80266988:A:G	chr17:80266988:A:G	A:G	RNF213	intronic	unknown	A;G;+;R;ALU;-;SINE/AluSx;intronic;RNF213;-;-;intronic;RNF213;-;-;intronic;RNF213;-;-;-;2;2;2	Name=AluSx	TRUE	Alu	intronic
chr17:59885438:T:C	chr17:59885438:A:G	A:G	TUBD1	intronic	unknown	.	.	FALSE	None	intronic
chr17:59885439:A:G	chr17:59885439:T:C	A:G	TUBD1	intronic	unknown	.	.	FALSE	None	intronic
chr17:46721572:C:T	chr17:46721572:C:T	C:T	NSF	intronic	unknown	.	.	FALSE	None	intronic
chr17:59837017:T:C	chr17:59837017:T:C	A:G	VMP1	intronic	unknown	.	Name=AluSg4	FALSE	Alu	intronic
chr17:82291165:T:C	chr17:82291165:A:G	A:G	LINC01970	ncRNA
exonic	unknown	.	Name=AluSx	FALSE	Alu	ncRNA
chr17:44320618:T:C	chr17:44320618:A:G	A:G	SLC25A39	intronic	unknown	.	.	FALSE	None	intronic
chr17:50641864:A:G	chr17:50641864:A:G	A:G	ABCC3	intronic	unknown	A;G;+;A||R||D;ALU;-;SINE/AluJb;intronic;ABCC3;-;-;intronic;ABCC3;-;-;intronic;ABCC3;-;-;-;50;11;13	Name=AluJb	TRUE	Alu	intronic
chr17:51269122:A:G	chr17:51269122:A:G	A:G	UTP18	intronic	unknown	A;G;+;A||R;ALU;-;SINE/AluJb;intronic;UTP18;-;-;intronic;UTP18;-;-;intronic;UTP18;-;-;-;6;5;5	Name=AluJb	TRUE	Alu	intronic
chr17:74530932:T:C	chr17:74530932:A:G	A:G	CD300LB	intronic	unknown	.	Name=AluJo	FALSE	Alu	intronic
chr17:58340501:A:G	chr17:58340501:A:G	A:G	TSPOAP1-AS1	ncRNA
intronic	unknown	A;G;+;A||R||D;REP;-;SINE/FLAM_A;ncRNA_intronic;BZRAP1-AS1;-;-;ncRNA_intronic;BZRAP1-AS1;-;-;ncRNA_intronic;BZRAP1-AS1;-;-;-;39;5;7	Name=FLAM_A	TRUE	Other	ncRNA
chr17:50648689:A:G	chr17:50648689:A:G	A:G	ABCC3	intronic	unknown	A;G;+;A||R||D;NONREP;rs533172003;-/-;intronic;ABCC3;-;-;intronic;ABCC3;-;-;intronic;ABCC3;-;-;-;211;17;23	Name=(CTCGGTC)n	TRUE	Simple
repeat	intronic
chr17:2038054:A:G	chr17:2038054:A:G	A:G	DPH1	intronic	unknown	A;G;+;A||R||D;ALU;-;SINE/AluJb;intronic;DPH1;-;-;intronic;DPH1;-;-;intronic;DPH1;-;-;-;1612;30;54	Name=AluJb	TRUE	Alu	intronic
chr17:12115727:C:T	chr17:12115727:C:T	C:T	MAP2K4	intronic	unknown	.	.	FALSE	None	intronic
chr17:56825094:T:C	chr17:56825094:A:G	A:G	C17orf67	UTR5	unknown	T;C;-;A||R;REP;-;DNA/MER5A;UTR5;C17orf67;-;-;UTR5;C17orf67;-;-;UTR5;C17orf67;-;-;-;236;26;42	Name=MER5A	TRUE	Other	UTR5
chr17:80320928:A:G	chr17:80320928:A:G	A:G	RNF213	UTR3	unknown	A;G;+;A||R||D;ALU;-;SINE/AluJo;UTR3;RNF213;-;-;UTR3;RNF213;-;-;UTR3;RNF213;-;-;-;1006;30;54	Name=AluJr	TRUE	Alu	UTR3
chr17:80320942:A:G	chr17:80320942:A:G	A:G	RNF213	UTR3	unknown	A;G;+;A||R||D;ALU;-;SINE/AluJo;UTR3;RNF213;-;-;UTR3;RNF213;-;-;UTR3;RNF213;-;-;-;1049;30;54	Name=AluJr	TRUE	Alu	UTR3
chr17:80320974:A:G	chr17:80320974:A:G	A:G	RNF213	UTR3	unknown	A;G;+;A||R||D;ALU;-;SINE/AluJo;UTR3;RNF213;-;-;UTR3;RNF213;-;-;UTR3;RNF213;-;-;-;1145;30;54	Name=AluJr	TRUE	Alu	UTR3
chr17:80320725:A:G	chr17:80320725:A:G	A:G	RNF213	UTR3	unknown	A;G;+;A||R||D;ALU;-;SINE/AluJo;UTR3;RNF213;-;-;UTR3;RNF213;-;-;UTR3;RNF213;-;-;-;512;30;54	Name=AluJr	TRUE	Alu	UTR3
chr17:80320743:A:G	chr17:80320743:A:G	A:G	RNF213	UTR3	unknown	A;G;+;A||R||D;ALU;-;SINE/AluJo;UTR3;RNF213;-;-;UTR3;RNF213;-;-;UTR3;RNF213;-;-;-;785;30;54	Name=AluJr	TRUE	Alu	UTR3
chr17:80320744:A:G	chr17:80320744:A:G	A:G	RNF213	UTR3	unknown	A;G;+;A||R||D;ALU;-;SINE/AluJo;UTR3;RNF213;-;-;UTR3;RNF213;-;-;UTR3;RNF213;-;-;-;732;30;54	Name=AluJr	TRUE	Alu	UTR3
chr17:12115738:T:C	chr17:12115738:T:C	A:G	MAP2K4	intronic	unknown	.	.	FALSE	None	intronic
chr18:49791480:G:A	chr18:49791480:C:T	C:T	ACAA2	exonic	synonymous SNV	.	.	FALSE	None	exonic
chr18:2923300:A:G	chr18:2923300:T:C	A:G	LPIN2	intronic	unknown	A;G;+;R;ALU;-;SINE/AluSq2;intronic;LPIN2;-;-;intronic;LPIN2;-;-;intronic;LPIN2;-;-;-;59;10;10	Name=AluSq2	TRUE	Alu	intronic
chr18:2923305:A:G	chr18:2923305:T:C	A:G	LPIN2	intronic	unknown	A;G;+;R;ALU;-;SINE/AluSq2;intronic;LPIN2;-;-;intronic;LPIN2;-;-;intronic;LPIN2;-;-;-;106;14;18	Name=AluSq2	TRUE	Alu	intronic
chr18:35248659:A:G	chr18:35248659:A:G	A:G	ZNF397	UTR3	unknown	A;G;+;A||R||D;ALU;-;SINE/AluJr;intronic;ZNF397;-;-;intronic;ZNF397;-;-;intronic;ZNF397;-;-;-;2415;30;55	Name=AluJr	TRUE	Alu	UTR3
chr18:691566:T:C	chr18:691566:A:G	A:G	ENOSF1	intronic	unknown	T;C;-;A||R||D;ALU;-;SINE/AluJr;intronic;ENOSF1;-;-;intronic;ENOSF1;-;-;intronic;ENOSF1;-;-;-;1780;30;54	Name=AluJr	TRUE	Alu	intronic
chr18:9815226:A:G	chr18:9815226:A:G	A:G	RAB31	intronic	unknown	.	.	FALSE	None	intronic
chr18:32068979:A:G	chr18:32068979:A:G	A:G	RNF125	UTR3	unknown	A;G;+;A||R||D;ALU;-;SINE/AluSg;ncRNA_intronic;RP11-53I6.2;-;-;UTR3;RNF125;-;-;UTR3;RNF125;-;-;-;779;29;52	Name=AluSg	TRUE	Alu	UTR3
chr18:32068984:A:G	chr18:32068984:A:G	A:G	RNF125	UTR3	unknown	A;G;+;A||R||D;ALU;-;SINE/AluSg;ncRNA_intronic;RP11-53I6.2;-;-;UTR3;RNF125;-;-;UTR3;RNF125;-;-;-;802;28;51	Name=AluSg	TRUE	Alu	UTR3
chr18:9124987:A:G	chr18:9124987:T:C	A:G	NDUFV2-AS1	ncRNA
intronic	unknown	.	.	FALSE	None	ncRNA
chr18:9124988:G:A	chr18:9124988:C:T	C:T	NDUFV2-AS1	ncRNA
intronic	unknown	.	.	FALSE	None	ncRNA
chr18:11913809:G:A	chr18:11913809:C:T	C:T	MPPE1	upstream	unknown	.	.	FALSE	None	upstream
chr18:11913810:G:A	chr18:11913810:C:T	C:T	MPPE1	upstream	unknown	.	.	FALSE	None	upstream
chr18:9793148:A:G	chr18:9793148:A:G	A:G	RAB31	intronic	unknown	A;G;+;A||R;ALU;-;SINE/AluJr;intronic;RAB31;-;-;intronic;RAB31;-;-;intronic;RAB31;-;-;-;5;3;3	Name=AluJr	TRUE	Alu	intronic
chr18:32069110:A:G	chr18:32069110:A:G	A:G	RNF125	UTR3	unknown	A;G;+;A||R||D;ALU;-;SINE/AluSg;ncRNA_intronic;RP11-53I6.2;-;-;UTR3;RNF125;-;-;UTR3;RNF125;-;-;-;179;21;33	Name=AluSg	TRUE	Alu	UTR3
chr18:63970098:A:G	chr18:63970098:A:G	A:G	SERPINB8	UTR5	unknown	.	.	FALSE	None	UTR5
chr18:691474:T:C	chr18:691474:A:G	A:G	ENOSF1	intronic	unknown	T;C;-;A||R||D;ALU;-;SINE/AluJr;intronic;ENOSF1;-;-;intronic;ENOSF1;-;-;intronic;ENOSF1;-;-;340;32;1813;30;54	Name=AluJr	TRUE	Alu	intronic
chr19:10363439:T:C	chr19:10363439:A:G	A:G	TYK2	intronic	unknown	T;C;-;A||R||D;ALU;-;SINE/AluJb;intronic;TYK2;-;-;intronic;TYK2;-;-;intronic;TYK2;-;-;-;915;30;49	Name=AluJb	TRUE	Alu	intronic
chr19:10930130:A:G	chr19:10930130:A:G	A:G	TIMM29	UTR3	unknown	A;G;+;A||R||D;ALU;-;SINE/AluJr;UTR3;C19orf52;-;-;UTR3;C19orf52;-;-;UTR3;C19orf52;-;-;-;2405;30;55	Name=AluJr	TRUE	Alu	UTR3
chr19:11450409:A:G	chr19:11450409:A:G	A:G	PRKCSH	intronic	unknown	A;G;+;A||R||D;ALU;-;SINE/AluSx1;intronic;PRKCSH;-;-;intronic;PRKCSH;-;-;intronic;PRKCSH;-;-;-;2264;30;55	Name=AluSx1	TRUE	Alu	intronic
chr19:11450426:A:G	chr19:11450426:A:G	A:G	PRKCSH	intronic	unknown	A;G;+;A||R||D;ALU;-;SINE/AluSx1;intronic;PRKCSH;-;-;intronic;PRKCSH;-;-;intronic;PRKCSH;-;-;-;1927;30;55	Name=AluSx1	TRUE	Alu	intronic
chr19:12646408:T:C	chr19:12646408:A:G	A:G	MAN2B1	downstream	unknown	T;C;-;A||R;ALU;-;SINE/AluJo;intronic;CTD-2192J16.22;-;-;downstream;MAN2B1;-;-;downstream;MAN2B1;-;-;-;204;23;38	Name=AluJo	TRUE	Alu	downstream
chr19:12660896:T:C	chr19:12660896:A:G	A:G	MAN2B1	intronic	unknown	T;C;-;A||R||D;ALU;-;SINE/AluSg;intronic;MAN2B1;-;-;intronic;MAN2B1;-;-;intronic;MAN2B1;-;-;-;165;27;37	Name=AluSg	TRUE	Alu	intronic
chr19:12660937:T:C	chr19:12660937:A:G	A:G	MAN2B1	intronic	unknown	T;C;-;R||D;ALU;-;SINE/AluSg;intronic;MAN2B1;-;-;intronic;MAN2B1;-;-;intronic;MAN2B1;-;-;-;0;0;0	Name=AluSg	TRUE	Alu	intronic
chr19:12660977:T:C	chr19:12660977:A:G	A:G	MAN2B1	intronic	unknown	T;C;-;A||R||D;ALU;-;SINE/AluSg;intronic;MAN2B1;-;-;intronic;MAN2B1;-;-;intronic;MAN2B1;-;-;-;285;25;39	Name=AluSg	TRUE	Alu	intronic
chr19:12661045:T:C	chr19:12661045:A:G	A:G	MAN2B1	intronic	unknown	T;C;-;A||R||D;ALU;-;SINE/AluSg;intronic;MAN2B1;-;-;intronic;MAN2B1;-;-;intronic;MAN2B1;-;-;-;390;28;39	Name=AluSg	TRUE	Alu	intronic
chr19:12745696:C:T	chr19:12745696:C:T	C:T	GET3	exonic	synonymous SNV	.	.	FALSE	None	exonic
chr19:13773445:A:G	chr19:13773445:A:G	A:G	MRI1	UTR3	unknown	A;G;+;A||R||D;ALU;-;SINE/AluJr;ncRNA_exonic;CTB-5E10.3;-;-;UTR3;MRI1;-;-;UTR3;MRI1;-;-;-;2476;30;55	Name=AluJr	TRUE	Alu	UTR3
chr19:14734699:T:C	chr19:14734699:A:G	A:G	ADGRE2	UTR3	unknown	T;C;-;A||R;ALU;-;SINE/AluSx;UTR3;EMR2;-;-;UTR3;ADGRE2;-;-;UTR3;EMR2;-;-;-;278;18;28	Name=AluSx	TRUE	Alu	UTR3
chr19:17859917:A:G	chr19:17859917:A:G	A:G	RPL18A	UTR5	unknown	.	.	FALSE	None	UTR5
chr19:18071296:T:C	chr19:18071296:A:G	A:G	IL12RB1	exonic	synonymous SNV	T;C;-;A||R||D;ALU;-;SINE/AluSx1;exonic;IL12RB1;synonymous	Name=AluSx1	TRUE	Alu	exonic
chr19:18909786:T:C	chr19:18909786:A:G	A:G	COPE	intronic	unknown	T;C;-;A||R||D;ALU;-;SINE/AluSx;intronic;AC002985.3||COPE;-;-;intronic;COPE;-;-;intronic;COPE;-;-;-;935;30;53	Name=AluSx1	TRUE	Alu	intronic
chr19:18924915:C:T	chr19:18924915:C:T	C:T	DDX49	exonic	synonymous SNV	.	.	FALSE	None	exonic
chr19:19177395:T:C	chr19:19177395:A:G	A:G	BORCS8	UTR3	unknown	T;C;-;A||R;ALU;-;SINE/AluSx3;exonic;MEF2BNB;nonsynonymous	Name=AluSx3	TRUE	Alu	UTR3
chr19:35903904:G:A	chr19:35903904:G:A	C:T	HCST	splicing	unknown	.	.	FALSE	None	splicing
chr19:35906996:T:C	chr19:35906996:A:G	A:G	TYROBP	intronic	unknown	T;C;-;A||R;ALU;-;SINE/AluSq;intronic;TYROBP;-;-;intronic;TYROBP;-;-;intronic;TYROBP;-;-;-;382;24;35	Name=AluSq2	TRUE	Alu	intronic
chr19:36115662:C:T	chr19:36115662:C:T	C:T	TBCB	exonic	synonymous SNV	.	.	FALSE	None	exonic
chr19:40377888:G:A	chr19:40377888:G:A	C:T	PLD3	intronic	unknown	.	.	FALSE	None	intronic
chr19:4117431:G:A	chr19:4117431:C:T	C:T	MAP2K2	exonic	synonymous SNV	.	.	FALSE	None	exonic
chr19:45003216:A:G	chr19:45003216:A:G	A:G	RELB	intronic	unknown	.	Name=AluY	FALSE	Alu	intronic
chr19:45012534:A:G	chr19:45012534:A:G	A:G	RELB	intronic	unknown	A;G;+;R;ALU;-;SINE/AluSz;intronic;RELB;-;-;intronic;RELB;-;-;intronic;RELB;-;-;-;1;1;1	Name=AluSz	TRUE	Alu	intronic
chr19:47310717:A:G	chr19:47310717:A:G	A:G	C5AR1	intronic	unknown	A;G;+;A||R;ALU;-;SINE/AluJr;intronic;C5AR1;-;-;intronic;C5AR1;-;-;intronic;C5AR1;-;-;-;108;14;18	Name=AluJr	TRUE	Alu	intronic
chr19:48960918:A:G	chr19:48960918:A:G	A:G	BAX	exonic	nonsynonymous SNV	.	.	FALSE	None	exonic
chr19:49719951:T:C	chr19:49719951:T:C	A:G	CPT1C	downstream	unknown	.	.	FALSE	None	downstream
chr19:51768890:T:C	chr19:51768890:T:C	A:G	FPR2	exonic	synonymous SNV	.	.	FALSE	None	exonic
chr19:51815678:A:G	chr19:51815678:A:G	A:G	FPR3	intronic	unknown	A;G;+;R;ALU;-;SINE/AluJb;intronic;FPR3;-;-;intronic;FPR3;-;-;intronic;FPR3;-;-;-;2;2;2	Name=AluJb	TRUE	Alu	intronic
chr19:53411554:A:G	chr19:53411554:A:G	A:G	ZNF765	UTR3	unknown	A;G;+;A||R||D;ALU;-;SINE/AluSp;UTR3;ZNF765;-;-;UTR3;ZNF765;-;-;UTR3;ZNF765;-;-;571;278;1004;30;54	Name=AluSp	TRUE	Alu	UTR3
chr19:54178196:T:C	chr19:54178196:A:G	A:G	MBOAT7	intronic	unknown	T;C;-;A||R;ALU;-;SINE/AluSx3;intronic;MBOAT7;-;-;intronic;MBOAT7;-;-;intronic;MBOAT7;-;-;-;1879;30;54	Name=AluSx3	TRUE	Alu	intronic
chr19:54237215:T:C	chr19:54237215:A:G	A:G	LILRA6	downstream	unknown	T;C;-;A||R;ALU;-;SINE/AluSx;intronic;LILRA6||LILRB3;-;-;intronic;LILRB3;-;-;UTR3;LILRA6;-;-;-;438;25;32	Name=AluSx	TRUE	Alu	downstream
chr19:54237223:T:C	chr19:54237223:A:G	A:G	LILRA6	downstream	unknown	T;C;-;A||R;ALU;-;SINE/AluSx;intronic;LILRA6||LILRB3;-;-;intronic;LILRB3;-;-;UTR3;LILRA6;-;-;-;449;25;32	Name=AluSx	TRUE	Alu	downstream
chr19:54237241:T:C	chr19:54237241:A:G	A:G	LILRA6	downstream	unknown	T;C;-;A||R;ALU;-;SINE/AluSx;intronic;LILRA6||LILRB3;-;-;intronic;LILRB3;-;-;UTR3;LILRA6;-;-;-;465;25;33	Name=AluSx	TRUE	Alu	downstream
chr19:54237247:T:C	chr19:54237247:A:G	A:G	LILRA6	downstream	unknown	T;C;-;A||R;ALU;-;SINE/AluSx;intronic;LILRA6||LILRB3;-;-;intronic;LILRB3;-;-;UTR3;LILRA6;-;-;-;681;28;40	Name=AluSx	TRUE	Alu	downstream
chr19:54237251:T:C	chr19:54237251:A:G	A:G	LILRA6	downstream	unknown	T;C;-;A||R;ALU;-;SINE/AluSx;intronic;LILRA6||LILRB3;-;-;intronic;LILRB3;-;-;UTR3;LILRA6;-;-;-;552;25;35	Name=AluSx	TRUE	Alu	downstream
chr19:54237277:T:C	chr19:54237277:A:G	A:G	LILRA6	downstream	unknown	T;C;-;A||R;ALU;-;SINE/AluSx;intronic;LILRA6||LILRB3;-;-;intronic;LILRB3;-;-;UTR3;LILRA6;-;-;-;660;28;40	Name=AluSx	TRUE	Alu	downstream
chr19:54237281:T:C	chr19:54237281:A:G	A:G	LILRA6	downstream	unknown	T;C;-;A||R;ALU;-;SINE/AluSx;intronic;LILRA6||LILRB3;-;-;intronic;LILRB3;-;-;UTR3;LILRA6;-;-;-;543;27;38	Name=AluSx	TRUE	Alu	downstream
chr19:54238153:T:C	chr19:54238153:A:G	A:G	LILRA6	downstream	unknown	T;C;-;A||R;ALU;-;SINE/AluSx3;intronic;LILRA6||LILRB3;-;-;intronic;LILRB3;-;-;UTR3;LILRA6;-;-;-;465;24;31	Name=AluSx3	TRUE	Alu	downstream
chr19:54238175:T:C	chr19:54238175:A:G	A:G	LILRA6	downstream	unknown	T;C;-;R;ALU;-;SINE/AluSx3;intronic;LILRA6||LILRB3;-;-;intronic;LILRB3;-;-;UTR3;LILRA6;-;-;-;335;16;23	Name=AluSx3	TRUE	Alu	downstream
chr19:54238176:T:C	chr19:54238176:A:G	A:G	LILRA6	downstream	unknown	T;C;-;A||R;ALU;rs564193531;SINE/AluSx3;intronic;LILRA6||LILRB3;-;-;intronic;LILRB3;-;-;UTR3;LILRA6;-;-;-;323;16;22	Name=AluSx3	TRUE	Alu	downstream
chr19:54238186:T:C	chr19:54238186:A:G	A:G	LILRA6	downstream	unknown	T;C;-;A||R;ALU;-;SINE/AluSx3;intronic;LILRA6||LILRB3;-;-;intronic;LILRB3;-;-;UTR3;LILRA6;-;-;-;242;11;17	Name=AluSx3	TRUE	Alu	downstream
chr19:54238202:T:C	chr19:54238202:A:G	A:G	LILRA6	downstream	unknown	T;C;-;A||R;ALU;-;SINE/AluSx3;intronic;LILRA6||LILRB3;-;-;intronic;LILRB3;-;-;UTR3;LILRA6;-;-;-;304;16;22	Name=AluSx3	TRUE	Alu	downstream
chr19:54238212:T:C	chr19:54238212:A:G	A:G	LILRA6	downstream	unknown	T;C;-;A||R;ALU;-;SINE/AluSx3;intronic;LILRA6||LILRB3;-;-;intronic;LILRB3;-;-;UTR3;LILRA6;-;-;-;232;14;19	Name=AluSx3	TRUE	Alu	downstream
chr19:54238218:T:C	chr19:54238218:A:G	A:G	LILRA6	downstream	unknown	T;C;-;A||R;ALU;-;SINE/AluSx3;intronic;LILRA6||LILRB3;-;-;intronic;LILRB3;-;-;UTR3;LILRA6;-;-;-;1;1;1	Name=AluSx3	TRUE	Alu	downstream
chr19:54238240:T:C	chr19:54238240:A:G	A:G	LILRA6	downstream	unknown	T;C;-;A||R;ALU;-;SINE/AluSx3;intronic;LILRA6||LILRB3;-;-;intronic;LILRB3;-;-;UTR3;LILRA6;-;-;-;283;17;24	Name=AluSx3	TRUE	Alu	downstream
chr19:54238242:T:C	chr19:54238242:A:G	A:G	LILRA6	downstream	unknown	T;C;-;A||R;ALU;-;SINE/AluSx3;intronic;LILRA6||LILRB3;-;-;intronic;LILRB3;-;-;UTR3;LILRA6;-;-;-;200;17;21	Name=AluSx3	TRUE	Alu	downstream
chr19:54238257:T:C	chr19:54238257:A:G	A:G	LILRA6	downstream	unknown	T;C;-;A||R;ALU;-;SINE/AluSx3;intronic;LILRA6||LILRB3;-;-;intronic;LILRB3;-;-;UTR3;LILRA6;-;-;-;231;13;18	Name=AluSx3	TRUE	Alu	downstream
chr19:54238262:T:C	chr19:54238262:A:G	A:G	LILRA6	downstream	unknown	T;C;-;A||R;ALU;-;SINE/AluSx3;intronic;LILRA6||LILRB3;-;-;intronic;LILRB3;-;-;UTR3;LILRA6;-;-;-;242;13;17	Name=AluSx3	TRUE	Alu	downstream
chr19:54336984:T:C	chr19:54336984:A:G	A:G	LILRA4	exonic	nonsynonymous SNV	.	.	FALSE	None	exonic
chr19:54336985:A:G	chr19:54336985:T:C	A:G	LILRA4	exonic	nonsynonymous SNV	.	.	FALSE	None	exonic
chr19:54336986:C:T	chr19:54336986:G:A	C:T	LILRA4	exonic	nonsynonymous SNV	.	.	FALSE	None	exonic
chr19:54595727:C:T	chr19:54595727:C:T	C:T	LILRA1	exonic	synonymous SNV	.	.	FALSE	None	exonic
chr19:54710221:C:T	chr19:54710221:C:T	C:T	LILRP2	ncRNA
exonic	unknown	.	.	FALSE	None	ncRNA
chr19:54710245:C:T	chr19:54710245:C:T	C:T	LILRP2	ncRNA
exonic	unknown	.	.	FALSE	None	ncRNA
chr19:5576883:C:T	chr19:5576883:G:A	C:T	TINCR	upstream	unknown	.	.	FALSE	None	upstream
chr19:58349469:A:G	chr19:58349469:T:C	A:G	A1BG	intronic	unknown	A;G;+;R;ALU;-;SINE/AluSq;ncRNA_intronic;A1BG-AS1||CTD-2619J13.8;-;-;intronic;A1BG;-;-;ncRNA_intronic;A1BG-AS1;-;-;-;282;25;42	Name=AluSq4	TRUE	Alu	intronic
chr19:8414370:A:G	chr19:8414370:A:G	A:G	MARCHF2	intronic	unknown	A;G;+;A||R;ALU;-;SINE/AluSx1;intronic;MARCH2;-;-;intronic;MARCH2;-;-;intronic;MARCH2;-;-;-;715;29;51	Name=AluSx1	TRUE	Alu	intronic
chr19:10275376:A:G	chr19:10275376:A:G	A:G	ICAM1	intronic	unknown	A;G;+;A||R||D;ALU;-;SINE/AluSx1;ncRNA_intronic;CTD-2369P2.5;-;-;intronic;ICAM1;-;-;intronic;ICAM1;-;-;-;68;12;14	Name=AluSx1	TRUE	Alu	intronic
chr19:13773206:A:G	chr19:13773206:A:G	A:G	MRI1	UTR3	unknown	A;G;+;A||R||D;ALU;-;SINE/AluSz;ncRNA_intronic;CTB-5E10.3;-;-;UTR3;MRI1;-;-;UTR3;MRI1;-;-;-;2138;30;54	Name=AluSz	TRUE	Alu	UTR3
chr19:13773711:A:G	chr19:13773711:A:G	A:G	MRI1	UTR3	unknown	A;G;+;A||R||D;ALU;-;SINE/AluSx1;ncRNA_intronic;CTB-5E10.3;-;-;UTR3;MRI1;-;-;UTR3;MRI1;-;-;-;1974;30;54	Name=AluSx1	TRUE	Alu	UTR3
chr19:13773925:A:G	chr19:13773925:A:G	A:G	MRI1	UTR3	unknown	A;G;+;A||R||D;ALU;-;SINE/AluSx1;ncRNA_exonic;CTB-5E10.3;-;-;UTR3;MRI1;-;-;UTR3;MRI1;-;-;-;2374;30;54	Name=AluSx1	TRUE	Alu	UTR3
chr19:14734257:T:C	chr19:14734257:A:G	A:G	ADGRE2	UTR3	unknown	T;C;-;A||R||D;ALU;-;SINE/AluJb;UTR3;EMR2;-;-;UTR3;ADGRE2;-;-;UTR3;EMR2;-;-;-;560;27;49	Name=AluJb	TRUE	Alu	UTR3
chr19:14734269:T:C	chr19:14734269:A:G	A:G	ADGRE2	UTR3	unknown	T;C;-;A||R||D;ALU;-;SINE/AluJb;UTR3;EMR2;-;-;UTR3;ADGRE2;-;-;UTR3;EMR2;-;-;-;440;25;41	Name=AluJb	TRUE	Alu	UTR3
chr19:14734311:T:C	chr19:14734311:A:G	A:G	ADGRE2	UTR3	unknown	T;C;-;A||R||D;ALU;-;SINE/AluJb;UTR3;EMR2;-;-;UTR3;ADGRE2;-;-;UTR3;EMR2;-;-;-;529;27;49	Name=AluJb	TRUE	Alu	UTR3
chr19:14734324:T:C	chr19:14734324:A:G	A:G	ADGRE2	UTR3	unknown	T;C;-;A||R||D;ALU;-;SINE/AluJb;UTR3;EMR2;-;-;UTR3;ADGRE2;-;-;UTR3;EMR2;-;-;-;469;26;45	Name=AluJb	TRUE	Alu	UTR3
chr19:14734645:T:C	chr19:14734645:A:G	A:G	ADGRE2	UTR3	unknown	T;C;-;A||R;ALU;-;SINE/AluSx;UTR3;EMR2;-;-;UTR3;ADGRE2;-;-;UTR3;EMR2;-;-;-;420;21;38	Name=AluSx	TRUE	Alu	UTR3
chr19:14734660:T:C	chr19:14734660:A:G	A:G	ADGRE2	UTR3	unknown	T;C;-;A||R;ALU;-;SINE/AluSx;UTR3;EMR2;-;-;UTR3;ADGRE2;-;-;UTR3;EMR2;-;-;-;325;21;35	Name=AluSx	TRUE	Alu	UTR3
chr19:14734664:T:C	chr19:14734664:A:G	A:G	ADGRE2	UTR3	unknown	T;C;-;A||R;ALU;-;SINE/AluSx;UTR3;EMR2;-;-;UTR3;ADGRE2;-;-;UTR3;EMR2;-;-;-;308;22;34	Name=AluSx	TRUE	Alu	UTR3
chr19:14734669:T:C	chr19:14734669:A:G	A:G	ADGRE2	UTR3	unknown	T;C;-;A||R;ALU;-;SINE/AluSx;UTR3;EMR2;-;-;UTR3;ADGRE2;-;-;UTR3;EMR2;-;-;-;411;23;37	Name=AluSx	TRUE	Alu	UTR3
chr19:14734700:T:C	chr19:14734700:A:G	A:G	ADGRE2	UTR3	unknown	T;C;-;A||R;ALU;-;SINE/AluSx;UTR3;EMR2;-;-;UTR3;ADGRE2;-;-;UTR3;EMR2;-;-;-;340;20;33	Name=AluSx	TRUE	Alu	UTR3
chr19:16085168:A:G	chr19:16085168:A:G	A:G	TPM4	intronic	unknown	A;G;+;A||R||D;ALU;-;SINE/AluJr;intronic;TPM4;-;-;intronic;TPM4;-;-;intronic;TPM4;-;-;-;247;26;35	Name=AluJr	TRUE	Alu	intronic
chr19:16085208:A:G	chr19:16085208:A:G	A:G	TPM4	intronic	unknown	A;G;+;A||R||D;ALU;-;SINE/AluJr;intronic;TPM4;-;-;intronic;TPM4;-;-;intronic;TPM4;-;-;-;213;23;35	Name=AluJr	TRUE	Alu	intronic
chr19:16645879:T:C	chr19:16645879:A:G	A:G	SMIM7	downstream	unknown	T;C;-;A||R;ALU;-;SINE/AluSz;UTR3;SMIM7;-;-;downstream;SMIM7;-;-;downstream;SMIM7;-;-;-;294;30;49	Name=AluSz	TRUE	Alu	downstream
chr19:17103794:A:G	chr19:17103794:A:G	A:G	MYO9B	intronic	unknown	A;G;+;A||R||D;ALU;-;SINE/AluSz;intronic;MYO9B;-;-;intronic;MYO9B;-;-;intronic;MYO9B;-;-;-;177;16;23	Name=AluSg	TRUE	Alu	intronic
chr19:17178334:A:G	chr19:17178334:A:G	A:G	MYO9B	intronic	unknown	A;G;+;A||R||D;ALU;-;SINE/AluJr;ncRNA_intronic;CTD-3032J10.4;-;-;intronic;MYO9B;-;-;intronic;MYO9B;-;-;-;132;21;28	Name=AluJr	TRUE	Alu	intronic
chr19:18366993:A:G	chr19:18366993:A:G	A:G	PGPEP1	UTR3	unknown	A;G;+;A||R||D;ALU;-;SINE/AluJo;UTR3;PGPEP1;-;-;UTR3;PGPEP1;-;-;UTR3;PGPEP1;-;-;-;1813;30;55	Name=AluJo	TRUE	Alu	UTR3
chr19:18367049:A:G	chr19:18367049:A:G	A:G	PGPEP1	UTR3	unknown	A;G;+;A||R||D;ALU;-;SINE/AluJo;UTR3;PGPEP1;-;-;UTR3;PGPEP1;-;-;UTR3;PGPEP1;-;-;-;2177;30;55	Name=AluJo	TRUE	Alu	UTR3
chr19:18367091:A:G	chr19:18367091:A:G	A:G	PGPEP1	UTR3	unknown	A;G;+;A||R||D;ALU;-;SINE/AluJo;UTR3;PGPEP1;-;-;UTR3;PGPEP1;-;-;UTR3;PGPEP1;-;-;-;1617;30;55	Name=AluJo	TRUE	Alu	UTR3
chr19:18368075:A:G	chr19:18368075:A:G	A:G	PGPEP1	UTR3	unknown	A;G;+;A||R||D;ALU;-;SINE/AluJo;UTR3;PGPEP1;-;-;UTR3;PGPEP1;-;-;UTR3;PGPEP1;-;-;-;1693;30;55	Name=AluJo	TRUE	Alu	UTR3
chr19:18472238:T:C	chr19:18472238:A:G	A:G	ELL	intronic	unknown	T;C;-;A||R;ALU;-;SINE/AluSp;intronic;ELL;-;-;intronic;ELL;-;-;intronic;ELL;-;-;-;7;3;3	Name=AluSp	TRUE	Alu	intronic
chr19:2291978:A:G	chr19:2291978:T:C	A:G	LINGO3	intronic	unknown	A;G;+;R;ALU;-;SINE/AluJo;UTR5;LINGO3;-;-;intronic;LINGO3;-;-;UTR3;AX747191;-;-;-;329;16;32	Name=AluJo	TRUE	Alu	intronic
chr19:2292005:A:G	chr19:2292005:T:C	A:G	LINGO3	intronic	unknown	A;G;+;R;ALU;-;SINE/AluJo;UTR5;LINGO3;-;-;intronic;LINGO3;-;-;UTR3;AX747191;-;-;243;13;326;18;33	Name=AluJo	TRUE	Alu	intronic
chr19:35166329:A:G	chr19:35166329:A:G	A:G	FXYD5	exonic	nonsynonymous SNV	.	.	FALSE	None	exonic
chr19:38349316:A:G	chr19:38349316:A:G	A:G	CATSPERG	intronic	unknown	A;G;+;A||R;ALU;-;SINE/AluJo;intronic;CATSPERG;-;-;intronic;CATSPERG;-;-;intronic;CATSPERG;-;-;-;297;26;39	Name=AluJo	TRUE	Alu	intronic
chr19:38844809:T:C	chr19:38844809:A:G	A:G	HNRNPL	intronic	unknown	T;C;-;A||R||D;ALU;-;SINE/AluSx1;ncRNA_exonic;AC008982.2;-;-;intronic;HNRNPL;-;-;intronic;HNRNPL;-;-;-;617;28;41	Name=AluSx1	TRUE	Alu	intronic
chr19:42097638:T:C	chr19:42097638:A:G	A:G	POU2F2	intronic	unknown	T;C;-;R||D;ALU;-;SINE/AluJb;intronic;POU2F2;-;-;intronic;POU2F2;-;-;intronic;POU2F2;-;-;-;28;2;3	Name=AluJb	TRUE	Alu	intronic
chr19:44665375:A:G	chr19:44665375:A:G	A:G	PVR	UTR3	unknown	A;G;+;A||R;ALU;-;SINE/AluSz;ncRNA_intronic;CTB-171A8.1;-;-;UTR3;PVR;-;-;UTR3;PVR;-;-;-;2065;30;54	Name=AluSz	TRUE	Alu	UTR3
chr19:44665513:A:G	chr19:44665513:A:G	A:G	PVR	UTR3	unknown	A;G;+;A||R||D;ALU;-;SINE/AluSz;ncRNA_intronic;CTB-171A8.1;-;-;UTR3;PVR;-;-;UTR3;PVR;-;-;-;1414;30;53	Name=AluSz	TRUE	Alu	UTR3
chr19:46558812:A:G	chr19:46558812:T:C	A:G	PPP5D1	intronic	unknown	.	.	FALSE	None	intronic
chr19:47310718:A:G	chr19:47310718:A:G	A:G	C5AR1	intronic	unknown	A;G;+;A||R;ALU;-;SINE/AluJr;intronic;C5AR1;-;-;intronic;C5AR1;-;-;intronic;C5AR1;-;-;-;77;10;12	Name=AluJr	TRUE	Alu	intronic
chr19:4890517:T:C	chr19:4890517:A:G	A:G	ARRDC5	UTR3	unknown	T;C;-;R||D;ALU;-;SINE/AluSx;UTR3;ARRDC5;-;-;UTR3;ARRDC5;-;-;UTR3;ARRDC5;-;-;-;66;10;11	Name=AluSz	TRUE	Alu	UTR3
chr19:51134419:A:G	chr19:51134419:A:G	A:G	SIGLEC9	intronic	unknown	A;G;+;R;ALU;-;SINE/AluSc;intronic;SIGLEC9;-;-;intronic;SIGLEC9;-;-;intronic;SIGLEC9;-;-;-;317;21;35	Name=AluSc	TRUE	Alu	intronic
chr19:52560246:A:G	chr19:52560246:A:G	A:G	ZNF808	downstream	unknown	A;G;+;A||R;ALU;-;SINE/AluSg4;intergenic;ZNF808||ZNF701;-;-;intergenic;ZNF808||ZNF701;-;-;intergenic;ZNF808||ZNF701;-;-;-;213;26;37	Name=AluSg4	TRUE	Alu	downstream
chr19:52839008:T:C	chr19:52839008:A:G	A:G	ZNF468	UTR3	unknown	T;C;-;A||R;ALU;-;SINE/AluSc8;UTR3;ZNF468;-;-;UTR3;ZNF468;-;-;UTR3;ZNF468;-;-;272;17;1300;30;54	Name=AluSc8	TRUE	Alu	UTR3
chr19:54099341:T:C	chr19:54099341:A:G	A:G	OSCAR	intronic	unknown	T;C;-;A||R;ALU;-;SINE/AluSc8;intronic;OSCAR;-;-;intronic;OSCAR;-;-;intronic;OSCAR;-;-;-;171;14;20	Name=AluSc8	TRUE	Alu	intronic
chr19:54099342:T:C	chr19:54099342:A:G	A:G	OSCAR	intronic	unknown	T;C;-;R;ALU;-;SINE/AluSc8;intronic;OSCAR;-;-;intronic;OSCAR;-;-;intronic;OSCAR;-;-;-;137;10;15	Name=AluSc8	TRUE	Alu	intronic
chr19:54237280:T:C	chr19:54237280:A:G	A:G	LILRA6	downstream	unknown	T;C;-;A||R;ALU;-;SINE/AluSx;intronic;LILRA6||LILRB3;-;-;intronic;LILRB3;-;-;UTR3;LILRA6;-;-;-;548;27;37	Name=AluSx	TRUE	Alu	downstream
chr19:54237325:T:C	chr19:54237325:A:G	A:G	LILRA6	downstream	unknown	T;C;-;A||R;ALU;-;SINE/AluSx;intronic;LILRA6||LILRB3;-;-;intronic;LILRB3;-;-;UTR3;LILRA6;-;-;-;490;24;34	Name=AluSx	TRUE	Alu	downstream
chr19:54712920:T:C	chr19:54712920:T:C	A:G	LILRP2	ncRNA
exonic	unknown	.	.	FALSE	None	ncRNA
chr19:57807717:T:C	chr19:57807717:A:G	A:G	ZNF552	UTR3	unknown	T;C;-;A||R||D;ALU;-;SINE/AluSg7;UTR3;ZNF552;-;-;UTR3;ZNF552;-;-;UTR3;ZNF552;-;-;-;1813;30;53	Name=AluSg7	TRUE	Alu	UTR3
chr19:6951264:T:C	chr19:6951264:A:G	A:G	ADGRE4P	downstream	unknown	T;C;-;A||R||D;ALU;-;SINE/AluJr;intergenic;EMR1||EMR4P;-;-;intergenic;ADGRE1||ADGRE4P;-;-;intergenic;EMR1||EMR4P;-;-;-;172;17;23	Name=AluJr	TRUE	Alu	downstream
chr19:6951690:T:C	chr19:6951690:A:G	A:G	ADGRE4P	downstream	unknown	T;C;-;A||R;ALU;rs777498878;SINE/AluSq;downstream;EMR4P;-;-;downstream;ADGRE4P;-;-;downstream;EMR4P;-;-;-;216;19;29	Name=AluSq	TRUE	Alu	downstream
chr19:6951744:T:C	chr19:6951744:A:G	A:G	ADGRE4P	downstream	unknown	T;C;-;A||R||D;ALU;-;SINE/AluSq;downstream;EMR4P;-;-;downstream;ADGRE4P;-;-;downstream;EMR4P;-;-;-;253;23;37	Name=AluSq	TRUE	Alu	downstream
chr19:8492349:T:C	chr19:8492349:A:G	A:G	PRAM1	intronic	unknown	T;C;-;A||R;ALU;-;SINE/AluSq;intronic;PRAM1;-;-;intronic;PRAM1;-;-;intronic;PRAM1;-;-;-;436;25;41	Name=AluSq2	TRUE	Alu	intronic
chr19:8492408:T:C	chr19:8492408:A:G	A:G	PRAM1	intronic	unknown	T;C;-;A||R;ALU;-;SINE/AluSq;intronic;PRAM1;-;-;intronic;PRAM1;-;-;intronic;PRAM1;-;-;-;485;25;42	Name=AluSq2	TRUE	Alu	intronic
chr19:8492538:T:C	chr19:8492538:A:G	A:G	PRAM1	intronic	unknown	T;C;-;A||R;ALU;-;SINE/AluSq;intronic;PRAM1;-;-;intronic;PRAM1;-;-;intronic;PRAM1;-;-;-;618;28;47	Name=AluSq2	TRUE	Alu	intronic
chr19:8492991:T:C	chr19:8492991:A:G	A:G	PRAM1	intronic	unknown	T;C;-;A||R;ALU;-;SINE/AluSx1;intronic;PRAM1;-;-;intronic;PRAM1;-;-;intronic;PRAM1;-;-;-;449;28;47	Name=AluSx1	TRUE	Alu	intronic
chr19:8494832:T:C	chr19:8494832:A:G	A:G	PRAM1	intronic	unknown	T;C;-;R;ALU;-;SINE/AluSx1;intronic;PRAM1;-;-;intronic;PRAM1;-;-;intronic;PRAM1;-;-;-;217;16;22	Name=AluSx1	TRUE	Alu	intronic
chr19:8497289:T:C	chr19:8497289:A:G	A:G	PRAM1	intronic	unknown	T;C;-;A||R;ALU;-;SINE/AluJo;intronic;PRAM1;-;-;intronic;PRAM1;-;-;intronic;PRAM1;-;-;-;391;23;40	Name=AluJo	TRUE	Alu	intronic
chr19:8540475:T:C	chr19:8540475:A:G	A:G	MYO1F	intronic	unknown	T;C;-;R;ALU;-;SINE/AluSx1;intronic;MYO1F;-;-;intronic;MYO1F;-;-;intronic;MYO1F;-;-;-;372;24;33	Name=AluSx1	TRUE	Alu	intronic
chr19:8540530:T:C	chr19:8540530:A:G	A:G	MYO1F	intronic	unknown	T;C;-;R;ALU;-;SINE/AluSx1;intronic;MYO1F;-;-;intronic;MYO1F;-;-;intronic;MYO1F;-;-;-;299;21;30	Name=AluSx1	TRUE	Alu	intronic
chr19:11577319:T:C	chr19:11577319:A:G	A:G	ACP5	splicing	unknown	.	.	FALSE	None	splicing
chr19:11579879:A:G	chr19:11579879:T:C	A:G	ACP5	upstream	unknown	A;G;+;A||R;ALU;-;SINE/AluSp;upstream;ACP5;-;-;upstream;ACP5;-;-;upstream;ACP5;-;-;-;12;4;4	Name=AluSp	TRUE	Alu	upstream
chr19:12646026:T:C	chr19:12646026:A:G	A:G	MAN2B1	downstream	unknown	T;C;-;R||D;ALU;rs367700005;SINE/AluSx1;intronic;CTD-2192J16.22;-;-;downstream;MAN2B1;-;-;downstream;MAN2B1;-;-;-;95;22;30	Name=AluSx1	TRUE	Alu	downstream
chr19:12646373:T:C	chr19:12646373:A:G	A:G	MAN2B1	downstream	unknown	T;C;-;A||R;ALU;-;SINE/AluJo;intronic;CTD-2192J16.22;-;-;downstream;MAN2B1;-;-;downstream;MAN2B1;-;-;-;238;23;39	Name=AluJo	TRUE	Alu	downstream
chr19:14734297:T:C	chr19:14734297:A:G	A:G	ADGRE2	UTR3	unknown	T;C;-;A||R;ALU;-;SINE/AluJb;UTR3;EMR2;-;-;UTR3;ADGRE2;-;-;UTR3;EMR2;-;-;-;356;21;34	Name=AluJb	TRUE	Alu	UTR3
chr19:18071289:T:C	chr19:18071289:A:G	A:G	IL12RB1	exonic	nonsynonymous SNV	T;C;-;R||D;ALU;-;SINE/AluSx1;exonic;IL12RB1;nonsynonymous	Name=AluSx1	TRUE	Alu	exonic
chr19:18368012:A:G	chr19:18368012:A:G	A:G	PGPEP1	UTR3	unknown	A;G;+;A||R||D;ALU;-;SINE/AluJo;UTR3;PGPEP1;-;-;UTR3;PGPEP1;-;-;UTR3;PGPEP1;-;-;-;2305;30;55	Name=AluJo	TRUE	Alu	UTR3
chr19:40366916:G:A	chr19:40366916:G:A	C:T	PLD3	splicing	unknown	.	.	FALSE	None	splicing
chr19:51133363:A:G	chr19:51133363:A:G	A:G	SIGLEC9	intronic	unknown	A;G;+;A||R;ALU;-;SINE/AluSx1;intronic;SIGLEC9;-;-;intronic;SIGLEC9;-;-;intronic;SIGLEC9;-;-;-;217;15;22	Name=AluSx1	TRUE	Alu	intronic
chr19:51768865:G:A	chr19:51768865:G:A	C:T	FPR2	exonic	synonymous SNV	.	.	FALSE	None	exonic
chr19:51768874:T:C	chr19:51768874:T:C	A:G	FPR2	exonic	synonymous SNV	.	.	FALSE	None	exonic
chr19:52704051:T:C	chr19:52704051:A:G	A:G	ZNF611	UTR3	unknown	T;C;-;A||R||D;ALU;-;SINE/AluSz;UTR3;ZNF611;-;-;UTR3;ZNF611;-;-;UTR3;ZNF611;-;-;-;774;30;53	Name=AluSz	TRUE	Alu	UTR3
chr19:54593675:G:A	chr19:54593675:G:A	C:T	LILRA1	UTR5	unknown	.	.	FALSE	None	UTR5
chr19:54594748:A:G	chr19:54594748:A:G	A:G	LILRA1	exonic	nonsynonymous SNV	.	.	FALSE	None	exonic
chr19:54632461:C:T	chr19:54632461:C:T	C:T	LILRB1	intronic	unknown	.	.	FALSE	None	intronic
chr19:8414455:A:G	chr19:8414455:A:G	A:G	MARCHF2	intronic	unknown	A;G;+;A||R;ALU;-;SINE/AluSx1;intronic;MARCH2;-;-;intronic;MARCH2;-;-;intronic;MARCH2;-;-;-;451;28;48	Name=AluSx1	TRUE	Alu	intronic
chr19:8414504:A:G	chr19:8414504:A:G	A:G	MARCHF2	intronic	unknown	A;G;+;A||R;ALU;-;SINE/AluSx1;intronic;MARCH2;-;-;intronic;MARCH2;-;-;intronic;MARCH2;-;-;-;949;30;52	Name=AluSx1	TRUE	Alu	intronic
chr19:8415195:A:G	chr19:8415195:A:G	A:G	MARCHF2	intronic	unknown	A;G;+;R||D;ALU;-;SINE/AluJb;intronic;MARCH2;-;-;intronic;MARCH2;-;-;intronic;MARCH2;-;-;-;735;29;51	Name=AluJb	TRUE	Alu	intronic
chr19:9835320:A:G	chr19:9835320:A:G	A:G	PIN1	UTR5	unknown	.	Name=(GGCGGC)n	FALSE	Simple
repeat	UTR5
chr19:12003412:A:G	chr19:12003412:A:G	A:G	ZNF433-AS1	ncRNA
exonic	unknown	A;G;+;A||R;ALU;-;SINE/AluSz;ncRNA_exonic;CTD-2006C1.2;-;-;intergenic;ZNF763||ZNF433;-;-;ncRNA_intronic;AX747405;-;-;-;1091;30;53	Name=AluSz	TRUE	Alu	ncRNA
chr19:17414170:A:G	chr19:17414170:A:G	A:G	BISPR	ncRNA
intronic	unknown	A;G;+;A||R||D;ALU;-;SINE/AluSx1;ncRNA_intronic;CTD-2521M24.9;-;-;ncRNA_intronic;BISPR;-;-;ncRNA_intronic;AK055623||AK311380;-;-;-;290;27;34	Name=AluSx1	TRUE	Alu	ncRNA
chr19:18071260:T:C	chr19:18071260:A:G	A:G	IL12RB1	exonic	synonymous SNV	T;C;-;A||R||D;ALU;-;SINE/AluSx1;exonic;IL12RB1;synonymous	Name=AluSx1	TRUE	Alu	exonic
chr19:18071325:T:C	chr19:18071325:A:G	A:G	IL12RB1	exonic	nonsynonymous SNV	T;C;-;R;ALU;-;SINE/AluSx1;exonic;IL12RB1;nonsynonymous	Name=AluSx1	TRUE	Alu	exonic
chr19:18366600:A:G	chr19:18366600:A:G	A:G	PGPEP1	UTR3	unknown	A;G;+;A||R||D;ALU;-;SINE/AluSx1;UTR3;PGPEP1;-;-;UTR3;PGPEP1;-;-;UTR3;PGPEP1;-;-;-;2134;30;54	Name=AluSx1	TRUE	Alu	UTR3
chr19:18911078:T:C	chr19:18911078:A:G	A:G	COPE	intronic	unknown	.	.	FALSE	None	intronic
chr19:4561884:T:C	chr19:4561884:A:G	A:G	SEMA6B	upstream	unknown	.	Name=AluSx1	FALSE	Alu	upstream
chr19:4653211:A:G	chr19:4653211:A:G	A:G	TNFAIP8L1	UTR3	unknown	A;G;+;A||R||D;ALU;-;SINE/AluSc8;UTR3;TNFAIP8L1;-;-;UTR3;TNFAIP8L1;-;-;UTR3;TNFAIP8L1;-;-;-;1586;30;54	Name=AluSc8	TRUE	Alu	UTR3
chr19:51815754:A:G	chr19:51815754:A:G	A:G	FPR3	intronic	unknown	A;G;+;R;ALU;-;SINE/AluJb;intronic;FPR3;-;-;intronic;FPR3;-;-;intronic;FPR3;-;-;-;2;2;2	Name=AluJb	TRUE	Alu	intronic
chr19:52703863:T:C	chr19:52703863:A:G	A:G	ZNF611	UTR3	unknown	T;C;-;A||R;ALU;-;SINE/AluY;UTR3;ZNF611;-;-;UTR3;ZNF611;-;-;UTR3;ZNF611;-;-;-;509;30;53	Name=AluY	TRUE	Alu	UTR3
chr19:8414449:A:G	chr19:8414449:A:G	A:G	MARCHF2	intronic	unknown	A;G;+;R;ALU;-;SINE/AluSx1;intronic;MARCH2;-;-;intronic;MARCH2;-;-;intronic;MARCH2;-;-;-;590;29;49	Name=AluSx1	TRUE	Alu	intronic
chr19:8495526:T:C	chr19:8495526:A:G	A:G	PRAM1	intronic	unknown	T;C;-;A||R;ALU;-;SINE/AluSx;intronic;PRAM1;-;-;intronic;PRAM1;-;-;intronic;PRAM1;-;-;-;407;23;39	Name=AluSz6	TRUE	Alu	intronic
chr19:14374820:T:C	chr19:14374820:T:C	A:G	ADGRE5	upstream	unknown	T;C;-;R;ALU;-;SINE/AluSz;intergenic;CTC-548K16.2||CD97;-;-;intergenic;ADGRL1||ADGRE5;-;-;intergenic;BC011648||CD97;-;-;-;0;0;0	Name=AluSz	TRUE	Alu	upstream
chr19:14734293:T:C	chr19:14734293:A:G	A:G	ADGRE2	UTR3	unknown	T;C;-;A||R||D;ALU;-;SINE/AluJb;UTR3;EMR2;-;-;UTR3;ADGRE2;-;-;UTR3;EMR2;-;-;-;336;19;34	Name=AluJb	TRUE	Alu	UTR3
chr19:14764432:C:T	chr19:14764432:G:A	C:T	ADGRE2	splicing	unknown	.	.	FALSE	None	splicing
chr19:38869067:T:C	chr19:38869067:A:G	A:G	RINL	UTR3	unknown	T;C;-;A||R||D;ALU;-;SINE/AluJo;UTR3;RINL;-;-;UTR3;RINL;-;-;UTR3;RINL;-;-;-;1083;30;55	Name=AluJo	TRUE	Alu	UTR3
chr19:43648205:T:C	chr19:43648205:A:G	A:G	PLAUR	intronic	unknown	T;C;-;A;ALU;-;SINE/AluY;intronic;PLAUR;-;-;intronic;PLAUR;-;-;intronic;PLAUR;-;-;-;100;11;14	Name=AluYh3	TRUE	Alu	intronic
chr19:43648206:T:C	chr19:43648206:A:G	A:G	PLAUR	intronic	unknown	T;C;-;R;ALU;-;SINE/AluY;intronic;PLAUR;-;-;intronic;PLAUR;-;-;intronic;PLAUR;-;-;-;104;12;16	Name=AluYh3	TRUE	Alu	intronic
chr19:52704129:T:C	chr19:52704129:A:G	A:G	ZNF611	UTR3	unknown	T;C;-;A||R||D;ALU;-;SINE/AluSz;UTR3;ZNF611;-;-;UTR3;ZNF611;-;-;UTR3;ZNF611;-;-;-;761;29;53	Name=AluSz	TRUE	Alu	UTR3
chr19:54186301:T:C	chr19:54186301:A:G	A:G	MBOAT7	intronic	unknown	T;C;-;R;ALU;-;SINE/AluSp;intronic;MBOAT7;-;-;intronic;MBOAT7;-;-;intronic;MBOAT7;-;-;-;117;13;18	Name=AluSp	TRUE	Alu	intronic
chr19:54891526:A:G	chr19:54891526:A:G	A:G	FCAR	downstream	unknown	.	Name=AluYh3	FALSE	Alu	downstream
chr19:54891602:A:G	chr19:54891602:A:G	A:G	FCAR	downstream	unknown	A;G;+;R;ALU;-;SINE/AluY;downstream;CTB-61M7.2;-;-;downstream;FCAR;-;-;intergenic;FCAR||NCR1;-;-;-;176;6;6	Name=AluYh3	TRUE	Alu	downstream
chr19:12645982:T:C	chr19:12645982:A:G	A:G	MAN2B1	downstream	unknown	T;C;-;A||R;ALU;-;SINE/AluSx1;intronic;CTD-2192J16.22;-;-;downstream;MAN2B1;-;-;downstream;MAN2B1;-;-;-;142;20;29	Name=AluSx1	TRUE	Alu	downstream
chr19:12646101:T:C	chr19:12646101:A:G	A:G	MAN2B1	downstream	unknown	T;C;-;A||R||D;ALU;-;SINE/AluSx1;intronic;CTD-2192J16.22;-;-;downstream;MAN2B1;-;-;downstream;MAN2B1;-;-;-;99;19;25	Name=AluSx1	TRUE	Alu	downstream
chr19:13760054:A:G	chr19:13760054:A:G	A:G	CCDC130	intronic	unknown	A;G;+;A||R||D;ALU;-;SINE/AluSp;intronic;CCDC130;-;-;intronic;CCDC130;-;-;intronic;CCDC130;-;-;-;2103;30;54	Name=AluSp	TRUE	Alu	intronic
chr19:13773078:A:G	chr19:13773078:A:G	A:G	MRI1	UTR3	unknown	A;G;+;A||R||D;ALU;-;SINE/AluSz;ncRNA_intronic;CTB-5E10.3;-;-;UTR3;MRI1;-;-;UTR3;MRI1;-;-;-;1917;30;55	Name=AluSz	TRUE	Alu	UTR3
chr19:13773758:A:G	chr19:13773758:A:G	A:G	MRI1	UTR3	unknown	A;G;+;A||R||D;ALU;-;SINE/AluSx1;ncRNA_intronic;CTB-5E10.3;-;-;UTR3;MRI1;-;-;UTR3;MRI1;-;-;-;2322;30;54	Name=AluSx1	TRUE	Alu	UTR3
chr19:1391112:C:T	chr19:1391112:C:T	C:T	NDUFS7	intronic	unknown	.	.	FALSE	None	intronic
chr19:1391113:T:C	chr19:1391113:T:C	A:G	NDUFS7	intronic	unknown	.	.	FALSE	None	intronic
chr19:14773731:T:C	chr19:14773731:A:G	A:G	ADGRE2	intronic	unknown	.	Name=AluJr	FALSE	Alu	intronic
chr19:19683067:A:G	chr19:19683067:A:G	A:G	ZNF101	UTR3	unknown	A;G;+;A||R||D;ALU;-;SINE/AluSc8;UTR3;ZNF101;-;-;UTR3;ZNF101;-;-;intergenic;ZNF101||ZNF14;-;-;-;1620;30;54	Name=AluSc8	TRUE	Alu	UTR3
chr19:2292291:A:G	chr19:2292291:T:C	A:G	LINGO3	intronic	unknown	A;G;+;R;ALU;-;SINE/AluJb;intronic;LINGO3;-;-;intronic;LINGO3;-;-;intronic;LINGO3||SPPL2B;-;-;-;274;19;30	Name=AluJb	TRUE	Alu	intronic
chr19:38406423:A:G	chr19:38406423:A:G	A:G	FAM98C	intronic	unknown	A;G;+;A||R||D;ALU;-;SINE/AluSp;intronic;FAM98C;-;-;intronic;FAM98C;-;-;intronic;FAM98C;-;-;-;1842;30;54	Name=AluSp	TRUE	Alu	intronic
chr19:38406686:A:G	chr19:38406686:A:G	A:G	FAM98C	intronic	unknown	A;G;+;A||R||D;ALU;-;SINE/AluJo;intronic;FAM98C;-;-;intronic;FAM98C;-;-;intronic;FAM98C;-;-;-;1190;30;54	Name=AluJo	TRUE	Alu	intronic
chr19:44663854:A:G	chr19:44663854:A:G	A:G	PVR	UTR3	unknown	A;G;+;A||R;ALU;-;SINE/AluJr;ncRNA_intronic;CTB-171A8.1;-;-;UTR3;PVR;-;-;UTR3;PVR;-;-;-;1440;30;54	Name=AluJr	TRUE	Alu	UTR3
chr19:44663855:A:G	chr19:44663855:A:G	A:G	PVR	UTR3	unknown	A;G;+;A||R||D;ALU;-;SINE/AluJr;ncRNA_intronic;CTB-171A8.1;-;-;UTR3;PVR;-;-;UTR3;PVR;-;-;-;1612;30;55	Name=AluJr	TRUE	Alu	UTR3
chr19:44665514:A:G	chr19:44665514:A:G	A:G	PVR	UTR3	unknown	A;G;+;A||R||D;ALU;-;SINE/AluSz;ncRNA_intronic;CTB-171A8.1;-;-;UTR3;PVR;-;-;UTR3;PVR;-;-;-;1377;30;53	Name=AluSz	TRUE	Alu	UTR3
chr19:44665555:A:G	chr19:44665555:A:G	A:G	PVR	UTR3	unknown	A;G;+;A||R||D;ALU;-;SINE/AluSz;ncRNA_intronic;CTB-171A8.1;-;-;UTR3;PVR;-;-;UTR3;PVR;-;-;-;958;30;54	Name=AluSz	TRUE	Alu	UTR3
chr19:4654456:A:G	chr19:4654456:A:G	A:G	TNFAIP8L1	UTR3	unknown	A;G;+;A||R||D;ALU;-;SINE/AluJb;UTR3;TNFAIP8L1;-;-;UTR3;TNFAIP8L1;-;-;UTR3;TNFAIP8L1;-;-;-;2028;30;55	Name=AluJb	TRUE	Alu	UTR3
chr19:48083726:T:C	chr19:48083726:A:G	A:G	PLA2G4C	intronic	unknown	T;C;-;R||D;ALU;-;SINE/AluSp;intronic;PLA2G4C;-;-;intronic;PLA2G4C;-;-;intronic;PLA2G4C;-;-;-;241;21;37	Name=AluSp	TRUE	Alu	intronic
chr19:53223988:T:C	chr19:53223988:T:C	A:G	ZNF818P	downstream	unknown	.	.	FALSE	None	downstream
chr19:53223989:G:A	chr19:53223989:G:A	C:T	ZNF818P	downstream	unknown	.	.	FALSE	None	downstream
chr19:6658102:T:C	chr19:6658102:A:G	A:G	TNFSF14	downstream	unknown	.	Name=AluY	FALSE	Alu	downstream
chr19:6951115:T:C	chr19:6951115:A:G	A:G	ADGRE4P	downstream	unknown	T;C;-;A||R||D;ALU;-;SINE/AluJr;intergenic;EMR1||EMR4P;-;-;intergenic;ADGRE1||ADGRE4P;-;-;intergenic;EMR1||EMR4P;-;-;-;91;10;13	Name=AluJr	TRUE	Alu	downstream
chr19:6951218:T:C	chr19:6951218:A:G	A:G	ADGRE4P	downstream	unknown	T;C;-;A||R||D;ALU;-;SINE/AluJr;intergenic;EMR1||EMR4P;-;-;intergenic;ADGRE1||ADGRE4P;-;-;intergenic;EMR1||EMR4P;-;-;-;170;16;24	Name=AluJr	TRUE	Alu	downstream
chr19:6951662:T:C	chr19:6951662:A:G	A:G	ADGRE4P	downstream	unknown	T;C;-;A||R;ALU;-;SINE/AluSq;downstream;EMR4P;-;-;downstream;ADGRE4P;-;-;downstream;EMR4P;-;-;-;212;20;31	Name=AluSq	TRUE	Alu	downstream
chr19:8492921:T:C	chr19:8492921:A:G	A:G	PRAM1	intronic	unknown	T;C;-;A;ALU;rs199906588;SINE/AluSx1;intronic;PRAM1;-;-;intronic;PRAM1;-;-;intronic;PRAM1;-;-;-;547;28;47	Name=AluSx1	TRUE	Alu	intronic
chr19:8495220:T:C	chr19:8495220:A:G	A:G	PRAM1	intronic	unknown	T;C;-;A||R;ALU;-;SINE/AluSx;intronic;PRAM1;-;-;intronic;PRAM1;-;-;intronic;PRAM1;-;-;-;375;24;39	Name=AluSx	TRUE	Alu	intronic
chr19:12080975:A:G	chr19:12080975:A:G	A:G	ZNF844	UTR3	unknown	A;G;+;A||R;ALU;-;SINE/AluSz;UTR3;ZNF844;-;-;intergenic;ZNF844||ZNF788;-;-;intergenic;ZNF844||ZNF788;-;-;-;1468;30;55	Name=AluSz	TRUE	Alu	UTR3
chr19:13772740:A:G	chr19:13772740:A:G	A:G	MRI1	UTR3	unknown	A;G;+;A||R||D;ALU;-;SINE/AluY;ncRNA_intronic;CTB-5E10.3;-;-;UTR3;MRI1;-;-;UTR3;MRI1;-;-;-;1440;30;54	Name=AluY	TRUE	Alu	UTR3
chr19:17414177:A:G	chr19:17414177:A:G	A:G	BISPR	ncRNA
intronic	unknown	A;G;+;R||D;ALU;-;SINE/AluSx1;ncRNA_intronic;CTD-2521M24.9;-;-;ncRNA_intronic;BISPR;-;-;ncRNA_intronic;AK055623||AK311380;-;-;-;325;28;37	Name=AluSx1	TRUE	Alu	ncRNA
chr19:19306003:G:A	chr19:19306003:C:T	C:T	SUGP1	exonic	synonymous SNV	.	.	FALSE	None	exonic
chr19:19683066:A:G	chr19:19683066:A:G	A:G	ZNF101	UTR3	unknown	A;G;+;A||R||D;ALU;-;SINE/AluSc8;UTR3;ZNF101;-;-;UTR3;ZNF101;-;-;intergenic;ZNF101||ZNF14;-;-;-;1056;30;54	Name=AluSc8	TRUE	Alu	UTR3
chr19:35891652:T:C	chr19:35891652:A:G	A:G	NFKBID	intronic	unknown	T;C;-;A||R||D;ALU;-;SINE/AluSz;intronic;NFKBID;-;-;intronic;NFKBID;-;-;intronic;NFKBID;-;-;-;172;19;29	Name=AluSz	TRUE	Alu	intronic
chr19:46787882:G:A	chr19:46787882:C:T	C:T	SLC1A5	exonic	synonymous SNV	.	.	FALSE	None	exonic
chr19:48084114:T:C	chr19:48084114:A:G	A:G	PLA2G4C	intronic	unknown	T;C;-;A||R;ALU;-;SINE/AluSz;intronic;PLA2G4C;-;-;intronic;PLA2G4C;-;-;intronic;PLA2G4C;-;-;-;364;25;46	Name=AluSz	TRUE	Alu	intronic
chr19:48084122:T:C	chr19:48084122:A:G	A:G	PLA2G4C	intronic	unknown	T;C;-;A||R||D;ALU;-;SINE/AluSz;intronic;PLA2G4C;-;-;intronic;PLA2G4C;-;-;intronic;PLA2G4C;-;-;-;291;24;42	Name=AluSz	TRUE	Alu	intronic
chr19:48084633:T:C	chr19:48084633:A:G	A:G	PLA2G4C	intronic	unknown	T;C;-;A||R||D;ALU;-;SINE/AluSz;intronic;PLA2G4C;-;-;intronic;PLA2G4C;-;-;intronic;PLA2G4C;-;-;-;241;24;42	Name=AluSz	TRUE	Alu	intronic
chr19:48084639:T:C	chr19:48084639:A:G	A:G	PLA2G4C	intronic	unknown	T;C;-;A||R||D;ALU;-;SINE/AluSz;intronic;PLA2G4C;-;-;intronic;PLA2G4C;-;-;intronic;PLA2G4C;-;-;-;245;25;44	Name=AluSz	TRUE	Alu	intronic
chr19:53411526:A:G	chr19:53411526:A:G	A:G	ZNF765	UTR3	unknown	A;G;+;A||R||D;ALU;-;SINE/AluSp;UTR3;ZNF765;-;-;UTR3;ZNF765;-;-;UTR3;ZNF765;-;-;571;278;920;30;54	Name=AluSp	TRUE	Alu	UTR3
chr19:53411566:A:G	chr19:53411566:A:G	A:G	ZNF765	UTR3	unknown	A;G;+;A||R;ALU;-;SINE/AluSp;UTR3;ZNF765;-;-;UTR3;ZNF765;-;-;UTR3;ZNF765;-;-;571;278;970;30;54	Name=AluSp	TRUE	Alu	UTR3
chr19:54219765:G:A	chr19:54219765:C:T	C:T	LILRB3	intronic	unknown	.	Name=MIR3	FALSE	Other	intronic
chr19:54238232:T:C	chr19:54238232:A:G	A:G	LILRA6	downstream	unknown	T;C;-;A||R;ALU;-;SINE/AluSx3;intronic;LILRA6||LILRB3;-;-;intronic;LILRB3;-;-;UTR3;LILRA6;-;-;-;116;12;16	Name=AluSx3	TRUE	Alu	downstream
chr19:54252950:T:C	chr19:54252950:A:G	A:G	LILRB5	exonic	synonymous SNV	.	.	FALSE	None	exonic
chr19:5909772:A:G	chr19:5909772:A:G	A:G	VMAC	UTR3	unknown	A;G;+;A||R||D;ALU;-;SINE/AluSx1;UTR3;VMAC;-;-;UTR3;VMAC;-;-;UTR3;VMAC;-;-;-;1926;30;54	Name=AluSx1	TRUE	Alu	UTR3
chr19:46558766:C:T	chr19:46558766:G:A	C:T	PPP5D1	intronic	unknown	.	.	FALSE	None	intronic
chr19:47342655:A:G	chr19:47342655:A:G	A:G	C5AR2	UTR3	unknown	A;G;+;A||R;ALU;-;SINE/AluY;UTR3;C5AR2;-;-;downstream;C5AR2;-;-;downstream;C5AR2;-;-;-;691;28;43	Name=AluY	TRUE	Alu	UTR3
chr19:48255827:T:C	chr19:48255827:T:C	A:G	CARD8-AS1	ncRNA
intronic	unknown	T;C;-;A||R||D;NONREP;-;-/-;ncRNA_intronic;CTC-241F20.3;-;-;ncRNA_intronic;CARD8-AS1;-;-;ncRNA_intronic;LOC100505812;-;-;-;1613;30;54	.	TRUE	None	ncRNA
chr19:51134418:A:G	chr19:51134418:A:G	A:G	SIGLEC9	intronic	unknown	A;G;+;R;ALU;-;SINE/AluSc;intronic;SIGLEC9;-;-;intronic;SIGLEC9;-;-;intronic;SIGLEC9;-;-;-;267;20;32	Name=AluSc	TRUE	Alu	intronic
chr19:54875368:A:G	chr19:54875368:A:G	A:G	FCAR	intronic	unknown	.	.	FALSE	None	intronic
chr19:54889643:C:T	chr19:54889643:C:T	C:T	FCAR	intronic	unknown	.	.	FALSE	None	intronic
chr19:54889644:T:C	chr19:54889644:T:C	A:G	FCAR	intronic	unknown	.	.	FALSE	None	intronic
chr19:12559803:C:T	chr19:12559803:G:A	C:T	ZNF564	upstream	unknown	.	.	FALSE	None	upstream
chr19:41193231:C:T	chr19:41193231:C:T	C:T	CYP2S1	UTR5	unknown	.	.	FALSE	None	UTR5
chr19:53411158:A:G	chr19:53411158:A:G	A:G	ZNF765	UTR3	unknown	A;G;+;A||R||D;ALU;-;SINE/AluSx;UTR3;ZNF765;-;-;UTR3;ZNF765;-;-;UTR3;ZNF765;-;-;-;1249;30;55	Name=AluSx	TRUE	Alu	UTR3
chr19:54337570:T:C	chr19:54337570:A:G	A:G	LILRA4	exonic	nonsynonymous SNV	.	.	FALSE	None	exonic
chr19:7084454:A:G	chr19:7084454:A:G	A:G	ZNF557	UTR3	unknown	A;G;+;A||R||D;ALU;-;SINE/AluJb;UTR3;ZNF557;-;-;UTR3;ZNF557;-;-;UTR3;ZNF557;-;-;393;53;274;29;50	Name=AluJb	TRUE	Alu	UTR3
chr19:13760012:A:G	chr19:13760012:A:G	A:G	CCDC130	intronic	unknown	A;G;+;A||R||D;ALU;-;SINE/AluSp;intronic;CCDC130;-;-;intronic;CCDC130;-;-;intronic;CCDC130;-;-;-;2160;30;53	Name=AluSp	TRUE	Alu	intronic
chr19:17413467:A:G	chr19:17413467:A:G	A:G	BISPR	ncRNA
intronic	unknown	A;G;+;R;ALU;-;SINE/AluSx1;ncRNA_intronic;CTD-2521M24.9;-;-;ncRNA_intronic;BISPR;-;-;ncRNA_intronic;AK055623||AK311380;-;-;-;127;19;23	Name=AluSx1	TRUE	Alu	ncRNA
chr19:18365605:A:G	chr19:18365605:A:G	A:G	PGPEP1	UTR3	unknown	A;G;+;A||R||D;ALU;-;SINE/AluJb;UTR3;PGPEP1;-;-;UTR3;PGPEP1;-;-;UTR3;PGPEP1;-;-;-;1184;30;55	Name=AluJb	TRUE	Alu	UTR3
chr19:18365606:A:G	chr19:18365606:A:G	A:G	PGPEP1	UTR3	unknown	A;G;+;A||R||D;ALU;-;SINE/AluJb;UTR3;PGPEP1;-;-;UTR3;PGPEP1;-;-;UTR3;PGPEP1;-;-;-;1790;30;54	Name=AluJb	TRUE	Alu	UTR3
chr19:18365618:A:G	chr19:18365618:A:G	A:G	PGPEP1	UTR3	unknown	A;G;+;A||R||D;ALU;-;SINE/AluJb;UTR3;PGPEP1;-;-;UTR3;PGPEP1;-;-;UTR3;PGPEP1;-;-;-;1693;30;54	Name=AluJb	TRUE	Alu	UTR3
chr19:19682971:A:G	chr19:19682971:A:G	A:G	ZNF101	UTR3	unknown	A;G;+;A||R||D;ALU;-;SINE/AluSc8;UTR3;ZNF101;-;-;UTR3;ZNF101;-;-;intergenic;ZNF101||ZNF14;-;-;-;1415;30;54	Name=AluSc8	TRUE	Alu	UTR3
chr19:48084632:T:C	chr19:48084632:A:G	A:G	PLA2G4C	intronic	unknown	T;C;-;A||R;ALU;-;SINE/AluSz;intronic;PLA2G4C;-;-;intronic;PLA2G4C;-;-;intronic;PLA2G4C;-;-;-;289;22;39	Name=AluSz	TRUE	Alu	intronic
chr19:12561189:T:C	chr19:12561189:A:G	A:G	ZNF564	upstream	unknown	.	.	FALSE	None	upstream
chr19:12561245:T:C	chr19:12561245:A:G	A:G	ZNF564	upstream	unknown	.	.	FALSE	None	upstream
chr19:12561246:G:A	chr19:12561246:C:T	C:T	ZNF564	upstream	unknown	.	.	FALSE	None	upstream
chr19:17580685:A:G	chr19:17580685:A:G	A:G	COLGALT1	intronic	unknown	.	.	FALSE	None	intronic
chr19:4109531:T:C	chr19:4109531:A:G	A:G	MAP2K2	intronic	unknown	T;C;-;A||R||D;ALU;-;SINE/AluJr;intronic;MAP2K2;-;-;intronic;MAP2K2;-;-;intronic;MAP2K2;-;-;-;217;25;42	Name=AluJr	TRUE	Alu	intronic
chr19:51211325:G:A	chr19:51211325:C:T	C:T	MIR8074	upstream	unknown	.	.	FALSE	None	upstream
chr19:51211329:T:C	chr19:51211329:A:G	A:G	MIR8074	upstream	unknown	.	.	FALSE	None	upstream
chr19:51211331:T:C	chr19:51211331:A:G	A:G	MIR8074	upstream	unknown	.	.	FALSE	None	upstream
chr19:51211333:T:C	chr19:51211333:A:G	A:G	MIR8074	upstream	unknown	.	.	FALSE	None	upstream
chr19:48084219:T:C	chr19:48084219:A:G	A:G	PLA2G4C	intronic	unknown	T;C;-;A||R||D;ALU;-;SINE/AluSz;intronic;PLA2G4C;-;-;intronic;PLA2G4C;-;-;intronic;PLA2G4C;-;-;-;198;21;37	Name=AluSz	TRUE	Alu	intronic
chr19:48084224:T:C	chr19:48084224:A:G	A:G	PLA2G4C	intronic	unknown	T;C;-;A||R||D;ALU;-;SINE/AluSz;intronic;PLA2G4C;-;-;intronic;PLA2G4C;-;-;intronic;PLA2G4C;-;-;-;254;23;40	Name=AluSz	TRUE	Alu	intronic
chr19:48097111:T:C	chr19:48097111:A:G	A:G	PLA2G4C	intronic	unknown	.	Name=AluSp	FALSE	Alu	intronic
chr19:18365396:A:G	chr19:18365396:A:G	A:G	PGPEP1	UTR3	unknown	A;G;+;A||R||D;ALU;-;SINE/AluJb;UTR3;PGPEP1;-;-;UTR3;PGPEP1;-;-;UTR3;PGPEP1;-;-;-;1758;30;55	Name=AluJb	TRUE	Alu	UTR3
chr19:48084188:T:C	chr19:48084188:A:G	A:G	PLA2G4C	intronic	unknown	T;C;-;A||R||D;ALU;-;SINE/AluSz;intronic;PLA2G4C;-;-;intronic;PLA2G4C;-;-;intronic;PLA2G4C;-;-;-;147;22;35	Name=AluSz	TRUE	Alu	intronic
chr19:13760186:A:G	chr19:13760186:A:G	A:G	CCDC130	intronic	unknown	A;G;+;A||R||D;ALU;-;SINE/AluSx;intronic;CCDC130;-;-;intronic;CCDC130;-;-;intronic;CCDC130;-;-;-;2127;30;54	Name=AluSx1	TRUE	Alu	intronic
chr19:56378584:A:G	chr19:56378584:A:G	A:G	ZNF542P	ncRNA
exonic	unknown	A;G;+;A||R||D;ALU;-;SINE/AluJb;ncRNA_exonic;ZNF542;-;-;ncRNA_exonic;ZNF542P;-;-;UTR3;ZNF542;-;-;-;2204;30;55	Name=AluJb	TRUE	Alu	ncRNA
chr19:16550486:T:C	chr19:16550486:A:G	A:G	SLC35E1	UTR3	unknown	T;C;-;A||R||D;ALU;-;SINE/AluSz;UTR3;SLC35E1;-;-;UTR3;SLC35E1;-;-;UTR3;SLC35E1;-;-;-;2440;30;55	Name=AluSz	TRUE	Alu	UTR3
chr19:11577320:G:A	chr19:11577320:C:T	C:T	ACP5	intronic	unknown	.	.	FALSE	None	intronic
chr19:56379264:A:G	chr19:56379264:A:G	A:G	ZNF542P	ncRNA
exonic	unknown	A;G;+;A||R||D;ALU;-;SINE/AluJr;ncRNA_exonic;ZNF542;-;-;ncRNA_exonic;ZNF542P;-;-;UTR3;ZNF542;-;-;-;1979;30;55	Name=AluJr	TRUE	Alu	ncRNA
chr19:56379265:A:G	chr19:56379265:A:G	A:G	ZNF542P	ncRNA
exonic	unknown	A;G;+;A||R||D;ALU;-;SINE/AluJr;ncRNA_exonic;ZNF542;-;-;ncRNA_exonic;ZNF542P;-;-;UTR3;ZNF542;-;-;-;2254;30;55	Name=AluJr	TRUE	Alu	ncRNA
chr19:57845888:A:G	chr19:57845888:A:G	A:G	ZNF587B	UTR3	unknown	A;G;+;A||R||D;ALU;-;SINE/AluJb;UTR3;ZNF587B;-;-;UTR3;ZNF587B;-;-;UTR3;ZNF587B;-;-;-;1793;30;55	Name=AluJb	TRUE	Alu	UTR3
chr19:57845900:A:G	chr19:57845900:A:G	A:G	ZNF587B	UTR3	unknown	A;G;+;A||R||D;ALU;-;SINE/AluJb;UTR3;ZNF587B;-;-;UTR3;ZNF587B;-;-;UTR3;ZNF587B;-;-;-;1676;30;55	Name=AluJb	TRUE	Alu	UTR3
chr19:57845903:A:G	chr19:57845903:A:G	A:G	ZNF587B	UTR3	unknown	A;G;+;A||R||D;ALU;-;SINE/AluJb;UTR3;ZNF587B;-;-;UTR3;ZNF587B;-;-;UTR3;ZNF587B;-;-;-;1611;30;54	Name=AluJb	TRUE	Alu	UTR3
chr19:38406594:A:G	chr19:38406594:A:G	A:G	FAM98C	intronic	unknown	A;G;+;A||R||D;ALU;-;SINE/AluJo;intronic;FAM98C;-;-;intronic;FAM98C;-;-;intronic;FAM98C;-;-;-;1506;30;54	Name=AluJo	TRUE	Alu	intronic
chr19:12646228:T:C	chr19:12646228:A:G	A:G	MAN2B1	downstream	unknown	T;C;-;A||R||D;ALU;-;SINE/AluJo;intronic;CTD-2192J16.22;-;-;downstream;MAN2B1;-;-;downstream;MAN2B1;-;-;-;346;26;44	Name=AluJo	TRUE	Alu	downstream
chr19:32583781:A:G	chr19:32583781:A:G	A:G	PDCD5	intronic	unknown	A;G;+;A||R||D;REP;-;SINE/FRAM;intronic;PDCD5;-;-;intronic;PDCD5;-;-;intronic;PDCD5;-;-;-;1813;30;54	Name=FRAM	TRUE	Other	intronic
chr19:48084263:T:C	chr19:48084263:A:G	A:G	PLA2G4C	intronic	unknown	T;C;-;A||R;ALU;-;SINE/AluSz;intronic;PLA2G4C;-;-;intronic;PLA2G4C;-;-;intronic;PLA2G4C;-;-;-;149;20;36	Name=AluSz	TRUE	Alu	intronic
chr19:4109517:T:C	chr19:4109517:A:G	A:G	MAP2K2	intronic	unknown	T;C;-;A||R||D;ALU;-;SINE/AluJr;intronic;MAP2K2;-;-;intronic;MAP2K2;-;-;intronic;MAP2K2;-;-;-;226;26;40	Name=AluJr	TRUE	Alu	intronic
chr19:4110228:T:C	chr19:4110228:A:G	A:G	MAP2K2	intronic	unknown	T;C;-;A||R;ALU;-;SINE/AluSx1;intronic;MAP2K2;-;-;intronic;MAP2K2;-;-;intronic;MAP2K2;-;-;-;195;26;37	Name=AluSx1	TRUE	Alu	intronic
chr19:47342643:A:G	chr19:47342643:A:G	A:G	C5AR2	UTR3	unknown	A;G;+;A||R;ALU;-;SINE/AluY;UTR3;C5AR2;-;-;downstream;C5AR2;-;-;downstream;C5AR2;-;-;-;576;27;39	Name=AluY	TRUE	Alu	UTR3
chr19:1391171:T:C	chr19:1391171:T:C	A:G	NDUFS7	intronic	unknown	.	.	FALSE	None	intronic
chr19:48108817:T:C	chr19:48108817:A:G	A:G	PLA2G4C	intronic	unknown	T;C;-;A||R;ALU;-;SINE/AluSq2;intronic;PLA2G4C;-;-;intronic;PLA2G4C;-;-;intronic;PLA2G4C;-;-;-;18;10;12	Name=AluSq2	TRUE	Alu	intronic
chr19:8492831:T:C	chr19:8492831:A:G	A:G	PRAM1	intronic	unknown	T;C;-;R;ALU;-;SINE/AluSx1;intronic;PRAM1;-;-;intronic;PRAM1;-;-;intronic;PRAM1;-;-;-;294;18;26	Name=AluSx1	TRUE	Alu	intronic
chr19:8492834:T:C	chr19:8492834:A:G	A:G	PRAM1	intronic	unknown	T;C;-;R;ALU;-;SINE/AluSx1;intronic;PRAM1;-;-;intronic;PRAM1;-;-;intronic;PRAM1;-;-;-;294;18;29	Name=AluSx1	TRUE	Alu	intronic
chr19:8495225:T:C	chr19:8495225:A:G	A:G	PRAM1	intronic	unknown	T;C;-;A;ALU;-;SINE/AluSx;intronic;PRAM1;-;-;intronic;PRAM1;-;-;intronic;PRAM1;-;-;-;376;23;39	Name=AluSx	TRUE	Alu	intronic
chr19:18909630:T:C	chr19:18909630:A:G	A:G	COPE	intronic	unknown	T;C;-;A||R||D;ALU;-;SINE/AluSx;intronic;AC002985.3||COPE;-;-;intronic;COPE;-;-;intronic;COPE;-;-;-;1154;30;53	Name=AluSx1	TRUE	Alu	intronic
chr19:48084310:T:C	chr19:48084310:A:G	A:G	PLA2G4C	intronic	unknown	T;C;-;A||R||D;ALU;-;SINE/AluSz;intronic;PLA2G4C;-;-;intronic;PLA2G4C;-;-;intronic;PLA2G4C;-;-;-;192;23;38	Name=AluSz	TRUE	Alu	intronic
chr19:6658092:G:A	chr19:6658092:C:T	C:T	TNFSF14	downstream	unknown	.	Name=AluY	FALSE	Alu	downstream
chr19:4812589:T:C	chr19:4812589:A:G	A:G	TICAM1	downstream	unknown	.	Name=AluSc8	FALSE	Alu	downstream
chr19:14374815:T:C	chr19:14374815:T:C	A:G	ADGRE5	upstream	unknown	.	Name=AluSz	FALSE	Alu	upstream
chr19:10273097:A:G	chr19:10273097:A:G	A:G	ICAM1	intronic	unknown	A;G;+;A||R;ALU;-;SINE/AluJb;ncRNA_intronic;CTD-2369P2.5;-;-;intronic;ICAM1;-;-;intronic;ICAM1;-;-;-;41;6;8	Name=AluJr4	TRUE	Alu	intronic
chr19:11579828:A:G	chr19:11579828:T:C	A:G	ACP5	upstream	unknown	.	Name=AluSp	FALSE	Alu	upstream
chr19:1587614:T:C	chr19:1587614:A:G	A:G	MBD3	intronic	unknown	T;C;-;A||R||D;ALU;-;SINE/AluJr4;intronic;MBD3||UQCR11;-;-;intronic;MBD3;-;-;intronic;MBD3;-;-;-;1285;30;54	Name=AluJr4	TRUE	Alu	intronic
chr19:51133504:A:G	chr19:51133504:A:G	A:G	SIGLEC9	intronic	unknown	A;G;+;A||R;ALU;-;SINE/AluSx1;intronic;SIGLEC9;-;-;intronic;SIGLEC9;-;-;intronic;SIGLEC9;-;-;-;211;17;27	Name=AluSx1	TRUE	Alu	intronic
chr19:56379222:A:G	chr19:56379222:A:G	A:G	ZNF542P	ncRNA
exonic	unknown	A;G;+;A||R||D;ALU;-;SINE/AluJr;ncRNA_exonic;ZNF542;-;-;ncRNA_exonic;ZNF542P;-;-;UTR3;ZNF542;-;-;-;2032;30;54	Name=AluJr	TRUE	Alu	ncRNA
chr19:56379238:A:G	chr19:56379238:A:G	A:G	ZNF542P	ncRNA
exonic	unknown	A;G;+;A||R||D;ALU;-;SINE/AluJr;ncRNA_exonic;ZNF542;-;-;ncRNA_exonic;ZNF542P;-;-;UTR3;ZNF542;-;-;-;2288;30;55	Name=AluJr	TRUE	Alu	ncRNA
chr19:11581498:A:G	chr19:11581498:T:C	A:G	ACP5	upstream	unknown	.	Name=AluSz	FALSE	Alu	upstream
chr19:12659481:T:C	chr19:12659481:A:G	A:G	MAN2B1	intronic	unknown	T;C;-;R||D;ALU;-;SINE/AluSz;intronic;MAN2B1;-;-;intronic;MAN2B1;-;-;intronic;MAN2B1;-;-;-;0;0;0	Name=AluSz	TRUE	Alu	intronic
chr19:18366519:A:G	chr19:18366519:A:G	A:G	PGPEP1	UTR3	unknown	A;G;+;A||R||D;ALU;-;SINE/AluSx1;UTR3;PGPEP1;-;-;UTR3;PGPEP1;-;-;UTR3;PGPEP1;-;-;-;2201;30;55	Name=AluSx1	TRUE	Alu	UTR3
chr19:12672525:T:C	chr19:12672525:T:C	A:G	WDR83	intronic	unknown	T;C;-;A||R||D;ALU;-;SINE/AluSp;intronic;WDR83;-;-;intronic;WDR83;-;-;intronic;WDR83;-;-;-;2142;30;54	Name=AluSp	TRUE	Alu	intronic
chr19:6905090:A:G	chr19:6905090:A:G	A:G	ADGRE1	intronic	unknown	A;G;+;A||R;ALU;-;SINE/AluJr;intronic;EMR1;-;-;intronic;ADGRE1;-;-;intronic;EMR1;-;-;-;71;5;6	Name=AluJr	TRUE	Alu	intronic
chr19:54710317:C:T	chr19:54710317:C:T	C:T	LILRP2	ncRNA
exonic	unknown	.	.	FALSE	None	ncRNA
chr19:21841813:T:C	chr19:21841813:A:G	A:G	ZNF43	intronic	unknown	T;C;-;A||R||D;REP;-;Satellite/BSR/Beta;intronic;ZNF43;-;-;intronic;ZNF43;-;-;intronic;ZNF43;-;-;-;81;16;21	Name=BSR/Beta	TRUE	Other	intronic
chr19:54712944:A:G	chr19:54712944:A:G	A:G	LILRP2	ncRNA
exonic	unknown	.	.	FALSE	None	ncRNA
chr20:1604884:A:G	chr20:1604884:T:C	A:G	SIRPB1	exonic	synonymous SNV	.	.	FALSE	None	exonic
chr20:1604894:G:A	chr20:1604894:C:T	C:T	SIRPB1	exonic	nonsynonymous SNV	.	.	FALSE	None	exonic
chr20:19962039:A:G	chr20:19962039:A:G	A:G	RIN2	intronic	unknown	A;G;+;A||R;ALU;-;SINE/AluJb;intronic;RIN2;-;-;intronic;RIN2;-;-;intronic;RIN2;-;-;-;23;9;9	Name=AluJb	TRUE	Alu	intronic
chr20:25368167:A:G	chr20:25368167:T:C	A:G	ABHD12	intronic	unknown	.	.	FALSE	None	intronic
chr20:32091790:A:G	chr20:32091790:A:G	A:G	HCK	intronic	unknown	A;G;+;A||R;ALU;-;SINE/AluJr;intronic;HCK;-;-;intronic;HCK;-;-;intronic;HCK;-;-;-;259;15;25	Name=AluJr	TRUE	Alu	intronic
chr20:32094438:A:G	chr20:32094438:A:G	A:G	HCK	intronic	unknown	A;G;+;R;ALU;-;SINE/AluJo;intronic;HCK;-;-;intronic;HCK;-;-;intronic;HCK;-;-;-;344;20;33	Name=AluJo	TRUE	Alu	intronic
chr20:32094518:A:G	chr20:32094518:A:G	A:G	HCK	intronic	unknown	A;G;+;R;ALU;-;SINE/AluJo;intronic;HCK;-;-;intronic;HCK;-;-;intronic;HCK;-;-;-;0;0;0	Name=AluJo	TRUE	Alu	intronic
chr20:32094613:A:G	chr20:32094613:A:G	A:G	HCK	intronic	unknown	A;G;+;R;ALU;-;SINE/AluJo;intronic;HCK;-;-;intronic;HCK;-;-;intronic;HCK;-;-;-;270;14;23	Name=AluJo	TRUE	Alu	intronic
chr20:32094632:A:G	chr20:32094632:A:G	A:G	HCK	intronic	unknown	A;G;+;A||R;ALU;-;SINE/AluJo;intronic;HCK;-;-;intronic;HCK;-;-;intronic;HCK;-;-;-;171;10;13	Name=AluJo	TRUE	Alu	intronic
chr20:35713269:T:C	chr20:35713269:A:G	A:G	RBM39	intronic	unknown	T;C;-;A||R||D;ALU;-;SINE/AluJb;intronic;RBM39;-;-;intronic;RBM39;-;-;intronic;RBM39;-;-;-;2375;30;55	Name=AluJb	TRUE	Alu	intronic
chr20:35713270:T:C	chr20:35713270:A:G	A:G	RBM39	intronic	unknown	T;C;-;A||R||D;ALU;-;SINE/AluJb;intronic;RBM39;-;-;intronic;RBM39;-;-;intronic;RBM39;-;-;-;1968;30;55	Name=AluJb	TRUE	Alu	intronic
chr20:36892574:T:C	chr20:36892574:A:G	A:G	SAMHD1	UTR3	unknown	T;C;-;A||R||D;REP;-;SINE/FLAM_A;UTR3;SAMHD1;-;-;UTR3;SAMHD1;-;-;UTR3;SAMHD1;-;-;-;2243;30;54	Name=FLAM_A	TRUE	Other	UTR3
chr20:3700527:T:C	chr20:3700527:A:G	A:G	SIGLEC1	intronic	unknown	T;C;-;A||R;ALU;-;SINE/AluJb;intronic;SIGLEC1;-;-;intronic;SIGLEC1;-;-;intronic;SIGLEC1;-;-;-;60;12;15	Name=AluJr	TRUE	Alu	intronic
chr20:3870562:A:G	chr20:3870562:A:G	A:G	MAVS	UTR3	unknown	A;G;+;A||R||D;REP;-;SINE/FLAM_C;intergenic;MAVS||RP11-119B16.2;-;-;UTR3;MAVS;-;-;UTR3;MAVS;-;-;-;2366;30;55	Name=FLAM_C	TRUE	Other	UTR3
chr20:4023811:A:G	chr20:4023811:T:C	A:G	RNF24	upstream	unknown	.	.	FALSE	None	upstream
chr20:40689239:T:C	chr20:40689239:A:G	A:G	MAFB	upstream	unknown	.	.	FALSE	None	upstream
chr20:40689243:T:C	chr20:40689243:A:G	A:G	MAFB	upstream	unknown	.	.	FALSE	None	upstream
chr20:45078306:A:G	chr20:45078306:A:G	A:G	STK4	UTR3	unknown	A;G;+;A||R||D;ALU;-;SINE/AluSg;UTR3;STK4;-;-;UTR3;STK4;-;-;ncRNA_exonic;AB209315;-;-;-;1499;30;55	Name=AluSx4	TRUE	Alu	UTR3
chr20:45079068:A:G	chr20:45079068:A:G	A:G	STK4	UTR3	unknown	A;G;+;A||R||D;ALU;-;SINE/AluJb;UTR3;STK4;-;-;UTR3;STK4;-;-;ncRNA_exonic;AB209315;-;-;-;2227;30;55	Name=AluJb	TRUE	Alu	UTR3
chr20:45079118:A:G	chr20:45079118:A:G	A:G	STK4	UTR3	unknown	A;G;+;A||R||D;ALU;-;SINE/AluJb;UTR3;STK4;-;-;UTR3;STK4;-;-;ncRNA_exonic;AB209315;-;-;-;2073;30;55	Name=AluJb	TRUE	Alu	UTR3
chr20:45079130:A:G	chr20:45079130:A:G	A:G	STK4	UTR3	unknown	A;G;+;A||R||D;ALU;-;SINE/AluJb;UTR3;STK4;-;-;UTR3;STK4;-;-;ncRNA_exonic;AB209315;-;-;-;1928;30;55	Name=AluJb	TRUE	Alu	UTR3
chr20:45079198:A:G	chr20:45079198:A:G	A:G	STK4	UTR3	unknown	A;G;+;A||R||D;ALU;-;SINE/AluJb;UTR3;STK4;-;-;UTR3;STK4;-;-;ncRNA_exonic;AB209315;-;-;-;2042;30;55	Name=AluJb	TRUE	Alu	UTR3
chr20:49134719:A:G	chr20:49134719:T:C	A:G	STAU1	intronic	unknown	.	.	FALSE	None	intronic
chr20:49134746:T:C	chr20:49134746:A:G	A:G	STAU1	intronic	unknown	T;C;-;R||D;NONREP;-;-/-;intronic;STAU1;-;-;intronic;STAU1;-;-;intronic;STAU1;-;-;711;1033;1;1;1	.	TRUE	None	intronic
chr20:49134770:A:G	chr20:49134770:T:C	A:G	STAU1	intronic	unknown	.	.	FALSE	None	intronic
chr20:49134784:G:A	chr20:49134784:C:T	C:T	STAU1	intronic	unknown	.	.	FALSE	None	intronic
chr20:49134831:A:G	chr20:49134831:T:C	A:G	STAU1	intronic	unknown	.	.	FALSE	None	intronic
chr20:50840357:T:C	chr20:50840357:T:C	A:G	BCAS4	intronic	unknown	.	.	FALSE	None	intronic
chr20:50840371:T:C	chr20:50840371:T:C	A:G	BCAS4	intronic	unknown	.	.	FALSE	None	intronic
chr20:59000966:T:C	chr20:59000966:A:G	A:G	CTSZ	intronic	unknown	T;C;-;R||D;ALU;-;SINE/AluSz;intronic;CTSZ;-;-;intronic;CTSZ;-;-;intronic;CTSZ;-;-;-;437;26;40	Name=AluSz	TRUE	Alu	intronic
chr20:59000967:T:C	chr20:59000967:A:G	A:G	CTSZ	intronic	unknown	T;C;-;R||D;ALU;-;SINE/AluSz;intronic;CTSZ;-;-;intronic;CTSZ;-;-;intronic;CTSZ;-;-;-;432;26;42	Name=AluSz	TRUE	Alu	intronic
chr20:59001033:T:C	chr20:59001033:A:G	A:G	CTSZ	intronic	unknown	T;C;-;A||R||D;ALU;-;SINE/AluSz;intronic;CTSZ;-;-;intronic;CTSZ;-;-;intronic;CTSZ;-;-;-;461;28;43	Name=AluSz	TRUE	Alu	intronic
chr20:59001047:T:C	chr20:59001047:A:G	A:G	CTSZ	intronic	unknown	T;C;-;A||R||D;ALU;-;SINE/AluSz;intronic;CTSZ;-;-;intronic;CTSZ;-;-;intronic;CTSZ;-;-;-;477;28;45	Name=AluSz	TRUE	Alu	intronic
chr20:19941853:A:G	chr20:19941853:A:G	A:G	RIN2	intronic	unknown	A;G;+;A||R;ALU;-;SINE/AluSg;intronic;RIN2;-;-;intronic;RIN2;-;-;intronic;RIN2;-;-;-;5;5;5	Name=AluSg	TRUE	Alu	intronic
chr20:19941859:A:G	chr20:19941859:A:G	A:G	RIN2	intronic	unknown	A;G;+;A||R;ALU;-;SINE/AluSg;intronic;RIN2;-;-;intronic;RIN2;-;-;intronic;RIN2;-;-;-;9;6;6	Name=AluSg	TRUE	Alu	intronic
chr20:19941976:A:G	chr20:19941976:A:G	A:G	RIN2	intronic	unknown	A;G;+;A||R;ALU;-;SINE/AluSg;intronic;RIN2;-;-;intronic;RIN2;-;-;intronic;RIN2;-;-;-;3;3;3	Name=AluSg	TRUE	Alu	intronic
chr20:35031495:T:C	chr20:35031495:A:G	A:G	TRPC4AP	intronic	unknown	T;C;-;A||R||D;ALU;-;SINE/AluJb;intronic;TRPC4AP;-;-;intronic;TRPC4AP;-;-;intronic;TRPC4AP;-;-;-;218;22;40	Name=AluJb	TRUE	Alu	intronic
chr20:3700215:T:C	chr20:3700215:A:G	A:G	SIGLEC1	intronic	unknown	T;C;-;A||R;ALU;-;SINE/AluSx;intronic;SIGLEC1;-;-;intronic;SIGLEC1;-;-;intronic;SIGLEC1;-;-;-;46;9;13	Name=AluSx	TRUE	Alu	intronic
chr20:3700798:T:C	chr20:3700798:A:G	A:G	SIGLEC1	intronic	unknown	T;C;-;R;ALU;-;SINE/AluSc;intronic;SIGLEC1;-;-;intronic;SIGLEC1;-;-;intronic;SIGLEC1;-;-;-;10;5;6	Name=AluSc	TRUE	Alu	intronic
chr20:3868363:A:G	chr20:3868363:A:G	A:G	MAVS	UTR3	unknown	A;G;+;A||R||D;ALU;-;SINE/AluSx1;UTR3;MAVS;-;-;UTR3;MAVS;-;-;UTR3;MAVS;-;-;-;1909;30;55	Name=AluSx1	TRUE	Alu	UTR3
chr20:3868371:A:G	chr20:3868371:A:G	A:G	MAVS	UTR3	unknown	A;G;+;A||R||D;ALU;-;SINE/AluSx1;UTR3;MAVS;-;-;UTR3;MAVS;-;-;UTR3;MAVS;-;-;-;1780;30;54	Name=AluSx1	TRUE	Alu	UTR3
chr20:3868448:A:G	chr20:3868448:A:G	A:G	MAVS	UTR3	unknown	A;G;+;A||R||D;ALU;-;SINE/AluSx1;UTR3;MAVS;-;-;UTR3;MAVS;-;-;UTR3;MAVS;-;-;-;1369;30;54	Name=AluSx1	TRUE	Alu	UTR3
chr20:3868487:A:G	chr20:3868487:A:G	A:G	MAVS	UTR3	unknown	A;G;+;A||R||D;ALU;-;SINE/AluSx1;UTR3;MAVS;-;-;UTR3;MAVS;-;-;UTR3;MAVS;-;-;-;1598;30;54	Name=AluSx1	TRUE	Alu	UTR3
chr20:3868513:A:G	chr20:3868513:A:G	A:G	MAVS	UTR3	unknown	A;G;+;A||R||D;ALU;-;SINE/AluSx1;UTR3;MAVS;-;-;UTR3;MAVS;-;-;UTR3;MAVS;-;-;-;1540;30;55	Name=AluSx1	TRUE	Alu	UTR3
chr20:3868514:A:G	chr20:3868514:A:G	A:G	MAVS	UTR3	unknown	A;G;+;A||R||D;ALU;-;SINE/AluSx1;UTR3;MAVS;-;-;UTR3;MAVS;-;-;UTR3;MAVS;-;-;-;1574;30;54	Name=AluSx1	TRUE	Alu	UTR3
chr20:44885684:A:G	chr20:44885684:A:G	A:G	YWHAB	upstream	unknown	.	.	FALSE	None	upstream
chr20:46011750:A:G	chr20:46011750:A:G	A:G	MMP9	intronic	unknown	.	.	FALSE	None	intronic
chr20:46013496:C:T	chr20:46013496:C:T	C:T	MMP9	exonic	synonymous SNV	.	.	FALSE	None	exonic
chr20:5292906:T:C	chr20:5292906:A:G	A:G	PROKR2	downstream	unknown	.	.	FALSE	None	downstream
chr20:57488597:C:T	chr20:57488597:G:A	C:T	CTCFL	downstream	unknown	.	.	FALSE	None	downstream
chr20:59000915:T:C	chr20:59000915:A:G	A:G	CTSZ	intronic	unknown	T;C;-;A||R;ALU;-;SINE/AluSz;intronic;CTSZ;-;-;intronic;CTSZ;-;-;intronic;CTSZ;-;-;-;273;24;34	Name=AluSz	TRUE	Alu	intronic
chr20:63880744:A:G	chr20:63880744:A:G	A:G	TPD52L2	intronic	unknown	A;G;+;R;ALU;-;SINE/AluY;intronic;TPD52L2;-;-;intronic;TPD52L2;-;-;intronic;TPD52L2;-;-;-;40;15;19	Name=AluY	TRUE	Alu	intronic
chr20:3869544:A:G	chr20:3869544:A:G	A:G	MAVS	UTR3	unknown	A;G;+;A||R||D;ALU;-;SINE/AluJb;downstream;MAVS;-;-;UTR3;MAVS;-;-;UTR3;MAVS;-;-;-;2297;30;55	Name=AluJr4	TRUE	Alu	UTR3
chr20:4970615:T:C	chr20:4970615:A:G	A:G	SLC23A2	intronic	unknown	T;C;-;A||R;ALU;-;SINE/AluJo;intronic;SLC23A2;-;-;intronic;SLC23A2;-;-;intronic;SLC23A2;-;-;-;6;3;4	Name=AluJo	TRUE	Alu	intronic
chr20:63865266:A:G	chr20:63865266:A:G	A:G	TPD52L2	UTR5	unknown	.	.	FALSE	None	UTR5
chr20:32094402:A:G	chr20:32094402:A:G	A:G	HCK	intronic	unknown	A;G;+;R;ALU;-;SINE/AluJo;intronic;HCK;-;-;intronic;HCK;-;-;intronic;HCK;-;-;-;283;17;26	Name=AluJo	TRUE	Alu	intronic
chr20:32094567:A:G	chr20:32094567:A:G	A:G	HCK	intronic	unknown	A;G;+;R;ALU;-;SINE/AluJo;intronic;HCK;-;-;intronic;HCK;-;-;intronic;HCK;-;-;-;238;16;28	Name=AluJo	TRUE	Alu	intronic
chr20:36905507:C:T	chr20:36905507:G:A	C:T	SAMHD1	intronic	unknown	.	.	FALSE	None	intronic
chr20:36934803:T:C	chr20:36934803:A:G	A:G	SAMHD1	intronic	unknown	T;C;-;A||R;ALU;-;SINE/AluSq;intronic;SAMHD1;-;-;intronic;SAMHD1;-;-;intronic;SAMHD1;-;-;-;42;9;11	Name=AluSq2	TRUE	Alu	intronic
chr20:3700797:T:C	chr20:3700797:A:G	A:G	SIGLEC1	intronic	unknown	T;C;-;R;ALU;-;SINE/AluSc;intronic;SIGLEC1;-;-;intronic;SIGLEC1;-;-;intronic;SIGLEC1;-;-;-;11;5;7	Name=AluSc	TRUE	Alu	intronic
chr20:3700816:T:C	chr20:3700816:A:G	A:G	SIGLEC1	intronic	unknown	T;C;-;A||R;ALU;-;SINE/AluSc;intronic;SIGLEC1;-;-;intronic;SIGLEC1;-;-;intronic;SIGLEC1;-;-;-;20;6;9	Name=AluSc	TRUE	Alu	intronic
chr20:3869674:A:G	chr20:3869674:A:G	A:G	MAVS	UTR3	unknown	A;G;+;A||R||D;ALU;-;SINE/AluSx1;intergenic;MAVS||RP11-119B16.2;-;-;UTR3;MAVS;-;-;UTR3;MAVS;-;-;-;2105;30;55	Name=AluSx1	TRUE	Alu	UTR3
chr20:4969699:T:C	chr20:4969699:A:G	A:G	SLC23A2	intronic	unknown	T;C;-;A||R;ALU;-;SINE/AluJo;intronic;SLC23A2;-;-;intronic;SLC23A2;-;-;intronic;SLC23A2;-;-;-;13;6;7	Name=AluJo	TRUE	Alu	intronic
chr20:5065226:T:C	chr20:5065226:A:G	A:G	TMEM230	downstream	unknown	T;C;-;R;REP;-;SINE/FLAM_C;intergenic;RN7SL514P||RNA5SP474;-;-;intergenic;SLC23A2||TMEM230;-;-;intergenic;SLC23A2||TMEM230;-;-;-;36;12;15	Name=FLAM_C	TRUE	Other	downstream
chr20:18487707:T:C	chr20:18487707:A:G	A:G	RBBP9	UTR3	unknown	T;C;-;A||R||D;ALU;-;SINE/AluSz6;UTR3;RBBP9;-;-;UTR3;RBBP9;-;-;UTR3;RBBP9;-;-;-;1957;30;54	Name=AluSz6	TRUE	Alu	UTR3
chr20:18487824:T:C	chr20:18487824:A:G	A:G	RBBP9	UTR3	unknown	T;C;-;A||R||D;ALU;-;SINE/AluSz6;UTR3;RBBP9;-;-;UTR3;RBBP9;-;-;UTR3;RBBP9;-;-;-;1842;30;54	Name=AluSz6	TRUE	Alu	UTR3
chr20:18488443:T:C	chr20:18488443:A:G	A:G	RBBP9	UTR3	unknown	T;C;-;A||R||D;ALU;-;SINE/AluJr4;UTR3;RBBP9;-;-;UTR3;RBBP9;-;-;UTR3;RBBP9;-;-;-;1442;30;55	Name=AluJr	TRUE	Alu	UTR3
chr20:18488539:T:C	chr20:18488539:A:G	A:G	RBBP9	UTR3	unknown	T;C;-;A||R||D;ALU;-;SINE/AluJr4;UTR3;RBBP9;-;-;UTR3;RBBP9;-;-;UTR3;RBBP9;-;-;-;1414;30;55	Name=AluJr	TRUE	Alu	UTR3
chr20:32080568:A:G	chr20:32080568:A:G	A:G	HCK	intronic	unknown	A;G;+;R;ALU;-;SINE/AluJb;intronic;HCK;-;-;intronic;HCK;-;-;intronic;HCK;-;-;-;169;7;9	Name=AluSz6	TRUE	Alu	intronic
chr20:3867521:A:G	chr20:3867521:A:G	A:G	MAVS	UTR3	unknown	A;G;+;A||R||D;ALU;-;SINE/AluJr;UTR3;MAVS;-;-;UTR3;MAVS;-;-;UTR3;MAVS;-;-;-;2255;30;55	Name=AluJr	TRUE	Alu	UTR3
chr20:3868479:A:G	chr20:3868479:A:G	A:G	MAVS	UTR3	unknown	A;G;+;A||R||D;ALU;-;SINE/AluSx1;UTR3;MAVS;-;-;UTR3;MAVS;-;-;UTR3;MAVS;-;-;-;1303;30;55	Name=AluSx1	TRUE	Alu	UTR3
chr20:63865263:C:T	chr20:63865263:C:T	C:T	TPD52L2	UTR5	unknown	.	.	FALSE	None	UTR5
chr20:18487708:T:C	chr20:18487708:A:G	A:G	RBBP9	UTR3	unknown	T;C;-;A||R||D;ALU;-;SINE/AluSz6;UTR3;RBBP9;-;-;UTR3;RBBP9;-;-;UTR3;RBBP9;-;-;-;944;30;54	Name=AluSz6	TRUE	Alu	UTR3
chr20:18487717:T:C	chr20:18487717:A:G	A:G	RBBP9	UTR3	unknown	T;C;-;A||R||D;ALU;-;SINE/AluSz6;UTR3;RBBP9;-;-;UTR3;RBBP9;-;-;UTR3;RBBP9;-;-;-;1316;30;54	Name=AluSz6	TRUE	Alu	UTR3
chr20:18487867:T:C	chr20:18487867:A:G	A:G	RBBP9	UTR3	unknown	T;C;-;A||R||D;ALU;-;SINE/AluSz6;UTR3;RBBP9;-;-;UTR3;RBBP9;-;-;UTR3;RBBP9;-;-;-;2260;30;55	Name=AluSz6	TRUE	Alu	UTR3
chr20:18488538:T:C	chr20:18488538:A:G	A:G	RBBP9	UTR3	unknown	T;C;-;A||R||D;ALU;-;SINE/AluJr4;UTR3;RBBP9;-;-;UTR3;RBBP9;-;-;UTR3;RBBP9;-;-;-;1500;30;54	Name=AluJr	TRUE	Alu	UTR3
chr20:45895980:A:G	chr20:45895980:A:G	A:G	CTSA	intronic	unknown	A;G;+;A||R||D;ALU;-;SINE/AluSq;intronic;CTSA;-;-;intronic;CTSA;-;-;intronic;CTSA;-;-;-;1545;30;54	Name=AluSq	TRUE	Alu	intronic
chr20:9641331:A:G	chr20:9641331:T:C	A:G	PAK5	intronic	unknown	.	Name=LTR12C	FALSE	Other	intronic
chr20:18488498:T:C	chr20:18488498:A:G	A:G	RBBP9	UTR3	unknown	T;C;-;A||R;ALU;-;SINE/AluJr4;UTR3;RBBP9;-;-;UTR3;RBBP9;-;-;UTR3;RBBP9;-;-;-;1303;30;55	Name=AluJr	TRUE	Alu	UTR3
chr20:428600:G:A	chr20:428600:G:A	C:T	RBCK1	intronic	unknown	.	.	FALSE	None	intronic
chr20:428601:A:G	chr20:428601:A:G	A:G	RBCK1	intronic	unknown	.	.	FALSE	None	intronic
chr20:49275629:T:C	chr20:49275629:A:G	A:G	ZNFX1	intronic	unknown	T;C;-;A||R;ALU;-;SINE/AluJr;intronic;ZNFX1;-;-;intronic;ZNFX1;-;-;intronic;ZNFX1;-;-;-;6;4;5	Name=AluJr	TRUE	Alu	intronic
chr20:49944138:A:G	chr20:49944138:A:G	A:G	RNF114	intronic	unknown	A;G;+;A||R||D;ALU;-;SINE/AluSz6;intronic;RNF114;-;-;intronic;RNF114;-;-;intronic;RNF114;-;-;-;2168;30;54	Name=AluSz6	TRUE	Alu	intronic
chr20:18487828:T:C	chr20:18487828:A:G	A:G	RBBP9	UTR3	unknown	T;C;-;A||R||D;ALU;-;SINE/AluSz6;UTR3;RBBP9;-;-;UTR3;RBBP9;-;-;UTR3;RBBP9;-;-;-;2024;30;55	Name=AluSz6	TRUE	Alu	UTR3
chr20:1489914:T:C	chr20:1489914:A:G	A:G	SIRPB2	intronic	unknown	T;C;-;A;REP;-;DNA/MER45A;intronic;SIRPB2;-;-;intronic;SIRPB2;-;-;intronic;SIRPB2;-;-;-;67;10;14	Name=MER45A	TRUE	Other	intronic
chr20:56601947:T:C	chr20:56601947:T:C	A:G	LINC01716	downstream	unknown	.	.	FALSE	None	downstream
chr20:57488699:T:C	chr20:57488699:A:G	A:G	CTCFL	downstream	unknown	.	.	FALSE	None	downstream
chr20:18487830:T:C	chr20:18487830:A:G	A:G	RBBP9	UTR3	unknown	T;C;-;A||R||D;ALU;-;SINE/AluSz6;UTR3;RBBP9;-;-;UTR3;RBBP9;-;-;UTR3;RBBP9;-;-;-;1801;30;55	Name=AluSz6	TRUE	Alu	UTR3
chr20:18488410:T:C	chr20:18488410:A:G	A:G	RBBP9	UTR3	unknown	T;C;-;A||R||D;ALU;-;SINE/AluJr4;UTR3;RBBP9;-;-;UTR3;RBBP9;-;-;UTR3;RBBP9;-;-;-;1489;30;54	Name=AluJr	TRUE	Alu	UTR3
chr20:411702:A:G	chr20:411702:A:G	A:G	RBCK1	intronic	unknown	A;G;+;A||R;ALU;-;SINE/AluJb;intronic;RBCK1;-;-;intronic;RBCK1;-;-;intronic;RBCK1;-;-;-;245;30;45	Name=AluJo	TRUE	Alu	intronic
chr20:49943935:A:G	chr20:49943935:A:G	A:G	RNF114	intronic	unknown	A;G;+;R;ALU;-;SINE/AluY;intronic;RNF114;-;-;intronic;RNF114;-;-;intronic;RNF114;-;-;-;265;26;39	Name=AluY	TRUE	Alu	intronic
chr20:49944162:A:G	chr20:49944162:A:G	A:G	RNF114	intronic	unknown	A;G;+;A||R||D;ALU;-;SINE/AluSz6;intronic;RNF114;-;-;intronic;RNF114;-;-;intronic;RNF114;-;-;-;2219;30;54	Name=AluSz6	TRUE	Alu	intronic
chr20:3869487:A:G	chr20:3869487:A:G	A:G	MAVS	UTR3	unknown	A;G;+;A||R||D;ALU;-;SINE/AluJb;downstream;MAVS;-;-;UTR3;MAVS;-;-;UTR3;MAVS;-;-;-;2148;30;55	Name=AluJr4	TRUE	Alu	UTR3
chr20:2655589:T:C	chr20:2655589:T:C	A:G	NOP56	intronic	unknown	.	.	FALSE	None	intronic
chr20:2655593:A:G	chr20:2655593:A:G	A:G	NOP56	splicing	unknown	.	.	FALSE	None	splicing
chr20:4794702:T:C	chr20:4794702:A:G	A:G	RASSF2	intronic	unknown	T;C;-;A||R||D;ALU;-;SINE/AluJb;intronic;RASSF2;-;-;intronic;RASSF2;-;-;intronic;RASSF2;-;-;-;186;13;19	Name=AluJr	TRUE	Alu	intronic
chr20:49943980:A:G	chr20:49943980:A:G	A:G	RNF114	intronic	unknown	A;G;+;A||R;ALU;-;SINE/AluY;intronic;RNF114;-;-;intronic;RNF114;-;-;intronic;RNF114;-;-;-;1348;30;53	Name=AluY	TRUE	Alu	intronic
chr20:49259718:T:C	chr20:49259718:A:G	A:G	ZNFX1	intronic	unknown	T;C;-;A||R||D;ALU;-;SINE/AluJo;intronic;ZNFX1;-;-;intronic;ZNFX1;-;-;intronic;ZNFX1;-;-;-;15;7;8	Name=AluJo	TRUE	Alu	intronic
chr20:5063497:T:C	chr20:5063497:A:G	A:G	TMEM230	downstream	unknown	T;C;-;R;ALU;-;SINE/AluSz;intergenic;RN7SL514P||RNA5SP474;-;-;intergenic;SLC23A2||TMEM230;-;-;intergenic;SLC23A2||TMEM230;-;-;-;26;10;17	Name=AluSz	TRUE	Alu	downstream
chr20:34014278:A:G	chr20:34014278:A:G	A:G	RALY	intronic	unknown	.	.	FALSE	None	intronic
chr20:5063425:T:C	chr20:5063425:A:G	A:G	TMEM230	downstream	unknown	T;C;-;A||R;ALU;-;SINE/AluSz;intergenic;RN7SL514P||RNA5SP474;-;-;intergenic;SLC23A2||TMEM230;-;-;intergenic;SLC23A2||TMEM230;-;-;-;19;10;12	Name=AluSz	TRUE	Alu	downstream
chr20:5063426:T:C	chr20:5063426:A:G	A:G	TMEM230	downstream	unknown	T;C;-;A||R;ALU;-;SINE/AluSz;intergenic;RN7SL514P||RNA5SP474;-;-;intergenic;SLC23A2||TMEM230;-;-;intergenic;SLC23A2||TMEM230;-;-;-;13;8;10	Name=AluSz	TRUE	Alu	downstream
chr20:49710557:T:C	chr20:49710557:A:G	A:G	B4GALT5	intronic	unknown	T;C;-;A||R;ALU;-;SINE/AluSg4;intronic;B4GALT5;-;-;intronic;B4GALT5;-;-;intronic;B4GALT5;-;-;-;3;3;3	Name=AluSg4	TRUE	Alu	intronic
chr20:32434573:G:A	chr20:32434573:G:A	C:T	ASXL1	exonic	nonsynonymous SNV	.	.	FALSE	None	exonic
chr20:3868451:A:G	chr20:3868451:A:G	A:G	MAVS	UTR3	unknown	A;G;+;A||R||D;ALU;-;SINE/AluSx1;UTR3;MAVS;-;-;UTR3;MAVS;-;-;UTR3;MAVS;-;-;-;1329;30;54	Name=AluSx1	TRUE	Alu	UTR3
chr20:49275520:T:C	chr20:49275520:A:G	A:G	ZNFX1	intronic	unknown	T;C;-;A||R||D;ALU;-;SINE/AluJr;intronic;ZNFX1;-;-;intronic;ZNFX1;-;-;intronic;ZNFX1;-;-;-;4;3;3	Name=AluJr	TRUE	Alu	intronic
chr20:5008839:T:C	chr20:5008839:A:G	A:G	SLC23A2	intronic	unknown	T;C;-;R;REP;-;SINE/FLAM_C;intronic;SLC23A2;-;-;intronic;SLC23A2;-;-;intronic;SLC23A2;-;-;-;0;0;0	Name=FLAM_C	TRUE	Other	intronic
chr20:3694208:C:T	chr20:3694208:G:A	C:T	SIGLEC1	intronic	unknown	.	Name=(AC)n	FALSE	Simple
repeat	intronic
chr20:3694214:C:T	chr20:3694214:G:A	C:T	SIGLEC1	intronic	unknown	.	Name=(AC)n	FALSE	Simple
repeat	intronic
chr20:3694209:A:G	chr20:3694209:T:C	A:G	SIGLEC1	intronic	unknown	.	Name=(AC)n	FALSE	Simple
repeat	intronic
chr21:33264079:A:G	chr21:33264079:A:G	A:G	IFNAR2	UTR3	unknown	A;G;+;A||R||D;ALU;-;SINE/AluSx1;ncRNA_exonic;IL10RB-AS1;-;-;UTR3;IFNAR2;-;-;UTR3;IFNAR2;-;-;-;1841;30;55	Name=AluSx1	TRUE	Alu	UTR3
chr21:33264783:A:G	chr21:33264783:A:G	A:G	IFNAR2	UTR3	unknown	A;G;+;A||R;ALU;-;SINE/AluSz6;ncRNA_exonic;IL10RB-AS1;-;-;downstream;IFNAR2||IL10RB-AS1;-;-;intronic;IL10RB;-;-;-;1827;30;55	Name=AluSz6	TRUE	Alu	UTR3
chr21:33264844:A:G	chr21:33264844:A:G	A:G	IFNAR2	UTR3	unknown	A;G;+;A||R||D;ALU;-;SINE/AluSz6;ncRNA_exonic;IL10RB-AS1;-;-;downstream;IFNAR2||IL10RB-AS1;-;-;intronic;IL10RB;-;-;-;2175;30;55	Name=AluSz6	TRUE	Alu	UTR3
chr21:33264854:A:G	chr21:33264854:A:G	A:G	IFNAR2	UTR3	unknown	A;G;+;A||R||D;ALU;-;SINE/AluSz6;ncRNA_exonic;IL10RB-AS1;-;-;downstream;IFNAR2||IL10RB-AS1;-;-;intronic;IL10RB;-;-;-;2186;30;55	Name=AluSz6	TRUE	Alu	UTR3
chr21:33264911:A:G	chr21:33264911:A:G	A:G	IFNAR2	UTR3	unknown	A;G;+;A||R||D;ALU;-;SINE/AluSz6;ncRNA_exonic;IL10RB-AS1;-;-;downstream;IFNAR2||IL10RB-AS1;-;-;intronic;IL10RB;-;-;-;1960;30;54	Name=AluSz6	TRUE	Alu	UTR3
chr21:33264920:A:G	chr21:33264920:A:G	A:G	IFNAR2	UTR3	unknown	A;G;+;A||R||D;ALU;-;SINE/AluSz6;ncRNA_exonic;IL10RB-AS1;-;-;downstream;IFNAR2||IL10RB-AS1;-;-;intronic;IL10RB;-;-;-;2173;30;54	Name=AluSz6	TRUE	Alu	UTR3
chr21:33264941:A:G	chr21:33264941:A:G	A:G	IFNAR2	UTR3	unknown	A;G;+;A||R;ALU;-;SINE/AluSz6;ncRNA_exonic;IL10RB-AS1;-;-;downstream;IFNAR2||IL10RB-AS1;-;-;intronic;IL10RB;-;-;-;2225;30;55	Name=AluSz6	TRUE	Alu	UTR3
chr21:33427034:C:T	chr21:33427034:C:T	C:T	IFNGR2	splicing	unknown	.	.	FALSE	None	splicing
chr21:36135313:G:A	chr21:36135313:G:A	C:T	CBR3	exonic	nonsynonymous SNV	.	.	FALSE	None	exonic
chr21:36135333:G:A	chr21:36135333:G:A	C:T	CBR3	exonic	synonymous SNV	.	.	FALSE	None	exonic
chr21:36135375:A:G	chr21:36135375:A:G	A:G	CBR3	exonic	synonymous SNV	.	.	FALSE	None	exonic
chr21:36135390:C:T	chr21:36135390:C:T	C:T	CBR3	exonic	synonymous SNV	.	.	FALSE	None	exonic
chr21:36135391:T:C	chr21:36135391:T:C	A:G	CBR3	exonic	synonymous SNV	.	.	FALSE	None	exonic
chr21:14510015:T:C	chr21:14510015:A:G	A:G	SAMSN1	intronic	unknown	.	Name=AluY	FALSE	Alu	intronic
chr21:14544189:T:C	chr21:14544189:A:G	A:G	SAMSN1	intronic	unknown	T;C;-;A||R;ALU;-;SINE/AluJb;intronic;SAMSN1;-;-;intronic;SAMSN1;-;-;intronic;SAMSN1;-;-;-;28;7;7	Name=AluJb	TRUE	Alu	intronic
chr21:33263998:A:G	chr21:33263998:A:G	A:G	IFNAR2	UTR3	unknown	A;G;+;A||R||D;ALU;-;SINE/AluSx1;ncRNA_exonic;IL10RB-AS1;-;-;UTR3;IFNAR2;-;-;UTR3;IFNAR2;-;-;-;1652;30;55	Name=AluSx1	TRUE	Alu	UTR3
chr21:33264056:A:G	chr21:33264056:A:G	A:G	IFNAR2	UTR3	unknown	A;G;+;A||R||D;ALU;-;SINE/AluSx1;ncRNA_exonic;IL10RB-AS1;-;-;UTR3;IFNAR2;-;-;UTR3;IFNAR2;-;-;-;1632;30;55	Name=AluSx1	TRUE	Alu	UTR3
chr21:33264080:A:G	chr21:33264080:A:G	A:G	IFNAR2	UTR3	unknown	A;G;+;A||R||D;ALU;-;SINE/AluSx1;ncRNA_exonic;IL10RB-AS1;-;-;UTR3;IFNAR2;-;-;UTR3;IFNAR2;-;-;-;1213;30;54	Name=AluSx1	TRUE	Alu	UTR3
chr21:33264841:A:G	chr21:33264841:A:G	A:G	IFNAR2	UTR3	unknown	A;G;+;A||R||D;ALU;-;SINE/AluSz6;ncRNA_exonic;IL10RB-AS1;-;-;downstream;IFNAR2||IL10RB-AS1;-;-;intronic;IL10RB;-;-;-;2;2;2	Name=AluSz6	TRUE	Alu	UTR3
chr21:33231766:A:G	chr21:33231766:A:G	A:G	IFNAR2	intronic	unknown	A;G;+;A||R||D;ALU;-;SINE/AluSz;intronic;IFNAR2;-;-;intronic;IFNAR2;-;-;intronic;IFNAR2;-;-;-;136;20;28	Name=AluSz	TRUE	Alu	intronic
chr21:33263988:A:G	chr21:33263988:A:G	A:G	IFNAR2	UTR3	unknown	A;G;+;A||R||D;ALU;-;SINE/AluSx1;ncRNA_exonic;IL10RB-AS1;-;-;UTR3;IFNAR2;-;-;UTR3;IFNAR2;-;-;-;1865;30;55	Name=AluSx1	TRUE	Alu	UTR3
chr21:33264042:A:G	chr21:33264042:A:G	A:G	IFNAR2	UTR3	unknown	A;G;+;A||R||D;ALU;-;SINE/AluSx1;ncRNA_exonic;IL10RB-AS1;-;-;UTR3;IFNAR2;-;-;UTR3;IFNAR2;-;-;-;1326;30;55	Name=AluSx1	TRUE	Alu	UTR3
chr21:33357802:A:G	chr21:33357802:A:G	A:G	IFNAR1	UTR3	unknown	A;G;+;A||R||D;ALU;-;SINE/AluSg7;UTR3;IFNAR1;-;-;UTR3;IFNAR1;-;-;UTR3;IFNAR1;-;-;-;1840;30;54	Name=AluSg7	TRUE	Alu	UTR3
chr21:33361809:T:C	chr21:33361809:T:C	A:G	IFNAR1	downstream	unknown	.	Name=AluSq2	FALSE	Alu	downstream
chr21:33361818:T:C	chr21:33361818:T:C	A:G	IFNAR1	downstream	unknown	.	Name=AluSq2	FALSE	Alu	downstream
chr21:33912401:T:C	chr21:33912401:A:G	A:G	ATP5PO	splicing	unknown	.	.	FALSE	None	splicing
chr21:36294900:C:T	chr21:36294900:C:T	C:T	DOP1B	downstream	unknown	.	.	FALSE	None	downstream
chr21:33231767:A:G	chr21:33231767:A:G	A:G	IFNAR2	intronic	unknown	A;G;+;A||R||D;ALU;-;SINE/AluSz;intronic;IFNAR2;-;-;intronic;IFNAR2;-;-;intronic;IFNAR2;-;-;-;144;17;25	Name=AluSz	TRUE	Alu	intronic
chr21:33361756:T:C	chr21:33361756:T:C	A:G	IFNAR1	downstream	unknown	.	Name=AluSq2	FALSE	Alu	downstream
chr21:41427975:A:G	chr21:41427975:A:G	A:G	MX1	intronic	unknown	A;G;+;A||R;ALU;-;SINE/AluSz6;intronic;MX1;-;-;intronic;MX1;-;-;intronic;MX1;-;-;-;33;7;7	Name=AluSz6	TRUE	Alu	intronic
chr21:41427980:A:G	chr21:41427980:A:G	A:G	MX1	intronic	unknown	A;G;+;A||R;ALU;-;SINE/AluSz6;intronic;MX1;-;-;intronic;MX1;-;-;intronic;MX1;-;-;-;33;6;6	Name=AluSz6	TRUE	Alu	intronic
chr21:41428035:A:G	chr21:41428035:A:G	A:G	MX1	intronic	unknown	A;G;+;A||R||D;ALU;-;SINE/AluSz6;intronic;MX1;-;-;intronic;MX1;-;-;intronic;MX1;-;-;-;52;12;12	Name=AluSz6	TRUE	Alu	intronic
chr21:41428051:A:G	chr21:41428051:A:G	A:G	MX1	intronic	unknown	A;G;+;A||R||D;ALU;-;SINE/AluSz6;intronic;MX1;-;-;intronic;MX1;-;-;intronic;MX1;-;-;-;45;9;9	Name=AluSz6	TRUE	Alu	intronic
chr21:41429787:A:G	chr21:41429787:A:G	A:G	MX1	intronic	unknown	A;G;+;A||R||D;ALU;-;SINE/AluSc8;intronic;MX1;-;-;intronic;MX1;-;-;intronic;MX1;-;-;-;43;6;7	Name=AluSc8	TRUE	Alu	intronic
chr21:41429857:A:G	chr21:41429857:A:G	A:G	MX1	intronic	unknown	A;G;+;A||R||D;ALU;-;SINE/AluSc8;intronic;MX1;-;-;intronic;MX1;-;-;intronic;MX1;-;-;-;15;5;5	Name=AluSc8	TRUE	Alu	intronic
chr21:41447810:A:G	chr21:41447810:A:G	A:G	MX1	intronic	unknown	A;G;+;R;ALU;-;SINE/AluSx1;intronic;MX1;-;-;intronic;MX1;-;-;intronic;MX1;-;-;-;224;24;33	Name=AluSx1	TRUE	Alu	intronic
chr21:41447829:A:G	chr21:41447829:A:G	A:G	MX1	intronic	unknown	A;G;+;R||D;ALU;-;SINE/AluSx1;intronic;MX1;-;-;intronic;MX1;-;-;intronic;MX1;-;-;-;591;29;43	Name=AluSx1	TRUE	Alu	intronic
chr21:41447836:A:G	chr21:41447836:A:G	A:G	MX1	intronic	unknown	A;G;+;R||D;ALU;-;SINE/AluSx1;intronic;MX1;-;-;intronic;MX1;-;-;intronic;MX1;-;-;-;511;30;43	Name=AluSx1	TRUE	Alu	intronic
chr21:41447840:A:G	chr21:41447840:A:G	A:G	MX1	intronic	unknown	A;G;+;R||D;ALU;-;SINE/AluSx1;intronic;MX1;-;-;intronic;MX1;-;-;intronic;MX1;-;-;-;360;28;38	Name=AluSx1	TRUE	Alu	intronic
chr21:41447871:A:G	chr21:41447871:A:G	A:G	MX1	intronic	unknown	A;G;+;R||D;ALU;-;SINE/AluSx1;intronic;MX1;-;-;intronic;MX1;-;-;intronic;MX1;-;-;-;527;30;43	Name=AluSx1	TRUE	Alu	intronic
chr21:41447910:A:G	chr21:41447910:A:G	A:G	MX1	intronic	unknown	A;G;+;A||R||D;ALU;-;SINE/AluSx1;intronic;MX1;-;-;intronic;MX1;-;-;intronic;MX1;-;-;-;436;28;41	Name=AluSx1	TRUE	Alu	intronic
chr21:41447981:A:G	chr21:41447981:A:G	A:G	MX1	intronic	unknown	A;G;+;A||R||D;ALU;-;SINE/AluSx1;intronic;MX1;-;-;intronic;MX1;-;-;intronic;MX1;-;-;-;577;29;43	Name=AluSx1	TRUE	Alu	intronic
chr21:41448003:A:G	chr21:41448003:A:G	A:G	MX1	intronic	unknown	A;G;+;A||R||D;ALU;-;SINE/AluSx1;intronic;MX1;-;-;intronic;MX1;-;-;intronic;MX1;-;-;-;547;29;43	Name=AluSx1	TRUE	Alu	intronic
chr21:41448012:A:G	chr21:41448012:A:G	A:G	MX1	intronic	unknown	A;G;+;R;ALU;-;SINE/AluSx1;intronic;MX1;-;-;intronic;MX1;-;-;intronic;MX1;-;-;-;306;26;36	Name=AluSx1	TRUE	Alu	intronic
chr21:41448542:A:G	chr21:41448542:A:G	A:G	MX1	intronic	unknown	A;G;+;A||R||D;ALU;-;SINE/AluY;intronic;MX1;-;-;intronic;MX1;-;-;intronic;MX1;-;-;-;362;28;39	Name=AluY	TRUE	Alu	intronic
chr21:41448550:A:G	chr21:41448550:A:G	A:G	MX1	intronic	unknown	A;G;+;A||R||D;ALU;-;SINE/AluY;intronic;MX1;-;-;intronic;MX1;-;-;intronic;MX1;-;-;-;283;28;37	Name=AluY	TRUE	Alu	intronic
chr21:41448551:A:G	chr21:41448551:A:G	A:G	MX1	intronic	unknown	A;G;+;A||R||D;ALU;-;SINE/AluY;intronic;MX1;-;-;intronic;MX1;-;-;intronic;MX1;-;-;-;274;27;37	Name=AluY	TRUE	Alu	intronic
chr21:41448598:A:G	chr21:41448598:A:G	A:G	MX1	intronic	unknown	A;G;+;R;ALU;-;SINE/AluY;intronic;MX1;-;-;intronic;MX1;-;-;intronic;MX1;-;-;-;123;19;26	Name=AluY	TRUE	Alu	intronic
chr21:41448627:A:G	chr21:41448627:A:G	A:G	MX1	intronic	unknown	A;G;+;R;ALU;-;SINE/AluY;intronic;MX1;-;-;intronic;MX1;-;-;intronic;MX1;-;-;-;133;24;30	Name=AluY	TRUE	Alu	intronic
chr21:41448718:A:G	chr21:41448718:A:G	A:G	MX1	intronic	unknown	A;G;+;R||D;ALU;-;SINE/AluY;intronic;MX1;-;-;intronic;MX1;-;-;intronic;MX1;-;-;-;225;22;31	Name=AluY	TRUE	Alu	intronic
chr21:41448726:A:G	chr21:41448726:A:G	A:G	MX1	intronic	unknown	A;G;+;R;ALU;-;SINE/AluY;intronic;MX1;-;-;intronic;MX1;-;-;intronic;MX1;-;-;-;244;24;35	Name=AluY	TRUE	Alu	intronic
chr21:41448788:A:G	chr21:41448788:A:G	A:G	MX1	intronic	unknown	A;G;+;A||R||D;ALU;-;SINE/AluY;intronic;MX1;-;-;intronic;MX1;-;-;intronic;MX1;-;-;-;569;29;48	Name=AluY	TRUE	Alu	intronic
chr21:41447767:A:G	chr21:41447767:A:G	A:G	MX1	intronic	unknown	A;G;+;R||D;ALU;-;SINE/AluSx1;intronic;MX1;-;-;intronic;MX1;-;-;intronic;MX1;-;-;-;412;29;43	Name=AluSx1	TRUE	Alu	intronic
chr21:33231876:A:G	chr21:33231876:A:G	A:G	IFNAR2	intronic	unknown	A;G;+;A||R||D;ALU;-;SINE/AluSz;intronic;IFNAR2;-;-;intronic;IFNAR2;-;-;intronic;IFNAR2;-;-;-;104;14;17	Name=AluSz	TRUE	Alu	intronic
chr21:41428045:A:G	chr21:41428045:A:G	A:G	MX1	intronic	unknown	A;G;+;A||R||D;ALU;-;SINE/AluSz6;intronic;MX1;-;-;intronic;MX1;-;-;intronic;MX1;-;-;-;42;8;8	Name=AluSz6	TRUE	Alu	intronic
chr21:41429797:A:G	chr21:41429797:A:G	A:G	MX1	intronic	unknown	A;G;+;R||D;ALU;-;SINE/AluSc8;intronic;MX1;-;-;intronic;MX1;-;-;intronic;MX1;-;-;-;27;3;3	Name=AluSc8	TRUE	Alu	intronic
chr21:41447831:A:G	chr21:41447831:A:G	A:G	MX1	intronic	unknown	A;G;+;R;ALU;-;SINE/AluSx1;intronic;MX1;-;-;intronic;MX1;-;-;intronic;MX1;-;-;-;259;26;36	Name=AluSx1	TRUE	Alu	intronic
chr21:41447939:A:G	chr21:41447939:A:G	A:G	MX1	intronic	unknown	A;G;+;A||R||D;ALU;-;SINE/AluSx1;intronic;MX1;-;-;intronic;MX1;-;-;intronic;MX1;-;-;-;271;24;33	Name=AluSx1	TRUE	Alu	intronic
chr21:41448626:A:G	chr21:41448626:A:G	A:G	MX1	intronic	unknown	A;G;+;R;ALU;-;SINE/AluY;intronic;MX1;-;-;intronic;MX1;-;-;intronic;MX1;-;-;-;159;22;29	Name=AluY	TRUE	Alu	intronic
chr21:41448715:A:G	chr21:41448715:A:G	A:G	MX1	intronic	unknown	A;G;+;R||D;ALU;-;SINE/AluY;intronic;MX1;-;-;intronic;MX1;-;-;intronic;MX1;-;-;-;226;23;34	Name=AluY	TRUE	Alu	intronic
chr21:41457021:A:G	chr21:41457021:A:G	A:G	MX1	intronic	unknown	A;G;+;A||R||D;ALU;-;SINE/AluSg;intronic;MX1;-;-;intronic;MX1;-;-;intronic;MX1;-;-;-;87;19;24	Name=AluSx4	TRUE	Alu	intronic
chr21:33263959:A:G	chr21:33263959:A:G	A:G	IFNAR2	UTR3	unknown	A;G;+;A||R;ALU;-;SINE/AluSx1;ncRNA_exonic;IL10RB-AS1;-;-;UTR3;IFNAR2;-;-;UTR3;IFNAR2;-;-;-;953;29;52	Name=AluSx1	TRUE	Alu	UTR3
chr21:33357771:A:G	chr21:33357771:A:G	A:G	IFNAR1	UTR3	unknown	A;G;+;A||R||D;ALU;-;SINE/AluSg7;UTR3;IFNAR1;-;-;UTR3;IFNAR1;-;-;UTR3;IFNAR1;-;-;-;1370;30;54	Name=AluSg7	TRUE	Alu	UTR3
chr21:44910787:T:C	chr21:44910787:A:G	A:G	ITGB2	splicing	unknown	.	.	FALSE	None	splicing
chr21:33357628:A:G	chr21:33357628:A:G	A:G	IFNAR1	UTR3	unknown	A;G;+;A||R||D;ALU;-;SINE/AluSg7;UTR3;IFNAR1;-;-;UTR3;IFNAR1;-;-;UTR3;IFNAR1;-;-;-;1353;29;52	Name=AluSg7	TRUE	Alu	UTR3
chr21:41447110:A:G	chr21:41447110:A:G	A:G	MX1	intronic	unknown	.	Name=MLT1B	FALSE	Other	intronic
chr21:44910789:T:C	chr21:44910789:A:G	A:G	ITGB2	intronic	unknown	.	.	FALSE	None	intronic
chr21:43747015:A:G	chr21:43747015:A:G	A:G	PDXK	intronic	unknown	A;G;+;A||R||D;ALU;-;SINE/AluJb;intronic;PDXK;-;-;intronic;PDXK;-;-;intronic;PDXK;-;-;-;742;29;53	Name=AluJb	TRUE	Alu	intronic
chr21:43746687:A:G	chr21:43746687:A:G	A:G	PDXK	intronic	unknown	A;G;+;A||R||D;ALU;-;SINE/AluSz6;intronic;PDXK;-;-;intronic;PDXK;-;-;intronic;PDXK;-;-;-;604;29;51	Name=AluSz6	TRUE	Alu	intronic
chr22:17110377:A:G	chr22:17110377:A:G	A:G	IL17RA	UTR3	unknown	A;G;+;A||R||D;ALU;-;SINE/AluSz;UTR3;IL17RA;-;-;UTR3;IL17RA;-;-;UTR3;IL17RA;-;-;-;1683;30;53	Name=AluSz	TRUE	Alu	UTR3
chr22:17189154:T:C	chr22:17189154:A:G	A:G	ADA2	intronic	unknown	T;C;-;A||R||D;ALU;-;SINE/AluSx;intronic;CECR1;-;-;intronic;CECR1;-;-;intronic;CECR1;-;-;-;264;24;38	Name=AluSx	TRUE	Alu	intronic
chr22:17189155:T:C	chr22:17189155:A:G	A:G	ADA2	intronic	unknown	T;C;-;A||R||D;ALU;-;SINE/AluSx;intronic;CECR1;-;-;intronic;CECR1;-;-;intronic;CECR1;-;-;-;255;26;41	Name=AluSx	TRUE	Alu	intronic
chr22:17197386:T:C	chr22:17197386:A:G	A:G	ADA2	intronic	unknown	T;C;-;A||R||D;ALU;-;SINE/AluJb;intronic;CECR1;-;-;intronic;CECR1;-;-;intronic;CECR1;-;-;-;29;9;11	Name=AluJb	TRUE	Alu	intronic
chr22:17197479:T:C	chr22:17197479:A:G	A:G	ADA2	intronic	unknown	T;C;-;A||R||D;ALU;-;SINE/AluJb;intronic;CECR1;-;-;intronic;CECR1;-;-;intronic;CECR1;-;-;-;31;7;8	Name=AluJb	TRUE	Alu	intronic
chr22:17212103:T:C	chr22:17212103:A:G	A:G	ADA2	intronic	unknown	T;C;-;A||R;ALU;-;SINE/AluSq2;intronic;CECR1;-;-;intronic;CECR1;-;-;intronic;CECR1;-;-;-;24;4;5	Name=AluSq2	TRUE	Alu	intronic
chr22:17212162:T:C	chr22:17212162:A:G	A:G	ADA2	intronic	unknown	T;C;-;R||D;ALU;-;SINE/AluSq2;intronic;CECR1;-;-;intronic;CECR1;-;-;intronic;CECR1;-;-;-;8;4;4	Name=AluSq2	TRUE	Alu	intronic
chr22:17212189:T:C	chr22:17212189:A:G	A:G	ADA2	intronic	unknown	T;C;-;R;ALU;-;SINE/AluSq2;intronic;CECR1;-;-;intronic;CECR1;-;-;intronic;CECR1;-;-;-;15;4;5	Name=AluSq2	TRUE	Alu	intronic
chr22:17212286:T:C	chr22:17212286:A:G	A:G	ADA2	intronic	unknown	T;C;-;A||R||D;ALU;-;SINE/AluSq2;intronic;CECR1;-;-;intronic;CECR1;-;-;intronic;CECR1;-;-;-;89;11;14	Name=AluSq2	TRUE	Alu	intronic
chr22:35838661:A:G	chr22:35838661:T:C	A:G	RBFOX2	intronic	unknown	.	.	FALSE	None	intronic
chr22:39018767:A:G	chr22:39018767:A:G	A:G	APOBEC3C	UTR3	unknown	A;G;+;A||R||D;ALU;-;SINE/AluJb;UTR3;APOBEC3C;-;-;UTR3;APOBEC3C;-;-;UTR3;APOBEC3C;-;-;-;1474;30;52	Name=AluJb	TRUE	Alu	UTR3
chr22:39018907:A:G	chr22:39018907:A:G	A:G	APOBEC3C	UTR3	unknown	A;G;+;A||R||D;ALU;-;SINE/AluJb;UTR3;APOBEC3C;-;-;downstream;APOBEC3C;-;-;downstream;APOBEC3C;-;-;-;1731;30;52	Name=AluJb	TRUE	Alu	UTR3
chr22:39019867:A:G	chr22:39019867:A:G	A:G	APOBEC3C	UTR3	unknown	A;G;+;A||R||D;ALU;-;SINE/AluSq2;UTR3;APOBEC3C;-;-;intergenic;APOBEC3C||APOBEC3D;-;-;intergenic;APOBEC3C||APOBEC3D;-;-;-;1300;30;54	Name=AluSq2	TRUE	Alu	UTR3
chr22:39019900:A:G	chr22:39019900:A:G	A:G	APOBEC3C	UTR3	unknown	A;G;+;A||R||D;ALU;-;SINE/AluSq2;UTR3;APOBEC3C;-;-;intergenic;APOBEC3C||APOBEC3D;-;-;intergenic;APOBEC3C||APOBEC3D;-;-;-;1426;30;54	Name=AluSq2	TRUE	Alu	UTR3
chr22:39019906:A:G	chr22:39019906:A:G	A:G	APOBEC3C	UTR3	unknown	A;G;+;A||R||D;ALU;-;SINE/AluSq2;UTR3;APOBEC3C;-;-;intergenic;APOBEC3C||APOBEC3D;-;-;intergenic;APOBEC3C||APOBEC3D;-;-;-;1379;30;54	Name=AluSq2	TRUE	Alu	UTR3
chr22:39020076:A:G	chr22:39020076:A:G	A:G	APOBEC3C	UTR3	unknown	A;G;+;A||D;ALU;rs112668427;SINE/AluSq2;UTR3;APOBEC3C;-;-;intergenic;APOBEC3C||APOBEC3D;-;-;intergenic;APOBEC3C||APOBEC3D;-;-;-;2150;30;53	Name=AluSq2	TRUE	Alu	UTR3
chr22:39052278:T:C	chr22:39052278:T:C	A:G	APOBEC3F	exonic	nonsynonymous SNV	.	.	FALSE	None	exonic
chr22:39052279:G:A	chr22:39052279:G:A	C:T	APOBEC3F	exonic	stopgain	.	.	FALSE	None	exonic
chr22:39313632:A:G	chr22:39313632:T:C	A:G	RPL3	splicing	unknown	.	.	FALSE	None	splicing
chr22:40951376:A:G	chr22:40951376:A:G	A:G	RBX1	upstream	unknown	.	.	FALSE	None	upstream
chr22:40955334:A:G	chr22:40955334:A:G	A:G	RBX1	intronic	unknown	A;G;+;A||R||D;REP;-;SINE/FLAM_C;UTR3;XPNPEP3;-;-;intronic;RBX1;-;-;intronic;RBX1;-;-;-;1089;30;54	Name=FLAM_C	TRUE	Other	intronic
chr22:42381099:T:C	chr22:42381099:A:G	A:G	NFAM1	UTR3	unknown	T;C;-;A||R||D;NONREP;-;-/-;UTR3;NFAM1;-;-;UTR3;NFAM1;-;-;UTR3;NFAM1;-;-;-;425;20;35	.	TRUE	None	UTR3
chr22:42383505:T:C	chr22:42383505:A:G	A:G	NFAM1	UTR3	unknown	T;C;-;A||R||D;NONREP;-;-/-;UTR3;NFAM1;-;-;UTR3;NFAM1;-;-;UTR3;NFAM1;-;-;-;533;29;44	.	TRUE	None	UTR3
chr22:42383533:T:C	chr22:42383533:A:G	A:G	NFAM1	UTR3	unknown	T;C;-;A||R||D;NONREP;-;-/-;UTR3;NFAM1;-;-;UTR3;NFAM1;-;-;UTR3;NFAM1;-;-;-;338;21;32	.	TRUE	None	UTR3
chr22:42383534:T:C	chr22:42383534:A:G	A:G	NFAM1	UTR3	unknown	T;C;-;A||R||D;NONREP;-;-/-;UTR3;NFAM1;-;-;UTR3;NFAM1;-;-;UTR3;NFAM1;-;-;-;432;24;36	.	TRUE	None	UTR3
chr22:45194408:T:C	chr22:45194408:A:G	A:G	KIAA0930	UTR3	unknown	T;C;-;A||D;NONREP;rs112115936;-/-;UTR3;KIAA0930;-;-;UTR3;KIAA0930;-;-;UTR3;KIAA0930;-;-;-;1940;30;55	.	TRUE	None	UTR3
chr22:17113215:A:G	chr22:17113215:A:G	A:G	IL17RA	UTR3	unknown	A;G;+;A||R||D;ALU;-;SINE/AluJb;UTR3;IL17RA;-;-;UTR3;IL17RA;-;-;UTR3;IL17RA;-;-;-;996;30;52	Name=AluJb	TRUE	Alu	UTR3
chr22:17113247:A:G	chr22:17113247:A:G	A:G	IL17RA	UTR3	unknown	A;G;+;A||R||D;ALU;-;SINE/AluJb;UTR3;IL17RA;-;-;UTR3;IL17RA;-;-;UTR3;IL17RA;-;-;-;1007;27;49	Name=AluJb	TRUE	Alu	UTR3
chr22:17113268:A:G	chr22:17113268:A:G	A:G	IL17RA	UTR3	unknown	A;G;+;A||R||D;ALU;-;SINE/AluJb;UTR3;IL17RA;-;-;UTR3;IL17RA;-;-;UTR3;IL17RA;-;-;-;934;28;50	Name=AluJb	TRUE	Alu	UTR3
chr22:19793013:C:T	chr22:19793013:G:A	C:T	GNB1L	intronic	unknown	.	.	FALSE	None	intronic
chr22:19793014:A:G	chr22:19793014:T:C	A:G	GNB1L	intronic	unknown	.	.	FALSE	None	intronic
chr22:24573814:A:G	chr22:24573814:A:G	A:G	SNRPD3	UTR3	unknown	A;G;+;A||R||D;ALU;-;SINE/AluJo;intronic;SNRPD3;-;-;UTR3;SNRPD3;-;-;intronic;SNRPD3;-;-;-;2223;30;55	Name=AluJo	TRUE	Alu	UTR3
chr22:24574641:A:G	chr22:24574641:A:G	A:G	SNRPD3	UTR3	unknown	A;G;+;A||R||D;ALU;-;SINE/AluJb;intronic;SNRPD3;-;-;UTR3;SNRPD3;-;-;intronic;SNRPD3;-;-;-;2472;30;55	Name=AluJb	TRUE	Alu	UTR3
chr22:24574675:A:G	chr22:24574675:A:G	A:G	SNRPD3	UTR3	unknown	A;G;+;A||R||D;ALU;-;SINE/AluJb;intronic;SNRPD3;-;-;UTR3;SNRPD3;-;-;intronic;SNRPD3;-;-;-;2450;30;55	Name=AluJb	TRUE	Alu	UTR3
chr22:24574707:A:G	chr22:24574707:A:G	A:G	SNRPD3	UTR3	unknown	A;G;+;A||R||D;ALU;-;SINE/AluJb;intronic;SNRPD3;-;-;UTR3;SNRPD3;-;-;intronic;SNRPD3;-;-;-;2062;30;55	Name=AluJb	TRUE	Alu	UTR3
chr22:31276967:T:C	chr22:31276967:T:C	A:G	LIMK2	exonic	nonsynonymous SNV	.	.	FALSE	None	exonic
chr22:35660551:A:G	chr22:35660551:A:G	A:G	APOL6	UTR3	unknown	A;G;+;A||R||D;REP;-;LTR/MLT1A0;UTR3;APOL6;-;-;UTR3;APOL6;-;-;UTR3;APOL6;-;-;-;1491;30;54	Name=MLT1A0	TRUE	Other	UTR3
chr22:35661204:A:G	chr22:35661204:A:G	A:G	APOL6	UTR3	unknown	A;G;+;A||R||D;ALU;-;SINE/AluSx1;UTR3;APOL6;-;-;UTR3;APOL6;-;-;UTR3;APOL6;-;-;-;13;6;6	Name=AluSx1	TRUE	Alu	UTR3
chr22:36160125:T:C	chr22:36160125:A:G	A:G	APOL3	intronic	unknown	T;C;-;A||R||D;ALU;-;SINE/AluSz;intronic;APOL3;-;-;intronic;APOL3;-;-;intronic;APOL3;-;-;-;61;15;18	Name=AluSz	TRUE	Alu	intronic
chr22:37611880:A:G	chr22:37611880:A:G	A:G	GGA1	intronic	unknown	A;G;+;A||R||D;ALU;-;SINE/AluSx1;intronic;GGA1;-;-;intronic;GGA1;-;-;intronic;GGA1;-;-;-;1102;30;53	Name=AluSx1	TRUE	Alu	intronic
chr22:39019886:A:G	chr22:39019886:A:G	A:G	APOBEC3C	UTR3	unknown	A;G;+;A||R||D;ALU;-;SINE/AluSq2;UTR3;APOBEC3C;-;-;intergenic;APOBEC3C||APOBEC3D;-;-;intergenic;APOBEC3C||APOBEC3D;-;-;-;1095;30;52	Name=AluSq2	TRUE	Alu	UTR3
chr22:39019905:A:G	chr22:39019905:A:G	A:G	APOBEC3C	UTR3	unknown	A;G;+;A||R||D;ALU;-;SINE/AluSq2;UTR3;APOBEC3C;-;-;intergenic;APOBEC3C||APOBEC3D;-;-;intergenic;APOBEC3C||APOBEC3D;-;-;-;1364;30;53	Name=AluSq2	TRUE	Alu	UTR3
chr22:39053230:A:G	chr22:39053230:A:G	A:G	APOBEC3F	UTR3	unknown	A;G;+;A||R||D;ALU;-;SINE/AluSx1;UTR3;APOBEC3F;-;-;UTR3;APOBEC3F;-;-;UTR3;APOBEC3F;-;-;-;589;28;40	Name=AluSx1	TRUE	Alu	UTR3
chr22:17113332:A:G	chr22:17113332:A:G	A:G	IL17RA	UTR3	unknown	A;G;+;A||R||D;ALU;-;SINE/AluJb;UTR3;IL17RA;-;-;UTR3;IL17RA;-;-;UTR3;IL17RA;-;-;-;927;30;52	Name=AluJb	TRUE	Alu	UTR3
chr22:17113334:A:G	chr22:17113334:A:G	A:G	IL17RA	UTR3	unknown	A;G;+;A||R||D;ALU;-;SINE/AluJb;UTR3;IL17RA;-;-;UTR3;IL17RA;-;-;UTR3;IL17RA;-;-;-;712;29;51	Name=AluJb	TRUE	Alu	UTR3
chr22:24573054:A:G	chr22:24573054:A:G	A:G	SNRPD3	UTR3	unknown	A;G;+;A||R;ALU;-;SINE/AluJr;intronic;SNRPD3;-;-;UTR3;SNRPD3;-;-;intronic;SNRPD3;-;-;-;10;5;5	Name=AluJr	TRUE	Alu	UTR3
chr22:24573661:A:G	chr22:24573661:A:G	A:G	SNRPD3	UTR3	unknown	A;G;+;A||R||D;ALU;-;SINE/AluJo;intronic;SNRPD3;-;-;UTR3;SNRPD3;-;-;intronic;SNRPD3;-;-;-;1907;30;55	Name=AluJo	TRUE	Alu	UTR3
chr22:24574574:A:G	chr22:24574574:A:G	A:G	SNRPD3	UTR3	unknown	A;G;+;A||R||D;ALU;-;SINE/AluJb;intronic;SNRPD3;-;-;UTR3;SNRPD3;-;-;intronic;SNRPD3;-;-;-;2171;30;55	Name=AluJb	TRUE	Alu	UTR3
chr22:24574671:A:G	chr22:24574671:A:G	A:G	SNRPD3	UTR3	unknown	A;G;+;A||R||D;ALU;-;SINE/AluJb;intronic;SNRPD3;-;-;UTR3;SNRPD3;-;-;intronic;SNRPD3;-;-;-;2443;30;55	Name=AluJb	TRUE	Alu	UTR3
chr22:24574742:A:G	chr22:24574742:A:G	A:G	SNRPD3	UTR3	unknown	A;G;+;A||R||D;ALU;-;SINE/AluJb;intronic;SNRPD3;-;-;UTR3;SNRPD3;-;-;intronic;SNRPD3;-;-;-;2293;30;55	Name=AluJb	TRUE	Alu	UTR3
chr22:31277021:T:C	chr22:31277021:T:C	A:G	LIMK2	exonic	nonsynonymous SNV	.	.	FALSE	None	exonic
chr22:31277193:G:A	chr22:31277193:G:A	C:T	LIMK2	UTR3	unknown	.	.	FALSE	None	UTR3
chr22:31277313:A:G	chr22:31277313:A:G	A:G	LIMK2	UTR3	unknown	.	.	FALSE	None	UTR3
chr22:35659905:A:G	chr22:35659905:A:G	A:G	APOL6	UTR3	unknown	A;G;+;A||R||D;ALU;-;SINE/AluSz;UTR3;APOL6;-;-;UTR3;APOL6;-;-;UTR3;APOL6;-;-;-;705;29;48	Name=AluSz	TRUE	Alu	UTR3
chr22:35661201:A:G	chr22:35661201:A:G	A:G	APOL6	UTR3	unknown	A;G;+;A||R||D;ALU;-;SINE/AluSx1;UTR3;APOL6;-;-;UTR3;APOL6;-;-;UTR3;APOL6;-;-;-;718;27;45	Name=AluSx1	TRUE	Alu	UTR3
chr22:35661214:A:G	chr22:35661214:A:G	A:G	APOL6	UTR3	unknown	A;G;+;A||R||D;ALU;-;SINE/AluSx1;UTR3;APOL6;-;-;UTR3;APOL6;-;-;UTR3;APOL6;-;-;-;843;28;50	Name=AluSx1	TRUE	Alu	UTR3
chr22:35661291:A:G	chr22:35661291:A:G	A:G	APOL6	UTR3	unknown	A;G;+;A||R||D;ALU;-;SINE/AluSx1;UTR3;APOL6;-;-;UTR3;APOL6;-;-;UTR3;APOL6;-;-;-;497;29;47	Name=AluSx1	TRUE	Alu	UTR3
chr22:36266160:A:G	chr22:36266160:A:G	A:G	APOL1	UTR3	unknown	A;G;+;A||R||D;ALU;-;SINE/AluSc;UTR3;APOL1;-;-;UTR3;APOL1;-;-;UTR3;APOL1;-;-;-;2053;30;55	Name=AluSc	TRUE	Alu	UTR3
chr22:37678570:C:T	chr22:37678570:C:T	C:T	LGALS1	exonic	synonymous SNV	.	.	FALSE	None	exonic
chr22:39053518:A:G	chr22:39053518:A:G	A:G	APOBEC3F	UTR3	unknown	A;G;+;A||R||D;ALU;-;SINE/AluJb;UTR3;APOBEC3F;-;-;UTR3;APOBEC3F;-;-;UTR3;APOBEC3F;-;-;-;496;29;41	Name=AluJb	TRUE	Alu	UTR3
chr22:39079447:A:G	chr22:39079447:A:G	A:G	APOBEC3G	intronic	unknown	A;G;+;A||R||D;ALU;-;SINE/AluSq2;intronic;APOBEC3G;-;-;intronic;APOBEC3G;-;-;intronic;APOBEC3G;-;-;-;253;25;33	Name=AluSq2	TRUE	Alu	intronic
chr22:39079525:A:G	chr22:39079525:A:G	A:G	APOBEC3G	intronic	unknown	A;G;+;R||D;ALU;-;SINE/AluSq2;intronic;APOBEC3G;-;-;intronic;APOBEC3G;-;-;intronic;APOBEC3G;-;-;-;113;17;20	Name=AluSq2	TRUE	Alu	intronic
chr22:42381180:T:C	chr22:42381180:A:G	A:G	NFAM1	UTR3	unknown	T;C;-;R||D;NONREP;-;-/-;UTR3;NFAM1;-;-;UTR3;NFAM1;-;-;UTR3;NFAM1;-;-;-;192;12;15	.	TRUE	None	UTR3
chr22:42640024:G:A	chr22:42640024:C:T	C:T	ATP5MGL	exonic	nonsynonymous SNV	.	.	FALSE	None	exonic
chr22:42640102:C:T	chr22:42640102:G:A	C:T	ATP5MGL	exonic	nonsynonymous SNV	.	.	FALSE	None	exonic
chr22:17203002:T:C	chr22:17203002:A:G	A:G	ADA2	intronic	unknown	T;C;-;R;ALU;-;SINE/AluSx3;intronic;CECR1;-;-;intronic;CECR1;-;-;intronic;CECR1;-;-;-;5;3;4	Name=AluSx3	TRUE	Alu	intronic
chr22:30544824:G:A	chr22:30544824:C:T	C:T	SEC14L6	intronic	unknown	.	Name=UCON80	FALSE	Other	intronic
chr22:30544825:T:C	chr22:30544825:A:G	A:G	SEC14L6	intronic	unknown	.	Name=UCON80	FALSE	Other	intronic
chr22:31276975:A:G	chr22:31276975:A:G	A:G	LIMK2	exonic	synonymous SNV	.	.	FALSE	None	exonic
chr22:35323027:G:A	chr22:35323027:G:A	C:T	TOM1	splicing	unknown	.	.	FALSE	None	splicing
chr22:35659860:A:G	chr22:35659860:A:G	A:G	APOL6	UTR3	unknown	A;G;+;A||R||D;ALU;-;SINE/AluSz;UTR3;APOL6;-;-;UTR3;APOL6;-;-;UTR3;APOL6;-;-;-;619;30;45	Name=AluSz	TRUE	Alu	UTR3
chr22:35659927:A:G	chr22:35659927:A:G	A:G	APOL6	UTR3	unknown	A;G;+;A||R||D;ALU;-;SINE/AluSz;UTR3;APOL6;-;-;UTR3;APOL6;-;-;UTR3;APOL6;-;-;-;700;29;49	Name=AluSz	TRUE	Alu	UTR3
chr22:35659950:A:G	chr22:35659950:A:G	A:G	APOL6	UTR3	unknown	A;G;+;A||R||D;ALU;-;SINE/AluSz;UTR3;APOL6;-;-;UTR3;APOL6;-;-;UTR3;APOL6;-;-;-;765;28;46	Name=AluSz	TRUE	Alu	UTR3
chr22:35661307:A:G	chr22:35661307:A:G	A:G	APOL6	UTR3	unknown	A;G;+;A||R||D;ALU;-;SINE/AluSx1;UTR3;APOL6;-;-;UTR3;APOL6;-;-;UTR3;APOL6;-;-;-;483;28;48	Name=AluSx1	TRUE	Alu	UTR3
chr22:35661308:A:G	chr22:35661308:A:G	A:G	APOL6	UTR3	unknown	A;G;+;A||R||D;ALU;-;SINE/AluSx1;UTR3;APOL6;-;-;UTR3;APOL6;-;-;UTR3;APOL6;-;-;-;686;29;51	Name=AluSx1	TRUE	Alu	UTR3
chr22:36160062:T:C	chr22:36160062:A:G	A:G	APOL3	intronic	unknown	T;C;-;A||R||D;ALU;-;SINE/AluSz;intronic;APOL3;-;-;intronic;APOL3;-;-;intronic;APOL3;-;-;-;2;2;2	Name=AluSz	TRUE	Alu	intronic
chr22:36266143:T:C	chr22:36266143:T:C	A:G	APOL1	UTR3	unknown	.	Name=AluSc	FALSE	Alu	UTR3
chr22:36266191:A:G	chr22:36266191:A:G	A:G	APOL1	UTR3	unknown	A;G;+;A||R||D;ALU;-;SINE/AluSc;UTR3;APOL1;-;-;UTR3;APOL1;-;-;UTR3;APOL1;-;-;-;1527;30;53	Name=AluSc	TRUE	Alu	UTR3
chr22:36266220:A:G	chr22:36266220:A:G	A:G	APOL1	UTR3	unknown	A;G;+;A||R||D;ALU;-;SINE/AluSc;UTR3;APOL1;-;-;UTR3;APOL1;-;-;UTR3;APOL1;-;-;-;1705;30;52	Name=AluSc	TRUE	Alu	UTR3
chr22:36266230:A:G	chr22:36266230:A:G	A:G	APOL1	UTR3	unknown	A;G;+;A||R||D;ALU;-;SINE/AluSc;UTR3;APOL1;-;-;UTR3;APOL1;-;-;UTR3;APOL1;-;-;-;1439;30;52	Name=AluSc	TRUE	Alu	UTR3
chr22:36266271:A:G	chr22:36266271:A:G	A:G	APOL1	UTR3	unknown	A;G;+;A||R||D;ALU;-;SINE/AluSc;UTR3;APOL1;-;-;UTR3;APOL1;-;-;UTR3;APOL1;-;-;-;442;30;42	Name=AluSc	TRUE	Alu	UTR3
chr22:36266272:A:G	chr22:36266272:A:G	A:G	APOL1	UTR3	unknown	A;G;+;A||R||D;ALU;-;SINE/AluSc;UTR3;APOL1;-;-;UTR3;APOL1;-;-;UTR3;APOL1;-;-;-;365;28;39	Name=AluSc	TRUE	Alu	UTR3
chr22:36266291:A:G	chr22:36266291:A:G	A:G	APOL1	UTR3	unknown	A;G;+;A||R||D;ALU;-;SINE/AluSc;UTR3;APOL1;-;-;UTR3;APOL1;-;-;UTR3;APOL1;-;-;-;375;29;39	Name=AluSc	TRUE	Alu	UTR3
chr22:36266350:A:G	chr22:36266350:A:G	A:G	APOL1	UTR3	unknown	A;G;+;A||R||D;ALU;-;SINE/AluSc;UTR3;APOL1;-;-;UTR3;APOL1;-;-;UTR3;APOL1;-;-;-;622;29;47	Name=AluSc	TRUE	Alu	UTR3
chr22:36266351:A:G	chr22:36266351:A:G	A:G	APOL1	UTR3	unknown	A;G;+;A||R||D;ALU;-;SINE/AluSc;UTR3;APOL1;-;-;UTR3;APOL1;-;-;UTR3;APOL1;-;-;-;1276;30;50	Name=AluSc	TRUE	Alu	UTR3
chr22:36266650:A:G	chr22:36266650:A:G	A:G	APOL1	UTR3	unknown	A;G;+;A||R||D;ALU;-;SINE/AluY;UTR3;APOL1;-;-;UTR3;APOL1;-;-;UTR3;APOL1;-;-;-;1585;30;53	Name=AluY	TRUE	Alu	UTR3
chr22:36266651:A:G	chr22:36266651:A:G	A:G	APOL1	UTR3	unknown	A;G;+;A||R||D;ALU;-;SINE/AluY;UTR3;APOL1;-;-;UTR3;APOL1;-;-;UTR3;APOL1;-;-;-;1391;30;53	Name=AluY	TRUE	Alu	UTR3
chr22:36266694:A:G	chr22:36266694:A:G	A:G	APOL1	UTR3	unknown	A;G;+;R||D;ALU;-;SINE/AluY;UTR3;APOL1;-;-;UTR3;APOL1;-;-;UTR3;APOL1;-;-;-;776;30;45	Name=AluY	TRUE	Alu	UTR3
chr22:36266728:A:G	chr22:36266728:A:G	A:G	APOL1	UTR3	unknown	A;G;+;A||R||D;ALU;-;SINE/AluY;UTR3;APOL1;-;-;UTR3;APOL1;-;-;UTR3;APOL1;-;-;-;325;27;38	Name=AluY	TRUE	Alu	UTR3
chr22:36266748:A:G	chr22:36266748:A:G	A:G	APOL1	UTR3	unknown	A;G;+;A||D;ALU;rs181540965;SINE/AluY;UTR3;APOL1;-;-;UTR3;APOL1;-;-;UTR3;APOL1;-;-;-;825;30;48	Name=AluY	TRUE	Alu	UTR3
chr22:36266758:A:G	chr22:36266758:A:G	A:G	APOL1	UTR3	unknown	A;G;+;A||R||D;ALU;-;SINE/AluY;UTR3;APOL1;-;-;UTR3;APOL1;-;-;UTR3;APOL1;-;-;-;1649;30;52	Name=AluY	TRUE	Alu	UTR3
chr22:36266825:A:G	chr22:36266825:A:G	A:G	APOL1	UTR3	unknown	A;G;+;A||R||D;ALU;-;SINE/AluY;UTR3;APOL1;-;-;UTR3;APOL1;-;-;UTR3;APOL1;-;-;-;1445;30;55	Name=AluY	TRUE	Alu	UTR3
chr22:36266826:A:G	chr22:36266826:A:G	A:G	APOL1	UTR3	unknown	A;G;+;A||R||D;ALU;-;SINE/AluY;UTR3;APOL1;-;-;UTR3;APOL1;-;-;UTR3;APOL1;-;-;-;1199;30;54	Name=AluY	TRUE	Alu	UTR3
chr22:36266855:A:G	chr22:36266855:A:G	A:G	APOL1	UTR3	unknown	A;G;+;A||R||D;ALU;-;SINE/AluY;UTR3;APOL1;-;-;UTR3;APOL1;-;-;UTR3;APOL1;-;-;-;1790;30;53	Name=AluY	TRUE	Alu	UTR3
chr22:38989541:T:C	chr22:38989541:T:C	A:G	APOBEC3B	exonic	synonymous SNV	.	.	FALSE	None	exonic
chr22:38989602:T:C	chr22:38989602:T:C	A:G	APOBEC3B	exonic	nonsynonymous SNV	.	.	FALSE	None	exonic
chr22:38989603:G:A	chr22:38989603:G:A	C:T	APOBEC3B	exonic	nonsynonymous SNV	.	.	FALSE	None	exonic
chr22:39033096:A:G	chr22:39033096:A:G	A:G	APOBEC3D	UTR3	unknown	A;G;+;A||R||D;ALU;-;SINE/AluJb;UTR3;APOBEC3D;-;-;UTR3;APOBEC3D;-;-;UTR3;APOBEC3D;-;-;-;978;30;45	Name=AluJb	TRUE	Alu	UTR3
chr22:39043093:A:G	chr22:39043093:A:G	A:G	APOBEC3F	intronic	unknown	.	.	FALSE	None	intronic
chr22:39043094:C:T	chr22:39043094:C:T	C:T	APOBEC3F	intronic	unknown	.	.	FALSE	None	intronic
chr22:39043097:C:T	chr22:39043097:C:T	C:T	APOBEC3F	intronic	unknown	.	.	FALSE	None	intronic
chr22:39051364:C:T	chr22:39051364:C:T	C:T	APOBEC3F	intronic	unknown	.	Name=AluY	FALSE	Alu	intronic
chr22:39053067:A:G	chr22:39053067:A:G	A:G	APOBEC3F	UTR3	unknown	A;G;+;A||R||D;ALU;-;SINE/AluSx1;UTR3;APOBEC3F;-;-;UTR3;APOBEC3F;-;-;UTR3;APOBEC3F;-;-;-;369;28;39	Name=AluSx1	TRUE	Alu	UTR3
chr22:39053205:A:G	chr22:39053205:A:G	A:G	APOBEC3F	UTR3	unknown	A;G;+;A||R||D;ALU;-;SINE/AluSx1;UTR3;APOBEC3F;-;-;UTR3;APOBEC3F;-;-;UTR3;APOBEC3F;-;-;-;394;27;37	Name=AluSx1	TRUE	Alu	UTR3
chr22:39053500:A:G	chr22:39053500:A:G	A:G	APOBEC3F	UTR3	unknown	A;G;+;R||D;ALU;-;SINE/AluJb;UTR3;APOBEC3F;-;-;UTR3;APOBEC3F;-;-;UTR3;APOBEC3F;-;-;-;441;29;40	Name=AluJb	TRUE	Alu	UTR3
chr22:39053535:A:G	chr22:39053535:A:G	A:G	APOBEC3F	UTR3	unknown	A;G;+;A||R||D;ALU;-;SINE/AluJb;UTR3;APOBEC3F;-;-;UTR3;APOBEC3F;-;-;UTR3;APOBEC3F;-;-;-;683;29;42	Name=AluJb	TRUE	Alu	UTR3
chr22:39053561:A:G	chr22:39053561:A:G	A:G	APOBEC3F	UTR3	unknown	A;G;+;A;ALU;rs188482017;SINE/AluJb;UTR3;APOBEC3F;-;-;UTR3;APOBEC3F;-;-;UTR3;APOBEC3F;-;-;-;359;29;40	Name=AluJb	TRUE	Alu	UTR3
chr22:39079457:A:G	chr22:39079457:A:G	A:G	APOBEC3G	intronic	unknown	A;G;+;A||R||D;ALU;-;SINE/AluSq2;intronic;APOBEC3G;-;-;intronic;APOBEC3G;-;-;intronic;APOBEC3G;-;-;-;165;22;28	Name=AluSq2	TRUE	Alu	intronic
chr22:43645726:A:G	chr22:43645726:T:C	A:G	EFCAB6	intronic	unknown	.	.	FALSE	None	intronic
chr22:17113380:A:G	chr22:17113380:A:G	A:G	IL17RA	UTR3	unknown	A;G;+;A||R||D;ALU;-;SINE/AluJb;UTR3;IL17RA;-;-;UTR3;IL17RA;-;-;UTR3;IL17RA;-;-;-;994;30;53	Name=AluJb	TRUE	Alu	UTR3
chr22:30544710:C:T	chr22:30544710:G:A	C:T	SEC14L6	intronic	unknown	.	.	FALSE	None	intronic
chr22:30544711:A:G	chr22:30544711:T:C	A:G	SEC14L6	intronic	unknown	.	.	FALSE	None	intronic
chr22:35659891:A:G	chr22:35659891:A:G	A:G	APOL6	UTR3	unknown	A;G;+;A||R||D;ALU;-;SINE/AluSz;UTR3;APOL6;-;-;UTR3;APOL6;-;-;UTR3;APOL6;-;-;-;531;28;47	Name=AluSz	TRUE	Alu	UTR3
chr22:35660685:A:G	chr22:35660685:A:G	A:G	APOL6	UTR3	unknown	A;G;+;A||R||D;REP;-;LTR/MLT1A0;UTR3;APOL6;-;-;UTR3;APOL6;-;-;UTR3;APOL6;-;-;-;1377;30;53	Name=MLT1A0	TRUE	Other	UTR3
chr22:36266743:A:G	chr22:36266743:A:G	A:G	APOL1	UTR3	unknown	A;G;+;A||R||D;ALU;-;SINE/AluY;UTR3;APOL1;-;-;UTR3;APOL1;-;-;UTR3;APOL1;-;-;-;1;1;1	Name=AluY	TRUE	Alu	UTR3
chr22:17113383:A:G	chr22:17113383:A:G	A:G	IL17RA	UTR3	unknown	A;G;+;A||R||D;ALU;-;SINE/AluJb;UTR3;IL17RA;-;-;UTR3;IL17RA;-;-;UTR3;IL17RA;-;-;-;715;30;52	Name=AluJb	TRUE	Alu	UTR3
chr22:24573832:A:G	chr22:24573832:A:G	A:G	SNRPD3	UTR3	unknown	A;G;+;A||R||D;ALU;-;SINE/AluJo;intronic;SNRPD3;-;-;UTR3;SNRPD3;-;-;intronic;SNRPD3;-;-;-;2083;30;55	Name=AluJo	TRUE	Alu	UTR3
chr22:24573833:A:G	chr22:24573833:A:G	A:G	SNRPD3	UTR3	unknown	A;G;+;A||R||D;ALU;-;SINE/AluJo;intronic;SNRPD3;-;-;UTR3;SNRPD3;-;-;intronic;SNRPD3;-;-;-;1773;30;55	Name=AluJo	TRUE	Alu	UTR3
chr22:25354239:T:C	chr22:25354239:A:G	A:G	LRP5L	intronic	unknown	T;C;-;A||R||D;NONREP;-;-/-;intronic;LRP5L;-;-;intronic;LRP5L;-;-;intronic;LRP5L;-;-;-;424;29;40	.	TRUE	None	intronic
chr22:41518577:G:A	chr22:41518577:G:A	C:T	ACO2	intronic	unknown	.	.	FALSE	None	intronic
chr22:41676896:G:A	chr22:41676896:C:T	C:T	SNU13	intronic	unknown	.	.	FALSE	None	intronic
chr22:43121278:T:C	chr22:43121278:T:C	A:G	BIK	intronic	unknown	.	.	FALSE	None	intronic
chr22:43121280:A:G	chr22:43121280:A:G	A:G	BIK	intronic	unknown	.	.	FALSE	None	intronic
chr22:43121281:G:A	chr22:43121281:G:A	C:T	BIK	intronic	unknown	.	.	FALSE	None	intronic
chr22:43121284:G:A	chr22:43121284:G:A	C:T	BIK	intronic	unknown	.	.	FALSE	None	intronic
chr22:32394003:C:T	chr22:32394003:G:A	C:T	RTCB	splicing	unknown	.	.	FALSE	None	splicing
chr22:32394006:A:G	chr22:32394006:T:C	A:G	RTCB	intronic	unknown	.	.	FALSE	None	intronic
chr22:32394008:G:A	chr22:32394008:C:T	C:T	RTCB	intronic	unknown	.	.	FALSE	None	intronic
chr22:36266288:A:G	chr22:36266288:A:G	A:G	APOL1	UTR3	unknown	A;G;+;A||R||D;ALU;-;SINE/AluSc;UTR3;APOL1;-;-;UTR3;APOL1;-;-;UTR3;APOL1;-;-;-;144;24;32	Name=AluSc	TRUE	Alu	UTR3
chr22:43645339:A:G	chr22:43645339:T:C	A:G	EFCAB6	intronic	unknown	.	.	FALSE	None	intronic
chr22:46292235:A:G	chr22:46292235:A:G	A:G	TTC38	intronic	unknown	A;G;+;A||R||D;ALU;-;SINE/AluJr4;intronic;TTC38;-;-;intronic;TTC38;-;-;intronic;TTC38;-;-;-;1862;30;55	Name=AluJr4	TRUE	Alu	intronic
chr22:41599256:T:C	chr22:41599256:A:G	A:G	DESI1	UTR3	unknown	T;C;-;A||R||D;NONREP;-;-/-;UTR3;DESI1;-;-;UTR3;DESI1;-;-;UTR3;DESI1;-;-;-;2235;30;54	.	TRUE	None	UTR3
chr22:20573177:A:G	chr22:20573177:A:G	A:G	MED15	intronic	unknown	A;G;+;A||R||D;ALU;-;SINE/AluSz6;intronic;MED15;-;-;intronic;MED15;-;-;intronic;MED15;-;-;-;1092;30;52	Name=AluSz6	TRUE	Alu	intronic
chr22:20573242:A:G	chr22:20573242:A:G	A:G	MED15	intronic	unknown	A;G;+;A||R||D;ALU;-;SINE/AluSz6;intronic;MED15;-;-;intronic;MED15;-;-;intronic;MED15;-;-;-;1508;30;54	Name=AluSz6	TRUE	Alu	intronic
chr22:36266256:A:G	chr22:36266256:A:G	A:G	APOL1	UTR3	unknown	A;G;+;A||R||D;ALU;-;SINE/AluSc;UTR3;APOL1;-;-;UTR3;APOL1;-;-;UTR3;APOL1;-;-;-;328;28;39	Name=AluSc	TRUE	Alu	UTR3
chr22:50207296:A:G	chr22:50207296:A:G	A:G	SELENOO	intronic	unknown	A;G;+;A||R||D;ALU;-;SINE/AluSx;intronic;SELO;-;-;intronic;SELO;-;-;intronic;SELO;-;-;-;1917;30;53	Name=AluSx	TRUE	Alu	intronic
chr22:43644925:G:A	chr22:43644925:C:T	C:T	EFCAB6	intronic	unknown	.	.	FALSE	None	intronic
chr22:30543738:T:C	chr22:30543738:A:G	A:G	SEC14L6	intronic	unknown	.	.	FALSE	None	intronic
chr22:47174623:C:T	chr22:47174623:C:T	C:T	TBC1D22A	UTR3	unknown	.	.	FALSE	None	UTR3
chr22:30543804:A:G	chr22:30543804:T:C	A:G	SEC14L6	intronic	unknown	.	.	FALSE	None	intronic
chr22:30543823:A:G	chr22:30543823:T:C	A:G	SEC14L6	intronic	unknown	.	.	FALSE	None	intronic
chr22:37474681:A:G	chr22:37474681:T:C	A:G	MFNG	intronic	unknown	.	.	FALSE	None	intronic
chr22:20572663:A:G	chr22:20572663:A:G	A:G	MED15	intronic	unknown	A;G;+;A||R||D;ALU;-;SINE/AluJr;intronic;MED15;-;-;intronic;MED15;-;-;intronic;MED15;-;-;-;904;29;49	Name=AluJr	TRUE	Alu	intronic
chr22:20572664:A:G	chr22:20572664:A:G	A:G	MED15	intronic	unknown	A;G;+;A||R||D;ALU;-;SINE/AluJr;intronic;MED15;-;-;intronic;MED15;-;-;intronic;MED15;-;-;-;822;29;48	Name=AluJr	TRUE	Alu	intronic
chr22:44192110:G:A	chr22:44192110:G:A	C:T	PARVG	intronic	unknown	.	.	FALSE	None	intronic
chr22:25724994:A:G	chr22:25724994:A:G	A:G	GRK3	UTR3	unknown	A;G;+;A||R||D;ALU;-;SINE/AluJo;UTR3;ADRBK2;-;-;UTR3;ADRBK2;-;-;UTR3;ADRBK2;-;-;-;747;30;52	Name=AluJo	TRUE	Alu	UTR3
chr22:26523856:T:C	chr22:26523856:A:G	A:G	TPST2	UTR3	unknown	T;C;-;A||D;ALU;rs184190163;SINE/AluSx;ncRNA_exonic;CTA-445C9.15;-;-;intergenic;TFIP11||TPST2;-;-;intergenic;TFIP11||TPST2;-;-;-;1066;30;55	Name=AluSx	TRUE	Alu	UTR3
chr22:26523764:T:C	chr22:26523764:A:G	A:G	TPST2	UTR3	unknown	T;C;-;A||R||D;ALU;-;SINE/AluSx;ncRNA_exonic;CTA-445C9.15;-;-;intergenic;TFIP11||TPST2;-;-;intergenic;TFIP11||TPST2;-;-;-;2;1;1	Name=AluSx	TRUE	Alu	UTR3
chr22:18158034:A:G	chr22:18158034:A:G	A:G	USP18	intronic	unknown	A;G;+;A||R;ALU;-;SINE/AluSg4;intronic;USP18;-;-;intronic;USP18;-;-;intronic;USP18;-;-;-;12;3;3	Name=AluSg4	TRUE	Alu	intronic
chr22:38746847:T:C	chr22:38746847:A:G	A:G	SUN2	intronic	unknown	.	Name=AluY	FALSE	Alu	intronic
chr22:38989544:G:A	chr22:38989544:G:A	C:T	APOBEC3B	exonic	synonymous SNV	.	.	FALSE	None	exonic
chr22:39032849:A:G	chr22:39032849:A:G	A:G	APOBEC3D	UTR3	unknown	A;G;+;A||R||D;ALU;-;SINE/AluSx1;UTR3;APOBEC3D;-;-;UTR3;APOBEC3D;-;-;UTR3;APOBEC3D;-;-;-;713;29;45	Name=AluSx1	TRUE	Alu	UTR3
chr22:39048660:A:G	chr22:39048660:A:G	A:G	APOBEC3F	intronic	unknown	A;G;+;A||R||D;ALU;-;SINE/AluSc8;intronic;APOBEC3F||APOBEC3G;-;-;intronic;APOBEC3F;-;-;intronic;APOBEC3F||APOBEC3G;-;-;-;423;28;39	Name=AluSc8	TRUE	Alu	intronic
chr22:39051333:T:C	chr22:39051333:T:C	A:G	APOBEC3F	intronic	unknown	.	Name=AluY	FALSE	Alu	intronic
chr22:39051336:A:G	chr22:39051336:A:G	A:G	APOBEC3F	intronic	unknown	.	Name=AluY	FALSE	Alu	intronic
chr22:39079858:A:G	chr22:39079858:A:G	A:G	APOBEC3G	intronic	unknown	A;G;+;A||R||D;ALU;-;SINE/AluSq2;intronic;APOBEC3G;-;-;intronic;APOBEC3G;-;-;UTR5;APOBEC3G;-;-;-;78;15;16	Name=AluSq2	TRUE	Alu	intronic
chr22:18158026:A:G	chr22:18158026:A:G	A:G	USP18	intronic	unknown	A;G;+;R;ALU;-;SINE/AluSg4;intronic;USP18;-;-;intronic;USP18;-;-;intronic;USP18;-;-;-;15;4;4	Name=AluSg4	TRUE	Alu	intronic
chr22:39048733:A:G	chr22:39048733:A:G	A:G	APOBEC3F	intronic	unknown	A;G;+;A||R;ALU;-;SINE/AluSc8;intronic;APOBEC3F||APOBEC3G;-;-;intronic;APOBEC3F;-;-;intronic;APOBEC3F||APOBEC3G;-;-;-;336;29;39	Name=AluSc8	TRUE	Alu	intronic
chr22:39048739:A:G	chr22:39048739:A:G	A:G	APOBEC3F	intronic	unknown	A;G;+;A||R||D;ALU;-;SINE/AluSc8;intronic;APOBEC3F||APOBEC3G;-;-;intronic;APOBEC3F;-;-;intronic;APOBEC3F||APOBEC3G;-;-;-;314;29;39	Name=AluSc8	TRUE	Alu	intronic
chr22:18169469:A:G	chr22:18169469:A:G	A:G	USP18	intronic	unknown	A;G;+;R;ALU;-;SINE/AluSx;intronic;USP18;-;-;intronic;USP18;-;-;intronic;USP18;-;-;-;1;1;1	Name=AluSx	TRUE	Alu	intronic
chr22:30611770:A:G	chr22:30611770:A:G	A:G	TCN2	intronic	unknown	A;G;+;A||R;ALU;-;SINE/AluSx;intronic;TCN2;-;-;intronic;TCN2;-;-;intronic;TCN2;-;-;-;4;3;3	Name=AluSx	TRUE	Alu	intronic
chr22:20572681:A:G	chr22:20572681:A:G	A:G	MED15	intronic	unknown	A;G;+;A||R||D;ALU;-;SINE/AluJr;intronic;MED15;-;-;intronic;MED15;-;-;intronic;MED15;-;-;-;898;29;47	Name=AluJr	TRUE	Alu	intronic
chr22:38989533:T:C	chr22:38989533:T:C	A:G	APOBEC3B	exonic	synonymous SNV	.	.	FALSE	None	exonic
chr22:38746858:C:T	chr22:38746858:G:A	C:T	SUN2	intronic	unknown	.	Name=AluY	FALSE	Alu	intronic
chrX:150230876:T:C	chrX:150230876:T:C	A:G	MIR2114	downstream	unknown	.	.	FALSE	None	downstream
chrX:150231041:T:C	chrX:150231041:T:C	A:G	MIR2114	downstream	unknown	.	.	FALSE	None	downstream
chrX:150231060:A:G	chrX:150231060:A:G	A:G	MIR2114	downstream	unknown	.	.	FALSE	None	downstream
chrX:150231061:T:C	chrX:150231061:T:C	A:G	MIR2114	downstream	unknown	.	.	FALSE	None	downstream
chrX:23702537:T:C	chrX:23702537:A:G	A:G	ACOT9	UTR3	unknown	T;C;-;A||R||D;ALU;-;SINE/AluSg7;UTR3;ACOT9;-;-;intergenic;PRDX4||ACOT9;-;-;intergenic;PRDX4||ACOT9;-;-;-;1587;30;54	Name=AluSg7	TRUE	Alu	UTR3
chrX:2906213:T:C	chrX:2906213:A:G	A:G	ARSD	UTR3	unknown	T;C;-;A||R||D;ALU;-;SINE/AluJb;UTR3;ARSD;-;-;UTR3;ARSD;-;-;UTR3;ARSD;-;-;-;949;30;55	Name=AluJb	TRUE	Alu	UTR3
chrX:2906270:T:C	chrX:2906270:A:G	A:G	ARSD	UTR3	unknown	T;C;-;A||R||D;ALU;-;SINE/AluJb;UTR3;ARSD;-;-;UTR3;ARSD;-;-;UTR3;ARSD;-;-;-;1753;30;54	Name=AluJb	TRUE	Alu	UTR3
chrX:2906392:T:C	chrX:2906392:A:G	A:G	ARSD	UTR3	unknown	T;C;-;A||R||D;ALU;-;SINE/AluJb;UTR3;ARSD;-;-;UTR3;ARSD;-;-;UTR3;ARSD;-;-;-;1802;30;55	Name=AluJb	TRUE	Alu	UTR3
chrX:2906415:T:C	chrX:2906415:A:G	A:G	ARSD	UTR3	unknown	T;C;-;A||R||D;ALU;-;SINE/AluJb;UTR3;ARSD;-;-;UTR3;ARSD;-;-;UTR3;ARSD;-;-;-;1257;30;55	Name=AluJb	TRUE	Alu	UTR3
chrX:2906938:T:C	chrX:2906938:A:G	A:G	ARSD	UTR3	unknown	T;C;-;A||R||D;ALU;-;SINE/AluSz;UTR3;ARSD;-;-;UTR3;ARSD;-;-;UTR3;ARSD;-;-;-;1623;30;54	Name=AluSz	TRUE	Alu	UTR3
chrX:2907035:T:C	chrX:2907035:A:G	A:G	ARSD	UTR3	unknown	T;C;-;A||R;ALU;-;SINE/AluSz;UTR3;ARSD;-;-;UTR3;ARSD;-;-;UTR3;ARSD;-;-;-;1259;30;54	Name=AluSz	TRUE	Alu	UTR3
chrX:2907083:T:C	chrX:2907083:A:G	A:G	ARSD	UTR3	unknown	T;C;-;A||R||D;ALU;-;SINE/AluSz;UTR3;ARSD;-;-;UTR3;ARSD;-;-;UTR3;ARSD;-;-;-;1006;30;54	Name=AluSz	TRUE	Alu	UTR3
chrX:46440537:T:C	chrX:46440537:T:C	A:G	KRBOX4	upstream	unknown	.	.	FALSE	None	upstream
chrX:46440571:C:T	chrX:46440571:C:T	C:T	KRBOX4	upstream	unknown	.	.	FALSE	None	upstream
chrX:46440583:G:A	chrX:46440583:G:A	C:T	KRBOX4	upstream	unknown	.	.	FALSE	None	upstream
chrX:50905566:A:G	chrX:50905566:A:G	A:G	BMP15	upstream	unknown	A;G;+;R;NONREP;-;-/-;intergenic;SHROOM4||BMP15;-;-;intergenic;SHROOM4||BMP15;-;-;intergenic;SHROOM4||BMP15;-;-;745;1421;0;0;0	.	TRUE	None	upstream
chrX:50905598:A:G	chrX:50905598:A:G	A:G	BMP15	upstream	unknown	A;G;+;R;NONREP;-;-/-;intergenic;SHROOM4||BMP15;-;-;intergenic;SHROOM4||BMP15;-;-;intergenic;SHROOM4||BMP15;-;-;745;1421;3;2;2	.	TRUE	None	upstream
chrX:50906281:T:C	chrX:50906281:T:C	A:G	BMP15	upstream	unknown	.	.	FALSE	None	upstream
chrX:68070513:A:G	chrX:68070513:T:C	A:G	OPHN1	intronic	unknown	.	.	FALSE	None	intronic
chrX:74197207:T:C	chrX:74197207:A:G	A:G	FTX	ncRNA
intronic	unknown	T;C;-;A||R||D;REP;-;LINE/L1MA9;intergenic;RP13-36G14.4||RP3-368A4.5;-;-;ncRNA_intronic;FTX;-;-;ncRNA_intronic;FTX;-;-;-;2152;30;55	Name=L1MA9	TRUE	LINE	ncRNA
chrX:74208412:T:C	chrX:74208412:A:G	A:G	FTX	ncRNA
intronic	unknown	T;C;-;A||R;ALU;-;SINE/AluJr;ncRNA_intronic;RP3-368A4.5;-;-;ncRNA_intronic;FTX;-;-;ncRNA_intronic;AK125301||FTX;-;-;-;123;23;30	Name=AluJr	TRUE	Alu	ncRNA
chrX:77827502:T:C	chrX:77827502:A:G	A:G	MAGT1	UTR3	unknown	T;C;-;R;ALU;-;SINE/AluSg;UTR3;MAGT1;-;-;UTR3;MAGT1;-;-;UTR3;MAGT1;-;-;-;614;30;52	Name=AluSg	TRUE	Alu	UTR3
chrX:77827509:T:C	chrX:77827509:A:G	A:G	MAGT1	UTR3	unknown	T;C;-;R||D;ALU;-;SINE/AluSg;UTR3;MAGT1;-;-;UTR3;MAGT1;-;-;UTR3;MAGT1;-;-;-;1182;30;53	Name=AluSg	TRUE	Alu	UTR3
chrX:77827510:T:C	chrX:77827510:A:G	A:G	MAGT1	UTR3	unknown	T;C;-;R||D;ALU;-;SINE/AluSg;UTR3;MAGT1;-;-;UTR3;MAGT1;-;-;UTR3;MAGT1;-;-;-;1006;30;53	Name=AluSg	TRUE	Alu	UTR3
chrX:77827544:T:C	chrX:77827544:A:G	A:G	MAGT1	UTR3	unknown	T;C;-;A||R||D;ALU;-;SINE/AluSg;UTR3;MAGT1;-;-;UTR3;MAGT1;-;-;UTR3;MAGT1;-;-;-;1330;30;55	Name=AluSg	TRUE	Alu	UTR3
chrX:77827624:T:C	chrX:77827624:A:G	A:G	MAGT1	UTR3	unknown	T;C;-;R||D;ALU;-;SINE/AluSg;UTR3;MAGT1;-;-;UTR3;MAGT1;-;-;UTR3;MAGT1;-;-;-;1287;30;53	Name=AluSg	TRUE	Alu	UTR3
chrX:10770982:T:C	chrX:10770982:A:G	A:G	MID1	intronic	unknown	T;C;-;R;ALU;-;SINE/AluY;intronic;MID1;-;-;intronic;MID1;-;-;intronic;MID1;-;-;-;26;5;5	Name=AluY	TRUE	Alu	intronic
chrX:150231074:A:G	chrX:150231074:A:G	A:G	MIR2114	downstream	unknown	.	.	FALSE	None	downstream
chrX:28658640:C:T	chrX:28658640:C:T	C:T	IL1RAPL1	intronic	unknown	.	.	FALSE	None	intronic
chrX:2906198:T:C	chrX:2906198:A:G	A:G	ARSD	UTR3	unknown	T;C;-;A||R||D;ALU;-;SINE/AluJb;UTR3;ARSD;-;-;UTR3;ARSD;-;-;UTR3;ARSD;-;-;-;859;30;52	Name=AluJb	TRUE	Alu	UTR3
chrX:2906205:T:C	chrX:2906205:A:G	A:G	ARSD	UTR3	unknown	T;C;-;A||R||D;ALU;-;SINE/AluJb;UTR3;ARSD;-;-;UTR3;ARSD;-;-;UTR3;ARSD;-;-;-;1260;30;54	Name=AluJb	TRUE	Alu	UTR3
chrX:2906302:T:C	chrX:2906302:A:G	A:G	ARSD	UTR3	unknown	T;C;-;A||R||D;ALU;-;SINE/AluJb;UTR3;ARSD;-;-;UTR3;ARSD;-;-;UTR3;ARSD;-;-;-;1679;30;54	Name=AluJb	TRUE	Alu	UTR3
chrX:2906313:T:C	chrX:2906313:A:G	A:G	ARSD	UTR3	unknown	T;C;-;A||R||D;ALU;-;SINE/AluJb;UTR3;ARSD;-;-;UTR3;ARSD;-;-;UTR3;ARSD;-;-;-;3;2;2	Name=AluJb	TRUE	Alu	UTR3
chrX:2906336:T:C	chrX:2906336:A:G	A:G	ARSD	UTR3	unknown	T;C;-;A||R||D;ALU;-;SINE/AluJb;UTR3;ARSD;-;-;UTR3;ARSD;-;-;UTR3;ARSD;-;-;-;1655;30;54	Name=AluJb	TRUE	Alu	UTR3
chrX:2906414:T:C	chrX:2906414:A:G	A:G	ARSD	UTR3	unknown	T;C;-;A||R||D;ALU;-;SINE/AluJb;UTR3;ARSD;-;-;UTR3;ARSD;-;-;UTR3;ARSD;-;-;-;907;30;55	Name=AluJb	TRUE	Alu	UTR3
chrX:2906421:T:C	chrX:2906421:A:G	A:G	ARSD	UTR3	unknown	T;C;-;A||R||D;ALU;-;SINE/AluJb;UTR3;ARSD;-;-;UTR3;ARSD;-;-;UTR3;ARSD;-;-;-;1463;30;53	Name=AluJb	TRUE	Alu	UTR3
chrX:2906433:T:C	chrX:2906433:A:G	A:G	ARSD	UTR3	unknown	T;C;-;A;ALU;rs111953376;SINE/AluJb;UTR3;ARSD;-;-;UTR3;ARSD;-;-;UTR3;ARSD;-;-;-;1350;30;55	Name=AluJb	TRUE	Alu	UTR3
chrX:2906865:T:C	chrX:2906865:A:G	A:G	ARSD	UTR3	unknown	T;C;-;A||R||D;ALU;-;SINE/AluSz;UTR3;ARSD;-;-;UTR3;ARSD;-;-;UTR3;ARSD;-;-;-;887;30;53	Name=AluSz	TRUE	Alu	UTR3
chrX:2906927:T:C	chrX:2906927:A:G	A:G	ARSD	UTR3	unknown	T;C;-;A||R||D;ALU;-;SINE/AluSz;UTR3;ARSD;-;-;UTR3;ARSD;-;-;UTR3;ARSD;-;-;-;1359;30;54	Name=AluSz	TRUE	Alu	UTR3
chrX:2907073:T:C	chrX:2907073:A:G	A:G	ARSD	UTR3	unknown	T;C;-;A||R||D;ALU;-;SINE/AluSz;UTR3;ARSD;-;-;UTR3;ARSD;-;-;UTR3;ARSD;-;-;-;999;30;54	Name=AluSz	TRUE	Alu	UTR3
chrX:30677615:A:G	chrX:30677615:A:G	A:G	GK	intronic	unknown	A;G;+;A;ALU;-;SINE/AluSg;intronic;GK;-;-;intronic;GK;-;-;intronic;GK;-;-;-;28;5;5	Name=AluSg	TRUE	Alu	intronic
chrX:46440516:A:G	chrX:46440516:A:G	A:G	KRBOX4	upstream	unknown	.	.	FALSE	None	upstream
chrX:46440517:T:C	chrX:46440517:T:C	A:G	KRBOX4	upstream	unknown	.	.	FALSE	None	upstream
chrX:46440653:A:G	chrX:46440653:A:G	A:G	KRBOX4	upstream	unknown	.	.	FALSE	None	upstream
chrX:46440672:T:C	chrX:46440672:T:C	A:G	KRBOX4	upstream	unknown	.	.	FALSE	None	upstream
chrX:54562308:A:G	chrX:54562308:A:G	A:G	GNL3L	UTR3	unknown	A;G;+;A||R||D;ALU;-;SINE/AluSx1;intergenic;GNL3L||ITIH6;-;-;UTR3;GNL3L;-;-;UTR3;GNL3L;-;-;-;1271;30;55	Name=AluSx1	TRUE	Alu	UTR3
chrX:54564971:A:G	chrX:54564971:A:G	A:G	GNL3L	UTR3	unknown	A;G;+;A||R||D;ALU;-;SINE/AluSx1;intergenic;GNL3L||ITIH6;-;-;UTR3;GNL3L;-;-;UTR3;GNL3L;-;-;-;959;30;55	Name=AluSx1	TRUE	Alu	UTR3
chrX:54564972:A:G	chrX:54564972:A:G	A:G	GNL3L	UTR3	unknown	A;G;+;A||R||D;ALU;-;SINE/AluSx1;intergenic;GNL3L||ITIH6;-;-;UTR3;GNL3L;-;-;UTR3;GNL3L;-;-;-;972;30;54	Name=AluSx1	TRUE	Alu	UTR3
chrX:81202246:G:A	chrX:81202246:G:A	C:T	SH3BGRL	splicing	unknown	.	.	FALSE	None	splicing
chrX:119750918:T:C	chrX:119750918:T:C	A:G	SOWAHD	upstream	unknown	.	Name=LTR12C	FALSE	Other	upstream
chrX:119750937:T:C	chrX:119750937:T:C	A:G	SOWAHD	upstream	unknown	.	Name=LTR12C	FALSE	Other	upstream
chrX:13716607:T:C	chrX:13716607:A:G	A:G	TRAPPC2	exonic	synonymous SNV	.	.	FALSE	None	exonic
chrX:149525015:A:G	chrX:149525015:T:C	A:G	LINC00893	downstream	unknown	.	.	FALSE	None	downstream
chrX:149525025:C:T	chrX:149525025:G:A	C:T	LINC00893	downstream	unknown	.	.	FALSE	None	downstream
chrX:150231800:A:G	chrX:150231800:A:G	A:G	MIR2114	downstream	unknown	.	.	FALSE	None	downstream
chrX:150231801:G:A	chrX:150231801:G:A	C:T	MIR2114	downstream	unknown	.	.	FALSE	None	downstream
chrX:150232026:A:G	chrX:150232026:A:G	A:G	MIR2114	downstream	unknown	.	.	FALSE	None	downstream
chrX:150232592:A:G	chrX:150232592:A:G	A:G	MIR2114	downstream	unknown	A;G;+;R;NONREP;rs782532170;-/-;intergenic;MIR2114||MAMLD1;-;-;intergenic;MIR2114||MAMLD1;-;-;intergenic;MIR2114||MAMLD1;-;-;609;398;2;1;1	.	TRUE	None	downstream
chrX:3610476:T:C	chrX:3610476:A:G	A:G	PRKX	intronic	unknown	T;C;-;A||R||D;ALU;-;SINE/AluSx1;intronic;PRKX;-;-;intronic;PRKX;-;-;intronic;PRKX;-;-;-;666;29;49	Name=AluSx1	TRUE	Alu	intronic
chrX:54563297:A:G	chrX:54563297:A:G	A:G	GNL3L	UTR3	unknown	A;G;+;A||R||D;REP;-;DNA/Tigger5;intergenic;GNL3L||ITIH6;-;-;UTR3;GNL3L;-;-;UTR3;GNL3L;-;-;-;1610;30;55	.	TRUE	None	UTR3
chrX:78125430:G:A	chrX:78125430:G:A	C:T	PGK1	intronic	unknown	.	.	FALSE	None	intronic
chrX:92113520:G:A	chrX:92113520:G:A	C:T	PCDH11X	intronic	unknown	.	.	FALSE	None	intronic
chrX:23701671:T:C	chrX:23701671:A:G	A:G	ACOT9	UTR3	unknown	T;C;-;A||R||D;ALU;-;SINE/AluJr;downstream;ACOT9;-;-;intergenic;PRDX4||ACOT9;-;-;intergenic;PRDX4||ACOT9;-;-;-;2171;30;55	Name=AluJr	TRUE	Alu	UTR3
chrX:23701829:T:C	chrX:23701829:A:G	A:G	ACOT9	UTR3	unknown	T;C;-;A||R;ALU;-;SINE/AluSx1;downstream;ACOT9;-;-;intergenic;PRDX4||ACOT9;-;-;intergenic;PRDX4||ACOT9;-;-;-;1708;30;54	Name=AluSx1	TRUE	Alu	UTR3
chrX:23701830:T:C	chrX:23701830:A:G	A:G	ACOT9	UTR3	unknown	T;C;-;A||R;ALU;-;SINE/AluSx1;downstream;ACOT9;-;-;intergenic;PRDX4||ACOT9;-;-;intergenic;PRDX4||ACOT9;-;-;-;1205;30;54	Name=AluSx1	TRUE	Alu	UTR3
chrX:30677728:A:G	chrX:30677728:A:G	A:G	GK	intronic	unknown	A;G;+;A;ALU;-;SINE/AluSg;intronic;GK;-;-;intronic;GK;-;-;intronic;GK;-;-;-;19;4;4	Name=AluSg	TRUE	Alu	intronic
chrX:77828382:T:C	chrX:77828382:A:G	A:G	MAGT1	UTR3	unknown	T;C;-;R;ALU;-;SINE/AluSz;UTR3;MAGT1;-;-;UTR3;MAGT1;-;-;UTR3;MAGT1;-;-;-;1308;30;53	Name=AluSz	TRUE	Alu	UTR3
chrX:77828417:T:C	chrX:77828417:A:G	A:G	MAGT1	UTR3	unknown	T;C;-;A||R||D;ALU;-;SINE/AluSz;UTR3;MAGT1;-;-;UTR3;MAGT1;-;-;UTR3;MAGT1;-;-;-;1429;30;55	Name=AluSz	TRUE	Alu	UTR3
chrX:77828418:T:C	chrX:77828418:A:G	A:G	MAGT1	UTR3	unknown	T;C;-;A||R||D;ALU;-;SINE/AluSz;UTR3;MAGT1;-;-;UTR3;MAGT1;-;-;UTR3;MAGT1;-;-;-;1476;30;55	Name=AluSz	TRUE	Alu	UTR3
chrX:77828504:T:C	chrX:77828504:A:G	A:G	MAGT1	UTR3	unknown	T;C;-;A||R||D;ALU;-;SINE/AluSz;UTR3;MAGT1;-;-;UTR3;MAGT1;-;-;UTR3;MAGT1;-;-;-;1213;30;54	Name=AluSz	TRUE	Alu	UTR3
chrX:23703419:T:C	chrX:23703419:A:G	A:G	ACOT9	UTR3	unknown	T;C;-;A||R||D;ALU;-;SINE/AluSc8;UTR3;ACOT9;-;-;downstream;ACOT9;-;-;downstream;ACOT9;-;-;-;711;29;50	Name=AluSc8	TRUE	Alu	UTR3
chrX:23703455:T:C	chrX:23703455:A:G	A:G	ACOT9	UTR3	unknown	T;C;-;A||R||D;ALU;-;SINE/AluSc8;UTR3;ACOT9;-;-;downstream;ACOT9;-;-;downstream;ACOT9;-;-;-;1408;30;54	Name=AluSc8	TRUE	Alu	UTR3
chrX:46439702:A:G	chrX:46439702:A:G	A:G	KRBOX4	upstream	unknown	.	.	FALSE	None	upstream
chrX:77828118:T:C	chrX:77828118:A:G	A:G	MAGT1	UTR3	unknown	T;C;-;A||R||D;ALU;-;SINE/AluSz6;UTR3;MAGT1;-;-;UTR3;MAGT1;-;-;UTR3;MAGT1;-;-;-;926;30;51	Name=AluSz6	TRUE	Alu	UTR3
chrX:77828156:T:C	chrX:77828156:A:G	A:G	MAGT1	UTR3	unknown	T;C;-;A||R||D;ALU;-;SINE/AluSz6;UTR3;MAGT1;-;-;UTR3;MAGT1;-;-;UTR3;MAGT1;-;-;-;9;6;6	Name=AluSz6	TRUE	Alu	UTR3
chrX:77828173:T:C	chrX:77828173:A:G	A:G	MAGT1	UTR3	unknown	T;C;-;A||R||D;ALU;-;SINE/AluSz6;UTR3;MAGT1;-;-;UTR3;MAGT1;-;-;UTR3;MAGT1;-;-;-;550;30;51	Name=AluSz6	TRUE	Alu	UTR3
chrX:77828331:T:C	chrX:77828331:A:G	A:G	MAGT1	UTR3	unknown	T;C;-;A||R||D;ALU;-;SINE/AluSz;UTR3;MAGT1;-;-;UTR3;MAGT1;-;-;UTR3;MAGT1;-;-;-;2113;30;55	Name=AluSz	TRUE	Alu	UTR3
chrX:77828403:T:C	chrX:77828403:A:G	A:G	MAGT1	UTR3	unknown	T;C;-;A||R||D;ALU;-;SINE/AluSz;UTR3;MAGT1;-;-;UTR3;MAGT1;-;-;UTR3;MAGT1;-;-;-;1792;30;53	Name=AluSz	TRUE	Alu	UTR3
chrX:10771037:C:T	chrX:10771037:G:A	C:T	MID1	intronic	unknown	.	Name=AluY	FALSE	Alu	intronic
chrX:13719931:G:A	chrX:13719931:C:T	C:T	TRAPPC2	exonic	synonymous SNV	.	.	FALSE	None	exonic
chrX:150231160:A:G	chrX:150231160:A:G	A:G	MIR2114	downstream	unknown	.	.	FALSE	None	downstream
chrX:150231359:T:C	chrX:150231359:T:C	A:G	MIR2114	downstream	unknown	.	.	FALSE	None	downstream
chrX:150231401:T:C	chrX:150231401:T:C	A:G	MIR2114	downstream	unknown	.	.	FALSE	None	downstream
chrX:150232407:T:C	chrX:150232407:T:C	A:G	MIR2114	downstream	unknown	.	.	FALSE	None	downstream
chrX:154359413:C:T	chrX:154359413:G:A	C:T	FLNA	intronic	unknown	.	.	FALSE	None	intronic
chrX:15551979:T:C	chrX:15551979:T:C	A:G	BMX	intronic	unknown	.	.	FALSE	None	intronic
chrX:23075672:A:G	chrX:23075672:T:C	A:G	PTCHD1-AS	ncRNA
intronic	unknown	.	.	FALSE	None	ncRNA
chrX:23703420:T:C	chrX:23703420:A:G	A:G	ACOT9	UTR3	unknown	T;C;-;A||R;ALU;-;SINE/AluSc8;UTR3;ACOT9;-;-;downstream;ACOT9;-;-;downstream;ACOT9;-;-;-;857;30;52	Name=AluSc8	TRUE	Alu	UTR3
chrX:30698649:A:G	chrX:30698649:A:G	A:G	GK	intronic	unknown	A;G;+;A||R;ALU;-;SINE/AluY;ncRNA_intronic;RP11-242C19.2;-;-;intronic;GK;-;-;intronic;GK;-;-;-;46;8;8	Name=AluY	TRUE	Alu	intronic
chrX:54564834:A:G	chrX:54564834:A:G	A:G	GNL3L	UTR3	unknown	A;G;+;A||R||D;ALU;-;SINE/AluSx1;intergenic;GNL3L||ITIH6;-;-;UTR3;GNL3L;-;-;UTR3;GNL3L;-;-;-;1115;30;54	Name=AluSx1	TRUE	Alu	UTR3
chrX:68070925:T:C	chrX:68070925:A:G	A:G	OPHN1	intronic	unknown	.	.	FALSE	None	intronic
chrX:68071017:G:A	chrX:68071017:C:T	C:T	OPHN1	intronic	unknown	.	.	FALSE	None	intronic
chrX:77828148:T:C	chrX:77828148:A:G	A:G	MAGT1	UTR3	unknown	T;C;-;A||R||D;ALU;-;SINE/AluSz6;UTR3;MAGT1;-;-;UTR3;MAGT1;-;-;UTR3;MAGT1;-;-;-;1353;30;54	Name=AluSz6	TRUE	Alu	UTR3
chrX:77828226:T:C	chrX:77828226:A:G	A:G	MAGT1	UTR3	unknown	T;C;-;A||R||D;ALU;-;SINE/AluSz6;UTR3;MAGT1;-;-;UTR3;MAGT1;-;-;UTR3;MAGT1;-;-;-;2146;30;54	Name=AluSz6	TRUE	Alu	UTR3
chrX:77968585:A:G	chrX:77968585:T:C	A:G	PGAM4	UTR3	unknown	.	.	FALSE	None	UTR3
chrX:78125428:G:A	chrX:78125428:G:A	C:T	PGK1	intronic	unknown	.	.	FALSE	None	intronic
chrX:114776480:T:C	chrX:114776480:T:C	A:G	HTR2C	intronic	unknown	.	.	FALSE	None	intronic
chrX:13719955:C:T	chrX:13719955:G:A	C:T	TRAPPC2	exonic	synonymous SNV	.	.	FALSE	None	exonic
chrX:154786406:A:G	chrX:154786406:T:C	A:G	MPP1	intronic	unknown	.	.	FALSE	None	intronic
chrX:23703461:T:C	chrX:23703461:A:G	A:G	ACOT9	UTR3	unknown	T;C;-;A||R||D;ALU;-;SINE/AluSc8;UTR3;ACOT9;-;-;downstream;ACOT9;-;-;downstream;ACOT9;-;-;-;1321;30;53	Name=AluSc8	TRUE	Alu	UTR3
chrX:77828545:T:C	chrX:77828545:A:G	A:G	MAGT1	UTR3	unknown	T;C;-;A||R;ALU;-;SINE/AluSz;UTR3;MAGT1;-;-;UTR3;MAGT1;-;-;UTR3;MAGT1;-;-;-;1073;30;54	Name=AluSz	TRUE	Alu	UTR3
chrX:77969058:G:A	chrX:77969058:C:T	C:T	PGAM4	exonic	nonsynonymous SNV	.	.	FALSE	None	exonic
chrX:150231188:G:A	chrX:150231188:G:A	C:T	MIR2114	downstream	unknown	.	.	FALSE	None	downstream
chrX:150231197:A:G	chrX:150231197:A:G	A:G	MIR2114	downstream	unknown	.	.	FALSE	None	downstream
chrX:150231505:T:C	chrX:150231505:T:C	A:G	MIR2114	downstream	unknown	T;C;-;R;NONREP;rs782095608;-/-;intergenic;MIR2114||MAMLD1;-;-;intergenic;MIR2114||MAMLD1;-;-;intergenic;MIR2114||MAMLD1;-;-;591;337;14;9;9	.	TRUE	None	downstream
chrX:150231522:T:C	chrX:150231522:T:C	A:G	MIR2114	downstream	unknown	T;C;-;R;NONREP;-;-/-;intergenic;MIR2114||MAMLD1;-;-;intergenic;MIR2114||MAMLD1;-;-;intergenic;MIR2114||MAMLD1;-;-;591;337;6;4;4	.	TRUE	None	downstream
chrX:150231975:T:C	chrX:150231975:T:C	A:G	MIR2114	downstream	unknown	.	.	FALSE	None	downstream
chrX:150231978:T:C	chrX:150231978:T:C	A:G	MIR2114	downstream	unknown	.	.	FALSE	None	downstream
chrX:150232274:T:C	chrX:150232274:T:C	A:G	MIR2114	downstream	unknown	.	.	FALSE	None	downstream
chrX:150232289:A:G	chrX:150232289:A:G	A:G	MIR2114	downstream	unknown	.	.	FALSE	None	downstream
chrX:77828400:T:C	chrX:77828400:A:G	A:G	MAGT1	UTR3	unknown	T;C;-;A||R||D;ALU;-;SINE/AluSz;UTR3;MAGT1;-;-;UTR3;MAGT1;-;-;UTR3;MAGT1;-;-;-;1744;30;54	Name=AluSz	TRUE	Alu	UTR3
chrX:77828484:T:C	chrX:77828484:A:G	A:G	MAGT1	UTR3	unknown	T;C;-;A||R||D;ALU;-;SINE/AluSz;UTR3;MAGT1;-;-;UTR3;MAGT1;-;-;UTR3;MAGT1;-;-;-;1628;30;55	Name=AluSz	TRUE	Alu	UTR3
chrX:114776484:T:C	chrX:114776484:T:C	A:G	HTR2C	intronic	unknown	.	.	FALSE	None	intronic
chrX:77828175:T:C	chrX:77828175:A:G	A:G	MAGT1	UTR3	unknown	T;C;-;A||R;ALU;-;SINE/AluSz6;UTR3;MAGT1;-;-;UTR3;MAGT1;-;-;UTR3;MAGT1;-;-;-;588;30;52	Name=AluSz6	TRUE	Alu	UTR3
chrX:68071478:T:C	chrX:68071478:A:G	A:G	OPHN1	intronic	unknown	.	.	FALSE	None	intronic
chrX:54562673:A:G	chrX:54562673:A:G	A:G	GNL3L	UTR3	unknown	A;G;+;A||R||D;ALU;-;SINE/AluSx;intergenic;GNL3L||ITIH6;-;-;UTR3;GNL3L;-;-;UTR3;GNL3L;-;-;-;1217;30;55	Name=AluSx	TRUE	Alu	UTR3
chrX:54562708:A:G	chrX:54562708:A:G	A:G	GNL3L	UTR3	unknown	A;G;+;A||R||D;ALU;-;SINE/AluSx;intergenic;GNL3L||ITIH6;-;-;UTR3;GNL3L;-;-;UTR3;GNL3L;-;-;-;1242;30;54	Name=AluSx	TRUE	Alu	UTR3
chrX:150231340:G:A	chrX:150231340:G:A	C:T	MIR2114	downstream	unknown	.	.	FALSE	None	downstream
chrX:23077165:A:G	chrX:23077165:T:C	A:G	PTCHD1-AS	ncRNA
intronic	unknown	.	.	FALSE	None	ncRNA
chrX:54562750:A:G	chrX:54562750:A:G	A:G	GNL3L	UTR3	unknown	A;G;+;R||D;ALU;-;SINE/AluSx;intergenic;GNL3L||ITIH6;-;-;UTR3;GNL3L;-;-;UTR3;GNL3L;-;-;-;680;29;52	Name=AluSx	TRUE	Alu	UTR3
chrX:154786403:A:G	chrX:154786403:T:C	A:G	MPP1	intronic	unknown	.	.	FALSE	None	intronic
chrX:30703699:A:G	chrX:30703699:A:G	A:G	GK	intronic	unknown	A;G;+;A||R;ALU;-;SINE/AluSz6;ncRNA_intronic;GK-AS1||RP11-242C19.2;-;-;intronic;GK;-;-;intronic;GK;-;-;-;19;3;3	Name=AluSz	TRUE	Alu	intronic
chrX:54563529:A:G	chrX:54563529:A:G	A:G	GNL3L	UTR3	unknown	A;G;+;A||R||D;ALU;-;SINE/AluJb;intergenic;GNL3L||ITIH6;-;-;UTR3;GNL3L;-;-;UTR3;GNL3L;-;-;-;1565;30;55	Name=AluJb	TRUE	Alu	UTR3
chrX:30670915:A:G	chrX:30670915:A:G	A:G	GK	intronic	unknown	.	Name=AluSg	FALSE	Alu	intronic
chrX:48775896:A:G	chrX:48775896:A:G	A:G	GLOD5	downstream	unknown	.	.	FALSE	None	downstream
chrX:23701904:T:C	chrX:23701904:A:G	A:G	ACOT9	UTR3	unknown	T;C;-;A||R;ALU;-;SINE/AluSx1;downstream;ACOT9;-;-;intergenic;PRDX4||ACOT9;-;-;intergenic;PRDX4||ACOT9;-;-;-;1028;30;54	Name=AluSx1	TRUE	Alu	UTR3
chrX:23701907:T:C	chrX:23701907:A:G	A:G	ACOT9	UTR3	unknown	T;C;-;A||R;ALU;-;SINE/AluSx1;downstream;ACOT9;-;-;intergenic;PRDX4||ACOT9;-;-;intergenic;PRDX4||ACOT9;-;-;-;1623;30;54	Name=AluSx1	TRUE	Alu	UTR3
chrX:23701910:T:C	chrX:23701910:A:G	A:G	ACOT9	UTR3	unknown	T;C;-;A||R;ALU;-;SINE/AluSx1;downstream;ACOT9;-;-;intergenic;PRDX4||ACOT9;-;-;intergenic;PRDX4||ACOT9;-;-;-;1570;30;54	Name=AluSx1	TRUE	Alu	UTR3
chrX:23701990:T:C	chrX:23701990:A:G	A:G	ACOT9	UTR3	unknown	T;C;-;A||R;ALU;-;SINE/AluSx1;downstream;ACOT9;-;-;intergenic;PRDX4||ACOT9;-;-;intergenic;PRDX4||ACOT9;-;-;-;963;29;52	Name=AluSx1	TRUE	Alu	UTR3
chrX:23722669:C:T	chrX:23722669:G:A	C:T	ACOT9	splicing	unknown	.	.	FALSE	None	splicing
chrY:13286658:T:C	chrY:13286658:A:G	A:G	UTY	intronic	unknown	.	.	FALSE	None	intronic
