Sample	Stimulation	Mean	chr1:110873141:C:T	chr1:147178275:C:T	chr1:212590338:C:T	chr1:220254735:C:T	chr1:26280109:C:T	chr1:46441869:G:A	chr1:144460073:G:A	chr1:157710331:C:T	chr1:205351271:G:A	chr1:27612378:C:T	chr1:27872622:C:T	chr1:120833748:C:T	chr1:144460080:G:A	chr1:236533911:C:T	chr1:46441898:C:T	chr1:88982037:C:T	chr1:119989793:G:A	chr1:119990419:G:A	chr1:119990569:G:A	chr1:144426379:C:T	chr1:145595080:G:A	chr1:153885616:G:A	chr1:119991142:G:A	chr1:120461383:C:T	chr1:205741180:C:T	chr1:178411744:G:A	chr1:178411773:G:A	chr1:145595082:C:T	chr1:1575949:G:A	chr1:151435642:C:T	chr1:27787527:C:T	chr1:27787564:C:T	chr1:110873147:C:T	chr1:121571253:C:T	chr1:100213834:G:A	chr1:228114733:C:T	chr1:26280764:G:A	chr1:28095930:G:A	chr1:228114716:C:T	chr1:144890368:C:T	chr1:89426660:G:A	chr1:89426662:G:A	chr1:32964416:G:A	chr1:148082364:C:T	chr2:171517383:G:A	chr2:180873115:C:T	chr2:184790741:C:T	chr2:230166553:G:A	chr2:180843245:C:T	chr2:184790732:C:T	chr2:156453718:G:A	chr2:189771301:C:T	chr2:43431879:G:A	chr2:190366181:C:T	chr2:180737293:G:A	chr2:74025546:G:A	chr2:74025545:G:A	chr2:131263807:G:A	chr2:27392904:G:A	chr2:171003194:C:T	chr2:171003207:C:T	chr3:61742490:C:T	chr3:129569258:G:A	chr3:32502754:C:T	chr3:57688130:C:T	chr3:183790401:G:A	chr3:19971734:C:T	chr3:170185953:G:A	chr3:37518815:C:T	chr3:11338499:C:T	chr3:179260286:C:T	chr3:196713785:C:T	chr3:72929242:C:T	chr3:128764608:C:T	chr3:72929542:C:T	chr4:187639821:C:T	chr4:40441212:G:A	chr4:40567168:G:A	chr4:139697770:G:A	chr4:187639805:C:T	chr4:139698368:C:T	chr4:153308180:C:T	chr5:76707944:C:T	chr5:80650876:G:A	chr5:127511379:C:T	chr5:80650052:C:T	chr5:21475111:C:T	chr5:81217814:C:T	chr5:43495812:C:T	chr5:176984970:G:A	chr5:176984998:C:T	chr5:43495828:C:T	chr5:137910657:G:A	chr5:80651904:G:A	chr5:80650952:C:T	chr5:80650638:C:T	chr5:80650647:C:T	chr5:80651679:G:A	chr5:53884688:G:A	chr5:77785138:C:T	chr5:82009564:G:A	chr6:29829629:G:A	chr6:29889721:C:T	chr6:31268823:G:A	chr6:30009346:G:A	chr6:30261415:G:A	chr6:88610850:C:T	chr6:24685484:C:T	chr6:31355101:G:A	chr6:170404804:C:T	chr6:33252383:G:A	chr6:29830579:G:A	chr6:32761689:C:T	chr6:33128040:C:T	chr6:33128076:C:T	chr6:169715755:C:T	chr6:29829581:G:A	chr6:33252449:C:T	chr6:89396647:C:T	chr6:33128048:C:T	chr6:32553054:C:T	chr6:29888667:G:A	chr6:29944617:G:A	chr6:32577388:G:A	chr6:33069640:G:A	chr6:29926502:C:T	chr6:29829552:G:A	chr6:30009746:C:T	chr7:5528188:C:T	chr7:20827400:G:A	chr7:20827406:C:T	chr7:23513978:G:A	chr7:6441487:C:T	chr7:55879009:C:T	chr7:99636695:G:A	chr7:2605500:G:A	chr7:43989923:C:T	chr7:6441448:G:A	chr7:153918578:C:T	chr8:11809678:G:A	chr8:11868078:G:A	chr8:11868090:G:A	chr8:55906747:G:A	chr8:124489682:C:T	chr8:133551339:C:T	chr8:133551340:G:A	chr8:18059465:G:A	chr8:70598133:G:A	chr8:118284822:C:T	chr9:128342635:G:A	chr9:128342728:G:A	chr9:121283694:G:A	chr9:76399481:G:A	chr9:10450144:G:A	chr10:128047637:C:T	chr10:79513665:C:T	chr10:103172732:C:T	chr10:63484228:C:T	chr10:63484232:C:T	chr10:73384051:C:T	chr10:6259586:C:T	chr10:33334309:G:A	chr10:89198687:C:T	chr10:24659409:C:T	chr10:6108889:G:A	chr11:10508192:C:T	chr11:2883802:C:T	chr11:10508152:G:A	chr11:1763869:C:T	chr11:2965833:G:A	chr11:33040773:C:T	chr11:63724269:G:A	chr11:4208287:G:A	chr11:4208417:C:T	chr11:4208459:C:T	chr11:46585295:G:A	chr11:46847705:G:A	chr11:14473578:G:A	chr11:14673339:G:A	chr11:4208020:G:A	chr11:27581844:C:T	chr11:77734832:G:A	chr11:90283919:C:T	chr11:77734727:G:A	chr11:77734905:G:A	chr11:64855950:G:A	chr11:4209552:C:T	chr12:6537133:C:T	chr12:55980063:C:T	chr12:103947374:C:T	chr12:12619615:G:A	chr12:105229976:G:A	chr12:11071602:C:T	chr12:110668453:G:A	chr12:6795320:G:A	chr12:32426010:C:T	chr12:27501221:C:T	chr12:24855466:G:A	chr12:132126224:C:T	chr13:112885606:G:A	chr13:41573744:C:T	chr13:40954434:G:A	chr13:113136690:G:A	chr13:23929627:C:T	chr13:46159692:C:T	chr14:94378482:C:T	chr14:24161312:C:T	chr14:55145115:G:A	chr14:75540837:G:A	chr14:73353580:G:A	chr14:39103162:G:A	chr14:74167430:G:A	chr14:24249195:G:A	chr14:102021781:C:T	chr15:64073001:G:A	chr15:78945006:C:T	chr15:94487310:C:T	chr15:45155324:G:A	chr15:52562473:G:A	chr15:65788214:G:A	chr15:78935751:G:A	chr15:90196044:C:T	chr16:75445942:G:A	chr16:14667684:G:A	chr16:69630067:G:A	chr16:75689964:C:T	chr16:8915479:G:A	chr16:11304694:C:T	chr16:70010438:C:T	chr16:15084681:G:A	chr16:85768907:G:A	chr16:1377117:C:T	chr16:11304745:G:A	chr16:21599722:C:T	chr16:26032134:C:T	chr16:18550147:C:T	chr16:23614878:G:A	chr16:89427709:C:T	chr17:27313228:C:T	chr17:75266382:C:T	chr17:78553325:C:T	chr17:80263669:C:T	chr17:78867158:C:T	chr17:18666305:G:A	chr17:62507708:C:T	chr17:62507722:G:A	chr17:70102267:G:A	chr17:75287334:C:T	chr17:75287336:G:A	chr17:1175971:C:T	chr17:21553799:C:T	chr17:42533270:G:A	chr17:7480600:C:T	chr17:78553332:G:A	chr17:16616462:G:A	chr17:7480494:G:A	chr17:1587823:C:T	chr17:16616383:G:A	chr17:21153780:C:T	chr17:75616532:C:T	chr17:16106956:C:T	chr17:67437186:C:T	chr17:1587824:C:T	chr17:1587831:G:A	chr17:1587837:C:T	chr17:82401281:G:A	chr17:21284735:G:A	chr17:64754794:C:T	chr17:78632370:G:A	chr17:1828264:G:A	chr18:36210820:C:T	chr18:52977856:G:A	chr19:35154785:C:T	chr19:43401114:C:T	chr19:11346219:C:T	chr19:38831473:C:T	chr19:38128118:G:A	chr19:11577320:C:T	chr19:48956416:C:T	chr19:5576883:G:A	chr19:54597830:G:A	chr19:55023954:C:T	chr20:32052360:C:T	chr20:4024544:G:A	chr20:3947085:G:A	chr20:4024581:G:A	chr20:1901236:C:T	chr20:38423321:G:A	chr20:1604894:C:T	chr20:31941148:C:T	chr20:4023909:C:T	chr20:50840536:G:A	chr21:33576380:G:A	chr21:33576390:G:A	chr21:31164270:C:T	chr21:30398102:G:A	chr21:33436177:G:A	chr21:30398109:C:T	chr21:36368830:C:T	chr21:36368746:G:A	chr21:36368748:G:A	chr22:35347373:G:A	chr22:35347375:G:A	chr22:17766172:G:A	chr22:38224252:G:A	chr22:38350040:G:A	chr22:47174623:C:T	chr22:29601331:C:T	chrX:10771037:G:A	chrX:41673902:G:A	chrX:41673968:G:A	chrX:103796841:C:T	chrX:24788872:C:T	chrX:24788877:C:T	chrX:10770888:C:T	chrX:3608594:G:A	chrX:30692072:C:T	chrX:32679977:G:A	chrX:72239652:G:A
BIMD00152-01	B	0.24878066175548588	0.75	1	1	0.88311688	0.54545455	0.13043478	0.28205128	1	1	0.13449367	0.18181818	0	0.88461538	0.81818182	0.14285714	0	0	1	0	0	0	0	0	0	0	1	1	0	0	0	0	0	0.41176471	1	1	0	0.75	0	0	0	0	0	0	0	0.24390244	1	1	0.2195122	0.08450704	1	0	0	0.22807018	0	0.04477612	0	0	0	0	1	0	1	0.35294118	0.41666667	0.18181818	0	0	0	0	0	0	0	1	0	0	0.13157895	0	0	1	0.22058824	0.5	0	0.06086957	0.95121951	1	1	0.08695652	0	1	0	0	1	0	1	1	1	0	1	0	1	1	1	0.56521739	0.625	0	0	0	0.77777778	0.6	0.19565217	0	0	0	0	0	0.30769231	0	0	1	0	0	0	0	0	0	0	0	0	0.38461538	1	1	0	0.33333333	1	0	0	0	0.66666667	0	0.21052632	0.41176471	0.25	0	0	0	0	0	0	0.14285714	1	0	0	0	0	0.6	0.3	0	0	0	0	0	0	0	0	0	1	0.26388889	1	0.15384615	0.53846154	0	0.23076923	0	0	0	0	0	0	0	0	1	0	1	0	0	0	0	0.01036269	0	0.13563218	0	0	0	0	0	0	0	0	0	0.33333333	0	0	0.14606742	0	0	0	0	0	0	0	0	0	0	0	0.11278195	0.11538462	1	0	0	0	0	0	0.2	0.39393939	0	0.31578947	0	0	0.4	0	0	0	0	0	1	0	0	0	0.23717949	0.18360656	0.11111111	0.28571429	0.7	0	1	1	0.275	0.10526316	0.10526316	0.33333333	1	0.375	0	0.18918919	0.57894737	0	0.31578947	0.5	0.33333333	0	0	0	0.22222222	0.23529412	0.42857143	0	1	0	0	0	0.03703704	0	0.24242424	1	0.16666667	0.66666667	0	0.8	0	0.8	0	0	0.10810811	0.98601399	0	0.98863636	0.46153846	1	0	0	0	0	0	0	0	0	0.25	0.27777778	0	0	0	0.24561404	0.24561404	0	0.33333333	0	0	0	0.92	0.84	0.9	0.5	0.11428571	0.23529412	0	0.11764706	0	0.25	0
BIMD00152-01	IFNg	0.20364342244514105	0.83333333	1	1	0.94285714	0.35714286	0.17073171	0.11764706	0	0.77777778	0	0.42857143	0	0.83333333	0	0.15384615	0.38461538	0	0	0	0	0	0	0	0.83333333	0	1	1	0	0	0	0	0	0	1	1	1	0	0	0	0	0.25531915	0.25	0.57142857	0	0.22222222	1	1	0.06818182	0.13636364	1	0.66666667	0.18181818	0	0	0.1025641	0	0	0	0	0	0	1	0	0	0	0	0	0	0.15789474	0	0	0	1	0	0	0	0	0	1	0.11764706	1	0	0.05853659	1	0	1	0.16666667	0	0	0	0	0	0	0	0	1	1	1	0	0	0	0.97222222	0.68181818	0.69230769	1	0.93939394	0.27272727	0.36842105000000003	0	0	0.3	1	0	0.28571429	0.08695652	0	0	0.375	0	0.69230769	0	0	0	0	0	0	0	0	0	1	1	0	0	0	0	0	0	0	0	0.53846154	0.3255814	0.33333333	0	0	0	0	0	0	0	0.77777778	0	0.2	0	0	0.5	0.34285714	0	0	0	0	0	0	0	0	0	1	0.11764706	1	0.08695652	1	0	0	0	0	0	0.33333333	0	0	0	0	0	0	0	0	0	0	0	0.47963801	0.71428571	0	0	0	0	0	0	0	0	0	0	0.07142857	0.27272727	0	0.12121212	0	0	0.2519084	0.4	0.28571429	1	0.4	0	0	0	0.42857143	0.08219178	0.2826087	0	0	0	0	0	0	0.10144928	0.33333333	1	0.4	0	0	0	0	0	0	0	0	0	0.25	0.2	0	0.28806584	0.24752475	0.13636364	0.68421053	0	0	0	0	0.19047619	0	0	0.625	0	1	1	0.15	0	0	0.14285714	0	0.16666667	0	0	0	0.14285714	0.14285714	0.2	1	0	0	0	0	0	0	0.23529412	0	0	0.33333333	0	0	0	0	0	0	0.125	0.99230769	1	0	0	0	0	0	1	1	0	0	0	0	0.25	0.14285714	0	0	0	0.425	0.43589744	0	0	0	0	0	1	0	0	0.6	0	0	0	0.05263158	0	0.16666667	0
BIMD00152-01	LPS	0.2621471788714734	0.88888889	1	1	0.94202899	0.3125	0	0.3125	1	1	0.10737387	0.6	0.4	0.66666667	0	0.25	0	0.25	0	0.33333333	0.83333333	0	0.06666667	0	0.28571429	0	1	1	0	0	0	0.55555556	0.71428571	0	0	1	0	0	0	0	0	0	0	0	0	0.16	1	0	0.1	0.15517241	0	1	0	0	1	0.234375	0	0	0	0	0.6	0	1	0.10416667	0.13793103	0.91666667	0	0	0	0.34883721	1	1	0	1	0	1	0.31707317	0.45454545	0.33333333	0	0.275	0	0	0.16470588	0.87096774	1	1	0.18181818	1	1	1	1	1	0	1	1	1	0	0	0	0	0	0.84210526	0.61904762	0.43478261	1	0.88235294	0.39473684	0	0	0	0.5	0	0	0	0	0.2	0	0	0.85714286	0	0	0	0	0	0	0	1	0	0.21428571	1	1	0	0	0	0	0	0	0	0	0.36	0.45454545	0.4	0.09210526	0	0	0	0	0	0	0.84615385	0	0	0	0	0.28571429	0.44444444	0.15	0	0	0	0	0	1	0	0	1	0.34920635	1	0.0625	1	0.375	0	0	0	0	0.44444444	0	0	0	0	1	0	1	0	0	0	0	0.0843949	1	0.1010101	0	0.35714286	0	0	0	0	0	0	1	0.23076923	0.42857143	0	0.16666667	0	0	0.02418208	0	0.21052632	0	0.08333333	0	0	0	0.33333333	0.11764706	0.20454545	1	0	0.16666667	0	0	0	0.05	0.3125	0	0	0	0	0	0.16666667	0	0	0	0	1	0	0	0	0.27760252	0.24503311	0.125	0.27272727	0.71428571	0.85714286	0.4375	0.57575758	0.2	0	0	0	0	1	0	0.29411765	0.66666667	0	0.125	0.75	0.66666667	0	0	0	0.125	0.125	0	0	1	0.6	0	0	0	0	0.16981132	1	0.8125	0.53333333	0	0	0	0	0	0	0.13084112	0.98924731	1	1	0	0	0	0	0	0	0	0	0	0.18181818	0.21052632	0	0	0	0	0.15277778	0.15277778	0	0	0	0.57142857	0	1	0.90909091	1	0.63333333	0	0	0	0	0	0	0
BIMD0043-02	B	0.3340550949216301	0.68421053	1	1	1	0.21875	0.10169492	0.35714286	1	1	0.10841655	0	1	1	0.625	0.35	0.15	0	1	0.70588235	0.66666667	0.4	0.36363636	0	0.8	0.5	0	0	0	0.83333333	0	0	0	0.45833333	0	0	0	0	0	0	0	0	0	0.2	1	0.25	1	0.875	0.7	0.11428571	0.93333333	0.33333333	0.37142857	0	0.83333333	0.19047619	0.54545455	0.88888889	1	0	0	0	1	0	0	0.27272727	0.25	0.33333333	1	0	1	0.33333333	0	1	0	0	0.26666667	0	0.11111111	0	0.15384615	0	0	0.08024691	0	1	1	0.20833333	1	0.6	0.2	0.2	0.75	0	0	1	0	0	0	0	0	0	1	0.03703704	0	0	0.8	0.08333333	0.63829787	0.97014925	0	0	0	1	0	0	0.33333333	1	0	1	0	0.88235294	0	0.6	0	0	0	0	0	0.23076923	1	1	0.44444444	0.5	1	0.25	0.66666667	0.18181818	0.625	0	0.08510638	0.28571429	0	0	0.33333333	0.36363636	0.36363636	0	0	1	0	0.90196078	0	1	0	0.4	0.45	0.21052632	0.125	0.125	0.57142857	0.2	1	0	0	0	0.91666667	0.3	1	0.26470588	1	0.3	0.66666667	0	1	0	0.5	1	0	0	0	0	0	0	0	0	0	0	0.03448276	0.10714286	0	0.17073171	0	0	0	0	0	0	0	0	0.20689655	0	0	0.14754098	0	0.8	0.04022989	0.36363636	0.7027027	0	0.07692308	0	1	0	0.0625	0.22330097	0.36842105000000003	1	0.19230769	0.27272727	0.42857143	0	0	0.04347826	0.51515152	0.33333333	0.21428571	0.07407407	1	1	0.22222222	0	1	1	0.08333333	0	0.11111111	0	1	0.21354167	0.14285714	0.06666667	0	0.2	0.02912621	0.72972973	0.72727273	0.36842105000000003	0.38461538	0.38461538	0	1	0.06896552	1	0.15384615	0.4	0.92857143	0.08333333	0.42857143	0.16666667	0	0.77777778	0.42857143	0.09090909	0.07692308	0	1	0	0	0	0	0.16666667	0	0.02941176	1	0.45454545	0.6	0.625	0.33333333	0	0	0.44444444	0	0.05263158	1	0.66666667	0.98571429	0.30769231	0.4375	1	1	0	0	0.89655172	0.86206897	0.81818182	0.14285714	0	0	0	0	0	0.22222222	0.21052632	0.33333333	0.71428571	0.76923077	0.55555556	1	1	0	0	0.45	0.2	0.21428571	1	0	0	0.5	0
BIMD0043-02	IFNg	0.27613330593730406	0	0.5	1	0.968253968	0	0.175438596	0.153846154	1	0	0.208251473	0	0.722222222	0	0.413793103	0.266666667	0.044444444	0.2	0.8	0.484848485	0.428571429	0.4	0.166666667	0.111111111	1	0	0	0	0.333333333	0	0.666666667	0.625	0.833333333	0.333333333	0	0.666666667	0	0	0	0	0.666666667	0	0	0	1	0	0	1	0.691666667	0.242424242	1	0	0	0.142857143	0.6	0.114285714	0	0	0	0	0	0	0	0	0	0	0.411764706	0	0	0.277777778	0	0.571428571	1	0	0	0	0.291666667	0.16	0.115942029	0	0.214285714	0	0	0.185279188	0	1	0	0	1	1	0.904761905	0.9	1	0	0	0	0	0	0	0	0	0	0.75	0	0	0	0	0.769230769	0.3125	1	0	0.5	0	1	1	0.818181818	0	0.6	0.428571429	0	0	0.714285714	0	0	0	0	0	0	0	0	0	0	0.666666667	1	0	0.133333333	0	0.1	1	0	0.166666667	0.041666667	0.307692308	0.428571429	0.4	0.041666667	0.041666667	0.15	0.833333333	1	0	0.978723404	0	0.375	1	0	0	0.27027027	0.740740741	0.652173913	0.4	0.166666667	0	0	0	0	0	0.891304348	0	0.25	1	0	0.4	1	1	1	0	0	0	0	0	1	0	0	0	0	0	0	0.388888889	0.037037037	0.396313364	0.129032258	0.105263158	0.285714286	1	0	0	1	0	0	0.076923077	0.2	0.666666667	0.2	1	0.6	0	0	0.352941176	0.210526316	0.166666667	0	0.666666667	0	0.2	0.064516129	0.214285714	0	0.125	0.2	0	0	0	0.119047619	0.315789474	0.3125	0	0.391304348	0.777777778	0	0	0	1	0.8	0	1	0.2	0	0	0.382113821	0.347107438	0.25	0.8	0	0.007462687	0.265060241	0.353658537	0.115384615	0.444444444	0.4	0.8	1	0.307692308	1	0.25	0	1	0.222222222	0	0	0	0	0	0.222222222	0.125	0.4	0	0	0.8	0	0	0.142857143	1	0	1	0	0	0	0	0	0	0	0	0.181818182	1	0.444444444	1	0.333333333	0.390243902	0	1	0	0	0.952380952	1	0	0.166666667	0.071428571	0.181818182	0	0	0	0.037037037	0.035714286	0.090909091	0	1	0.357142857	0	1	0	0	0.416666667	0.266666667	0	1	0	0	0	0
BIMD0043-02	LPS	0.28445286094043887	0.5	0	0.53846154	0.96330275	0	0.13636364	0.19230769	1	0	0.21440262	0.5	0.7173913	0.36666667	0.36363636	0.42857143	0.02564103	0.10638298	0.93506494	0.53982301	0.66666667	0.56521739	0.4	0.07843137	0.06140351	0	0	0	0.61904762	0	0.14285714	0.57142857	0.57142857	0	1	0.33333333	0	0	0	0	0.42857143	0.02325581	0.02380952	0.45283019	1	0	1	1	0.56613757	0.29310345	0	0.21052632	0.27380952	0.25862069	1	0.15517241	0.88888889	0.85714286	0	0	1	0.44736842	0	0	0	0	0.11864407	0.43333333	0	0	1	0	1	1	0	0	0	0	0.11538462	0	0.13333333	0	0	0.2033195	1	1	0	0.44444444	1	1	0.9	0.88888889	1	1	0	0	0	0	0	0	0	0	1	0	0	0	0	0.3	0.08823529	0.875	0.44444444	0.2	0	1	0	0	0	0	0.28571429	0	0	0	0	0	0	0	0	0	0	0	1	1	0.51428571	0.5	0	0.33333333	0	0.16666667	0.75	0	0.2	0.13043478	0	0.4137931	0.9	0.47169811	0.43396226	0.1875	0.22222222	0	0	0	0	0	1	0	0	0.13402062	0.2972973	0.33333333	0.25	0.1627907	0	0	1	0.47368421	0	0.80952381	0	0	0	0	0	1	1	0.95454545	0.66666667	0	0	1	0.94871795	1	0	0	0	0	1	1	0.33082707	0.02040816	0.37676056	0.16901408	0.19512195	0.85714286	1	0	0	0.66666667	0.90909091	0.44444444	0.25	0	0.125	0	0	0	0.11707317	0.66666667	0.42857143	0.44	0	0	1	0	0	0.22222222	0.25	0	0.04	0.14814815	0	0	0.875	0.07291667	0.45833333	0.27906977	0.21428571	0.29166667	0	0	0.16666667	1	0	0	0	0	0	0	1	0.34690554	0	0.11538462	0.625	0	0.03703704	0.33516484	0.40340909	0	0	0	0.15384615	0.75	0	0.66666667	0.18181818	0	0	0	0.71428571	0.75	0	0	0	0	0	0	0	0	1	0	0	0.30555556	0	0	1	0	0	0	0	0	0	0.45454545	0	0	1	0.72727273	1	0.33333333	0.43589744	1	0	0	0	0.78571429	0.92307692	0	0	0.03846154	0	0.63636364	0	0	0.14545455	0.15384615	0.2	0	0	0.5	0	0.55555556	0.66666667	1	0.5	0	0	0	0	0	0.18181818	0
BIMD0050-02	B	0.29736192670846395	0	1	1	1	0.192307692	0.163636364	0.368421053	1	1	0.114877589	0.375	0.375	0.875	0.142857143	0.1	0.142857143	0	1	0.681818182	0.4	0	0.35	0.384615385	0.733333333	0.416666667	0	0	0	0.857142857	0	0.333333333	0	0.285714286	0	0.4	0	1	0	0	0	0	0	0	0	0.25	1	1	0.6375	0.1	1	0.272727273	0.40625	0	0.545454545	0	0	0	0	0	0	0	0	0.071428571	0.176470588	0	0	0	1	0.071428571	0	0.6	0	0	0	0	0.192307692	0	0.058823529	0	0.259259259	0	0	0.082352941	1	0	1	0.214285714	0	1	0	0	1	1	0	0	0	0	0	0	0	0	1	0	7.46826e-4	0	0	0.25	0.75	0.871794872	0	0	0.189189189	1	0	0	0.153846154	1	0	1	0	0	0	0	0.818181818	0	0	0	0	0.068965517	1	1	0	0.2	0	0.333333333	0.888888889	0	0	0	0.074074074	0.301587302	0	0	0.730769231	0	0	0	0.666666667	0.857142857	1	0.953488372	0	0.8	0	0	0.4	0	0	0	0.333333333	0.125	0	0	0.090909091	0.117647059	1	0.254545455	0	0.138888889	1	0.625	0.529411765	0	0	0	1	1	0.1	0	0	1	0	0	0	0	0	0	0.135011442	0	0.037209302	0.107692308	0.055555556	0	0	0	0	0	0	0.2	0.024390244	0	0	0.073529412	0	0	0.009345794	0.857142857	0	0.4	0.5	0.538461538	0.4	0	0	0.148514851	0.246376812	1	0.119047619	0.083333333	0.583333333	0.545454545	0	0.09375	0.515151515	0.1	0.181818182	0.114942529	1	0.8	0.857142857	0.066666667	0	0.9375	0	1	0	0	0	0.259365994	0.212927757	0.235294118	0.125	0	0.034782609	0.4	0.459459459	0.206896552	0.117647059	0.105263158	0.777777778	1	0	1	0	0.944444444	1	0.2	0.916666667	0.19047619	0.222222222	1	0.333333333	0	0	0	1	0.714285714	0.8	0.9	0	0	1	0.186046512	1	0.777777778	0.533333333	0.916666667	0.285714286	0	0	0.333333333	0	0.068181818	0.942857143	0	1	0.208333333	0.2	0	0.909090909	0.5	1	0.75	0.96875	0.818181818	0.428571429	0	0	0	0	0	0.066666667	0.0625	0.117647059	0.714285714	0.9375	0.3125	0.916666667	1	0	0	0	0.192307692	0.347826087	1	0	0	0.222222222	0
BIMD0050-02	IFNg	0.2748315187460815	0.8	1	1	1	0.5	0.28333333	0.42105263	0	0	0.22735346	0	0.75	0	0	0	0	0.02941176	0.85714286	0.35416667	0.31578947	0.42857143	0.53333333	0.22222222	0.22727273	0.25	0	0	0.42857143	1	0	0	0	0	0	0	0	0	0	0	0	0.17142857	0.16901408	0	0	0	0	1	0.51633987	0.16666667	1	0	0.28169014	0.27027027	0.4	0.07843137	0	0	0	0	0.6	0	0	0	0	0.6	0	0	0.85714286	0.21428571	0.28571429	0	0	0	0	0	0.14814815	0.45454545	0.04444444	0	0.15686275	0	0	0.1640625	1	1	0	0.13636364	0	1	0.25	0.33333333	1	1	0	0	0	0	0	0	0	0	1	0	0	0	0	0.375	0.7037037	1	0	0.4	0	1	1	1	0.05	0	0.1	0	0	0	0	0	1	0	0	0	0	0	1	1	0.72727273	0	0	0	1	0	0	0	0.30769231	0.13333333	0	0	0.51851852	0	0	0.25	0.375	0	0.75	0.92307692	0	0	1	0	0	0.10344828	0	0	0.09090909	0.21428571	0	0	1	0.35	0	0.67346939	0	0	0.76923077	0	0.71428571	1	1	1	0.5	1	0.53846154	1	0	0	0	0	0	0	0	0	0.34343434	0	0.42757009	0.15432099	0.13888889	0	1	0	1	0	0	0	0.09677419	0	0.22222222	0.12903226	0	0	0.17647059	0	0.05263158	0.36	0.5	0	0	0	0.2	0.29230769	0.4	0	0.1147541	0.30769231	0	0	0	0.17241379	0.47058824	0.31034483	0.33333333	0.2962963	1	0.88888889	1	0	0	1	0.4	1	0	0	0	0.36424958	0.39170507	0.07692308	0.33333333	0	0.03546099	0.36363636	0.4	0.25	0.23529412	0.22222222	1	1	0.4	1	0.14285714	1	1	0.21428571	0.83333333	0.66666667	0	0	0.66666667	0.14285714	0.15384615	0	1	0	1	0	0	0.2	1	0	1	0	0.2	0	0	0	0	0	0	0.21052632	1	0	1	0.06896552	0.6	0	1	0	0	0.84615385	0.85714286	0	0.16666667	0.08333333	0.16666667	0	0	0	0	0	0.14814815	0	0	0.44067797	0	0.97368421	0	0	0.73333333	0	0.2	1	0	0	0.6	0
BIMD0050-02	LPS	0.29662687522257053	0.888888889	1	1	1	0.714285714	0.159090909	0	1	0	0.098557692	0.588235294	0.681818182	0.266666667	0.36	0.333333333	0.046511628	0.08	1	0.423076923	0.652173913	0	0.351351351	0.19047619	0.079787234	0.133333333	0	0	0	0.4	0.285714286	0	0	0.785714286	0	0	0	0.6	0	0	0	0.15	0.15	0	0	0.125	0.973684211	1	0.555555556	0.246153846	1	0.25	0.346153846	0	0.857142857	0.168674699	0	0	0	0	0.777777778	0.285714286	0	0.076923077	0.074074074	0	0	0.315789474	0	0.166666667	0	0.2	0	1	0.4	0	0.131578947	0.178571429	0.166666667	1	0.129411765	0	0	0.156862745	1	1	1	0.322580645	0.761904762	0.666666667	0.666666667	0.666666667	0.666666667	1	0	0	1	1	0	0	0	0	0.907894737	0	0.001706485	0.5	0	0	0.346153846	0.986666667	0.230769231	0.294117647	0.230769231	1	0	0	0.148148148	0.863636364	0.333333333	1	0	0	0	0	0	0	0.444444444	0	0.6	0.272727273	1	1	0.352941176	0	1	0.133333333	0	0.470588235	0	0	0.127906977	0.25	0	1	0	0	0	0.6	0	0	0	0	0	0.571428571	0	0.142857143	0.285714286	0.233333333	0	0	0.105263158	0.153846154	0	0	0	0.031914894	0.56	0.333333333	0.454545455	0	1	0.117647059	0	1	0	0	0	0	0.681818182	0	0	0	0	0	0.428571429	0	1	1	0.207081545	0.136363636	0.044401544	0.176470588	0.2	0	1	0	0	0	0.692307692	0.913043478	0	0	0.157894737	0.145454545	0	0	0.090576395	0.571428571	0.214285714	0.12195122	0.216666667	0.583333333	0	0	0.25	0.184615385	0.247058824	1	0.181818182	0	0	0.8	0.5625	0.063380282	0.480519481	0.323076923	0.210526316	0.086956522	0	0.8	0.333333333	0	0	0	0.254901961	0	0.285714286	0	1	0.257861635	0.2	0	0.291666667	0	0.052117264	0.504587156	0.576923077	0.135135135	0	0	0	1	0	1	0.181818182	1	0	0.08	1	0.466666667	0.4	0.2	0.285714286	0.08	0.047619048	0.111111111	0	1	1	0.166666667	0	0.181818182	0	0.285714286	1	0.666666667	0.222222222	0.5	0	0	1	0.413793103	0.666666667	0.154545455	1	0.529411765	0.985507246	0.054054054	0.418604651	0	0	1	1	0.71875	0.7	0	0.272727273	0	0.157894737	0.846153846	0.625	0.5	0.101123596	0.105882353	0	0	0	0	0	1	0	0	0.48	0.090909091	0.125	0	0	0	0.3	0
BIMD0052-02	B	0.2317395285893417	0.5	0	1	0.92857143	0.13636364	0.16666667	0.18181818	1	0	0.10671937	0	0.66666667	0	0	0.3	0.21428571	0.125	1	0.47058824	0.55555556	0.14285714	0.75	0.22222222	0.5	0.4	1	1	0.2	1	0	0	0	0	1	0	0	0	0	0	0	0	0	0	0	0.42857143	1	1	0	0.14705882	1	0	0	0.33333333	0	0.14285714	0.125	0.125	1	0	0	0	1	0	0.10344828	0	0	0	0	0	0	0	0	0	0	0	0	0.30769231	0.125	0	0.19565217	0.88888889	0	0.07801418	1	0	0	0.07692308	0.28571429	1	0	0	1	0	1	0	0	0	0	0	0	0	1	0.13333333	0.16666667	0	0.90909091	0.4	0.47368421	0.96551724	0.07692308	0	0	0	0	0	0.4137931	0	0	1	0.75	0	0	0.2	0	0	0	0	0	0.08333333	0	0	0	0	1	0	1	0.85714286	0	0	0.04918033	0.44827586	0	0	0.71428571	1	1	0.125	1	0	0.5	0.94444444	0	0.4	0	0	0	0.26315789	0	0	0	0.2	0	0	0	0.33333333	1	0	0	0	1	0	0.66666667	0	0	0	0	1	0.28571429	0	0	0	0	0	0	0	0	0	0.10572687	0.125	0	0.09473684	0	0	0	0	0	0	0	0	0.04761905	0.66666667	0	0.09302326	0	0	0.07142857	0	0.19047619	0	0.2	0	0.4	0	0	0.19148936	0.18644068	1	0.17241379	0.14285714	0.71428571	0	0	0.05555556	0.68965517	0	0.4	0.03448276	0.71428571	0	0	0.27272727	0	0	0	0	0.4	0.55555556	0	0.25821596	0.21538462	0.19047619	0.0625	0	0	0.32258065	0.44827586	0.1	0.08333333	0.07692308	0.83333333	1	0.06666667	1	0.27777778	1	0	0.16666667	0	0	0.46666667	0.75	0	0.16666667	0.14285714	0	0	0	0	0.6	0	0.125	1	0.13157895	0	0.41666667	0.25	0	0.4	0	0	0	0	0.06122449	0.96078431	0.8	1	0.125	0.7	0	0	0	0	0.68421053	0.76470588	0	0.14285714	0.0625	0	0	0	0	0.04545455	0.04545455	0	0	0.5	0.15384615	0	1	0	0	0.41176471	0.28571429	0	1	0.61538462	0	0	0.2
BIMD0052-02	IFNg	0.22366044351097178	1	0	0	1	0.11111111	0.28571429	0.14285714	1	1	0.19173554	0	0.14285714	1	0	0.18181818	0	0.10526316	1	0.59459459	0.57142857	0.2	0.36842105000000003	0.08	0.625	0.125	0	0	0.4	0	1	0.4	0.33333333	0	0	0	0	0	0	0	0.33333333	0.05454545	0.05454545	0	0	0	0	1	0.57142857	0.35294118	1	0	0.44680851	0.30769231	0.77272727	0.22222222	0.25	0.30434783	0	0	0	0	0	0	0	0.625	0.375	0.51515152	0	0.11111111	0	0.66666667	0	0	0	0	0.2	0.22727273	0.11904762	0	0.21212121	0	0	0.14958449	1	1	0	0.375	0	0.66666667	0.54545455	0.66666667	1	0	0	0	0	0	0	0	0	0	0	0	0	0	0	0.8	0.12195122	0	0.25	0.26666667	0	0	0	0	1	0	0.30769231	1	0.95555556	0	0	0	0	0	0	0	0	0	1	1	0	0	0	0	0	0.4	0	0	0	0.14285714	0	0	0.5	0.16666667	0.16666667	0.21052632	0.84615385	0	0	0.85185185	0.24409449	0	1	0	0	0.06666667	0	0	0.28571429	0.33333333	0	0	0	0.16666667	0	0.55555556	0	0.27272727	0.75	0.8	0.5	1	1	1	0	0	0.40909091	0	0	0	0	0	0	0	0	0	0.33333333	0	0.3422619	0.17829457	0	0.33333333	0.77777778	0.06896552	1	1	0	0	0.0952381	0.4	0	0.025	1	0	0.45833333	0	0	0.12	0.33333333	0	0.5	0	0.2	0.37931034	0.21052632	0	0.12765957	0.17647059	0	0	0	0.12820513	0.3125	0.3	0	0.34782609	0	0	0	0.38095238	0	0	0	0	0	0.8	0	0.32723112	0.44285714	0.11111111	1	0	0.66666667	0.35087719	0.48148148	0	0.37037037	0.38461538	0	1	0	0.55555556	0	0	0	0	0	0	0.6	0	0	0	0	0	0	0	0	0	0	0.44444444	1	0	0	0	0	0	0	0	0	0	0	0	1	0	1	0.11111111	0.32876712	0	0	0	0	0.84615385	0.80769231	0	0	0.17647059	0	0.36363636	0.2	0.2	0	0	0.04545455	0	0	0.06896552	0	1	0	0	0.63636364	0.05882353	0.17647059	1	0.45833333	0	0.25	0.2
BIMD0052-02	LPS	0.19944244194357366	0	0	1	1	0	0.12195122	0.08695652	1	0	0.21075269	0	0.85714286	0.46666667	0	0.33333333	0.04615385	0.2	1	0.40277778	0.4375	0.41666667	0.33333333	0.08163265	0.0137931	0	0	0	0.41666667	0	0.2	0.25	0.22222222	0	0	0	0	0	0	0	0	0	0	0.13333333	0	0	0	0	0.30434783	0.24242424	0	0	0	0.10526316	0.75	0.10810811	0.15789474	0.17647059	0	0	1	0.66666667	0	0	0	0.33333333	0	0	0	0.38461538	0	0	0	0	0	0	0.23809524	0.17857143	0.12658228	0	0.14285714	0	0	0.14035088	0	0	0	0.25	0.84615385	0.7	0.66666667	0.81818182	0.7	0	0	0	0	0	0	0	0	0	0	0	0.14285714	0	0	0.73684211	0	0	0.28571429	0	0	0	0	0	0	0	0	0	0	0	0	0	0	0	0	0	0	0	0	0	0.30769231	0	0	0.44444444	0	0	0	1	0	0.11111111	0	0	1	0.44444444	0.42307692	0.11538462	0	0	0	1	0.25225225	0	1	0	0	0.07142857	0	0	0.10526316	0.16666667	0.44	0	0.5	0	0	0.875	0	0	0	0	0	1	1	0.88888889	0	0	0.46153846	0.36363636	0.75	0	0	0	0	0	1	1	0.51785714	0.03333333	0.33082707	0.18309859	0	0.5	0.77777778	0	1	0	1	0	0.16666667	0	0.2	0.08333333	1	0	0.15652174	0.66666667	0.07692308	0.16129032	0.08333333	0	0.29411765	0	0.625	0.55555556	0	0	0.13953488	0.17391304	0	0	0.6	0.13978495	0.55172414	0.30555556	0	0.38461538	0	0.75	0	0.375	0	0	0	0	0	1	1	0.29315961	0.27272727	0.09090909	0.1	0	0.60869565	0.4	0.48	0.18181818	0.42857143	0.5	0	0	0	0	0.09090909	1	0	0.0952381	1	0	0.8	0	0.28571429	0.0952381	0.05	0.0952381	0	0	0	0	0	0	1	0	0	0	0	0	0	0	0	0	0	0	0.8	0.14285714	1	0.12121212	0.421875	0	0	0	0	0.83333333	0.83333333	0	0.44444444	0	0	0.66666667	0.75	0.5	0.06666667	0.06666667	0.05128205	0	0	0.125	0	0	0	0	0.77777778	0	0	0	0	0	0.16666667	0
BIMD0064-02	B	0.2626705556739812	0	0	1	1	0.3	0.2	0.26666667	1	0	0.19329389	0	0	0.85714286	0.6	0.33333333	0.1	0.26666667	0.94736842	0.56666667	0	0.44444444	0.77272727	0.33333333	0.5	0.21052632	0	0	0.44444444	0	0	0	0	0	0	0	0	0	0	0	0.11764706	0	0	0	0	0	1	1	0.5	0.15384615	1	0	0	0.3	0.84615385	0.21428571	0.42857143	0.42857143	0	0	0	0	0	0	0	0	0.15384615	0.36363636	0	0	0.07142857	0	0.89473684	0	0	0	0	0	0.13636364	0	0.25	0	0	0.16470588	0	1	0	0	1	1	0	0	1	0	0	0	0	0	0	0	0	0.33333333	1	0	0	0	0	0.57142857	0.40909091	1	0.47826087	0.6	0	1	1	1	0.66666667	0	0.5	1	0	0	0	0	0.71428571	0	0	0	0	0	1	1	0	1	0	0.22222222	0	0.6	1	0	0.07692308	0.08333333	0	0	0.67647059	0.12903226	0.125	0	0.54545455	0	0	0.94915254	0	0	0	0	0	0	0	0	0.4	0	0	0	0	1	0	0.53191489	0	0.42857143	1	0	0	0	0	0	0	1	0.05263158	0	0	1	0	0	0	0	0	0	0	0	0.40327869	0.20224719	0	1	1	0	0	0	0	0	0.10714286	0	0.71428571	0.04081633	1	0.25	0	0	0.33333333	0	0	0	0.6	0	0	0.04347826	0.3	0	0.21917808	0.61538462	0	0	0	0.09090909	0.4025974	0.32432432	0	0.03448276	1	0	0	0.64285714	1	1	0	0	0	0	0.66666667	0.32094595	0.18674699	0.30769231	0	0	1	0.45205479	0.52777778	0.30769231	0.17391304	0.18181818	0	1	0	1	0.08333333	1	1	0.4375	0.81818182	0	0.57142857	0.66666667	0.6875	0.4375	0.4	0.53333333	0	0	0	0	0	0.625	1	0	1	0	0	0	0	0	0	0	0	0.2195122	1	0.33333333	1	0.16666667	0.55357143	1	0	0	0	0.88888889	0.96	0.6	0	0.13043478	0	0	1	1	0	0	0.13888889	0	0	0.29166667	0	1	0	0	0	0.20833333	0.13636364	1	0	0	0	0
BIMD0064-02	IFNg	0.30742729987460815	1	1	1	1	0.23076923	0.09090909	0.3	1	0	0.25382263	0	0.75	1	0.425	0.17391304	0.09756098	0.18181818	0.96969697	0.75	0	0	0.2	0.20454545	0	0	0	0	0	1	1	0.2	0.33333333	0	0	0	0	0	0	0	0.22222222	0	0	0	0	0	0	1	0.56338028	0.31707317	1	0	0.18867925	0.3	0	0.11363636	0	0	0	0	0	0	0	0	0	0.36363636	0.2	0.69230769	0	0.28571429	0.17857143	0	1	0	0	0	0.22580645	0	0.17142857	0	0.25396825	0	0	0.22742475	0.4	1	0	0.12903226	0	1	0.85	0.89473684	1	1	0	0	0	0	0	0	0	0.33333333	1	0	0	0	0	0.22222222	0.4	0.55555556	0.75	0.25	0	1	1	0.94736842	0.66666667	0	0.21428571	1	0	0.83333333	0	0	0	0	0	0	0	0	1	1	0	0	0	0	1	0	0	0	0.18181818	0.6	0	0	0	1	1	0.66666667	1	1	0	0	0	0.75	1	0	0	0.12727273	0	0.08695652	0.6	0	0	0	0.6	0	0	0.9	0	0	1	0.33333333	0.83333333	0	1	1	0	1	0	0	0	1	0	0	0	0	0	0	0.28571429	0.15384615	0.36575053	0.16923077	0	0.16666667	0	0	1	1	0	0	0	0.6	0.83333333	0.05172414	1	0	0	0	0.43333333	0	0	0	0	0	0.66666667	0.05	0.37931034	0	0.34285714	0	0.66666667	0	0	0.1744186	0.41666667	0.27272727	0.13333333	0.2195122	1	0	1	0	0	1	0	0	0.28571429	0	1	0.38141026	0.33082707	0.10526316	1	0	1	0.33846154	0.44444444	0.17647059	0.07142857	0.07142857	0.86666667	1	0	1	0.10526316	1	1	0.25	1	0.5	0.875	1	0.7	0.25	0.25	0.33333333	1	0	1	1	0	0	1	0	1	0	0	0	0	0	0	0	0	0	1	0.76923077	1	0.2	0.24137931	0	0	0	0	1	1	0	0.18181818	0	0.09090909	0	0	0	0.05	0.05	0	1	0	0.06666667	0	0.98591549	0	0	0.76923077	0	0	1	0	0.35555556	0	1
BIMD0064-02	LPS	0.21102104128526647	0	0	1	0.98039216	0	0.17142857	0.2	1	0	0.20434783	0	0.875	0.53333333	0.375	0.25	0	0.11764706	1	0.63333333	0.88888889	0.4	0.09090909	0.06060606	0.04166667	0	0	0	0.33333333	0	0.5	0	0	0	0	0	0	0	0	0	0.42857143	0	0	0.6	0	0	0	1	0.6	0.30434783	1	0	0.28947368	0.17647059	0.83333333	0.08108108	0	0	0	0	0	0.14285714	0	0	0	0.2	0	0.6	0	0.14285714	0	0	1	0	0	0	0.1	0.21052632	0.15625	0	0.14634146	0	0	0.17021277	0	1	0	0	1	1	0.85714286	1	1	1	0	0	0	0	0	0	0	0	1	0	0	0	0	0	0.14285714	0	0.15384615	0.1	0	0	0	0	0	0	0.11111111	1	0	0	0	0	0	0	0	0	0	0	0	0	0	0	0	0	0	0	0	0	0.22222222	0	0	0	1	0.42222222	0.43478261	0	1	0	0	0	0	0	0	0	0	0.1	0	0	0.4	0	0.68181818	0	0	0	0	0.77777778	0	0	0	0	0	1	1	0.83333333	0	0	0	0.75	0	0	0	0	0	0	1	1	0.03333333	0.05	0.4516129	0.06666667	0	0	1	0	0	0	0.81818182	0	0.5	0	0	0.08695652	0	0	0	0	0.46666667	0.30769231	0.14285714	0	0.77777778	0	0.0952381	0	0.21428571	0	0.28	0.47368421	0	0	1	0.1875	0.21212121	0.36956522	0	0.5	0	0	0	0	1	0	0	0	0	0	1	0.31623932	0.64	0.11111111	0.4	0	0.875	0.41129032	0.47413793	0.25	0	0	0	0.6	0	0	0.25	0	0	0.23529412	1	0	0	0.16666667	0.66666667	0.1875	0.23529412	0.4	0	0	0	0	0	0.28571429	0	0	1	0	0	0	0	0	0	0	1	0.22580645	1	0.6	1	0	0.57692308	0	0	0	0	0.54545455	0.66666667	0	0	0.125	0.14285714	1	1	1	0	0.05882353	0	0	0	0.33333333	0	1	0	0	0.5	0.11764706	0.05882353	0	0	0	0	0
BIMD0067-03	B	0.24848534561128527	0.81818182	1	1	1	0.26470588	0.1969697	0.26315789	0	1	0.12578616	0	1	0.875	0	0.30434783	0.33333333	0	0	0	0	0	0	0	0	0.26666667	0	0	0	1	0	0	0	0	1	0	0	0.71428571	0	0	0	0	0	0	0	0.44736842	1	1	0	0.171875	1	0	0	0.24390244	0	0.13793103	1	1	0	0	0	0	1	0	0.2	0	0	0	1	0.05	0	0.57142857	0	0	0	0	0.20454545	0.33333333	0	0	0.21052632	1	0	0.19018405	0.88235294	1	0	0.19047619	0	0.8	0	0	0.8	0	0	1	0	0	0	0	1	1	1	0	0	0	0	0.70588235	0.92857143	0	0.08695652	0	0	1	0	0	0	0	0	0.69230769	0	0.93333333	0	0	0	0	0	0	0	0.25	0	0	0.28571429	0	0	0	0	0.75	0	0	0.15384615	0.34482759	0.5	0	0.28571429	0	0	0	0	0	0.84	0	0	0	0	0.5	0.27777778	0	0	0	0	0	0.42857143	0	0	0	1	0.33333333	0	0	1	0	0	0	0	0	0	1	0	0.4	0	0	0	0	0	0	0	0	0.05076142	0.375	0.14470284	0.13043478	0	0.66666667	0	0.56521739	0	0	0	0	0.26086957	0.4	0	0.07594937	0	0	0.05128205	0	0.2	0	0.07142857	0	0	0	0	0.14851485	0.25757576	1	0	0.09090909	0.5	0	0	0	0.40740741	0	0	0	0.85714286	0.22222222	0	0	0	0.90909091	0	1	0	0	0	0.24912281	0.31111111	0.19047619	0.12903226	0	0.66666667	0.27272727	0.25	0.17391304	0	0	0	1	0.33333333	1	0	0.8125	1	0.11764706	0.9	0.32	0	0	0.30769231	0.11764706	0.17647059	0.21428571	1	0	1	1	0	0.21052632	0	0	1	1	0	1	0	0	0	0	0	0.03448276	0.97701149	0	0	0	0	0	1	0	1	0.8	0.875	1	0.125	0.125	0.1	0	0	0	0.2	0.23076923	0.33333333	0	0.81818182	0	1	1	0.83333333	0.53846154	0.37037037	0.30769231	0.16666667	1	0	0	0	1
BIMD0067-03	IFNg	0.2989738384952978	0.8	0.9	1	1	0.27272727	0.09433962	0.14285714	0	1	0.12761276	0.125	0.33333333	0.69230769	0	0.11111111	0	0	0	0.25	0.57142857	0	0	0	1	0.375	0	0	0	1	0.1	0	0	0	1	0	1	0	0	0	0	0.36231884	0.38028169	0.22222222	0	0.24	0.91666667	1	0.18	0.0952381	1	0	0	0	0	0.06666667	0.09090909	0.08333333	0	0	0	0	1	0	0.0625	0.61538462	0	0	1	0.0952381	0	0	0	0.66666667	0	0	0.03703704	0.1	0.38888889	0	0.19047619	0	0	0.09745763	0.84615385	1	1	0.25	0	1	0	0	1	0	0.75	0.71428571	1	1	0	0	0	0	0.98901099	0	0	0	0	0.4	0.92592593	0.92391304	0.17647059	0	0	1	0	0	0	1	0	0.875	0	0.89473684	0	0.63636364	0	0.22222222	1	0	0.77777778	0	0	0	0	0	0	0	1	0	0	0	0.47826087	0.42105263	0	0.31914894	0	0	0	0	0	0	1	1	0	0	1	0.77777778	0.42857143	0.09302326	0	0	0	0	0	1	0	0	1	0.34482759	0	0.3030303	1	0	0.7	0	0	0	0.42857143	1	0	0	0	1	0	1	0.2	0	0	0	0.74883721	0.6	0.13030303	0	0.4	0.8	0.125	1	0	1	0	0	0.12	0.71428571	0	0.15517241	0	0	0.44140625	0.7	0.19230769	0	0.4	0	0.2	0.81818182	0.16666667	0.15447154	0.2173913	1	0	0	0	0	0	0.07142857	0.63157895	0	0	0	1	0	0.42857143	0	0	1	0.08333333	1	0.5	0	0	0.22054381	0.23655914	0.13043478	0.6	0	0.41666667	0.41666667	0.38461538	0.20833333	0	0	0.86363636	1	0	0.92307692	0	0	1	0.28571429	0	0	0	0.6	0	0.28571429	0.25	0.33333333	1	1	0	0	0	0	0	0.17857143	1	0.42857143	0.4	0	0	0	0	0	0	0	0.98130841	1	0	0.4	0.6	0	1	0	1	0.55555556	1	1	0.125	0.125	0.23076923	0	0	0	0.24242424	0.25	0	0.57142857	0.875	0	1	1	0	0	0.625	0	0	1	0	1	0.16666667	0
BIMD0067-03	LPS	0.22897519476489028	1	0	1	0.93103448	0.11111111	0	0.23076923	1	1	0.1037464	0.16666667	0.66666667	0.55	0	0.30434783	0.07142857	0	1	0.57142857	0.29411765	0.5	0.22222222	0.18181818	0.08333333	0	0	0	0.5	0	0.08333333	0.11111111	0.11111111	0.33333333	0	0	0	0	0.125	0	0	0.42857143	0.42857143	0	1	0.18181818	1	1	0.23880597	0.39534884	1	0	0.13333333	0.26666667	0	0.14285714	0.23076923	0.23076923	0	0.16666667	0.83333333	0.30769231	0	0.38095238	0.125	0	0.38888889	0	0	0.2	0.21428571	0	0	0	0	0	0.13157895	0.1	0.11764706	0	0.15942029	0	0	0.11363636	0.90909091	0	0	0.18181818	0	1	0.83333333	1	1	0	0	0.66666667	0	0	0	0	0	0	0.96923077	0	0	0	0	0.28571429	0.5	0	0	0	0	1	0	0	0	0.78571429	0	1	0	1	0	0	0	0	0.4	0	0	0.33333333	0	0	0	0	0	0	0	0.66666667	0	0	0.21212121	0.17777778	0	0.36956522	0.77777778	0.26666667	0.26666667	0.14285714	0	0	0	0	0	0	0	0.625	0	0.08433735	0	0.47058824	0	0.03571429	0	1	0	1	1	0.25925926	0	0.16666667	0.75	0.6	0	1	0	0	0.55	0	0.05555556	0	0	0	0.6	0	0.42857143	0.5	0	0	0.38392857	0.4	0	0.1369863	0.57142857	0	0	0.875	0	0	0	0.66666667	0.05555556	0	0.71428571	0.0754717	0	0	0.27163462	0.875	0.1875	0.16666667	0.13636364	0	0.61538462	0	0	0.15384615	0.2	0	0.14285714	0.11111111	0	0.5	0	0.03571429	0.28813559	0.17021277	0.38461538	0.24	0	0.25	0.28571429	0	0	0	0.20689655	0	0	0	0.8	0.19101124	0.04878049	0.2	0.21276596	0	0	0.61403509	0.65	0	0.5	0.5	0.33333333	0	0	0	0.16666667	0	0	0.25	0.83333333	0	0.125	0	0.35294118	0.18181818	0.1	0.25	0	0.6	0.8	0	0	0	0	0.23529412	1	0	0.16666667	0	0	0	0	0	0	0.11363636	0.96491228	0.625	1	0.28	0.66666667	1	0	0	0	0.91666667	0.91666667	0	0.36842105000000003	0.17391304	0	0	0	0	0.25	0.22580645	0	0	0	0	0	1	0	0	0.4	0.33333333	0.11111111	0	0	0	0.44444444	0
BIMD0068-02	B	0.2633369267210031	0.75	0	0.916666667	0.99	0.211538462	0.189655172	0.333333333	1	1	0.113323124	0	0	0.933333333	0	0.176470588	0	1	0	1	0.166666667	0	0	0	0.75	1	0	0	0	1	0.111111111	0	0.2	0.411764706	0	0	0	0	0	0	0	0	0	0	0	0.363636364	1	1	0.416666667	0.157894737	1	0	0.666666667	0.155555556	0	0.145454545	0	0	0	0	0	0.1	1	0.3125	0.090909091	0	0	0	0.857142857	0.285714286	0.105263158	1	0	0	0	0	0.125	0	0	0.5	0.1875	0	0	0.055555556	1	1	1	0	1	1	0	0	1	1	0.7	1	0	0	0	0	0	0	0.944444444	1	0.008353222	1	0	0.318181818	0.72972973	0.947368421	0.083333333	0	1	1	0	0	0.285714286	0	0	1	0	0.842105263	0.238095238	0	0	0	0	0	0	0.375	1	1	0	0	1	0	0	0.444444444	0	0	0.057142857	0.25	0.666666667	0	0.454545455	0	0	0.2	0	0.666666667	0.333333333	0	0.319148936	0	0	0.5	0.583333333	0	0	0	0	0	0.5	0	0	0	1	0.333333333	1	0.148148148	0.909090909	0.5	0.888888889	0	0	0	0.894736842	1	0.333333333	0	0	0	0	0	0	0	0	0	0.070833333	0	0.133004926	0.108108108	0	0.666666667	1	0.41025641	0	0	0	0	0.0625	0	0	0.272727273	0	0	0.03030303	0	0.285714286	0.111111111	0.217391304	0	0	0	0	0.203883495	0.275862069	1	0	0	0.777777778	0	0	0	0.72	0.294117647	0	0	1	0.285714286	0	0	0	0.928571429	0.142857143	0	0	0	0	0.239543726	0.197278912	0	0.090909091	0.2	0	0.285714286	0.333333333	0	0.176470588	0.1875	0	1	0.142857143	0.888888889	0.166666667	1	1	0.333333333	0	0	0	0	0	0.333333333	0.363636364	0.5	1	0	0	0.555555556	0	0	0	0.125	0	0.5	0.533333333	0	0	0	0	0	0	0.094594595	0.965909091	0	0	0	0	0.571428571	1	0	0	0.75	0.75	1	0.333333333	0.25	0	0	0	0	0.086956522	0.085106383	0	0	0.333333333	0	1	1	0	0	0	0.307692308	0.090909091	1	0	0	0	0
BIMD0068-02	IFNg	0.2556339782413793	0.363636364	1	0.875	1	0.1875	0.138888889	0	0	1	0.118503119	0.636363636	0	0.833333333	0	0.222222222	0	0	0	0	0	0	0	0	0	0	0	0	0	1	0	0	0	0	0	0.4	1	0	0	0	0	0.254545455	0.245614035	0	0	0.555555556	1	1	0.65	0.236363636	1	1	0	0.333333333	0	0.156862745	0	0	0	0	0	0	1	0	0	0	0	0	1	0.166666667	0	0	0	0	0	0	0.12	0	0	1	0.215686275	0	0	0.111340206	0.891891892	1	0	0.083333333	1	1	0	0	1	1	0	1	0	0	1	0	0	0	1	0.589285714	0.003436426	0.965517241	0.75	0	0.783783784	0.975609756	0.352941176	0	1	1	1	1	0	0	0.666666667	0	0	0.722222222	0.274509804	0.4	0	0	0	0	0	0	1	1	0	0	0	0	1	0	0	0	0.222222222	0.315789474	0	0	0	0	0	0	0.6	0	0	0.983606557	0	0	0	0.5	0.266666667	0	0	0	0	0	0	0	0	0	1	0.416666667	1	0.133333333	1	0.714285714	1	0	0	0	0	1	0.125	0.4	0	0	0	0	0	0	0	0	0.493617021	0	0.174291939	0	0.555555556	0	0	0	0	0	0	0	0	0.6	0	0.15	0	0	0.303249097	0	0.333333333	0	0.375	0	0	0	0	0.225	0.272727273	1	0.222222222	0	0	0	0	0.013888889	0.2	0	0.6	0	1	0	0	0	0	0.941176471	0	1	0.142857143	0	0	0.300847458	0.317757009	0	0.608695652	0	0	0	0	0.173913043	0	0	1	1	0	1	0.142857143	1	1	0	0	0	0	0.846153846	0	0	0	0	0.8	0	0	1	0	0.157894737	0	0.24	0	0.333333333	0	0.714285714	0	0	0	0	0	0.222222222	0.973404255	1	1	0.125	0	0	1	1	0	0.6	0	0	0.2	0.111111111	0	0	0	0	0.166666667	0.166666667	0	0.857142857	1	0	0	0.983739837	0.444444444	0.5	0	0	0	1	0	0	0	0
BIMD0068-02	LPS	0.23574006497178684	0.555555556	1	1	0.95890411	0	0.153846154	0.176470588	1	1	0.111346766	0.454545455	0	0.571428571	0.277777778	0.055555556	0.291666667	0	0	0.8	0.25	0	0	0	0.125	0	0	0	0	0	0	0	0	0.3125	0	0	0	0	0	0	0	0.2	0.2	0.416666667	0	0.4	1	1	0.513513514	0.185185185	1	0.2	0	0.244444444	0	0	0.4	0	0	0	0.727272727	0.352941176	0	0.0625	0.086956522	0	0	0	0	0	0	0	0	0	0	1	0.103448276	0.666666667	0.0625	0	0.25	0	0	0.132743363	0.882352941	1	0	0.185185185	1	1	0	0	1	1	1	1	0	0	0	0	0	0	0.96875	0.45	0.003764115	1	0	0.25	0.590909091	0.861111111	0.05	0.428571429	1	1	0	0	0	0	0	0.75	0	0.666666667	0.152542373	0.333333333	0	0	0.6	0	0	0.4	0	1	0	0	1	0	0	0	0	0	0.125	0.5	0	0.019230769	0	0	0	0	0	0	0	0.972972973	0.076923077	0	0	0.375	0.461538462	0.071428571	0	0	0.333333333	0	0	0	0.285714286	0	1	0.315789474	1	0.133333333	1	0	0	0	0	0	0.461538462	0	0	0	0	0	0.25	0	0.333333333	0	0	0	0.400414938	0.666666667	0.136363636	0.035714286	0.333333333	0.666666667	1	0	1	0	0	0.6	0	0.142857143	0	0.176470588	0	0	0.147058824	0.6	0.2	0	0.466666667	0	1	0	0.1	0.14	0.284482759	1	0	0	0	1	0	0.138888889	0.5	0.216216216	0.166666667	0.095238095	0	0	0	0	0	0	0.125	0	0.230769231	0	1	0.309734513	0.115384615	0.25	0	0.666666667	1	0.185185185	0.318181818	0.210526316	0	0	0	1	0	0	0.142857143	0	1	0.066666667	0	0	0	0	0.333333333	0.066666667	0.071428571	0.1	0	0.733333333	0.333333333	0	0	0.125	0	0.222222222	0	0	0.25	0	0	0	0	0.384615385	0	0.12037037	1	1	0	0.333333333	0	0	0	0	0	0	0	0	0.217391304	0.071428571	0	0.8	0.8	0.8	0.255319149	0.260869565	0	0	0	0	0	1	1	1	0	0	0	0	0	0	0.5	0
BIMD0078-03	B	0.34890669943573666	0.47058824	1	1	1	0.640625	0	0.28947368	1	0.71428571	0.08055236	0.44444444	0.83333333	0.94117647	0.22222222	0.4	0.13333333	0.4	1	0.83333333	0.72727273	0.3	0.07142857	0.125	0.81818182	0.25	0	0	0.27272727	0.875	0.13333333	0.36842105000000003	0.33333333	0.18181818	0.33333333	1	0	1	0	0	0	1	1	0	1	0.41666667	1	1	0	0.11764706	1	0.22222222	0	0.21621622	0	0.13461538	0	0	1	0	0	0	0	0.07843137	0.12068966	0.48148148	0	0.4375	0.875	0.3015873	0.05	0.71428571	0	0	0	0	0.14634146	0.64285714	0.08	1	0.2278481	0	0	0.02912621	1	0	1	0.10526316	1	1	0	0	1	1	0	0	0	0	0	0	0	0	1	0.24074074	0.55	0.31818182	1	0	0.49411765	0	0	0.33333333	0.525	0	0	0	0	0	0.19047619	1	0	0	0.86842105	1	0.44444444	0	0	0	0	0.2	0	0	0	0	1	0	1	1	0	0	0.04918033	0.34343434	0	0.05263158	0.45454545	0.5	0.53846154	0.08333333	0	1	0	0.87671233	0	1	0	0.33333333	0.7	0	0.68181818	0.57894737	0.8	0	0	0	0	0	0.81818182	0.48	0.33333333	0	1	0.54545455	0.65	1	1	1	0.33333333	1	0.27272727	0	1	0	0	0	0	0.33333333	0	1	0.13142857	0.13636364	0.027833	0.26506024	0	1	0	0	0	0.66666667	0	0	0	0	0.2	0.14285714	0.77777778	0.4	0.04040404	0.86666667	0.59183673	0.27272727	0.51612903	0.375	0.11764706	0	0	0.11034483	0.26153846	1	0.08823529	0.13793103	0	0	0	0.19354839	0.575	0.47058824	0	0	0.8	0	0.32	0.09090909	0	1	0.33333333	0	0	0.42857143	0	0.225	0.22018349	0.2745098	0.29411765	0.55555556	1	0.6741573	0.74038462	0.19402985	0.19047619	0.0952381	0.4	0.97260274	0.16666667	1	0.16666667	0.83333333	0.9375	0.14705882	1	0.09090909	0	0.83333333	0.36363636	0.14705882	0.14705882	0.2	0.5	0	0	0.77777778	1	0.04	0	0.05882353	0	1	0.5	0	0.57142857	0	0	0	0	0.03888889	0.96226415	0.84615385	1	0.12244898	0.2	1	1	1	0	0.81481481	0.81481481	0	0.15625	0.1	0.13636364	0	0	0	0.17857143	0.17241379	0.33333333	0.56521739	0	0.57142857	0.77777778	1	0	0	0.38888889	0	0.31578947	1	0.625	0.06060606	0.38461538	0.56521739
BIMD0078-03	IFNg	0.3434764584326019	0.5	1	1	0.98501873	0.07692308	0	0.09090909	0.92592593	1	0.3008	0	0	1	0	0.53333333	0	0.75	1	1	0	0	0	0.35294118	0	0.57142857	0	0	0	0.77777778	0.66666667	0.375	0.6	0	0.67142857	0	1	0	0	1	0.55555556	0.43589744	0.42857143	0	0	0	1	0.95652174	0.55445545	0.10344828	1	0	0.69230769	0	0	0.1372549	0	0	0	0	0	0	1	0	0	0	0	0	1	0	0.07692308	0	0	0	0	0	0.33333333	0	0	0	0.13888889	0	0	0.21023125	1	1	0	0.30434783	1	1	1	1	1	1	0	0	0	0	0	0	0	1	0.94117647	0.13380282	0.53846154	0.44	0.90909091	0.51111111	0.63461538	0	0.67105263	0.25	0.41935484	1	0.92592593	0.84	0	0.125	0.28125	1	0	0	0.90196078	0	0.3125	0	0	1	0.14285714	0	1	1	0	0	0	0	1	0	0	0	0.09090909	0.22222222	0.42857143	0.36363636	0	0	0	0	0	0.66666667	1	0	0	0	0.9	1	0.44444444	0.05660377	0	0.16666667	0	0.33333333	0	1	0	0	0	0.6492891	0	0	1	0	0.86666667	1	0	0	0.4	1	0	1	0	1	0	0	0	0	0	0	0.46938776	0	0.49164345	0	0.55263158	1	0	0	0	0.9	0	0	0.23529412	0	0	0.225	1	0	0.30188679	0	0.41904762	0	0	0	1	1	0.02409639	0.02758621	0.37142857	1	0.22222222	0	0.78947368	0	0	0.15714286	1	0	0.16666667	0	0.83333333	0	0	0	0	1	0.2	0.90909091	0.14285714	1	0	0.41961577	0.54304636	0.13636364	0.90909091	0	1	0	0	0.14814815	0	0	0.88888889	1	0	1	0.04545455	1	0.9	0	0	0.33823529	0	0.88235294	0	0	0	0	1	0	1	0.76923077	0	0	0	0.06666667	1	0.42857143	0	0.83333333	0	0	0	0	0	0	0.95652174	1	1	0	0	0	1	0	0	0.97333333	0.91139241	1	0.12	0.14705882	0.16	0	0	0	0.06666667	0.07692308	0	0.75	1	0	1	1	0.91666667	0.81818182	0.69230769	0.27272727	0.63636364	1	0.4	0	0.25	1
BIMD0078-03	LPS	0.2107362247680251	0	0	1	0.976190476	0	0.142857143	0.178571429	1	0	0.186915888	0	0.5	0.461538462	0	0.375	0.023809524	0.090909091	0.933333333	0.5625	0.428571429	0.272727273	0.367346939	0.303030303	0.022727273	0	0	0	0.25	0	0	0.142857143	0	0.4	0	0	0	0	0	0	0.555555556	0	0	0.333333333	1	0	0	0	0.611111111	0.166666667	0	0	0.489361702	0.260869565	0	0.083333333	0.833333333	0.8	0	0	1	0.384615385	0	0	0	0.352941176	0	0	0	0.142857143	0.12	0	0	0	0	0	0.136363636	0.235294118	0.137254902	0	0.238095238	0	0	0.1	0	1	0	0.32	0.5	0.857142857	0.727272727	0.8	0.857142857	0	0	0	0	0	0	0	0	0	1	0.636363636	0	0	0	0.588235294	0.046511628	0	0	0	0	0	0.142857143	0.125	0	0	0	1	0	0	1	0	0	0	0	0	0	0	0	0	0	0	1	0	0	0	0	0	0	0.142857143	0	0	1	0.565217391	0.568181818	0.333333333	0.4	0	0	0.875	0	0	1	0	0	0.195121951	0.567567568	0.515151515	0.052631579	0.196078431	0.769230769	0	0.2	1	0	0	0	0.166666667	0.6	0.333333333	0	1	1	1	0.857142857	0	0.448275862	0	0	1	0	0	0.285714286	0	1	0	0.136842105	0.042553191	0.33	0.186440678	0	0	0	0	0	0	0.647058824	0	0	0.4	0.083333333	0.052631579	0	0.181818182	0.007142857	0	0	0.242424242	0.240506329	0.4	0.733333333	0	0	0	0.32	0	0.36	0	0	0	0.846153846	0.226190476	0.451612903	0.416	0.470588235	0	0	0.222222222	0	0	0	0	0.142857143	0	0.375	1	0	0.294670846	0.666666667	0.125	0	0	1	0.568181818	0.606481481	0.055555556	0.166666667	0.181818182	0	0	0.125	0	0.4	0	0	0.086956522	0	0	1	0	0.558139535	0.045454545	0.045454545	0.095238095	0	0	0.6	0	1	0	0	0	1	0	0	0	0	0	0	0	1	0.133333333	0	0	0	0.083333333	0.571428571	1	0	0	0	0.823529412	0.933333333	0	0	0	0	0.692307692	0.384615385	0.384615385	0	0.021276596	0.217391304	0	0	0	0	0	0	0	0.538461538	0.033333333	0	0	0	0	0	0
BIMD0105-01	B	0.21848548846394986	1	1	1	1	0.02666667	0.07857143	0.56666667	1	1	0.23929471	0.06666667	0	0.92857143	0	0.56818182	0	0	1	0	0	0	0	0.57142857	0	0	0	0	0	1	0	0	0	0.875	0	0	0	1	0	0	0	0	0	0.44444444	0	0	1	1	0.43980583	0.14736842	1	0	0	0.25316456	0.64285714	0.18681319	0	0	1	0	0	0	0	0	0	0	0	0	0.83333333	0.14285714	0	0	0.67857143	0	0	0	0.21428571	0	0	0	0.13861386	0	0	0.18181818	0	0	0	0.26470588	0	1	0	0	1	1	0	0	0	0	0	0	0	0	1	0.125	0	0.36363636	1	0	0.9	0	0	0.08333333	0	0	0	0	0.52173913	1	0.11111111	0	0	0	0	0.5	0	0	0.71428571	0	0	0.20833333	1	1	0	1	0	0	0	0.89655172	0.92307692	0	0.01785714	0.36	0	0	0	0	0	0	0	0	0	1	0	0	0	0	0.2	0	0	0	0	0	0	0	0	0	0	0.32727273	0	0.12765957	1	0	0.7	1	0	0	0	1	0	0	0	0	0	0	0	0	0	0	0.11450382	0	0	0.1	0	0	1	0	0	0	1	0	0.33333333	0.45454545	0	0.11304348	0	0	0.12121212	0.83333333	0.82758621	0	0.16666667	0	0	0	0	0	0.21212121	0	0	0	0	0	0	0	0.875	0	0.12280702	0	1	0.35714286	0	0	1	1	0.10958904	0	0.29411765	0	0	0	0	0.2826087	0	0	0	0	0	0.17073171	0	0	0.33333333	1	0.05333333	1	0.20454545	0.94736842	0	0	0.78787879	0	0	0	0	0	0	0.5	0	0	0	0.6	0	0	0	0	1	0.33333333	0.47058824	0.8	0.22222222	0	0	0	0	0.15957447	1	1	1	0.08333333	0	1	0	0	0	0	0	0	0	0	0.09090909	0	0	0	0.38461538	0.38461538	0	0	0	0.33333333	0	1	1	0	0	0	0.41666667	1	0	0	0.53333333	0
BIMD0105-01	IFNg	0.2723598506833856	0	0.5	0	1	0	0.133333333	0.388888889	1	0	0.170322581	0	0.6	1	0.230769231	0.285714286	0.181818182	0.16	0.846153846	0.35	0.333333333	0.461538462	0	0.347826087	0.5	0	0	0	0.6	0.8	0.666666667	0.666666667	0.444444444	0.333333333	0	0	0	0	0	0	0.857142857	0.056603774	0.062111801	1	0	0	0	0.875	0.616	0.4375	1	0.3	0.159090909	0.263157895	0.5	0.166666667	0.333333333	0.333333333	0	0	0	0	0	0	0.133333333	0.55	0	0.361111111	0	0.416666667	0	0	1	0	0	0	0.058823529	0	0.066666667	0	0.289473684	0	0	0.170391061	1	1	0	0.25	0.8	1	1	1	1	1	0	0	0	0	0	0	0	0	1	0	0.004830918	1	0	0.5	0.222222222	0.916666667	0.555555556	0.333333333	0	0	0.608695652	0.611111111	0	0	0.333333333	0	0	0	0	0	0.0056899	0	0	0	0	0	0	0	0.75	0	1	0.5	0	0	0	0	0.166666667	0.214285714	0	0	0.709677419	0	0	0.235294118	0.80952381	0	0	0	0.264150943	0	1	0	0.625	0.117647059	0.333333333	0.333333333	0.1	0	0	0	0.714285714	0	0	0.75862069	0	0.428571429	1	0	0.428571429	1	1	1	0.666666667	0	0.473684211	1	0	1	0	0	0	0	0	0	0.583333333	0	0.396793587	0	0.095238095	0	1	0	0	0	0	0	0.107142857	0.666666667	0.181818182	0.119047619	1	0	0.135135135	0.615384615	0.477272727	0.230769231	0	0	0	0.777777778	0.133333333	0.181818182	0.269230769	0	0.032258065	0	0	0	0	0.125698324	0.390243902	0.333333333	0.428571429	0.565217391	0	0.666666667	0.666666667	0.083333333	1	0	0	1	0	0	0.666666667	0.37182448	0.275	0.307692308	0.714285714	0	0.8	0.311111111	0.30952381	0.3	0	0	0.4	1	0	1	0.1	1	0	0.166666667	1	0.571428571	0	0	0	0.166666667	0.166666667	0.230769231	0	0	0	0.2	0	0.222222222	0	0	1	0	0	0	0	0	0	0	1	0.357142857	0.846153846	0.769230769	1	0.214285714	0.344	0	0	0	0	0.928571429	0.962962963	0	0.142857143	0.166666667	0	0	0	0	0	0	0.03125	0	0	0.35483871	0	1	0	0	0.166666667	0.076923077	0.153846154	1	0.5	0.346153846	0	0.2
BIMD0105-01	LPS	0.21096972661442007	0.75	0.75	1	0.9	0.125	0.230769231	0.130434783	1	0	0.074487896	0.2	0.842105263	0.583333333	0.25	0.25	0.090909091	0.214285714	1	0.6	0.375	0.4	0.333333333	0.25	0.074074074	0	0	0	0.4	0	0	0	0.5	0.5	1	0	0	0	0	0	0	0	0	0.481481481	0	0	1	1	0.666666667	0.214285714	0	0	0.285714286	0.181818182	0.625	0	0	0	1	0	0	0.285714286	0	0	0	0.5625	0	0	0	0.333333333	0	0.333333333	0	0	0	0.833333333	0.2	0	0.09375	0	0.153846154	0	0	0.073170732	1	0	1	0.285714286	0	0	0	0	0	0	0	1	0	0	0	0	1	0	0.956521739	0	0.001697793	0.666666667	0	0.363636364	0.4	0	0.090909091	0.5	0	0	0	0	0	0	0	0	0	0	0	0	0	0	0	0	0	0.4	1	1	0	0	1	0.285714286	0	1	0	0	0.16	0.194444444	0	0	0	0	0	0	0	0	1	0.866666667	0.25	0	0	0	0.714285714	0.071428571	0	0	0	0.129032258	0	0	0	1	1	0	0	0.192307692	0	0	0	0	1	1	0.285714286	0	0	0	0	0	0.333333333	0	0	0	0	0	0.208998549	0.041666667	0.114695341	0	0	1	1	0	0	0	0.5	0.875	0.148148148	0	0.285714286	0.14	0	0.166666667	0.067132867	0.5625	0.55	0.069767442	0.4	0	0	0	0	0.157894737	0.218181818	0	0.055555556	0	0	0	0	0.136363636	0.324324324	0.114285714	0.272727273	0.035714286	0	0	0	0	1	0	0.178571429	0	0	0	0	0.248175182	0	0.133333333	0.142857143	0	0.857142857	0.481481481	0.52	0.333333333	0.090909091	0	0	0	0.333333333	0	0.071428571	0	0	0.125	1	0	0	0	0.125	0.125	0.125	0.176470588	0	0	0	0	0	0	0	0.2	1	0	0	0	0	0	0	0.5	0.875	0	0.964285714	0.333333333	1	0.222222222	0.5	1	0	0	0	0.642857143	0.642857143	0	0	0.1	0	0	1	1	0.214285714	0.218181818	0	0	0	0	0	0	0	0	0.545454545	0.285714286	0.428571429	0	0.714285714	0.104166667	0	0
BIMD0108-01	B	0.24597270724137932	1	1	1	0.91304348	0.31818182	0.20512821	0	1	1	0.1122449	0.6	0.5	0	0.44444444	0	0.71428571	0.33333333	1	0.39130435	0	0	0	0.44444444	0.875	0.71428571	1	0.8	0	1	0	0.2	0	0.6	0	0	0	0	0	0	0	0	0	0	0	0.44444444	1	1	0.51282051	0.16666667	1	0	0.2	0.13043478	0.5	0.06666667	0.33333333	0.33333333	1	0	0	0	1	0.28571429	0.27272727	1	0	0	0.85714286	0.41666667	0	0	0	0	0	0	0.07142857	0	0	0	0.33333333	0	0	0.11650485	1	0	0	0.07142857	0	0	0	0	0	0	0	0	0	0	0	0	0	0	1	0	0	0	0	0.4	0.82857143	0.90909091	0.6	0	0	1	0	0	0	0	0	1	0	0.79310345	0	0	0	0	0	0	0	0.25	0	0	0	0	1	0	0	0.5	0	0	0.05	0.23076923	0.58333333	0	0.46153846	0	0	0	0	0	0.6	0.95833333	0.07317073	0	0	0	0.42857143	0	0	0	0	0	0	0	0	0	1	0.25	0	0.33333333	1	0.2	0.73333333	0	0	0	0.25	1	0	0	0	0	0	0	0	0	0	0	0.07216495	0	0.03859649	0.18181818	0.04	0	1	0.53846154	0	0	0	0	0.0625	0	0	0.15517241	0	0	0.07894737	0.5	0.1	0	0.2	0	0	0	0	0.25806452	0.13461538	0	0.3	0	0	0	0	0.15	0.40909091	0.125	0	0.05	0.90909091	0.66666667	0	0.07142857	0	1	0.14285714	0	0	0	0	0.23566879	0.16901408	0.17647059	0.08	0	0.02222222	0.47058824	0.51515152	0.21428571	0.05555556	0.05882353	0	1	0.15384615	1	0	0.75	1	0.2173913	0.75	0.45454545	0	0.85714286	0	0.18181818	0.25	0.38461538	1	0	0	1	1	0	0	0.18181818	0	0	0.25	0	0.2	0	0	0.25	0	0.10416667	1	0	1	0.14285714	0.76190476	0	0	0	0	1	1	0.6	0.6	0.35	0.4	0	0.14285714	0.14285714	0	0	0.38461538	0.75	0.77777778	0	1	1	0	0	0	0.33333333	0.2	1	0	0	0	1
BIMD0108-01	IFNg	0.3252941156426332	0.65	1	1	1	0.37142857	0.13636364	0.35714286	1	0.94736842	0.07654076	0.35714286	0.46153846	0.5	0.34782609	0.17647059	0.32	0	0	0.47826087	0.33333333	0	0.5	0.2	0.88888889	0.88888889	1	1	0	0.8	0.27272727	0	0	0.51851852	1	0.83333333	0	0	0	0	0	0.06666667	0.06666667	0.43478261	1	0	1	0.94827586	0.71153846	0.11904762	0.93181818	0	0.6	0.17241379	0	0	0.125	0.13333333	0	0	0	0	1	0.17647059	0.125	0.42857143	0	0	0.90909091	0	0	0	0	0	0	0	0.11111111	0	0.14285714	1	0.09259259	0	0	0.08860759	0.9047619	0	1	0.14285714	0	1	0.55555556	0.73333333	1	0	0	0	0	0	0	0	0	0.66666667	0.9375	0	0.52631579	0	0	0	0.67924528	0.9	0	0.2	0	1	0.6875	0.64285714	0	0	0.11111111	1	0	0.69736842	0	0.70967742	0.6	0.09090909	0	0	0	0.30769231	0	0	0	0	0	0.22222222	1	0	0	0	0.05714286	0.26966292	0	0	0	0.58333333	0.63636364	0.42857143	0.5	1	0.625	0.95454545	0.16393443	0.5	1	0.35294118	0.47368421	0.09375	0	0	0	0.16666667	0	0.9	0	0	1	0	0	0.15686275	1	0	0.94444444	0	0	0	0.69230769	1	0.11764706	0	0	1	0	1	0	0	0	0	0.54767726	0.22222222	0.07692308	0.19565217	0.26086957	0	0.85714286	0.61111111	0	1	0	0	0.15384615	0	0	0.0877193	0	0.44444444	0.31868132	1	0	0.2	0	0	0	0.4	0	0.14465409	0.31192661	0	0.06666667	0	0.71428571	0	0	0.12258065	0.45714286	0.1	0.125	0	1	0	0.70833333	0.42857143	0	1	0.22222222	0	0.33333333	1	0	0.2253886	0.10169492	0.26666667	0.55932203	0	0	0.35897436	0.3902439	0.21428571	0	0	0.87096774	1	0.66666667	1	0.2	0	1	0.05882353	0	0	0.4	1	0	0.05882353	0.06666667	0	1	1	0	0.91666667	0	0	0	0.12	1	0	0.38461538	1	0.5	0	0	0	0	0.06756757	0.93939394	1	1	0.22727273	0.17647059	1	0.9375	1	0	0.9375	0.89473684	0.91304348	0.14285714	0.14285714	0.28571429	0	0	0	0.06666667	0.06666667	0.26666667	0.6875	0.88235294	0.02380952	1	0.98907104	0	0	0.45454545	0.13043478	0.33333333	1	0	0	0	1
BIMD0108-01	LPS	0.18601253818181818	1	0	0	0.97297297	0	0.19148936	0.27777778	0	0	0.13824885	0	0.46153846	0.55555556	0.26666667	0.25	0.125	0.07407407	0.95833333	0.5	0.5	0.57142857	0.44	0.32258065	0.11111111	0	0	0	0.66666667	0	0.55555556	0	0	0	0	0	0	0	0	0	0	0	0	0.14285714	0	0	0.71428571	1	0.64285714	0.33333333	1	0	0.26744186	0.19230769	0	0.02777778	0	0	0	0	0.875	0.45454545	0	0	0	0.70588235	0	0.38888889	0	0.13333333	0	0	0	0	0	0	0	0.21428571	0	0	0.18867925	0	0	0	0	1	0	0.2	1	0	0.6	0.6	0	0	0	0	0	0	0	0	0	0	0	0	0	0	0	0.4	0.03703704	0	0.32	0	0	0	0	0	0	0	0	1	0	0	0	0	0	0	0	0	0	0	0	0	0	0	0	0	0	1	0	0	0.14285714	0.05	0.33333333	0	0.71428571	0.07692308	0.07894737	0.25	1	0	0	1	0.23809524	0	0	0	0	0.10909091	0	0	0.29411765	0.28571429	0	0	1	1	0	0.66666667	0	0	0	0	0	0	1	1	0	0	0.09677419	0	0	0	0.1	0	0	0	0.94444444	0	0.07926829	0	0.40528634	0.15730337	0.06060606	1	1	0	1	0	0.6	0	0.05263158	0	0.5	0.10294118	1	0	0.02013423	0	0.125	0.26229508	0	0	0	0	0.2	0	0.4	0	0.19148936	0	0	0	0.66666667	0.14285714	0.4137931	0.38372093	0	0.78571429	0	0.72727273	0	1	0	0	0	0	0	0	0	0.31334623	0.57142857	0	0	0	0.03343465	0.46938776	0.56122449	0.21052632	0.55555556	0.5	0	0	0	0	0	1	0	0.11428571	0	0.45454545	0	0	0.33333333	0.19444444	0.11428571	0.20588235	0	0	0	0	1	0.125	0	0	0	0	0	0	0	0	0	0.3125	0	0.05714286	1	0	1	0.29411765	0.25	0	0	0	0	0.76190476	0.94117647	0	0.11111111	0.2	0	0.63636364	0.66666667	0.33333333	0.05263158	0.05	0.0877193	0	0	0	0	1	0	0	0.7	0	0.09090909	0	0	0	0	0
BIMD0109-01	B	0.22611667695924764	0	0.66666667	1	1	0.15384615	0.19565217	0.18181818	1	1	0.07974482	0.33333333	0.81818182	1	0	0.33333333	0	0.66666667	1	0.8	0.36363636	0.33333333	0.54545455	0.2	0.75	0	0	0	0	0	0	0	0	0.66666667	0	0	0	0	0	0	0	0	0	0	0	0	0	1	0	0	1	0	0.5	0.07692308	0.57142857	0.09677419	0.66666667	0.66666667	0	0	0	0	1	0	0.28	0	0	0.41176471	0	0	0	0	0	0	0	0	0.16	0.33333333	0.14285714	0	0.15555556	0	0	0.078125	1	0	0	0.08333333	0	0.8	0	0	0.8	0	1	0	0	0	0.6	0	0	0	0.92307692	0.55555556	0.875	0	0	0	0.41304348	0.9375	0	0	0	0	0	0.07692308	0.2	0	0	1	0.8	0	0	0	0	0.75	0	0	0	0.09090909	1	1	0	0.2	1	0	1	0	0	0	0.03448276	0.38235294	0.625	0	0	0	0	0	0	1	0	0.91428571	0.26	0	0	0	0.75	0	0	0	0.44444444	0	0	0	0	0	0	0.54545455	0	0	1	0.35714286	0.1	0	0	0	0.44444444	1	0.6	0	0	0	0	0	0	0	0	0	0.08474576	0	0.06382979	0.07142857	0	0	1	0.51612903	0	0	0	0	0.08333333	0	0	0.2244898	0	0	0	0	0	0	0	0.2	0	0	0	0.06756757	0.31343284	1	0.17647059	0.14285714	0	0	0	0.15789474	0.61764706	0	0.2	0.125	0	0.18181818	0	0	0	0	0.06666667	0	0.42857143	0	1	0.27753304	0.21604938	0.15384615	0.15789474	0.33333333	0	0.68421053	0.76470588	0	0.8	0.57142857	0	1	0	0.88888889	0.25	0.75	0.875	0	0.66666667	0.18181818	0.3	0	0.44444444	0	0	0.25	0	0	0	0	1	0.16666667	1	0.04081633	1	0	0	0	0.42857143	0	1	0	0	0.1025641	0.97435897	0	0	0.4	0.0952381	0	0	0	0.66666667	0.73684211	0.93333333	0	0.2	0.28571429	0	0	0	0	0	0.06666667	0	0	0	0	0	1	0	0	0.5	0.07692308	0.33333333	1	0.04444444	0	0	0
BIMD0109-01	IFNg	0.2254927434169279	0.875	0	1	0.99115044	0	0.18604651	0.2	1	0	0.20869565	0	0.69230769	0.85714286	0.28571429	0.1	0.09090909	0.06451613	1	0.4375	0.14285714	0	0.47058824	0.05882353	0	0	0	0	0	0	0.75	0.125	0	0.5	0	0.8	0	0	0	0	0.44444444	0.04477612	0.04477612	0	0	0	0	1	0	0.2	1	0.06666667	0.4939759	0	0.5	0	0.25	0.3	0	0	0	0	0	0	0	0.5	0.92307692	0.57142857	0	0	0	0.4	1	0	0	0	0.17647059	0.09090909	0.02941176	0	0.15789474	0	0	0.20157068	0	0	0	0.27272727	0.84210526	1	0.73684211	0.82352941	1	0	0	0	0	0	0	0	0	0	0	0	0	0	0	0.42857143	0.16901408	0	0.14814815	0.5	0	0	0.24	0.03669725	0	0	0	0	0.85714286	0	0	0	0	1	0	0	0	0	1	1	0	0	1	0.36363636	0	0.28571429	0	0	0.08333333	0	0	0	0.42857143	0	0	0.13636364	0.8	0	0	0.9	0	0	1	0.42857143	0	0.28888889	0.05172414	0	0	0.19047619	0	0	0	0	0	0.75	0	0.36363636	0	0	0.625	0	0	0	1	0	0.34285714	1	0	0	0	0	0	0	0	0	0.59322034	0	0.4488189	0.21126761	0	1	1	0	1	0	0	0	0	0.66666667	0	0.16	0	0	0.41176471	0	0.26315789	0.05	0.14285714	0	0	0.4	0	0.11764706	0.40909091	1	0.22077922	0	0.66666667	0	0	0.112	0.32258065	0.36734694	0.125	0.62962963	0	0.85714286	0.8	0	1	0	0	0	0	0	0	0.281893	0.325	0.46153846	0	0	0	0.46774194	0.49206349	0	0.27777778	0.26315789	0.77777778	1	0	1	0.25	0	0	0	0.66666667	0	0	0	0.375	0	0	0	0	0	1	0	1	0.23529412	1	0	1	0	0	0	0	0	0	0	0	0	1	0.81818182	1	0.11111111	0.37956204	0	0	0	0	0.68	0.68181818	0	0.25	0.26315789	0.11111111	0	0	0	0.08333333	0.08333333	0.25490196	0	0	0.28888889	0	0.92857143	0	0	0.625	0.03846154	0.16	1	0	0	0	0
BIMD0109-01	LPS	0.17117871554858935	0	0	0	1	0	0.28	0.25	1	0	0.23129252	0	0.7	0	0.21428571	0	0	0.28571429	1	0.75	0.33333333	0.125	0	0	0.02479339	0	0	0	0	0	0	0.2	0	0	0	0	0	0	0	0	0	0	0	0.375	0	0	0	0	0.0625	0.17391304	0	0	0.48780488	0.11764706	0.8	0.16666667	0	0	0	0	0.83333333	0.44444444	0	0	0	0	0.6	1	0	0	0	0	1	0	0	0	0	0.30769231	0.19230769	0	0.16129032	0	0	0.14285714	0	0	0	0	1	0	0.66666667	0.66666667	0	0	0	0	0	0	0	0	0	0	0	0	0	0	0	1	0.15	0	0.38461538	0.1	0	0	0	0	0	0	0.125	1	0.28571429	0	0	0	0	0	0	0	0	0	0	0	0	0	1	0.66666667	0	0	0	0.92592593	0	0.125	0	0	0.4	0.33333333	0.4	0.05555556	0	0	0	1	0.05882353	0	0	0	0	0.1875	0	0	0	0.31818182	0.29166667	0	0	1	0	1	0	0	0	0	0	0	1	1	0.66666667	0	0.58823529	0	0	0	0	0	0	0	1	0	0.21428571	0.05555556	0.46376812	0.12121212	0.08695652	0	1	0	0	0	1	0	0.125	0.8	0	0.08888889	0	0.375	0.03125	0.875	0.33333333	0.17391304	0	0	0	0	0	0	0.26086957	0	0.3	0.57142857	0	0	0	0.12121212	0.26666667	0.5106383	0	0.26666667	0	1	0	0.6	1	0	0.11764706	0	0	0	1	0.33512064	0.36363636	0.44444444	0	0	0.01643836	0.375	0.42857143	0.1	0	0	0	0	0	0	0	0	0	0	1	0	0	0	0.42857143	0	0	0	0	0	0	0	0	0	0	0	0	0	0	0	0	0	0	0	0	0.28125	1	0	0	0.18181818	0.45454545	0	0	0	0	0.7	0.77777778	0	0.2	0	0	1	1	1	0.11538462	0.10714286	0.53846154	0	0	0	0	0	0	0	0.625	0	0.4	0	0	0.31746032	0	0
BIMD0115-01	B	0.21840297470219436	0	0.28571429	0	1	0	0.10638298	0.35714286	1	0	0.18325434	0.33333333	0.85714286	1	0.06896552	0.28571429	0	0.0212766	0.97058824	0.52	0.32	0.23529412	0.2745098	0.0952381	0.64285714	0	0	0	0.30769231	0.8	0	0.11111111	0.16666667	0	0	0.66666667	0	0	0	0	0	0	0	0	0	0	0	1	0	0.08333333	1	0.22222222	0	0.3	0.57142857	0.09090909	0.3125	0.35714286	0	0	0	0.125	0	0	0.28571429	0.16666667	0	0.63636364	0	0.1875	0.26666667	0.57142857	1	0	0	0	0.16216216	0.07142857	0.46666667	0	0.13793103	0	0	0.22972973	0.75	1	0	0.07407407	0	1	0.66666667	0.8	1	1	0	0	0	0	0	0	0	0	0	0.3	0.01612903	0	0	0.36666667	0.07563025	0	0.23076923	0.06666667	0	0	0.23076923	0.11538462	0.83333333	0	0.07142857	1	0.70588235	0	0.2	0	0.5	0	0	0	0	0.23076923	0	0	0	0	0	0	0	0	0	0	0.21428571	0.4	0	0.25	0.66666667	0	0.17241379	0.34782609	0.25	0	0	0	0.25	0	1	0	0	0.06451613	0	0	0	0	0	0	0.66666667	0	0	0.62686567	0	0.14285714	0.375	0	0.125	1	1	1	0.61538462	0	0.14035088	0.16666667	0	1	0	0	0	0	0	1	0.06329114	0.02777778	0.38785047	0.13131313	0	1	1	0	0	0	0	0	0.33333333	0	0.625	0.125	1	0	0.125	0	0	0	0	0	0.36363636	0	0.33333333	0.04166667	0	0	0.29090909	0.11111111	0	0	0	0.22619048	0.54545455	0.25641026	0	0	0	0	0	0.41666667	1	0	0.16666667	0	0.4	1	0.77777778	0.33829787	0.35164835	0	0	0	0.03240741	0.19642857	0.23076923	0.15	0.54166667	0.54166667	0.4	1	0.0625	1	0.23076923	1	0	0.08	0	0	0.66666667	0.2	0.41176471	0.08695652	0.08695652	0.16666667	0	0	0.66666667	0	0	0	0	0.22222222	1	0	0.42857143	0	0	0	0	0	0	0.05882353	1	0	1	0	0.38461538	0	0	0	0	0.89473684	0.89473684	0	0.30769231	0.15	0.18181818	0	0	0	0	0	0.33333333	0.30769231	0	0.125	0	1	0	0	0.4375	0.06153846	0.12903226	0	0	0	0	0
BIMD0115-01	IFNg	0.29484283594670846	0.833333333	1	0.857142857	1	0.3	0.192982456	0	1	1	0.064516129	0.551724138	0.583333333	0.875	0.238095238	0.125	0	0.25	1	0.666666667	0.5	0	0	0	0.6	0.833333333	0	0	0	1	0.333333333	0	0.8	0	0	0	1	0	0	0	0	0.3	0.3	0.35	0	0.2	1	1	0.232323232	0.214285714	1	0.2	0.444444444	0.09375	0.727272727	0	0.352941176	0.411764706	0	0	0	0	0	0	0	0	0	0	1	0.125	0	0	0.666666667	0	0	0	0.090909091	0	0.111111111	0	0.142857143	0	0	0.074168798	0	0	0	0.25	0	1	0.8	0.857142857	1	1	1	1	0	0	0	0	0	0	0.9375	0.083832335	0.004761905	0	0	0.333333333	0.685714286	0.840909091	0.222222222	0.111111111	0	1	0	0.034482759	0.5	0	0	0.857142857	0.6	0	0.5	0	0	0.651162791	0	0	0	0.0625	0	0	0	0	0	0	1	0	1	0	0.113207547	0.396551724	0.6	0	1	0	0	0.272727273	0	0.777777778	0.8	1	0.25	0	1	0.285714286	0.571428571	0.238095238	0	0	0.25	0.363636364	0	0	0.75	0	1	0.388888889	0	0.148148148	0.789473684	0	0.714285714	0	0	0	0.5	1	0.052631579	0	0	1	0	0	0	0	0	0	0.285067873	0.083333333	0.013157895	0.152173913	0.125	0	0	0	0	1	0	0	0.090909091	0	0	0.131147541	1	0	0.148148148	0	0.129032258	0	0	0	0	0.4	0.111111111	0.093023256	0.242424242	0	0.1	0.076923077	1	0.384615385	0	0.18705036	0.566666667	0	0	0.090909091	1	0	0.555555556	0.142857143	1	1	0.260869565	0	0	0	0	0.207482993	0.185185185	0.2	0.7	0	0	0	0	0.388888889	0.133333333	0.133333333	1	1	0.235294118	1	0.111111111	0	1	0	0.714285714	0.428571429	0	0.692307692	0.714285714	0	0	0	1	0	0	0.875	0	0	0	0.266666667	1	0.428571429	0.428571429	1	0.272727273	0	0	0	0	0.078431373	0.964912281	0	1	0.193548387	0.310344828	0	0.8	0	0	0.666666667	0.727272727	1	0.333333333	0	0	0	0	0	0.033333333	0.037037037	0.090909091	0.454545455	0.8	0.5	1	1	0.857142857	0.8	0.375	0.388888889	0.117647059	0.970588235	0	0	0	0.833333333
BIMD0115-01	LPS	0.21476496556112853	0.833333333	0.846153846	1	1	0	0.177777778	0.05	1	1	0.085574572	0.363636364	0.941176471	0.615384615	0	0.3125	0	0	0.909090909	0.485714286	0.5	0	0.176470588	0	0.054054054	0	0	0	0	0	0.4	0	0	0	0	0.714285714	0	0	0	0	0	0.2	0.2	0.24	0	1	1	0	0	0.208333333	0	0.307692308	0.421052632	0.125	0	0.333333333	0.111111111	0.111111111	0	0	0.714285714	0.272727273	0	0	0.166666667	0.2	0	0.454545455	0	0	0	0	1	1	0	0	0.111111111	0	0.22	0	0.166666667	0	0	0.117647059	0.739130435	0	0	0	0	1	0	0	1	0	0	0	1	1	0	0	0	0	0.777777778	0.111111111	0.004535147	0	0.545454545	0	0.153846154	0.714285714	0	0	0	0	0	0	0.181818182	0	0.2	1	0	0	0.357142857	0	0	0	0	0	0	0.214285714	0	0	0	0	1	0	0	0	0	0	0	0.151515152	0.333333333	0.217391304	0	0	0	0.076923077	0	0	0	1	0	0	0	0	0	0	0	0.1	0.166666667	0	0.392857143	0	0	1	0.666666667	0.181818182	0.333333333	0.12	0	0	0	1	1	1	0.555555556	0	0.307692308	0	0	0	0	0	0	0	0	0	0.078156313	0.178571429	0.028673835	0	0.066666667	0	1	0	0	0	0.347826087	0.8	0.090909091	0	0	0.046153846	0	0	0.01369863	0.625	0	0	0.090909091	0.333333333	0.333333333	0	0	0.16	0.268817204	0	0.076923077	0.142857143	0	0.2	0.8	0.25862069	0.319148936	0.386363636	0	0.178571429	0	0.888888889	0	0	1	0	0.173913043	1	0.2	0	0	0.291187739	0	0.2	0.208333333	0	0.033670034	0.46	0.5	0.090909091	0.142857143	0.142857143	0	1	0	0	0.25	1	0	0.230769231	1	0.222222222	0	0	0.419354839	0.166666667	0.166666667	0.307692308	0	1	0	0	0	0.222222222	0	0.181818182	1	1	0.6	0	0	0	0	0.1	0.5	0.103825137	1	0.181818182	1	0.1	0.314285714	0	0	0	0	0.625	0.625	0	0.2	0.166666667	0.142857143	0.428571429	0.166666667	0.166666667	0.098591549	0.097222222	0.263157895	0	0	0	0	0	1	0.555555556	0	0.4	0.6	0	0	0	0	0
BIMD0122-01	B	0.24460723435736678	0.66666667	1	1	0.96969697	0.21428571	0.0952381	0.26086957	1	1	0.08952703	0.16666667	0.83333333	0.83333333	0	0.33333333	0	0	1	0.5	0.20833333	0	0	0	0.375	0.47058824	0	0	0	0.9	0	0.2	0.14285714	0	0	0.2	0	0	0	0	0	0	0	0.25	0	0.25	1	1	0.3125	0.16	1	0	0.2	0.33333333	0	0.17241379	0.33333333	0.33333333	0	0	0	0	1	0	0.18181818	0	0	0	1	0	0	0	0	1	0	0	0.15	0	0	0	0.075	0	0	0.03846154	0.66666667	1	0	0.06666667	0	1	0	0	1	0	0.28571429	0	0	0	0	0	0	0	1	0	0	1	1	0.33333333	0.56818182	0	0	0	1	0	0	0	0.625	0	0	0.9	0	0	0	0	0.6	0	0	0	0	0.04761905	1	1	0	0	0	0	0	0	0	0	0.05263158	0.34375	0.1875	0	0.3	0	0	0	0	0.81818182	0	0.96774194	0.17647059	0	0	0.125	0.33333333	0.5	0.3	0	0	0.27272727	0	0	0	0	0	0.15	0	0.22727273	1	0.5	0.5625	0	0	0	0	1	0	0	0	0	0	0	0	0	0	0	0.15175097	0.23076923	0	0	0.33333333	0	0.71428571	0	0	0	0	0	0.2	0	0.27272727	0.24	0	0.57142857	0.05633803	0	0	0	0.41176471	0	0	0	0	0	0.08695652	0	0.27777778	0	1	0	0	0.26415094	0.47058824	0.07692308	0.1	0	0.85	0	0.18181818	0	0	1	0.2	0	0.125	0.22222222	1	0.29126214	0.12962963	0	0.16666667	0	0.875	0.68181818	0.66666667	0.18181818	0.375	0.375	0.8	1	0	0.91666667	0.27272727	1	1	0.26086957	0	0.14285714	0.17647059	0.88888889	0.54545455	0.26086957	0.26086957	0.31578947	1	0	0	0.6	1	0.07692308	0	0.24137931	0	0	0.3	0.66666667	0	0	0	0	0.6	0.08955224	1	0	1	0.08333333	0.19565217	0	0	0	0	0.82608696	0.83333333	0.77777778	0	0	0	0	0	0	0.13636364	0.15789474	0.13636364	0.83333333	1	0.42857143	0	1	0	0	0.33333333	0.5	0.2	1	0.23076923	0	0	0
BIMD0122-01	IFNg	0.2528341576802508	0.81818182	0	0	1	0	0.11111111	0.33333333	1	0	0.20386905	0	0	0.6	0.26315789	0.1	0.11764706	0.06896552	1	0.71052632	0.37931034	0.2	0.33333333	0.32	0.6	0	0	0	0	1	0.8	0.25	0.3	0	0	0	0	0	0	0	0	0.171875	0.1875	0	0	0	0	1	0.60526316	0.10714286	1	0.55555556	0	0	0	0.25	0	0	0	0	0	0	0	0	0.22222222	0.14285714	0	0.55	0	0.3	0	0	0	0	0	0	0.33333333	0.17647059	0.15151515	0	0.28947368	0	0	0.16893733	0.5	1	0	0.21428571	0.83333333	1	1	1	1	0	0	0	0	0	0	0	0	0	1	0	0	0	0	0.16666667	0.21311475	0	0.4	0.4	0	0	1	1	0.66666667	0	0.57142857	1	0	0	0	0	0.64285714	1	0	0	0	0	0	0	0.875	0	0	0	1	0	0	0	0.2	0.27272727	0	0	0.85714286	0	0	0.22222222	1	0	0	1	0.19298246	0	1	0	0	0.28205128	0.63636364	0.57894737	0.25	0.16129032	0	0	0	0.5	0	0.63636364	0	0.16666667	1	0	0	1	1	1	0	1	0.15789474	0	1	0	0	0	0	0	0	0	0.47142857	0	0.40512821	0.11111111	0	0	0	0	1	1	0.25	0	0.25	0.71428571	0	0.28571429	0	0	0.17391304	0	0	0.15789474	0.38095238	0	0.5	0	0.17647059	0.0754717	0.33333333	0	0.3030303	0	0	0	0	0.09677419	0.23076923	0.28571429	0.09090909	0.52380952	0	0	0.7	0.25	0	1	0.33333333	0	0	0	1	0.40462428	0.30833333	0.16666667	0.44444444	0	0	0.26315789	0.28571429	0.30769231	0.38596491	0.38596491	0.57142857	1	0	1	0.4	1	0	0.08695652	0.8	0	0.55555556	0	0	0.08333333	0.08695652	0.09090909	1	0	0	0	1	0.33333333	1	0	1	0	0	0	0	0	0	0	0.5	0.08333333	1	0	1	0.08695652	0.34246575	0	0	0	0	0.96	0.95833333	0	0.22222222	0.25	0.16666667	0	0	0	0	0	0.31578947	0	0.6	0.15909091	0	1	0	0	0.4	0.0952381	0	1	0.13333333	0	0	0
BIMD0122-01	LPS	0.17497650937304074	0.625	0	0	1	0.16666667	0.25	0	1	0	0.20162933	0	0	0	0	0.66666667	0	0.2	1	0.56521739	0.17241379	0.25	0	0	0.07352941	0	0	0	0.33333333	0	0	0	0	0.3	0	1	0	0	0	0	0.66666667	0	0	0.6	0	0	0	0	0	0.04761905	0	0	0.21875	0	0	0.07692308	0.2	0	0	0	0	0	0	0.25	0	0	0	0.46153846	0	0	0	0.5	0	0	0	0	0.13333333	0.3	0.29411765	0	0.08	0	0	0.5	1	0	0	0.66666667	0.79166667	0	0	0	0	0	0	0	0	0	0	0	0	0	1	0	0	0	0	0.6	0.125	0	0.35294118	0	0	0	0.18181818	0.22222222	0	0	0	0	0	0	0	0	0	0	0	0	0	0	1	1	0.16666667	0	0	0	0	0	0.6	0	0	0.1	0.2	0	1	0.61538462	0.61538462	0.28571429	0	0	0	0.9375	0.46153846	0	0	0	0	0.1	0.61904762	0	0	0.31818182	0	0	0	0.33333333	0	0.65714286	0	0.1	0	0.5	0	1	1	1	0	0	0.0952381	0	0	1	0	0	0.4	0	0	0	0.14788732	0.07142857	0.52459016	0.14285714	0.04	1	1	0	0	0	1	0	0.25	0	0	0.17073171	0	0	0.00896861	0	0	0.24137931	0	0.4	0	0	0.28571429	0	0.15789474	0	0	0.2	0	0	0	0.30379747	0.10714286	0.31707317	0.4	0	0	0	0	0.875	0	0	0.2	0	0	0	1	0.32394366	0.33333333	0.16666667	0	0	0.77777778	0.33333333	0.34782609	0.11111111	0.61904762	0.65	0	0	0	0	0	0	0	0.1875	0	0.5	0.33333333	0	0.81818182	0.1875	0.2	0.28571429	0	0	0	0	1	0	0	0	0	0	0	0	0	0	0	0.44444444	1	0.12962963	1	0.4	1	0	0.35897436	0	0	0	0	0.75	0.92307692	0	0	0.125	0	0.90909091	0.5	0.5	0.04166667	0.03703704	0.5	0	0	0	0	0	0	0	0	0	0	0	0	0	0	0
BIMD0125-01	B	0.21717899226332288	0.875	0.769230769	1	1	0.243902439	0.15	0.142857143	1	0	0.119547658	0.5	0.5	0.875	0	0.307692308	0.444444444	0	1	0.857142857	0.428571429	0	0	0	0	0.142857143	0	0	0	1	0	0.125	0	0.545454545	0	0	0	0.444444444	0	0	0	0	0	0	0	0.25	1	1	0	0.094339623	1	0.2	0	0	0	0.06	0	0	0	0	0	0	1	0.5	0.3	0	0	0	1	0	0.125	0	0	0.666666667	0	0	0	0	0.181818182	0.666666667	0.293103448	0	0	0.008849558	0.882352941	1	0	0.307692308	0	1	0	0	1	0	0	0	0	1	0	0	0	0	0.857142857	0.2	0	0	0.5	0.380952381	0.5	1	0	0	0	1	0	0	0	0	0	0.941176471	0	0	0	0	0	0	0	0	0	0.4	1	1	0	0	1	0.266666667	0	0.428571429	0	0	0.285714286	0.380952381	0.375	0	0	0	0	0	0	0	1	0	0.181818182	0	0	0.666666667	0.533333333	0	0	0.125	0	0	0	0	0.4	0	1	0.288461538	1	0.363636364	1	0.2	0	0	0	0	0.5	1	0	0.25	0	0	0	0	0	0	0	0	0.045454545	0	0.149553571	0.25	0	0	0	0	0	0	0	0	0	0	0	0.183333333	1	0	0.042944785	0	0	0	0.217391304	0	0	0	0	0.049382716	0.254901961	0	0	0	0	0	0	0.19047619	0.52173913	0	0	0	1	0	0	0.285714286	0	1	0	0	0	0	0	0.231092437	0.190082645	0.137931034	0	1	0	0	0.857142857	0.173913043	0	0	0	1	0	1	0	1	1	0.166666667	0	0.333333333	0	0.4	0.230769231	0	0	0.166666667	0	0	0	0	0	0	0	0.162162162	0	0	0.5	0	0	0	0	0	0	0	1	0	1	0	0	0	0	0	1	0.363636364	0.363636364	0	0.1875	0.133333333	0	0	0	0	0.166666667	0.176470588	0	0	0.8	0	0	1	1	0.857142857	0	0.333333333	0.5	1	0	0	0.625	0
BIMD0125-01	IFNg	0.23387973042946708	0.5	0.875	0.9	0.943396226	0.2	0.157894737	0.137931034	0	1	0.149543379	0	0.8	0.846153846	0	0.352941176	0.454545455	0	0	0	0	0	0	0.333333333	0	0	0	0	0	1	0	0.4	0.4	0	0	0	0	0	0.125	0	0	0.431034483	0.431034483	0	0	0.56	1	1	0	0.170731707	1	0	0	0.25	0	0.155555556	0	0	0	0	0	0	1	0	0	0	0	0	0.909090909	0.130434783	0	0	0	0	0	0	0.125	0	0	1	0.206349206	0	0	0.066473988	1	1	1	0.357142857	0	1	0	0	1	0	1	1	0	1	1	0	0	0	0.9375	0.133333333	0.003055768	0	0.666666667	0	0.75	0.960526316	0	0.6	0	1	0.714285714	0.6	0	0	0	1	0	0	0	0.285714286	0	0	0	0	0	0	0	0	0	0	0	0	1	0	0	0	0.294117647	0.35	0.2	1	0.181818182	0	0	0	0	0	0	0	0	0	1	0.5	0.625	0.210526316	0	0	0	0	0	0	0	0	1	0.416666667	1	0.166666667	1	0	0.733333333	0	0	0	0.571428571	0.857142857	0	0	0	1	0	0	0	0	0	0	0.398230088	0	0.142231947	0	0	0	0	0	0	0	0	0	0	0.333333333	0	0.080645161	0	0	0.288617886	0	0.217391304	0	0	0	0	0	0	0.1	0.326086957	1	0	0	0	0.6	0	0.044776119	0.466666667	0	0	0	1	0	0	0	0	1	0	1	0.25	0.333333333	0	0.269230769	0.25	0.185185185	0.5	0.666666667	0	0.444444444	0.666666667	0.192307692	0	0	0.888888889	1	0	1	0.16	0	1	0	0	0	0	1	0	0	0	0	0	0.666666667	0	0.666666667	0	0.230769231	0	0.068965517	0	0.444444444	0.625	1	0	0	0	0	0	0.130434783	0.983193277	0	0	0	0	0	1	0	0	0	0	0	0.153846154	0.166666667	0	0	0	0	0.15625	0.151515152	0	0	1	0	1	1	0	0	0.428571429	0.375	0.428571429	1	0	0	0	0
BIMD0125-01	LPS	0.19698782471159876	0.538461538	1	1	0.962962963	0.125	0.169230769	0.125	1	0	0.152985075	0	0.833333333	0.333333333	0	0.238095238	0.181818182	0.2	1	0.75	0	0	0	0.285714286	0.117647059	0	0	0	0	0	0	0.333333333	0.2	0	0	0	0	0	0	0	0	0	0	0.222222222	0	0.125	1	1	0.384615385	0.185185185	1	0.6	0	0	0	0.039215686	0	0	0	0	0	0	0	0	0.3125	0.333333333	0	0	0	0.173913043	0	0	0	1	0	0	0.148148148	0	0	0	0.127272727	0	0	0.156862745	0.92	0	1	0.263157895	1	1	0	0	1	0	1	0	1	1	0	0	0	0	0.916666667	0	0.004366812	0	0	0.142857143	0.615384615	0.963636364	0	0	0	0	0	0	0	0	0	1	0	0	0	0.375	0	0	0	0	0	0	1	1	0	0	0	0.333333333	0	0	0	0	0.259259259	0.380952381	0	0.96	1	0	0	0	0	0	1	0	0	0	0	0.307692308	0.6875	0.181818182	0	0	0	0.2	0	0	0	0	1	0.53125	1	0.151515152	1	0	0	0	0	0	0.428571429	0	0	0.4	0	0	0	0	0	0	0	0	0.182783019	0.333333333	0.104444444	0	0.333333333	0	0	0	0	0	0	0.8	0.142857143	0.2	0	0.186440678	0	0	0.074829932	0.714285714	0	0	0.125	0	0	0	0	0.142857143	0.215568862	0	0.6	0	0	0	0.4	0.114754098	0.631578947	0	0	0.066666667	0	0	0	0	0	0	0.292682927	0	0	0.2	0	0.324817518	0	0.130434783	0.230769231	0	1	1	1	0.185185185	0	0	0	1	0	1	0.136363636	0	0	0.375	0	0	0	0	0.571428571	0.375	0.3	0.3	0	0	0	0	0	0	0	0.172413793	0	0.875	0.375	0	0	0	0	0	1	0	0.936170213	0	1	0	0	0	0	0	0	0	0.8	0	0.421052632	0.125	0.125	0	0	0	0.083333333	0.081395349	0	0	0	0	0	1	0	0	0.476190476	0	0.4	0	0	0	0.8	0
BIMD0128-01	B	0.19567351736677116	1	0	0.83333333	1	0.38095238	0.16666667	0.1875	1	0	0.11809045	0.4	0	0.85714286	0	0.18181818	0.58333333	0	0	0.66666667	0.4	0	0	0	0	0	1	1	0	0.6	0	0	0.8	0	0	0	0	0	0	0	0	0	0	0	0	0.45454545	1	1	0	0.17241379	1	0	0.57142857	0.34782609	0	0.06976744	0	0	1	0	0	0	1	0	0.08333333	0	0	0	0	0	0.14285714	0	0	0	0	0	0.20833333	0	0	1	0.05	0	0	0.09836066	1	0	0	0.11111111	0	1	0	0	1	0	0	0	0	0	0	0	0	0	0.94594595	0	0	0	0	0.21052632	0.625	1	0	0	0	0	0	0	0	0	0	0	0	0	0	0	0	0	0	0	0	0.29411765	1	1	0	0	1	0.22222222	0	0	0	0	0.06451613	0.42857143	0.6	0	0	0	0	0	0	0	1	0.93548387	0	0	0	0	0.09090909	0.05263158	0	0	0	0	0.375	0	0	0	1	0.26388889	0	0.10714286	0.83333333	0	0	0	0	0	0	1	0	0	0	1	0	0	0	0	0	0	0.02247191	0	0.0906801	0.25	0.16666667	0.66666667	0	0.3125	0	0	0	0	0	0	0	0.17021277	0	0	0.02247191	1	0.125	0	0	0.81818182	0	0	0.125	0.13483146	0.390625	0	0	0.26666667	0	0	0	0.05263158	0.22	0	0	0.08510638	1	0.4	0	0.5	0	1	0.38461538	0	0	0	0	0.25827815	0.25	0.07142857	0	0	0	0	0	0.15384615	0.08333333	0.08333333	0	1	0.42857143	1	0.16666667	1	0.6	0.1	0.71428571	0	0.16666667	0.6	0	0.1	0.11764706	0	0	0.5	0	0	0	0.06666667	0	0.19047619	0	0	0.0625	0.88888889	0	0	0	0	0	0.06818182	0.93548387	0	1	0	0	1	0	0	0	0.70588235	0.75	0	0	0.25	0	0	0	0	0.08333333	0.08695652	0	0	0	0	0	0.94594595	0	0	0.7	0.4	0.4	1	0.46666667	0	0	0.28571429
BIMD0128-01	IFNg	0.2432357424523511	0.5714285714	1	1	0.9459459459	0.3181818182	0	0.2857142857	0	1	0.1373134328	0	0	1	0.2857142857	0.3333333333	0.2857142857	0	0	0	0	0	0	0	0	0	1	1	0	1	0.1666666667	0	0	0.3	0	0	0	0	0	0	0	0.1428571429	0.1176470588	0.4	0	0.2727272727	1	1	0.2340425532	0.0975609756	1	0	0	0.1739130435	0	0.1818181818	0	0	1	0	0	0	1	0	0.4	0	0	0	0	0	0	0	0	0	0	0	0	0	0	0	0.1944444444	0	0	0.1027568922	1	1	0	0.4615384615	0	1	0	0	1	0	1	1	0	0	0	0	0	0	0.976744186	0	3.345601e-4	0	0	0	0.8965517241	0	0	0	0	1	0.1	0	0	0.8823529412	0	0	0.7333333333	0	0	0.5789473684	0	0.9090909091	0	0	0	0.4444444444	1	1	0	0	1	0	1	0	0	0	0.0869565217	0.303030303	0	0.4444444444	0	0	0	0.2222222222	0	0.6666666667	1	0	0	0	0	0.2727272727	0.3076923077	0	0	0	0	0	0	1	0	0	1	0.3142857143	1	0.5	1	0	0.5333333333	0	0	0	0	1	0	0	0	1	0	0	0	0	0	0	0.4880952381	0	0.1198347107	0	0	0	0	0.3	0	0	0	0	0.2307692308	0	0	0.170212766	0	0	0.2237442922	0	0.375	0	0	0	0.6	0	0	0.1098901099	0.3291139241	1	0.6	0	0	0.6666666667	0	0	0	0	0	0	0.8888888889	0	1	0	0	1	0.2307692308	0	0	0	0	0.2642276423	0.1639344262	0.1875	0.5	0	0	0	0.6	0.0833333333	0	0	1	1	0	1	0.0769230769	0.7142857143	1	0	0	0	0	0.5	0	0	0	0	0	0.6	0	0.7272727273	0	0	0	0.0952380952	0	1	0	0	0	0	0	0	0	0.1111111111	1	0.7272727273	1	0	0	1	1	1	0	0.5	0.6	1	0.1	0.3333333333	0.25	0	0	0	0.2307692308	0.25	0	0	1	0	0	1	0	0	0.4615384615	0	1	1	0	0.6	0	0
BIMD0128-01	LPS	0.18062448279623824	0.5	1	1	1	0.166666667	0.203703704	0.08	1	0	0.096418733	0	0	0.333333333	0	0.454545455	0.066666667	0.166666667	0.933333333	0.769230769	0.285714286	0	0	0	0.230769231	0	0	0	0	0	0.125	0	0	0.222222222	0	0	0	0	0	0	0	0	0	0.35	0	0.2	1	1	0.541666667	0.224137931	0	0.142857143	0.2	0.129032258	0	0	0	0	0	0	0.833333333	0.5	0	0	0	0	0	0	0	0	0	0.285714286	0	0.75	0	0	0.344827586	0.090909091	0.230769231	0	0.22807017500000001	0	0	0.15	1	0	0	0.166666667	0	0	0	0	0	0	1	1	1	0	0	0	1	0	1	0	0.001363327	0	0	0.4	0.583333333	0	0.166666667	0	0	0	0	0	0.142857143	1	0	1	0	0	0	0	0	0	0	0	0	0.133333333	0	0	0	0	1	0	0	0	0	0	0.296296296	0.234375	0.666666667	0	0	0	0	0	0	0	1	1	0	0	0	0.25	0.5	0.052631579	0	0	0	0	0.357142857	0	0	0	1	0.186046512	1	0.041666667	0	0.833333333	0	1	0	0	0	0	0	0	0	0	0	0	0.375	0	0	0	0.143356643	0.347826087	0	0.157894737	0.166666667	0	1	0	0	0	0	1	0	0.142857143	0	0.2	0	0	0.049369748	0.375	0	0.071428571	0	0.4	0	0	0	0.088235294	0.232258065	0	0	0.071428571	0	0	0	0.081632653	0.173913043	0.571428571	0	0.216216216	0	0	0	0	0	0	0.215686275	1	0.125	0	0	0.27672956	0.28	0.071428571	0.185185185	0	0.006944444	0.210526316	0.25	0.045454545	0	0	0	1	0	0	0.125	0	0	0.125	0	0.6	0	0	0.142857143	0.125	0.153846154	0.375	0	0.636363636	0	0.2	0	0.166666667	0	0.230769231	0	0	0.777777778	0	0	0	0	0.8	0	0.163793103	0.978723404	0	0.989473684	0.090909091	0	0	0	1	0	0.727272727	1	0	0.176470588	0	0.214285714	0	0	0	0.245283019	0.245283019	0	0	0	0	0	1	0.6	0.2	0	0.4	0	0	0	0.083333333	0.666666667	0
BIMD0131-01	B	0.25006501250783697	0.6	0.6	1	1	0.20512821	0.2	0.27272727	1	0	0.09001406	0.09090909	0.5	0.66666667	0	0.4	0.2	0.36363636	1	0.58823529	0.3	0	0.3125	0.25	0.69230769	0	0	0	0	1	0	0	0	0.5	0	0.14285714	0	0.66666667	0	0	0	0	0	0	0	0.25	1	0.96296296	0.6	0	0.95238095	0	0	0.18518519	0	0.11111111	0.09090909	0.09090909	1	0	0	0	1	0.5	0.12903226	0	1	0.54545455	0	0	1	1	0.75	0	0	0	0.12903226	0.28571429	0.3255814	0	0.1	0	0	0.05263158	1	0	0	0.07692308	0	0.8	0	0	0.8	0	0	0	0	0	0	0	0	0	0	0	0	0	0	0.4	0.26415094	1	0	0.14285714	0	0	0	0.2	0.33333333	0	0.2	1	0	0	0	0	0	0	0	0	0	0.11111111	1	1	0.57142857	0.27272727	0	0.25	0	0	0.4	0	0.02702703	0.33333333	0.625	0	0.375	0	0	0.28571429	0.8	0	0.4	1	0	0.83333333	0	0.14285714	0.57142857	0.08333333	0.37931034	0.35714286	0.4	0.2	0	0	0.8	0.6	1	0.46153846	0	0.27777778	1	0	0.13636364	0	0	0	0	1	0	0.36363636	0	0	0	1	0	0	0	0	0.01342282	0.09090909	0.05399061	0.1875	0	0	0.71428571	1	0	0	0	0	0	0	0	0.14814815	1	0	0	0	0.14814815	0	0.26666667	0	0.27272727	0	0	0.16	0.26923077	0	0.22727273	0	0	0	0	0.13043478	0.85294118	0.31578947	0.1875	0	0.85714286	0.85714286	0	0	0.83333333	1	0.28571429	0	0.2	0	0.4	0.19105691	0.14035088	0.18181818	0.08695652	0.23076923	0	0.54385965	0.64705882	0	0	0	0	1	0	0.66666667	0	1	0.71428571	0.36842105000000003	0.75	0.09090909	0	0.6	0.35714286	0.33333333	0.36842105000000003	0.41176471	1	0	0	0	0	0.07692308	0	0.4137931	0	0	0.14285714	0	0.46666667	0	0	0	0	0.05172414	0.95	0	1	0	0.61538462	1	0	0	0	0.81818182	0.89473684	0	0	0.35714286	0.2	0	0	0	0.26666667	0.28571429	0.0952381	0	0	0	1	1	0	0	0.46666667	0.11627907	0.06976744	1	0.15	0	0.2	0
BIMD0131-01	IFNg	0.22398740880877743	0	0.57142857	0	0.97368421	0	0.19642857	0.33333333	1	0	0.21384929	0	0.33333333	0.8	0.17647059	0.21428571	0.08695652	0.125	1	0.72413793	0.5	0.29411765	0.25	0.25	0	0	0	0	0.45454545	0	0	0	0	0	0	0	0	0	0.33333333	0	0	0.19047619	0.19047619	0.8	0	0	0	1	0.48120301	0.16666667	1	0	0	0.15384615	0	0	0.38888889	0.36842105000000003	0	0	1	0	0	0	0	0	0	0.39130435	0	0.25	0	0	0.36363636	0	0	0	0.13636364	0.5	0.02857143	0	0.13953488	0	0	0.17337461	0	1	0	0.19047619	0	1	0.9	1	1	1	0	0	0	0	0	0	0	0	0	0	0	0	0	0	0.23913043	1	0.2	0.125	0	0	0.41176471	0.08695652	0	0	0	1	0.78125	0	0	0	0	0	0	0	0	0	0	0	0.95833333	0	0	0.85714286	1	0	0	0	0	0.33333333	0	0	0.75	0.16666667	0.16666667	0.07142857	0.88888889	0	0	0.96774194	0.24637681	0	1	0	0	0.16666667	0.5	0.44186047	0.36363636	0	0	0	0	0	0	0	0	0.22222222	1	0	0	1	1	1	0.4	0	0.0952381	0	1	0	0	0	0	0	0	0	0.51785714	0.0625	0.41935484	0.15306122	0.06666667	0.57142857	0	1	0	1	0	0	0.05555556	0	0	0.16129032	1	0	0	0	0.02439024	0.1875	0	0	0.61904762	0	0	0.01724138	0.41666667	0	0.19354839	0.16666667	0	0	0	0.14285714	0.60416667	0.11764706	0.3	0	0.75	0.71428571	0.77777778	0.42857143	1	0	0.6	0	0.16666667	0	0	0.33827893	0.17460317	0.22222222	0	0	0.05882353	0.45945946	0.51282051	0.27272727	0.47368421	0.47368421	0.28571429	1	0.23076923	0.66666667	0	1	0	0	0.9	0	0	0.6	0	0	0	0	0	0	1	0	0	0.46666667	0.9	0	0	0	0	0	0	0	0	0	0.85714286	0.14285714	1	0	1	0.16666667	0.43529412	0	0	0	0	0.64705882	0.84615385	0	0	0	0.11111111	0	0	0	0.33333333	0.5	0.47826087	0	0	0	0	1	0	0	0.53333333	0	0.04545455	0	0	0	0	0
BIMD0131-01	LPS	0.2026618410971787	0.8	1	0	1	0.4	0.11111111	0	1	0.90909091	0.13286713	0.5	0.84615385	0	0.27272727	0.22222222	0.08695652	0	1	0.88888889	0.35294118	0.5	0.46153846	0.4	0.03738318	0	0	0	0.57142857	0	0	0	0	0.46153846	0	0	0	0	0	0	0	0	0	0.45	1	0	1	0	0	0.2826087	0	0.07142857	0.39130435	0.32258065	0.6	0.07843137	0.25	0.25	0	0	1	0.41666667	0	0.57142857	0	1	0.75	0.41666667	0	0.28571429	0	0	0	0	0	0	0.2	0.6	0.22222222	0	0	0	0	0	1	0	0	0.33333333	0	1	0.4	0.4	1	0	1	0	0	0	0	0	0	0	0	0	0.004	0	0	0.11111111	0.23076923	0	0	0	0	0	0	0	0	0	0	1	0	0	0	0	0	0	0	0	0	0.22222222	0	0	0.8	0	0	0	0	0	0	0	0.10714286	0.34375	0.6	0	0	0	0	0.11111111	0	0	0	1	0	0	1	0	0.28571429	0.07692308	0.2	0.2	0.4	0.125	0.42424242	0	0	0.1	0.75	0	0	0.3	0	0	0	1	0	0	0.66666667	0	0	0	1	0	0	0	0	0	0	0	0.07024793	0.31578947	0.04807692	0.07894737	0	0	0	0	0	0	0.625	0.625	0.06666667	0	0.11111111	0	1	0	0.03537736	0.55555556	0	0.12	0	0.76470588	0.42857143	0	0.22222222	0.1	0.25688073	0	0	0.21052632	0	1	0	0.11494253	0.58139535	0.125	0	0.14285714	0	1	0	0	1	0	0.22222222	0	0	0	0	0	0	0.28571429	0.22222222	0	0.04166667	0.72727273	0.64864865	0	0	0	0	0	0	0	0.23076923	1	0	0.25	1	0.25	0	0	0.85714286	0.25	0.3	0.44444444	0	0.92307692	0	0	0	0	1	0.5	0	0	0	0	0	0	0	0	0.875	0.10833333	0.96428571	0	0	0.21052632	0.1875	1	0	0	0	0.71428571	0.84615385	0	0.33333333	0.25	0	0	0	0	0.18367347	0.18	0.23809524	0	0	0	0	0	0	0	0.75	0	0	0	0	0	0.75	0
BIMD0133-01	B	0.2647472977492163	0.25	1	1	0.949494949	0.482352941	0.266666667	0	0	1	0.119025305	0	0.909090909	0.818181818	0.136363636	0	0.352941176	0	0	0	0	0	0	0	0	0.777777778	0	0	0	1	0.090909091	0.285714286	0.285714286	0.166666667	0	0.833333333	0	0	0	0	0	0	0	0	0	0.140350877	0.971428571	1	0.833333333	0.097560976	0.952380952	0	0	0.225352113	0	0	0.2	0.2	0	0	0	0	1	0.029411765	0	0	0	0	0	0.162162162	0	0	0	0	0	1	0.121212121	0	0	0.875	0.28125	0	0	0.052238806	0.898734177	1	1	0	0	0	0	0	0	0	1	1	0.928571429	1	1	0	1	1	0.984126984	0.888888889	0.003843198	0.875	0	0.4	0.680851064	0	0.379310345	0	0.133333333	0	0	0	0	0	0	1	0	0	0	0	0	0	0	0	0.9	0.5	1	1	0	0	1	0	0	0	0	0	0.476190476	0.380952381	0.166666667	0	0	0	0	0	0	0	0.875	0	0	1	0	0.423076923	0.595744681	0	0	0	0	0	0	0	0	0	1	0.441176471	1	0	1	0	1	0	0	0	0	1	0	0.333333333	0	0	0	0	1	0	0	0	0.033070866	0	0.206578947	0.3	0.25	0	0	0	0	1	0	0	0	0	0	0.258426966	1	0	0.045454545	0	0	0	0.178571429	0	0	0	0	0.136986301	0.081632653	1	0	0	0	0.5	0	0	0.346153846	0	0	0	1	0	0	0	0	1	0.181818182	1	0.266666667	0.25	0	0.216292135	0.272300469	0.043478261	0.107142857	0	0.016949153	0	0	0.289473684	0	0	0	1	0.75	1	0.205882353	0.875	1	0.157894737	0.5	0.378378378	0	0.888888889	0.142857143	0.176470588	0.176470588	0.176470588	1	0.833333333	1	0.857142857	0	0.066666667	0	0.085106383	1	0	0	0	0.8	0	0	0	0	0	0.994301994	0	1	0	0	0	1	1	1	0	0	0	0.125	0	0.555555556	0	0	0	0.1125	0.109756098	0	0.625	0.75	0	0	1	1	1	0	0	0	1	0	0	0	1
BIMD0133-01	IFNg	0.2376105321630094	0.5	1	1	1	0.25	0.25	0.210526316	0	1	0.111392405	0	0	1	0	0.166666667	0.285714286	0	0	0	0	0	0	0	0	1	0	0	0	1	0	0	0	0	1	0	1	0	0	1	0	0.42	0.42	0.166666667	0	0.142857143	1	1	0.606060606	0.111111111	1	0.2	0	0	0	0.12195122	0	0	0	0	0	0	1	0.25	0.230769231	0.6	0	0	0.777777778	0.210526316	0	0	0	0	0	0	0.074074074	0	0	0	0.148148148	0	0	0.061425061	1	1	1	0.227272727	0	1	0	0	1	0	1	1	1	1	1	0	0	0	0.984848485	0.92	0.003243243	0	0.866666667	0	0.88	0	0	0.6	0.255813953	1	0	0	0	0	0.4	0	0	0	0	0	0	1	0	0	0	0.4	0	0	0	0	1	0	0.9	0	0	0	0.466666667	0	0.4	0	0	0	0	0	0	1	0	0	0	0	0	0.125	0.575757576	0	0	0	0	0	0	1	0	0	1	0.111111111	1	0.363636364	1	0	0.833333333	0	0	0	0.333333333	1	0	0	0	1	0	0	0	0	0	0	0.36407767	0	0.160965795	0	0	0	0	0	0	0	0	0	0.2	0.25	0	0.184210526	0	0	0.16744186	0	0.2	0	0	0.25	0	0	0	0.25974026	0.27027027	1	0	0	0	0.2	0	0.083333333	0.75	0	0	0	0.863636364	0	0	0	0	1	0	1	0	0	0	0.259067358	0.119402985	0.25	0.678571429	0	0	0	0	0.111111111	0	0	0	1	0	1	0	1	1	0	0	0	0	0.888888889	0	0	0	0	0	1	0	1	0	0	0	0.166666667	1	0	0.4	1	0	0	0	0	0	0.111111111	0.992063492	0	0	0	0	0	1	0	0	0	0	1	0.083333333	0	0.125	0	0	0	0.12195122	0.12195122	0	0	0	0	0	0.980392157	1	0	0.222222222	0	0	1	0	0	0	1
BIMD0133-01	LPS	0.20648245529467085	0	1	1	1	0.222222222	0.14	0.137931034	1	1	0.119565217	0.272727273	1	0.611111111	0	0.4	0.4	0.222222222	0.857142857	0.736842105	0.333333333	0	0	0	0.090909091	0	0	0	0	0	0	0.6	0	0.6	0	0	0	0	0.111111111	0	0.714285714	0	0	0.303030303	0	0.117647059	1	1	0.608695652	0.078431373	0	0.2	0.333333333	0.263157895	0	0.086206897	0	0	0	0	0	0	1	0.125	0	0	0.833333333	0	0	0	0	0	1	1	0	0	0.08	0	0.4	0	0.280701754	0.8	0	0.070652174	0.783783784	0	1	0.095238095	0	1	0	0	1	0	0	0	0	0	0	0	0	0	1	0.764705882	0.003389831	1	0	0.166666667	0.3125	0	0	0	0.268292683	0	0	0	0	0	0	1	0	0	0	0.166666667	0	0	0	0	0	0.2	0	0	0	0	0	0	0	1	0	0	0.176470588	0.28	0.6	0.357142857	1	0	0	0	0.166666667	0	0.7	0	0	0	0	0.214285714	0.666666667	0.057692308	0.444444444	0.444444444	1	0.25	0.128205128	0.833333333	0	0	1	0.25	1	0.093023256	0	0	0	0	0	0	0	0	0	1	0	0	0	1	0.111111111	0.428571429	0	0	0.393401015	0.142857143	0	0	0	0	0	0	0	0	0	0	0	0	0	0.218181818	0	0	0.321100917	0	0.2	0	0	0	0	0	0.333333333	0.066666667	0.206896552	0	0	0	0	0	0.666666667	0.096774194	0.380952381	0.25	0	0.071428571	0	0	0	0	1	0	0.285714286	0	0	0	0	0.176470588	0.1	0.357142857	0.433333333	0	0	0.16	0.333333333	0.315789474	0.166666667	0.166666667	0	0	0.5	1	0	1	0	0.043478261	1	0	0	0	0.5	0.043478261	0.038461538	0	0	1	0	0	0	0	0	0.125	1	0	0	0	0	0	0	0.375	0	0.106060606	1	0	1	0.5	0	1	0	0	0	0.636363636	1	0	0	0.571428571	0.166666667	0	0	0	0.085106383	0.083333333	0	0	0	0	0	1	0	0	0.470588235	0.166666667	0.5	0	0	0	0	0
BIMD0137-01	B	0.2629579229184953	1	0.8	1	1	0.230769231	0.155172414	0.208333333	1	0	0.085011186	0.5	0.692307692	0.692307692	0	0.235294118	0.111111111	0	1	1	0.333333333	0.0625	0.714285714	0	0.923076923	0.230769231	0	0	0.181818182	0.833333333	0.333333333	0	0	0.545454545	0	0	0	0	0	0	0	0	0	0	0	0	0	1	0.566666667	0.111111111	1	0	0.1	0.25	0	0.159090909	0	0	1	0	0.666666667	0	1	0.258064516	0.066666667	0.9	0	0.538461538	1	0.4375	0	0	0	0	0	0	0.078947368	0	0	0	0.183333333	0	0	0.059602649	0.882352941	0	1	0	0	0	0	0	0	1	0	0	0.6	0	0	0	0	1	1	0	0.003442341	0	0	0	0.471698113	0.975609756	0	0.2	0	1	0	0	0	1	0	1	0	0	0	0	0.333333333	0	0	0	0	0.071428571	1	1	0	0.6	1	0	0.6	0.615384615	0	0	0.073170732	0.451612903	0.375	0	0.333333333	0	0	0.2	0	1	1	0.967213115	0.321428571	1	0	0.166666667	0.8	0.133333333	0	0.111111111	0	0	0	0	0	0.0625	0.8	0	0	0.166666667	1	0	0.5	0	0	0	0.571428571	1	0	0	0	0	0	0	0	0	0	0	0.062686567	0.083333333	0.05370844	0.081395349	0.057142857	0	0	0.447368421	1	0	0	0	0.105263158	0.2	0	0.152777778	0	0	0.034883721	0.2	0.738095238	0	0	0	0	0	0.333333333	0.112244898	0	1	0.558823529	0	0.833333333	0	0	0.24137931	0.694444444	0.846153846	0.058823529	0.119047619	1	0.285714286	0	0.333333333	0	1	0.117647059	0	0.2	0	0	0.14893617	0	0.103448276	0.058823529	0	0	0.410714286	0.392156863	0.214285714	0.375	0.285714286	0	1	0	1	0.153846154	0	1	0.272727273	0.714285714	0.545454545	0.166666667	0.625	0.083333333	0.272727273	0.375	0.666666667	0	0	0	0.8	1	0.214285714	0	0.269230769	0	0.777777778	0.4	0.142857143	0.111111111	0	0	0.714285714	0	0.056818182	0.964285714	0	1	0.133333333	0.307692308	0	0	0	0	0.857142857	0.75	0	0	0.111111111	0	0.4	0.2	0.2	0.235294118	0.235294118	0.1	0.2	0	0	0	1	1	0	0.368421053	0.454545455	0.1	1	0	0	0	0.333333333
BIMD0137-01	IFNg	0.20973455829153606	0.777777778	0.666666667	0.916666667	0.909090909	0.111111111	0.212121212	0.269230769	1	0	0.242236025	0	0.5	0.928571429	0.25	0.052631579	0.08	0.119047619	0.935483871	0.338028169	0.692307692	0.285714286	0.55	0.153846154	0.3	0.222222222	0	0	0.347826087	0	0	0	0	0.333333333	0	0	0	0	0	0	0	0.130434783	0.141304348	0.333333333	0	0	0	1	0.6015625	0.230769231	1	0	0	0.256410256	0	0.137254902	0.571428571	0.6	0	0	0	0	0	0	0	0.428571429	0	0.522727273	0.285714286	0.166666667	1	0	0	0	0	0	0.038461538	0.230769231	0.048780488	0	0.136363636	0	0	0.111111111	0	1	0	0.192307692	0	1	0.833333333	0.842105263	1	0	0	0	0	0	0	0	0	0	1	0	0.007326007	0	0	0.555555556	0.113924051	1	0	0.076923077	0	1	0.666666667	0.571428571	0	0	0.071428571	0	0	0	0	0	0	0	0	0	0	0	0	0	0	0.2	0	0.666666667	0	0.375	0	0.909090909	0.222222222	0.2	0	0.75	0.678571429	0	0	0.075471698	0.52	0	0	0	0.301587302	0.666666667	0	0	0	0.136363636	0	0.12244898	0	0.192307692	0	0	0	0.212121212	0	0.743589744	0	0.166666667	0	0	0.2	1	0	0	0	0	0.19047619	0.111111111	0	0	0	0	0	0	0	0	0.482142857	0	0.400584795	0	0.181818182	0	0	0.642857143	1	0	0	0	0.166666667	0	0.75	0.132352941	0	1	0.189189189	0	0.25	0.307692308	0	0	0.307692308	0	0.375	0.184210526	0.272727273	0	0.166666667	0	0	0	0	0.044247788	0.315217391	0.125	0.272727273	0.633333333	1	0	0.888888889	0	0	0	0	0	0.125	0	0	0.326996198	0.404494382	0.37037037	0.384615385	0	0.133333333	0.446153846	0.564516129	0.19047619	0.333333333	0.333333333	0.666666667	1	0	1	0.125	0	1	0	0	0.433333333	0.285714286	0	0.5	0	0	0	0.6	0	0.285714286	0	0	0	0	0	0	0	0	0	0	0	0	0	0	0.307692308	1	0.45	1	0.294117647	0.2	0	0	0	0	0.933333333	0.857142857	0	0.090909091	0.058823529	0	0	0	0.2	0.222222222	0.222222222	0.16	0	0	0.044444444	0	1	0	0	0	0.294117647	0.235294118	1	0	1	0	0
BIMD0137-01	LPS	0.2317053629153605	0.53846154	1	0	1	0	0.17307692	0.33333333	1	0	0	0	0.9	0.6	0.5	0.47368421	0	0	1	0.53846154	0.5	0.41666667	0	0	0.03686636	0	0	0	0.625	0	0.27272727	0	0	0.38461538	0	0.4	0	0	0	0	0	0.625	0.625	0	0	0	1	0	0.56	0.27272727	0	0	0.29268293	0.33333333	0	0.11111111	0	0	0	0	1	0.6	0	0	0.16666667	0.44444444	0	0.14634146	0	0.375	0	0	0	0	0	0	0.16666667	0	0.03703704	0	0.11111111	0	0	0.19101124	0	1	0	0.3125	1	1	1	1	1	0	0	0	0	0	0	0	0	0	0	0	0	0	0	0.41176471	0.14285714	1	0.83333333	0	0	0	0	0	0	0	0	0	0	0	0	0	0	0	0	0	0	0	1	1	0	0.66666667	0	0	0	1	0.66666667	0.96153846	0.1	0.2	0	0.46666667	0.92307692	0.8	0.8	0.13333333	0.8	0	0	1	0.20833333	0	0	0	0	0.18181818	0	0.03846154	0	0.22857143	0	0	0	0	0	0.65217391	0	0.2	0	0	0	1	1	1	0	0	0.15384615	0	1	1	0	0	0	0	1	0	0.27692308	0	0.38848921	0.22222222	0	0	1	0.42857143	0	0	0.57142857	0	0.16666667	0	0	0.06896552	0	0	0.08552632	0.8	0.25	0.16666667	0	0	0	0	0	0	0.45833333	0	0.22580645	0.16666667	0	0	0	0.08333333	0.39285714	0.44736842	0.33333333	0.53846154	0	0	0	0	0	0	0	0	0	0	1	0.37875289	0.30769231	0.27272727	0	0	1	0.50793651	0.5	0.1	0	0	0	0	0	0	0.18181818	1	0	0.4	0.83333333	0.2	0	0	0.42857143	0.44444444	0.4	0.4	0	0	1	0	1	0.26666667	0	0	0	0	0.2	0	0	0	0	0	0	0.21212121	0.81818182	0.93333333	1	0.3	0.43478261	1	0	0	0	1	1	0	0	0	0	0	0.625	0.625	0	0	0.27272727	0	0	0	0	0	1	1	0	0.16666667	0	0	0	1	0	0
BIMD0138-01	B	0.2272483040752351	0	0	0.83333333	1	0.1	0.14634146	0.1	1	0	0.1996337	0	0.28571429	0.83333333	0.23076923	0.11111111	0	0.06521739	0.9375	0.41428571	0.375	0.23809524	0.28	0.33333333	0.1875	0.4	0	0	0.38461538	1	0.8	0.6	0.5	0	0	0	0	0	0	0	0	0	0	0	0	0	0	1	0.33846154	0.16666667	1	0	0.25	0.2	0	0.08823529	0.12903226	0.20833333	0	0	0	0	0	0	0	0.5	1	0.35714286	0	0	0.4	0	0	0	0	0	0.19230769	0	0	0	0.14285714	0	0	0.11842105	0.33333333	1	0	0.23076923	0	1	0.22222222	0.4	1	0	0	0	0	0	0	0	0	0	0.75	0	0	0	0	0.36363636	0.28888889	0	0.54545455	0	0	0	0.23076923	0.13636364	0	0	0	1	0.5	0	0	0	0	0	0	0	0	0	1	1	0	0.2	0	0.28571429	0	0.33333333	0	0	0.09090909	0.07142857	0	0	0.90909091	0.31578947	0.31578947	0.15789474	0.15789474	0	0	0.91836735	0	0	0	0	0	0	0.82222222	0.80555556	0.25	0.2	0	0	0.5	1	0	0.77027027	0	0.07692308	1	0	0	1	0	0	0.83333333	1	0	1	0	0	0	0	0	0	0	0	0.05208333	0.125	0.3986711	0.13	0.07692308	0	1	0.48648649	0	0	1	0	0	0	0.2	0.13157895	0	1	0	0	0.18604651	0	0	0	0	0	0.16666667	0.125	0.14285714	0	0.04347826	0.22222222	0	0	0	0.21875	0.390625	0.13333333	0.1	0	1	1	0	0	0	0	0	0	0	0.71428571	0	0.31547619	0.24096386	0.17647059	0	0	0.01081081	0.4137931	0.46428571	0.25	0.375	0.36585366	0.66666667	1	0	1	0	1	1	0.5	1	0	0.66666667	0	0.4	0.5	0.42857143	0.53333333	0	0	0.66666667	0	1	0.25	0	0	0	0.8	0	0	0	0	0	0	0	0.14285714	0.8	0	1	0	0.28301887	0	0	0	0	0.88571429	0.88571429	0	0	0	0.09090909	0	0.4	0.4	0.07692308	0.09090909	0	0.6	0.5	0.24242424	0	1	0	0	0.38461538	0.14705882	0.03030303	1	0	0	0	0
BIMD0138-01	IFNg	0.20975165567398119	0	0	0	1	0	0.21428571	0.11764706	0	0	0.23196605	0	0.125	1	0	0.23076923	0	0.13888889	1	0.45833333	0	0.33333333	0	0.07407407	0.6	0	0	0	0.33333333	0	0.26666667	0	0	0	0	0	0	0	0	0	0	0.61538462	0.6	0	0	0	0	1	0.32894737	0	1	0	0.45945946	0	0	0.12727273	0.11764706	0	0	0	0	0	0	0	0	0	0	0	0	0.2	0.03030303	0	0	0	0	0	0.05	0.08333333	0	0	0.14285714	0	0	0.16538462	0	1	0	0.21052632	0	1	1	1	1	0	0	0	0	0	0	0	0	0	1	0	0	0	0	0	0.81818182	0	0.52631579	0.16666667	0	1	0.15789474	0.05660377	0	0	0.1875	1	0.67857143	0	0	0	0	0	0	0	0	0	0	0	1	0	0	0	0	0	0	0	0	0.06666667	0	0	0	0	1	0.05263158	0	0	0	0	0	0	1	0	0	0	0.96	1	0.12121212	0.07692308	0	0	0	1	0	0	0	0	1	0.4	0.27272727	0	0	0	1	1	0	1	0	1	0	0	0	0	0	0	0.25	0.33333333	0.47482014	0.14814815	0.09090909	1	1	1	1	0.83333333	1	0	0	0	0.09090909	0.16666667	0	0	0	0	1	0.32	0	0	0	0.76470588	1	0	0.45454545	0	0	0	0	0	0	0.37704918	0.52173913	0.5	0	0.2	1	0.17647059	0.55555556	0	0	1	0	0	0	0	0	0.30769231	0.27586207	0.26086957	0.875	0	0	0.5	0.60869565	0	0	0	0	0.88235294	0	1	0	1	1	0.1	0.36363636	0.33333333	0	0	0	0	0.1	0.09090909	1	0	1	0	0	0.23076923	0	0	0	0	0	0	0	0	0	0	0	0	1	1	1	0	0.64044944	0	0	0	0	0.85714286	1	0	0	0	0	0	0	0	0	0	0	0	0	0	0	1	0	0	0.42857143	0	0	1	0	0	0	0
BIMD0138-01	LPS	0.17407939514106582	0.42857143	0	0	0.97183099	0	0.09090909	0.0625	1	0	0.21945137	0	0.28571429	0.77777778	0.33333333	0.5	0.05882353	0.13333333	1	0.6969697	0.1875	0.23076923	0.27272727	0.32	0.05940594	0	0	0	0.33333333	0	0	0	0	0	0	0	0	0	0	0	0	0	0	0	0	0	0	0	0	0.20689655	0	0	0	0.25	0	0.05	0.33333333	0.33333333	0	0	1	0.71428571	0	0	0	0.16666667	1	0.28	0	0	0.14285714	0	0	0	0	0	0.125	0	0.21428571	0	0.12765957	0	0	0.23076923	0	0	0	0.2	0.9047619	1	0	0	1	0	0	0	0	0	0	0	0	0	0	0	0	0	0	0.26666667	0.16666667	0	0.07692308	0	0	0	0	0	0	0	0	1	0	0	0	0	0	0	0	0	0	0	0	0	1	0	0	0	0	0	0	1	0.22222222	0.10526316	0	0	1	0	0	0.125	0	0	0	0.85	0	0	0	0	0	0.08	0.90384615	0.89795918	0.23529412	0.13114754	0	0	0	0.88888889	0	0.61904762	0	0	0	0	0	1	1	0.93333333	0	0	0	1	0	0	0	0	0	0	1	0	0.05673759	0.04	0.38461538	0	0	0	1	0.6	0	0	1	0	0.08	0	0	0	0	0	0.01526718	0	0.16666667	0.14545455	0	0	0.16666667	0	0	0	0.36363636	0	0.15	0.08333333	0	0	1	0	0.47826087	0.46031746	0.125	0.33333333	0	1	0	0	0	0	0.4	0	0	0.83333333	1	0.28461538	0.36842105000000003	0.26315789	0.11111111	0	0.02057613	0.23809524	0.30851064	0.16666667	1	1	0	0	0	0	0.16666667	0	0	0.09090909	0	0	0	0	0.08333333	0.1	0.08695652	0.0952381	0	0	0	0	0	0.21428571	0	0	1	0	0	0	0	0	0	0.63157895	1	0.25806452	1	1	1	0	0.30434783	0	0	0	0	0.8	0.77777778	0	0	0	0	1	0	0.66666667	0	0	0.06666667	0	0	0	0	0	0	0	0.8	0	0	0	0	0	0	0
BIMD0139-01	B	0.24680955200626958	1	1	1	0.97727273	0.225	0.07317073	0.18181818	0	1	0.06167401	0.71428571	0	0	0	0.26666667	0.18181818	0.33333333	0	0.58823529	0.2	0	0	0.83333333	0.8	0.42857143	0	0	0	0.7	0.4	0	0	0.41666667	0	0	0	0	0.66666667	0	0.2	0	0	0.66666667	0	0.15384615	0	1	0.64	0.13513514	1	0	0.29166667	0.11111111	0	0.14634146	0	0	0	0	0	0	1	0.35294118	0.07692308	0.16666667	0	0.5	1	0.3	0	0.57142857	0.66666667	0	0	0	0.09090909	0	0	0	0.2	0	0	0.07865169	0	0	0	0.3	0	0	0	0	0.8	0	1	1	0.6	1	0	0	0	0	0	0.81818182	0	0.6	1	0.28571429	0.63043478	0	0	0	1	0	0	0	0.22222222	0	0	0	0	0	1	0	0	0	0	0	0	0.2173913	1	0	0	0.16666667	1	0.66666667	1	0	0	0	0.02040816	0.38461538	0.75	0	0.36842105000000003	0	0	0	0	0.6	0.75	1	0	0	0	0	0.75	0	0	0	0	0	0	0	0	0	0	0.26315789	0	0	0.86666667	0	0.75	0	0	0	0	1	0.5	0	0	0	0	0	0	0	0	0	0.01792115	0	0.01044386	0	0	0	0	0	0	0	0.8	0	0.125	0	0.125	0.18518519	0	0	0	0	0	0	0	0	0	0	0	0.28985507	0.13513514	0	0	0.41666667	0	0	0	0.22641509	0.50980392	0	0.07692308	0	1	1	0.6	0	1	1	0	0	0.2	0	0	0.22566372	0.12173913	0.08333333	0.04761905	0	0.61538462	0.22222222	0.54545455	0.14285714	0.6	0.4	0.71428571	1	0	1	0	0.6	1	0.14285714	0	0	0	0.6	1	0.14285714	0.2	0	0	0	0	0.75	1	0	0	0.17647059	1	0.66666667	0.2	0.54545455	0.58333333	0	0	0	0	0.02702703	0.97959184	0	1	0	0.4	1	1	0	0.71428571	0.83333333	0.90909091	1	0	0.28571429	0	0	0	0	0.13636364	0.10526316	0	0	0.8125	0	1	0.98484848	0	0	0	0.33333333	0.375	1	0.08333333	0	0	0
BIMD0139-01	IFNg	0.26693857546708466	0.5	0	1	1	0	0.21875	0.28	1	0	0.193490054	0	0	0.923076923	0	0.222222222	0.171428571	0.169811321	0.972222222	0.222222222	0.0625	0.7	0.411764706	0.363636364	0	0.5	0	0	0.7	0.8	1	0.428571429	0.3	0.428571429	1	1	0	0	0	0	0.5	0.113402062	0.113402062	0.571428571	0	0	0	1	0.375979112	0.170212766	1	0	0	0.157894737	0.75	0.15	0	0	0	0	0	0	0	0	0	0	0.666666667	0	0	0.15	0	0	0.75	0	0	0	0.194444444	0	0.142857143	0	0.237288136	0	0	0.129834254	1	1	0	0.296296296	0.8	0.909090909	0.461538462	0.48	0.909090909	1	0	0	0	0	0	0	0	0	1	0	0.007874016	0	0.6	0.333333333	0.277777778	0	0.416666667	0.19047619	1	1	0.555555556	0.066666667	0	0	0.2	0	0.620689655	0	0.4	0	0	0	0	0	0	0	0	0	0	0.666666667	0	0	0	0	0.8	0.909090909	0.555555556	0.25	0	0	0.2	0	0	0.117647059	0.416666667	0	0	0.968085106	0	0	1	0	0	0.259259259	0.458333333	0.4	0	0	0	0.8	0	1	0	0	0	0.111111111	1	0	0.571428571	1	1	1	0	1	0	0.428571429	1	1	0	0	0	0	0	0	0.382978723	0.086956522	0.46882793	0.13559322	0.048780488	0	0	0	0	0.833333333	1	0	0	0	0	0.163934426	1	0	0.166666667	0	0.404255319	0.0625	0	0	0.181818182	0	0.25	0	0	0	0.24137931	0.047619048	1	0.2	0	0.220930233	0.764705882	0.125	0	0.333333333	1	0	1	0	1	1	0	0	0.3	0	0	0.317191283	0.3	0.208333333	0	0	0	0.565789474	0.625	0	0.222222222	0.222222222	0	1	0	0.833333333	0.125	1	1	0	0.904761905	0.8	0	0	0.277777778	0	0	0	0	0	1	0.5	0	0.25	0	0	1	0	0	0	0	0	0	0	0	0.1	1	1	0	0.222222222	0.456896552	0	0	0	0	0.677419355	0.826086957	0	0.25	0	0.333333333	0.285714286	0	0	0.222222222	0.222222222	0.157894737	0	0	0	0	1	0	0	0.6	0.3	0	1	0.25	0	0.5	0
BIMD0139-01	LPS	0.21002700031347962	0	0	0	1	0	0.12820513	0	1	1	0.19047619	0	0	0.25	0.21428571	0.1	0	0.0625	0.96428571	0.53333333	0.2	0.42857143	0.42105263	0.30769231	0.01898734	0	0	0	0.5	0	0.6	0.6	0.6	0	0	0	0	0	0	0	0.66666667	0	0	0.28571429	1	0	0	0	0	0.25	0	0	0	0.22222222	0.77777778	0.12903226	0	0	0	0	1	0.66666667	0	0	0.1	0.6875	0	0.68852459	0	0.25	0	0.66666667	0.75	0	0	0	0.13636364	0.08333333	0	0	0.225	0	0	0.22727273	1	1	0	0.26666667	0.9	1	0	0	1	0	0	0	0	0	0	0	0	0	0	0	0	0	0	0	0.08	0	0.28571429	0.16666667	0	0	0	0.14285714	0	0	0	1	0	0	1	0	0	0	0	0	0	0.14285714	0	0	0	0	0	0.30769231	0	0	0	1	0.08333333	0	0	0.375	0.85714286	0.1875	0.1875	0	0.83333333	0	0	0	0	0	0	0	0	0.05263158	0	0.25	0.11111111	0.19047619	0	0	0	1	0	0.54545455	0	0.1	1	0	0	1	1	0.9	0	0	0	0	0.75	0	0	0	0	0	1	1	0.08074534	0.125	0.39748954	0.21428571	0.04347826	0	1	0	0	0	0.86666667	0	0	0	0	0.14035088	0	0	0.056	1	0.375	0.5	0.35294118	0	0	0	0.44444444	0.25	0.15	0	0.05	0	0	0.16666667	0	0.2625	0.4	0.42666667	0.22222222	0.33333333	0	0.5	0	0	1	0	0.07142857	0	0	0	1	0.35638298	0.17142857	0	0	0	0.75	0.51020408	0.56701031	0.16666667	0.08333333	0.07692308	0	0	0.22222222	0	0.15384615	0.83333333	0	0.04545455	0	0	0.42857143	0	0	0.04545455	0.04166667	0	0	0	0	0	1	0	1	0	1	0	0.2	0	0	0	0	0	0.125	0.23913043	1	0.55555556	1	0.16129032	0.42307692	0	0	0	0	0.93333333	0.875	0	0.25	0.28571429	0	1	0.83333333	0.66666667	0.11538462	0.11111111	0.11111111	0	0	0	0	1	0	0	0.23529412	0	0	0	0.34782609	0	0	0
BIMD0141-01	B	0.2310163079937304	1	0.66666667	1	1	0.39393939	0.17777778	0.25	1	1	0.05555556	0.57575758	0.63636364	0.85714286	0	0.16666667	0	0	0.92307692	0.57142857	0.16666667	0	0	0	0.7	0	1	0	0	1	0	0	0	0.66666667	1	0.4	0	0	0	0	0	0.44444444	0.42857143	0	0	0	1	1	0.13235294	0.2195122	1	0	0	0.23076923	0	0.07317073	0	0	0	0	0	0	0	0.28571429	0.11111111	0	0.0952381	0	0	0.08333333	0	0.28571429	0	0	0	0	0.1	0	0.25	0	0.2195122	0	0	0.08116883	1	0	0	0	0	0.75	0.63636364	0.66666667	0.75	1	0	0	0	0	0	0	1	0	1	0.125	0.83333333	0	0.83333333	0.25	0.52380952	0.96875	0.14285714	0	0	0	0	0	0	0	0	1	0	0	0	0.5	0	0	0	0	0	0.4	0	0	0	0	0	0.4	0	0	0	0	0.17647059	0.28767123	0.7	0	0	0	0	0.125	0.5	0.6	0.71428571	0	0.19047619	0	0	0	0.57142857	0.07142857	0.8	0	0	0.2	0	1	0	0	0	0.27272727	0	0	1	0.57142857	1	0	0	0	0	0	0.25	0.6	0	0	0	0	0	0	0	0	0.6254417	0.18181818	0	0.29166667	0.14814815	0	0	0	0	0	0	0	0.21052632	0	0	0.09090909	1	0	0.38666667	0.71428571	0.18181818	0	0	0	0	0.5	0	0.17322835	0.26	0	0	0	0	0	0	0.04705882	0.63414634	0	0.42857143	0.08571429	0.85714286	0	0.36363636	0	0	1	0.7	0	0.5	0	0	0.24172185	0.20547945	0.2	0.28571429	0.6	1	0.36111111	0.46428571	0.17647059	0.4	0.5	0	1	0.4	1	0.06666667	0	1	0	1	0	0	0	0	0	0	0.16666667	0	0	0.57142857	0	1	0	0	0.11764706	0	0	0	0	0	0	0	0	0	0.12121212	1	0	0.98648649	0.30769231	0	0	0	0	0.75	0.77272727	0.94444444	0	0.22222222	0	0	0	0	0	0.16666667	0.15789474	0.4	0	0	0	0	1	1	0	0.6	0.18181818	0	1	0.28571429	0	0	0
BIMD0141-01	IFNg	0.2718960544043887	0.666666667	0	0	0.95	0	0.145454545	0.277777778	1	0	0.1875	0	0.636363636	0.833333333	0	0.285714286	0	0.064516129	1	0.607142857	0.416666667	0.4	0.75	0.192307692	0.307692308	0.166666667	0	0	0.375	0	0	0	0	0.625	0	0	0	0	0	0	0.25	0.132183908	0.130681818	0.666666667	0	0	0	1	0.109195402	0.3125	1	0.1	0.295454545	0.24	0.461538462	0.277777778	0.076923077	0.333333333	0	0	0	0.111111111	0	0	0.5	0.5	0.35	0	0	0	0	0	0	0	0	0	0.137931034	0.133333333	0.109375	0	0.132075472	0	0	0.252491694	0	1	0	0.25	0.777777778	0.923076923	0.909090909	1	1	1	0	0	0	0	0	0	0	0	0.833333333	0	0.166666667	0	0	0.0625	0.139784946	1	0.277777778	0.235294118	0	0.888888889	0.191489362	0.051282051	0.923076923	0.571428571	0.363636364	1	0.830769231	0	0	0	0.002409639	0	0	0	0	0	0	0	0	0	1	0.461538462	1	0	0	0	0.333333333	0.181818182	0.6	0	0.833333333	0.230769231	0.214285714	0.3125	0	0.571428571	0	0.9375	0.28057554	0	1	0	0	0.103448276	0.37037037	0.346153846	0.133333333	0.294117647	0	0	0	1	0	0.538461538	0	0.263157895	0.846153846	0.25	0	1	1	1	0	1	0.095238095	0	0.666666667	1	0	0	0	0	0	1	0.5	0	0.426136364	0.093959732	0.230769231	0.538461538	0.8	0.333333333	1	0.933333333	0	0	0.076923077	0	0.157894737	0.053571429	1	0	0.238095238	0	0	0.1875	0.125	0	1	0	0.105263158	0.044444444	0.277777778	0	0.101265823	0.25	0	0	0	0.169934641	0.489795918	0.2	0	0.24	0	0.6	0.75	0.142857143	0	0	0	0	0.166666667	1	1	0.346975089	0.179775281	0.181818182	0.666666667	0	0.6	0.230769231	0.3	0.263157895	0.56	0.451612903	0	0.833333333	0	0.714285714	0.2	1	0.714285714	0.1	1	0.307692308	0	0	0.285714286	0.1	0.125	0	0	0	0.714285714	0.142857143	1	0.3125	0	0	0	0	0	0	0	0	0	0	0.75	0	1	1	1	0.461538462	0.380952381	0	0	0	0	0.911764706	0.9375	0	0.333333333	0.4	0.333333333	0.230769231	0.142857143	0.142857143	0	0	0.095238095	0	0	0.111111111	0	1	0	0	0.529411765	0.047619048	0	1	0.6	0	0	0
BIMD0141-01	LPS	0.2416299528526646	0.66666667	0	1	1	0.36363636	0.16049383	0.32142857	1	0	0.06908463	0.53846154	0.76	0.625	0	0.37142857	0.075	0.2	1	0.64	0.28571429	0	0.2	0.30769231	0.08974359	0	1	0	0	0	0	0	0	0.46666667	0	0	0	0	0	0	0	0	0	0	0	0.22222222	1	1	0	0.17241379	1	0	0.15789474	0.30555556	0	0	0.27777778	0.29411765	1	0	0.81818182	0.44444444	0	0.15384615	0	0.38888889	0.21428571	0.52631579	0	0	0	1	0	0	0.11111111	0	0.21212121	0.4	0.01724138	0	0.14285714	0	0	0.07142857	1	0	0	0.125	0.92857143	0	0.2	0.2	0	1	0	0	0	0	0	0	0	0	0	0	1	0	1	0.14285714	0.42857143	0.94117647	0.05882353	0.125	0	0	0	0	0	0	0	1	0	0	0	0	0.03125	0	0	0	0	0.16666667	0	0	0	0	0	0	0	0.75	0	0	0.08333333	0.25641026	0.63636364	0	0	0	0	0.16666667	0	0	0.33333333	0	0.36	0	0	0	0	0.11111111	0.16666667	0.175	0.18181818	0.31746032	0	0	1	1	1	0.08695652	0.6	0	1	0.25	0.11111111	1	1	1	0	1	0.26315789	0	0	0	0.16666667	0	0	0.16666667	1	0	0.22103659	0.2	0.03235294	0.15	0	0	1	0	0	0	1	0.66666667	0	0	0	0.13414634	0	0	0.06451613	0.625	0	0.125	0	0	0	0	0	0.04166667	0.22929936	0	0	0	0	0.42857143	0	0.12631579	0.53333333	0.28571429	0	0.13235294	0.5	0	0	0	0	0	0.48484848	0	0.5	1	0.8	0.20204604	0.175	0.26315789	0.42857143	0.75	0.92592593	0.44444444	0.48780488	0.22580645	0.23076923	0.23076923	0	1	0.30769231	0.66666667	0.3125	1	0	0.25	1	0	0	0.3	0.21428571	0.25	0.25	0.36363636	0	0.72727273	0.7	0	1	0	0	0.18181818	0	0	0.6	0	0	0	0.66666667	0.125	1	0.16438356	1	0	0	0.16	0	1	0	1	0	0.57142857	0.8	0	0.33333333	0.125	0.16666667	0.85714286	0	0	0.16326531	0.16326531	0.36666667	0	0	0.14285714	0	1	0	0	0.30769231	0	0	0	0.42857143	0	0.16666667	0
BIMD0143-01	B	0.19151823031347961	0	0	1	1	0.31818182	0.22641509	0	1	1	0.10989011	0	0.5	0.61538462	0.3125	0.26666667	0.14285714	0.4	1	0.57142857	0.26086957	0	0.48148148	0.2	0.27777778	0	0	0	0	0	0	0.11111111	0.05555556	0	0	0	0	0	0	0	0	0	0	0.6	0	0.2	1	0	0.53191489	0.23076923	0	0	0.32352941	0	0	0.109375	0.27272727	0.3	0	0	0	0	1	0.2	0	0.77777778	0	0.69387755	0	0.15789474	0.15	0	0	0	0	0	0.25	0	0.33333333	0	0.13114754	1	0	0.06134969	1	0	0	0.03571429	0	0	0	0	0	0	0	1	0	0	0	0	0	0	0	0.63636364	0.41666667	0.76923077	0	0.27272727	0.08	0.57142857	0.22222222	0.2	0.36666667	1	0	0	0.42857143	0	0	1	0	0	0.47058824	0.16666667	0.5	0.2	0	0	0	0.2	0	0	0	0.5	0	0.1	0.2	0.36363636	0.66666667	0	0.07894737	0.2	0	0	0.88888889	0	0	0	0	0	0.83333333	0	0	0	0	0	0.5	0.14285714	0	0	0.22222222	0.17857143	0	0	0	0.22222222	0	0.23333333	0	0.125	1	0	0	0	0	0	0.16666667	0	0.27777778	0.33333333	0	0	0	0	0	0	0	0	0.09836066	0.15384615	0	0.17142857	0	0	0	0	0	0	0	0	0.1	0	0	0.19587629	0	0	0	0	0.25	0.30769231	0.36	0	0	0	0.2	0.05882353	0.22641509	1	0.2	0.43478261	0	0	0	0.08928571	0.50877193	0.09090909	0	0.2	0	0	0.57142857	0	1	0	0.0625	0	0.14285714	0.45454545	0	0.24028269	0.13934426	0.30434783	0	0	1	0.5106383	0.52	0.3	0	0	0	1	0.25925926	0	0.05	0.85714286	0	0.08333333	0	0	0	0	0.45	0.08333333	0.08333333	0	0	0	1	0	1	0	1	0.06666667	0	0.66666667	0.54545455	0	0.5	0	0	0	0	0.02702703	1	0	1	0.03333333	0	1	0	0	0	0.75	0.82352941	0	0.1	0.05555556	0.27777778	0	0	0	0.2	0.2	0.16129032	0	0	0.16666667	0	0	0	0	0.61111111	0	0.2	0	0.63157895	1	0.375	0
BIMD0143-01	IFNg	0.2440797551724138	1	0	0	1	0	0.265625	0.22222222	0	1	0.17632242	0	0.5	0.8125	0.125	0.0625	0	0.1369863	0.96363636	0.46268657	0.11111111	0.41666667	0.12	0.09756098	0.54545455	0	0	0	0.55555556	0	1	0	0	0	0.33333333	0	0	0	0	0	0.18181818	0.2826087	0.2826087	0	0	0	0	0	0.52769679	0.23913043	0	0	0.22727273	0.31034483	0.61538462	0.1	0.36	0.40909091	0	0	1	0	0	0	0.6	0	0.77777778	0.67857143	0	0.28571429	0.03225806	0	0.85714286	0	0	0	0.17241379	0.125	0.34	0	0.23214286	0	0	0.14	1	0	0	0.17391304	0	1	0.82608696	0.82608696	1	1	0	0	0	0	0	0	0	0	0	0	0	0	0	0	0	0	0.4	0.3125	0	1	0.92857143	0.92307692	0	0	0.41666667	0.83333333	0	0	0.57142857	0	0.2	0	0	0	0	0	1	1	0.2	1	0	0	0	0.76923077	1	1	0.4	0.05882353	0.2	0	0.375	0.55555556	0.5	0.29411765	0.88888889	0	0	0	0	0	1	0	0	0.17391304	0	0	0	0.35714286	0	0	0	0.5	0	0.56818182	0	0.16666667	1	0	0	1	1	1	0	0	0.10714286	0	0	0	0	0	0	0	0	0	0.36507937	0	0.28135593	0.19166667	0.22222222	1	1	0	0.66666667	1	0	0	0.25	0	0.66666667	0.1369863	1	0	0	0	0	0.21428571	0.43478261	0	0	0	0.18181818	0.08333333	0.27272727	0	0.13461538	0.16666667	0.16666667	0	0	0.14814815	0.57831325	0.51612903	0.09090909	0.46153846	0	0	1	0.45454545	1	0	0	0	0.375	1	0	0.34672304	0.15853659	0.33333333	0.2	0	0.28571429	0.28358209	0.33802817	0.32	0.125	0.125	0	0	0	0	0.15384615	1	0	0.07692308	0.875	0.875	0	0	0	0.08333333	0.08333333	0.11111111	0	0	1	0	1	0	1	0	0	0	0	0	0	0	0	0.42857143	0	0	1	0	1	0.14814815	0.43181818	0	0	0	0	1	0.95454545	0	0.38461538	0.05882353	0	0	0	0	0	0	0.07692308	0	0	0.16129032	0	1	0	0	0.25	0	0.08333333	0	0.36363636	0.97468354	0.5	0
BIMD0143-01	LPS	0.21522438373040753	1	0	1	1	0	0.14285714	0.11111111	1	0	0.30634573	0	0	0.26666667	0.20588235	0.46875	0.10714286	0.4	1	0.92	0.35714286	0.69230769	0.125	0.15384615	0.08333333	0	0	0	0.75	0	0	0	0	0	0	0	0	0	0	0	0.33333333	0	0	0.66666667	0	0	1	0	0.5326087	0.21875	0	0	0.11904762	0.13043478	0	0.078125	0	0	0	0	0.9	0.3125	0	0	0	0	0	0.4	0	0.16666667	0.33333333	0	0.66666667	0	0	0	0.23684211	0.26666667	0.20454545	0	0.21333333	0	0	0.18604651	0	1	0	0.53125	1	1	0.72727273	0.76923077	1	0	0	0	0	0	0	0	0	0	0	0.875	0.44444444	0	0	0	0	0	0.21052632	0.5	0	0	0	0	0	0	0.44444444	1	0	0	0.28571429	0	0	0	0	0	0	0	0	0	0.25	0.57142857	1	0.4	0	0	0.66666667	0.97058824	0.28571429	0.03846154	0	0	0	0.3	0.3	0	0	0	0	0	0	0	0	0	0	0.22222222	0	0	0	0	0	0	0.66666667	0	0	0.59375	0	0	0	0	0	1	1	0.76470588	0.22222222	0	0.28571429	1	1	0	0	0	0	0	0	0.83333333	0.25847458	0.23076923	0.40487805	0	0	0	1	0	0	0	0.5	0.66666667	0.5	0	0	0.1827957	1	0	0.04291845	0.57142857	0.04761905	0.11363636	0	0	0.41666667	0	0.05263158	0	0.25	0	0.16666667	0.18181818	0	0	0.95	0.05128205	0.34615385	0.325	0.27777778	0.1	0	0	0	0	0.77777778	0	0	0	0	1	0.83333333	0.42158516	0	0.16	0.4	0	0.81355932	0.41333333	0.45	0.15789474	0	0	0.28571429	0	0	0	0.25	1	0	0	0	0.61538462	0	0	0.41176471	0	0	0	0	0	1	0	0	0.125	0	0.22222222	0	0.875	0	0	0	0	0	0	0	0.225	1	0	1	0.06666667	0	0	0	0	0	1	0.93333333	0	0	0.07692308	0.33333333	1	0.875	0.875	0.125	0.125	0.05882353	0	0	0	0	0	0.83333333	0.83333333	0	0	0	0	0	1	0.23076923	0
BIMD0144-01	B	0.32164253170532914	1	0.5	1	1	0.476190476	0.166666667	0.217391304	1	1	0.07755102	0.1875	0.666666667	0.888888889	0.266666667	0.1	0.181818182	0.222222222	1	0.526315789	0.315789474	0.142857143	0.5	0.2	0.631578947	0.333333333	1	1	0.153846154	1	0.333333333	0.076923077	0.076923077	0.538461538	0	0	0	0	0	0	0	0	0	0.142857143	0	0.7	1	0.930232558	0	0.255319149	0.918918919	0	0.315789474	0	0.857142857	0.06557377	0.055555556	0.058823529	1	0	0	0	1	0.2	0.166666667	0.266666667	0	0.454545455	0.833333333	0.357142857	0.157894737	0	0	1	0	0	0.111111111	0	0.166666667	0.3	0.1875	0	0	0.023668639000000002	1	0	1	0.25	0	1	0.4	0.4	1	1	0	0	0	0	0	0	0	0.6	0	1	0.003311258	0	0	0.111111111	0.638297872	0.96875	0	0	0	1	0	0	0.2	0	0	1	0	0.842105263	0	0	0	0	0	0	0	0.095238095	1	1	0	0.6	0	0.222222222	1	0.4	0.75	0	0.047619048	0.46875	0.333333333	0	0.24	0	0	0.235294118	0.666666667	0.6	0	1	0.162790698	0.666666667	0	0	0.222222222	0.034482759	0.8	0.823529412	0	0	0.3	0	0	1	0.8	0.162162162	0.571428571	0.142857143	1	0	0.428571429	1	0	0	0.636363636	1	0	1	0	0	0	0	0	0	0	0	0.026415094	0.08	0.057441253	0.083333333	0	0	0	0	0	0	0	0	0.142857143	0.5	0.714285714	0.183098592	0	0	0.075	0.6	0.12	0	0.380952381	1	0.222222222	0	0	0.170212766	0.242105263	0	0.3	0.428571429	0	0.363636364	0	0.084210526	0.666666667	0.666666667	0.277777778	0.045454545	1	0	0.4	0.4	0	1	0.133333333	0	0	0	0	0.191082803	0.18705036	0.095238095	0	0	0.024691358	0.314285714	0.368421053	0	0.157894737	0.15	0	1	0	1	0.19047619	1	1	0.052631579	1	0.777777778	0.3	0	0.307692308	0.055555556	0.055555556	0	0	0.625	0	0	1	0.333333333	0	0.205128205	1	0.2	0.166666667	1	0.545454545	0	1	0	0.833333333	0.04109589	0.961538462	0	1	0.083333333	0.5	0	1	1	0	0.923076923	0.884615385	0.583333333	0.111111111	0.055555556	0.25	0	0	0	0	0	0.375	0.6	0.538461538	0	1	0.980952381	1	1	0.5	0.35	0.25	1	0.150943396	1	0	0.833333333
BIMD0144-01	IFNg	0.29479465213793105	0.8	0.727272727	1	1	0.157894737	0.211538462	0.363636364	1	1	0.050947867	0	0.736842105	0	0	0.230769231	0.19047619	0.260869565	0	0.5	0.2	0.4	0.428571429	0	0.785714286	0.181818182	1	0	0	1	0	0	0	0.571428571	0	0.8	0	0	0	0	0	0.202020202	0.2	0.583333333	0	0.153846154	1	1	0.456692913	0.135135135	1	0.111111111	0.25	0.258064516	0	0.121212121	0.285714286	0.357142857	1	0	0	0	1	0.047619048	0.4	0	0.75	0.125	0	0	0.1875	0	0	0	0	0	0.166666667	0	0	0	0.119402985	0	0	0.073604061	0.75	0	0	0.19047619	0	0	1	1	0	1	0	0	0	0	0	0	0	0	1	0.666666667	0.004757374	0.25	0	0.555555556	0.52173913	0.944444444	0	0.1	0	1	0.4	0.428571429	0	0	0.083333333	0.833333333	0	0.775	0.025316456	0.428571429	0	0	0	0	0	0.142857143	1	1	0	0	0	0	0.866666667	0	0	0	0.111111111	0.333333333	0.454545455	0	0.083333333	0	0	0.2	0.384615385	1	0.4	0	0.192307692	0	1	0.5	0.647058824	0.085106383	0	0	0	0.222222222	0.6	0	0.4	0	1	0.285714286	0	0.204545455	1	0.2	0.5	0	0	0	0.235294118	1	0.222222222	0.4	0	0	0.428571429	0	0.4	0	0	0	0.4	0.428571429	0.06009245	0.09375	0.125	0	0	0.068965517	0	1	0	0	0.217391304	0.333333333	0.285714286	0.14754098399999999	1	0	0.185714286	0.75	0.142857143	0.0625	0	0.333333333	0.285714286	0.333333333	0.285714286	0.198198198	0.254901961	1	0	0.6	1	1	0	0.166666667	0.525423729	0.166666667	0.1	0.057142857	1	0	0.615384615	0.2	0	1	0.409090909	0	0	1	0	0.181578947	0.168918919	0.222222222	0.527777778	0.375	0	0.292682927	0.348837209	0	0.307692308	0.307692308	0.888888889	1	0.1	1	0.25	0	0.888888889	0	0	0.35	0.222222222	1	0.2	0	0	0	0	0	0.727272727	0.666666667	1	0	0	0.285714286	1	0	0.272727273	0	0.555555556	0	0	0.230769231	0.6	0.056603774	1	0	1	0.230769231	0.3125	0	0	1	0	0.916666667	0.916666667	0.8	0.1875	0.111111111	0.25	0	0	0	0.235294118	0.222222222	0.24	0.5	1	0	0	1	0	0	0	0.181818182	0.090909091	1	0.253731343	0.857142857	0.166666667	0.666666667
BIMD0144-01	LPS	0.24626235345141065	0.666666667	0.909090909	1	1	0	0.157894737	0.2	1	1	0.073359073	0.454545455	0.740740741	0.238095238	0.176470588	0.263157895	0.097560976	0.32	0.962962963	0.689655172	0.777777778	0.5	0.458333333	0	0.037558685	0	0	0	0.5	0	0	0	0.125	0.285714286	0	0	0	0	0	0	0	0	0	0.444444444	0	0.4	1	1	0	0.173913043	1	0.24	0.239130435	0.153846154	0.833333333	0.094339623	0.214285714	0.272727273	0	0	1	0.555555556	0	0.266666667	0.529411765	0.538461538	0	0.3	0	0.263157895	0	0	0	0	0	0	0	0.125	0.069767442	0	0.265306122	0	0	0.088888889	1	0	0	0.192307692	1	1	0.333333333	0	1	0	1	0	1	0	0	0	0	0	1	0.75	0.003875969	0	0	0	0.228571429	0.966101695	0	0	0	0	0	0	0	0	0.25	1	0	0	0	0.222222222	0	0	0	0	0	0.1875	1	1	0	0	0	0.857142857	0	0.6	0	0	0.055555556	0	0.5	0.233333333	0.230769231	0.2	0	0.238095238	0.111111111	0	0	0.875	0.3125	0	0	0	0.75	0.14893617	0.818181818	0.705882353	0.4	0.173913043	0	0	0	1	0.714285714	0.769230769	0	0.095238095	1	0	0.125	1	0	0	0	0	0	0	0	0	0	0	0	0	1	0	0.07195122	0.2	0.026548673	0.168539326	0	0	0	0	0	0	0.454545455	0.6	0.032258065	0	0	0.096774194	1	0	0.026315789	0.466666667	0	0.125	0.15625	0	0	0	0	0.136363636	0.23880597	0	0	0.222222222	0	0.7	0.5	0.126213592	0.581395349	0.28	0.263157895	0.113924051	0	0.666666667	0	0	0	0	0.208333333	0	0.166666667	0	0.75	0.235	0.037037037	0.176470588	0.125	0	0.02295082	0.537735849	0.616071429	0.260869565	0.6	0.6	0	0	0.75	0	0	0	0	0.055555556	1	0.555555556	0.375	0	0.176470588	0.055555556	0.060606061	0.074074074	0	0.875	1	0	1	0	0	0	1	0.285714286	0.333333333	0	0	0	0	0.433333333	0.8	0.170542636	0.961538462	0.4	1	0.054054054	0.722222222	0	0	0	0	0.833333333	0.888888889	0	0	0.142857143	0.111111111	0.571428571	0.375	0.375	0.268656716	0.276923077	0	0	0	0	0	1	0	0	0	0	0	0	0.235294118	1	0	0
BIMD0145-01	B	0.24407824337899686	0	0.9615384615	0	0	7.147963e-4	0.1538461538	0.1666666667	1	0.9830508475	0.0014306152	0	0.8064516129	0	0	0	0.1538461538	0	0	0	0.125	0	0	0	0.75	0	1	1	0	0	0	0	0	0	1	0	0.9230769231	0.7	0.8846153846	0.8571428571	0	0	0	0	0	0	0.9911504425	1	0.25	0	1	0	0.2461538462	0.2	0	0	0	0	1	0.9333333333	0	0	0	0	0.0023446659	0	0	0	0	0.2	0	0.3333333333	0	1	0.9090909091	1	0	0	0	1	0	1	1	0	0.9682539683	0	1	0	0	1	0	0	1	0	1	0.6666666667	1	1	0.4482758621	1	0.9130434783	1	0.9767080745	0	0.0024501225	0	0	0.0454545455	0	0.9781879195	0	0.8	0	1	1	1	0.2222222222	0.9452736318	0.625	0	0	0.7797101449	0	0.0859375	1	0.5882352941	0.9465648855	1	0.3333333333	0.4732142857	0	0	0	0	0	0	0	0	0	0	0.0463320463	6.08828e-4	0	0	0	0	0	1	0.875	0	1	1	0.2	0	0	0	0	0	0	0	0	0	0	0	0	0	0.9166666667	0	0.7692307692	0	1	0	0	0	0	0	0	0	0	0	0	1	1	1	1	1	0	0	0.0786951714	0.6666666667	0	0	0.3333333333	0	0	0	0	0	0	0	0.1447368421	0	0	0.2142857143	0	1	0.0337941628	0	0.3947368421	0	0	0	0	0	0	0	0	0	0	0	0	0.9090909091	0	0.0196078431	0.0769230769	0	0	0.0769230769	0	0.4	0.0285714286	0	0	0	0	0	0	0	0	0	0.0127388535	0	0	0	0	0	0	0	0.25	0.25	0	1	0	0.6666666667	0	0	0	0	0	0	0	0	0	0	0.2	0	0	0	1	0	0	0	0	0	0	0	0	0	0.1219512195	0.9791666667	1	0	0	0	0.970845481	0	0	0	0	0	0	1	0.9393939394	0.8571428571	0.8333333333	0	0	0	0	0	0	0	0.001150748	0.0011668611	0	0	0	0.2142857143	0	0.935483871	1	1	0.1111111111	0	0	1	0	0	0	0
BIMD0145-01	IFNg	0.22057557452351098	0	0	0	0	0.001196649	0	0	0	1	0	0.001536098	0.722222222	0	0	0	0.2	0	0	0	0.304347826	0	0	0	0.625	0	1	1	0	0	0	0	0	0	1	0	1	0.571428571	0.88	1	0	0.097087379	0.106796117	0	1	0	0.991735537	1	0.6	0	0	0	0.375	0	0	0	0	0	1	1	0	0	0	0.333333333	0	0	0	0	0	0	0	0.545454545	0	0.875	0.777777778	1	0	0	0	0	0	1	1	0	1	0	1	0	0	0.833333333	0	0	0.833333333	0	0	0	1	1	0.5	1	1	1	0.970055162	0.047619048	0.001179245	0	0	0	0	0.982227488	0	0.428571429	0	1	0.888888889	0.8	0	0.924050633	0.6	0	0	0.710997442	0	0	1	0.774193548	0.85971223	1	0.375	0.5	0	0	0	0	0	0	0.8	0	0	0	0.02972973	0.001556178	0	0	0	0	0	1	0.727272727	0	1	0	0.142857143	0.444444444	0	0.002472188	0	0	0	0	0	0	0	0	0	0	1	0	0	0	1	0	0	0	0	0	0	0	0	0	0	1	1	1	1	0	0	0	0.452155868	0.5	0	0	0	0	0	0	0	0	0	0	0.24	0	0	0	0	1	0.197932053	0	0.426470588	0	0	0	0	0.7	0	0	0.001416431	0	0	0	0	0.8	0	0.007042254	0.02247191	0	0	0	0	0	0.077586207	0	0	0	0	0	0	0	0	0	0.022727273	0	0	0	0	0	0	0	0.428571429	0.428571429	0.818181818	0	0	0	0	0	0	0	0	0	0	0	0	0	0	0	0	0.025641026	0	0	0	0	0	0	0	0	0	0	0.444444444	0.907692308	0.882352941	0.285714286	0	0	1	0	0	0	0.923076923	0.01	0	1	0.777777778	0.75	0.75	0	0	0	0	0	0	0	0.003384095	0.003418803	0	0	0	0.185185185	0	1	1	1	0	0	0	1	0.106382979	0	0	0
BIMD0145-01	LPS	0.17612982186206896	0.035714286	0.666666667	0	0	0	0.25	0	0	1	0	0	0.666666667	0.5	0	0	0.1	0	0	0	0.148148148	0	0	0	0.179487179	0	1	1	0	0	0	0	0	0.010989011	0	0	1	0	0.769230769	1	0	0	0	0	0	0	0.979820628	0	0.6	0.166666667	0	0.666666667	0.263157895	0	0	0.384615385	0	0	1	0.896551724	0	0	1	0.181818182	0	0	0	0	0	0	0	0.105263158	0	0.836734694	0.714285714	1	0.2	0	0	0	0.333333333	0.705882353	1	0	0.933333333	0	1	0	0	0	0	0	0	0	0	0.875	0.923076923	1	0.333333333	1	0.596153846	1	0.780368098	0.230769231	0.009285312	0	0	0	0	0	0.022222222	0.333333333	0	1	0	0	0	0.669085631	0.4	0	0	0.675675676	0.001594896	0	0	0	0	0.971014493	1	0.674796748	0	0	0	0	0	0	0	0	0	0	0.04842615	0.001978631	0	0	0	0	0	1	0	0	1	1	0	0	0	0.001156069	0	0	0	0	0	0	0	0	0	0	0.9	0	1	0	0	0	0	0	0	0	0.8	0	0	0	0	1	0.678571429	0.130434783	0.942857143	0.866666667	0	0	0	0.8	0.005415162	0	0.875	0	0	0	0	0	0	0.666666667	0.103448276	0	0	0	0	0	0	0	0.333333333	0	0	0	0	0	0	0.00170068	0	0	0	0	0	0.909090909	0	0	0.057692308	0	0.4	0	0	0	0	0	0	0	0.004842615	0.625	0	0	0	0.018867925	0.016260163	0.333333333	0	0	0	0	0	0.25	0	0	0.142857143	0.454545455	0	0	0.111111111	0	0	0	0	0	0	0	0	0	0	0	0	0	0	0	0	0	0	0	0	0	0	0	0	0.954545455	1	0.133333333	0	0	1	0	0	0	0	0	0	1	1	0.8	0.8	0	0	0	0	0	0	0	0.029347826	0.031521739	0	0	0	0	0	0	0	0	0	0	0	0	0.166666667	0	0	0
BIMD0149-01	B	0.21575414072413793	0	1	0	0	0.00135428	0.333333333	0	0	1	0	0	0.818181818	0	0	0	0	0	0	0	0.514285714	0	0	0	0.421052632	0	1	1	0	0	0	0	0	0	1	0.142857143	1	0.857142857	0.826086957	1	0	0	0	0	0	0	0	1	0	0	1	0	0.217391304	0	0	0	0	0	0.976744186	1	0	0	1	0.1	0	0	0	0.6	0	0	0	0.3	0	1	0.857142857	1	0	0	0	0	0.428571429	0.857142857	1	0.012195122	1	0	1	0	0	1	0	0	1	0	0	0	1	0.909090909	0.24137931	1	1	0	0.984687868	0	0.003964321	0.310810811	0	0	0	0.958435208	0	0.285714286	0.267281106	1	0.066666667	0.03125	0	0.92039801	0.333333333	0	0.777777778	0.857758621	0	0	0	0.689189189	0.963636364	1	0.909090909	0.373015873	0	0	0	0	0	0	0	0	0	0	0.058103976	0.001680202	0	0	0	0	0	0.9375	0.916666667	0	0.826086957	0.95	0	0	0	0.001457726	0	0	0	0	0	0	0.6	0	0	0	0.766666667	0	0.636363636	0	1	0	0	0	0	0	0	0	0	0	0	1	1	1	1	0.8	0	0	0.063834726	0	0	0.428571429	0.222222222	0	0	0	0	0	0	0	0.076923077	0	0	0	0	0.888888889	0.057894737	0	0.394366197	0	0	0	0	0	0	0	0.002234637	0	0	0	0	0.85	0	0.021276596	0.077922078	0	0	0	0	0	0.04	0	0	0	0	1	0	0	0	0.006535948	0.008830022	0	0	0	0	0	0	0	0.272727273	0.25	0	0	0	1	0	0	1	0	0	0	0	0	0	0	0	0	0	0	0	0	0	0	0	0	0	0.003623188	0	0	0.166666667	0.987012987	1	0	0	0	0.965686275	0	0	0	0	0.041237113	0	1	1	0.8	0	0	0	0	0	0	0	0	0	0	0	0	0	0.24137931	0	1	1	1	0.285714286	0	0	0	0.030534351	0	0	0
BIMD0149-01	LPS	0.17266110194263323	0	0.875	0	0	0	0	0	0	1	0	0	0.64	0	0	0	0	0	0	0	0	0	0	0	0.0804597701	0	1	1	0	0	0	0	0	0	0	0	1	0	0.875	0	0	0	0	0	0	0	0.9901960784	0	0	0	0	0	0.375	0	0	0	0	0	1	1	0	0	0	0	0	0	0	0	0	0	0	0.3333333333	0	1	1	1	0	0	0	1	0	0	1	0.0952380952	1	0	1	0	1	0	0	0	0	0	0	1	1	1	0.0666666667	1	1	1	0.9775280899	0	0.0016675931	0.3166666667	0	0	0	0	0	0	0.2709677419	1	0	0	0	0.9037433155	0	0	0	0.8888888889	0	0.4430379747	0	0.8421052632	0.8541666667	1	0.8888888889	0.375	0	0	0	0	0	0	0	0	0	0	0.0625	7.666752e-4	0	0	0	0	0	0.9090909091	0	0	1	1	0	0	0	0.0022371365	0	0	0	0	0	0.1428571429	0.3636363636	0	0	0	0.7222222222	0	0.4545454545	0	0	0.1666666667	0	0	0	0	0	0	0	0	0	0	0.7692307692	1	0.9545454545	0.8571428571	0	0	0.0624621716	0	0	0	0.5	0	0	0	0	0	0	0	0.0740740741	0	0	0	0	0.9230769231	0.0363240102	0	0.2	0	0	0	0	0	0	0	0	0	0	0	0	0.9333333333	0	0	0.0153846154	0	0	0	0	0	0.0819672131	0	0	0	0	0	0	0	0	0	0	0	0	0	0	0.5	0.5	0	0	0	0	0	0	0	0	0	0	0	0	0	0	0	0	0	0	0	0	0	0	0	0	0	0	0	0	0	0	0	0	0.9016393443	0	0.3	0	4.426737e-4	1	0	0	0	0	0.4761904762	0	1	1	1	1	0	0.2	0	0	0	0	0	0	0	0	0	0	0.5	0	0	0	1	0	0	0	0	0.375	1	0	0
BIMD0150-01	B	0.22628426018056427	0	0.9607843137	0	1	9.689922e-4	0	0.1666666667	1	1	0.0023510972	0	0.8	0	0	0	0.4090909091	0	0	0	0.2894736842	0	0	0	0.4545454545	0	0	0	0	0	0	0	0	0	1	0	1	0.9230769231	0.8043478261	1	0	0	0	0	0	0	0.9539170507	0.8333333333	0	0.125	0	1	0	0	0	0	0	0	0.9756097561	0.8888888889	0	0	0	0.2	0.002301496	0	0	0	0	0	0	0.1333333333	0	0.9375	0.8947368421	1	0	0	0	1	0.3	1	1	0	0.9638554217	0	1	0.1666666667	0	1	0	0	1	0	1	0	1	1	0.2631578947	1	1	1	0.9762532982	0.0216049383	0.8181818182	0	0	0	0	0.9569536424	0	0	0	1	0.8333333333	0.8333333333	0	0.9100529101	0	0	0.1666666667	0.4835164835	0	0.2428571429	1	0.6470588235	0	1	0	0.4406779661	0	0	0	0	0	0	0	0	0	0	0.0455764075	2.401537e-4	0	0	0	0	0	1	0	0	0.96	1	0.1666666667	0.6666666667	0	0.002728513	0	0	0	0	0	0	0	0	0	0	0.9310344828	0	1	0	1	0	0	0	0	0	0	0	0	0	0	1	0.8965517241	1	0.96	0.9375	0	0	0.0564875043	0	0	0	0	0	0	0	0	0	0	0	0.2278481013	0	0	0	0	0.8888888889	0.0492845787	0	0.8888888889	0	0	0	0	0	0	7.047216e-4	0.0016764459	0	0	0	0	0.9523809524	0	0	0.0238095238	0	0	0	0	0	0.0619469027	0	0	0	0	1	0	0	0	0.0272727273	0.0237467018	0	0	0	0	0	0	0.1666666667	0.0909090909	0.0909090909	0	0.8	0	0	0	0	0	0	0	0	0	0	0	0	0	0	0	0	0	0	0	0	0	0.0018214936	1	0	0.0012722646	0	0.1739130435	0.9555555556	1	0	0	0	0.95256917	0	0	0	0	0	0	1	0.9523809524	1	1	0	0.2	0	0.4	0	0	0	0	0	0	0	0	0	0	1	1	1	0.375	0	0	0	0.4736842105	0	0	0
BIMD0150-01	IFNg	0.22005607396269591	0	0.7543859649	0	0.8571428571	0	0.1428571429	0	0	1	0	0	0.8333333333	0	0	0	0.1875	0	0	0	0.6363636364	0	0	0	0.6666666667	0	0	0	0	0	0	0	0	0	1	0	1	0.8181818182	0.8823529412	1	0	0.0989010989	0.0972972973	0	0	0	0.966507177	0	0	0.2	0	0	0.2058823529	0	0	0.2	0	0	0.9666666667	0.9166666667	0	0	1	0.2105263158	0	0	0	0	0	0	0	0.1666666667	0	0.8684210526	1	1	0	0	0	0	0.2857142857	1	1	0	0.9529411765	0	1	0	0	1	0	0	1	0	1	0	1	1	0.5294117647	1	0.7948717949	1	0.9066959385	0.1444444444	0.8269230769	0.0208333333	0	0	0	0	0	0	0	1	1	1	0	0.7990115321	0	0	0	0.5197132616	3.731343e-4	0.1589537223	0.8571428571	0.6153846154	0	0.9636363636	0.1666666667	0.6	0	0	0	0	0	0	0	0	0	0	0.1144781145	0.0012413108	0	0	0	0	0	0.875	0.5	0	0.9459459459	0.96	0.1428571429	0.4	0	0.0013633265	0	0	0	0	0	0	0	0	0	0	1	0	1	0	0	0	0	0	0	0	0	0	0	0	0	1	1	0.8181818182	1	1	0	0	0.44222269	0	0.0038639876	0	0.9	0	0	0	0	0	0	0	0.1142857143	0	0	0.3333333333	0	1	0.17114093960000001	0	0.8393782383	0	0	0	0	0.8	0	0.0029922202	0.0011428571	0	0	0	0	0.8333333333	0	0	0.0520833333	0	0	0	0	0	0.0561797753	0	0	0	0	1	0	0	0	0	0	0.3333333333	0	0	0	0	0	0.1428571429	0	0	0	0	0	0	0.1666666667	0	0	0	0	0	0	0	0	0	0	0	0	0	1	0	0	0	0	0	1	0	0	0	0.2857142857	0.9634146341	1	0	0	0	0.9813084112	0	0	0	0	0.6666666667	0	1	0.935483871	0.7272727273	0.8	0	0	0	0	0	0	0	0.0165413534	0.0152207002	0	0	0	0	0	1	0	1	0.5714285714	0	0	0	0.4639175258	0	0	0
BIMD0150-01	LPS	0.17507082962382445	0	0.826086957	0	0	0	0	0	0	0.988439306	0	0	0.882352941	0.333333333	0	0	0.314285714	0	0	0	0.24137931	0	0	0	0.090909091	0	0	0	0	0	0	0	0	0	0	0	0	0.8	0.925925926	0	0	0	0	0	0	0	0.96882494	0	0	0	0	0	0	0	0	0	0	0	0.954545455	1	0	0	1	0.5	0.001160093	0	0	0	0	0	0	0	0	0.906976744	1	1	0	0	0	0	0.375	0.857142857	1	0	0.893203883	0	1	0	0	0	0	0	0	0	1	0	0.913043478	0.892857143	0	1	0.569620253	1	0.850455137	0.209169054	0.721311475	0	0	0	0	0	0	0.5	0	1	0	0	0	0.67047619	0.285714286	0	0	0.25	0	0.130136986	0	0	0.428571429	1	0	0.610687023	0	0	0	0	0	0	0	0	0	0	0.053763441	0	0	0	0	0	0	0.916666667	0	0	1	1	0	0	0	0	0	0	0	0	0	0	0.058823529	0	0	0	1	0	1	0	0	0	0	0	0	0	0.6	0	0	0	0	1	0.828571429	0.578947368	0.954545455	0.736842105	0	0	0.071421868	0.666666667	0	0	0.888888889	0	0	0	0	0	0	1	0.041666667	0	0	0.090909091	0	1	0.033314021	0	0.890547264	0	0	0	0	0	0	0	0	0	0	0	0	0.789473684	0	0	0.016393443	0	0	0	0	0	0.027777778	0	0	0	0.001451379	0.714285714	0	0	0	0.036144578	0.043010753	0	0	0	0	0	0	0	0	0	0	0	0	0	0	0	0	0	0	0	0	0	0	0	0	0	0	0	0	0	0	0	0	0	1	0	0.004494382	0	0	1	1	0.3	0	0	0.984790875	0	1	0	0	0	0	1	1	0.666666667	0.666666667	0	0	0	0	0	0	0	0.013225569	0.013363029	0	0	0	0	0	0	0.666666667	0.833333333	0.1	0	0	0	0.666666667	0	0	0
BIMD0159-01	B	0.18273361802507837	0.66666667	1	1	1	0.13513514	0.25	0	1	1	0.10074627	0	0	0	0	0.11111111	0.06451613	0.22222222	0	0.52173913	0.2	0	0.2	0	0	0	0	0	0	0	0	0	0	0.375	0	0	0	0	0	0	0	0	0	0	0	0.6	1	0	0	0.15384615	0	0	0.46666667	0	0.66666667	0.10416667	0	0	1	0	0	0	1	0	0.13043478	0.55555556	0	0	0	0.28	0.2	0.66666667	1	1	0	0	0.16129032	0	0	0	0.20689655	0	0	0.06666667	0.91666667	0	1	0.13333333	0	1	0	0	1	0	0	1	0	0	1	0	0	0	0.55555556	0.58823529	0	0	0.6	0.29411765	0.11111111	0.9375	0	0.11111111	0	1	0	0	0.5	0	0	1	0	0	0.66666667	0	0	1	0	0	0	0	0	0	0	0	0	0	0	0	0	0	0.06896552	0.41176471	0.85714286	0	1	0	0	0	0	0	0	1	0	0	0	0	0.53333333	0.42857143	0	0	0	0.11111111	0	0	0	0.1	0	0.19354839	0	0.06818182	0	0	0	0	0	0	0	0	0	0	0	1	0	0	0	0	0	0	0.07659574	0.14285714	0.04282116	0.11267606	0.08695652	0.4	0	1	0	0	0	0	0.08333333	0	0	0.04	1	0	0	0.14285714	0.15789474	0	0	0	0	0	0.33333333	0.10810811	0.24	0	0.09302326	0.33333333	0	1	0	0.08108108	0.34883721	0	0.46153846	0.109375	0	0	0	0	1	0	0	0	0.3	0	0	0.3254717	0.25233645	0.16666667	0	0	0	0.609375	0.6	0.15	0.13333333	0.13333333	0	0	0.0952381	0	0.16666667	0	0	0	0	0	0.36363636	0	0.1	0	0.4	0.4	0	0	0	0	0	0	0	0.13114754	1	0.2	0.28571429	0	0.875	0	0	0	0	0.04109589	0.96666667	0	1	0	0.40909091	1	0	0	0	0.76923077	0.83333333	0	0.17647059	0	0.09090909	0	0	0	0.04166667	0.04	0.71428571	0	0	0.05882353	0	1	0	0	0.4	0.25	0.125	0	0	0	0	0
BIMD0159-01	IFNg	0.2413942293354232	0.705882353	0.933333333	0.75	1	0.347826087	0.157894737	0.136363636	1	1	0.08203125	0.37037037	0.727272727	0.928571429	0.222222222	0.166666667	0.148148148	0	1	0.625	0.461538462	0	0	0	0.666666667	0	0	0	0	0	0.333333333	0	0.2	0	1	0	0	0	0	0	0.444444444	0.264150943	0.252336449	0.416666667	0	0.166666667	1	0	0.224358974	0.066666667	0	0.0625	0.166666667	0.423076923	0	0.116666667	0.285714286	0.333333333	0	0	0	0	1	0	0.275862069	0.875	0	0.394736842	0	0.210526316	0.307692308	0	0.857142857	0	0	0	0.125	0	0.178571429	0	0.125	0	0	0.081673307	1	0	1	0.115384615	0	1	1	1	1	0	0	0.666666667	0	0	0	0	0	0	0.923076923	0.59375	0.006241331	0.714285714	0.772727273	0	0.022222222	0.951219512	0	0.166666667	0	1	0.133333333	0.03125	0	0	0.1	0.933333333	0.727272727	0	0.945945946	0.3	0	0.918918919	0	0	0.571428571	0	1	1	0	0	1	0.333333333	0	0.571428571	0.4	0	0.115384615	0.4	0.777777778	0.3	0	0	0	0.15	0.555555556	0	0	0.882352941	0	0	0	0.375	0.733333333	0	0	0	0.4	0.2	0	1	0	0.375	0	0.201680672	0	0	0	0	0	0	0	0	0	0	0.222222222	0	0	0	0	0	0	0	0	0	0.693121693	0.045454545	0.049657534	0.210526316	0	0.2	0	0.5	0	0	0	0	0.238095238	0.555555556	0.1	0.037037037	1	0	0.38028169	0.777777778	0.038461538	0	0.454545455	0.8	0	0.923076923	0.166666667	0.193877551	0.204301075	0	0.1	0.25	0	0	0	0.123809524	0.325	0.111111111	0.153846154	0	0	0	0.56	0	1	0	0.133333333	0	0	0.857142857	0	0.216517857	0.208333333	0.235294118	0.511627907	0	0	0.369747899	0.429906542	0.24	0.066666667	0.066666667	0	0	0	0	0.058823529	1	0	0	1	0.75	0	0	0	0	0	0	0	0	0.625	0	0	0.2	0	0.153846154	1	0	1	0	0	0	0	0	0	0.076923077	1	0	1	0.071428571	0.23255814	1	0	0	0	0.777777778	0.913043478	0	0.142857143	0.3	0	0	0	0	0.045454545	0.043478261	0.269230769	0	0	0.076923077	0	1	0	0	0.625	0.5	0.1	0	0.060606061	0	0.25	0
BIMD0159-01	LPS	0.19640372087147334	0.916666667	1	0	1	0.333333333	0.081081081	0.083333333	1	0	0.087912088	0.055555556	0.5625	0.833333333	0.2	0.1875	0	0	1	0.6	0.631578947	0	0.538461538	0	0.166666667	0	0	0	0	0	0	0	0	0	0	0.666666667	0	0	0	0	0	0	0	1	1	0	1	0	0	0.0625	0	0	0	0.277777778	0	0.121212121	0.6	0.6	0	0	0.6	0.307692308	0	0	0.071428571	0	0	0.25	0	0.153846154	0.071428571	0	0	0	0	0	0.214285714	0	0.307692308	0	0	0	0	0	1	0	1	0.071428571	0	1	0.8	0.8	1	0	0	0	0	0	0	0	0	0	1	0.545454545	0.001912046	0.714285714	0.454545455	0.111111111	0	0.870967742	0	0	0.229166667	0	0	0	0	0	0	1	0	0	1	0	0	0	0	0	0	0	0	0	0	0	1	0	0	0	0	0	0.097560976	0.270833333	0.8	0.523809524	0	0	0	0.333333333	0	0	0	0	0	0	0	0.142857143	0	0.175	0	0.117647059	0.222222222	0.25	0	0	0	0.24	0.4	0.315789474	0	0.121212121	0	0.25	0	1	0	0	0	0	0	0	0	0	0	0	0	0	1	0	0.089983022	0.105263158	0.058103976	0.160714286	0.039215686	0	1	0	0	0	0.666666667	0.833333333	0.15625	0	0	0.111111111	0	0	0.042704626	0.777777778	0	0.12	0.2	0.333333333	0.2	0.333333333	0.2	0.090909091	0.277108434	0	0.05	0	0	0	0.352941176	0.058823529	0.378378378	0.31147541	0.363636364	0.054054054	0	0	0.2	0	1	0	0.155172414	0	0	0.571428571	1	0.217105263	0.555555556	0.117647059	0.15	0	0	0.581081081	0.581081081	0	0.071428571	0.071428571	0	0	0	0	0.2	1	0	0.083333333	0	0.25	0	0	0.476190476	0.083333333	0.083333333	0.083333333	0	0	0	0	1	0	0	0.214285714	1	0.2	0	0	0	0	0	0.2	0	0.169117647	1	0	1	0.15	0.315789474	1	0	0	0	0.818181818	0.666666667	0	0	0.0625	0.2	1	1	1	0.176470588	0.1875	0.043478261	0	0	0	0	0	0	0	0.5	0	0.4	0	0	0.010638298	0	0
BIMD0161-01	B	0.21163568918495299	0	0.9347826087	0	0	7.286859e-4	0	0	0	1	0.0015026296	0	0.8461538462	0	0	0	0.3214285714	0	0	0	0.4583333333	0	0	0	0.5	0	1	1	0	0	0	0	0	0	0	0	0.95	0.8125	0.9677419355	0.9411764706	0	0	0	0	0	0	0.9583333333	0	0	0	0	0	0	0	0	0.125	0	0	1	1	0	0	1	0.1333333333	0	0	0	0	0	0	0	0.6	0	0.9459459459	1	1	0	0	0	0.8888888889	0.1818181818	0.9230769231	1	0	1	0	1	0	0	0.8333333333	0	0	0.8333333333	0	0	0.4545454545	0.8888888889	1	0.4	1	0.9545454545	1	0.9776247849	0.2708333333	0.006779661	0.6953642384	0.7872340426	0	0.6666666667	0.9589552239	0	0	0.4071146245	1	0.75	1	0	0.8846153846	0	0	0	0.8170731707	0.0010928962	0	0	0.3636363636	0.9326923077	0.95	1	0.4761904762	0	0	0	0	0	0	0	0	0	0	0.0945558739	7.260407e-4	0	0	0	0	0	0.9545454545	0.5714285714	0	1	1	0.2592592593	0.6666666667	0	0	0	0	0	0	0	0	0	0	0	0	0.9444444444	0	0.6363636364	0	0.6666666667	0.4	0	0	0	0	0	0	0	0	0	0	0.8260869565	1	0.8928571429	0.8181818182	0	0	0.0575946896	0	0.002617801	0	0	0	0	0	0	0	0	0	0.1315789474	0	0	0.1428571429	0	1	0.0408163265	0	0.3975903614	0	0	0	0	0	0	0.0012406948	0	0	0	0	0	0.9444444444	0	0.023255814	0.052173913	0	0	0	0	0	0	0	0	0	0	1	0	0	0	0.02	0.0244565217	0	0	0	0	0	0	0	0.4	0.4	0	0	0	0	0	0	0	0	0	0.25	0	0	0	0	0	0	0	0	0	0	0	0	0	0.0033057851	0	0	0	0	0.2631578947	0.9292929293	1	0	0	0	0.9688311688	0	0	0	0	0.2746478873	0	1	1	1	1	0	0	0	0	0	0	0	0	0.0022753129	0	0	0	0.0869565217	0	1	0	0	0	0	0	0	0.5616438356	0	0	0
BIMD0161-01	IFNg	0.20281211313761754	0	0.9756097561	0	0	3.732736e-4	0	0	0	0.984	0.0072595281	0	0.8571428571	0	0	0	0.5	0	0	0	0.7857142857	0	0	0	0	0	1	0.935483871	0	0	0	0	0	0	0	0	1	0.4666666667	0.7857142857	1	0	0.0588235294	0.0588235294	0	0	0	0.9633507853	0	0	0	0	0	0.125	0	0	0	0	0	1	0.9230769231	0	0	0	0	0	0	0	0	0	0	0	0.5555555556	0	0.9130434783	0.9333333333	1	0	0	0	0	0	0.8947368421	1	0	1	0	1	0	0	1	0	0	1	0	1	0.8571428571	1	1	0.6666666667	1	1	1	0.9229452055	0	0.0070249385	0.6327868852	0	0	0	0.9673913043	0	0.6	0.4291845494	0.995	0.8888888889	0.8888888889	0	0.7949438202	0.5454545455	0	0	0.70995671	0	0.4201388889	0	0.6153846154	0.9154228856	0.9743589744	0.8888888889	0.4050632911	0	0	0	0	0	0	0	0	0	0	0.0811808118	4.823927e-4	0.0017630465	0	0	0	0	0.95	1	0	0.9473684211	1	0	0	0	0	0	0	0	0	0	0	0	0	0	0	1	0	0	0	0	0	0	0	0	0	0	0	0	0	0	0	0.75	0.8571428571	0.9130434783	1	0	0	0.3461945032	0	0	0	1	0	0	0	0	0	0	0	0.1282051282	0	0	0	0	0.8	0.2100456621	0	0.3287671233	0	0	0	0	0.5	0	0.0014044944	0	0	0	0	0	1	0	0	0.0512820513	0	0	0	0	0	0.0096153846	0	0	0	0	0	0	0	0	0	0.0033557047	0	0	0	0	0	0	0.4	0	0	0	0	1	0	0	0	0	0	0	0	0	0	0	0	0	0	0	0	0	0	0	0	0	0	0	0	0.0024390244	0	0	0.9358974359	1	0	0	0	0.987394958	0	1	0	0	0.2405063291	0	1	1	0.75	1	0	0	0	0	0	0	0	0.0068681319	0.0069348128	0	0	0	0.1379310345	0	0	0	0	0	0	0	0	0.5	0	0	0
BIMD0161-01	LPS	0.19025384766677117	0	0.96	0	0	0	0	0.0625	0	1	0	0	0.7916666667	0.25	0	0	0.2941176471	0	0	0	0.8666666667	0	0	0	0.0380952381	0	1	1	0	0	0	0	0	0	0	0	1	1	0.6363636364	0	0	0.2727272727	0.2727272727	0	0	0	0.9507692308	0	0	0	0	0	0	0	0	0.2857142857	0	0	0.925	0.8823529412	0	0	0	0.0833333333	0	0	0	0	0	0	0	0.2222222222	0	0.8518518519	1	0.9473684211	0	0	0	1	0	0	0.9	0.0526315789	1	0	1	0	0	1	0	0	1	0	1	0.8571428571	1	1	0.4285714286	1	0.8333333333	1	0.8242677824	0.4528301887	0.012119227	0.6126126126	0	0	0	0	0	0.5	0	1	0	0.4	0	0.6729678639	0	0	0	0.6923076923	8.312552e-4	0.2237136465	0	0	0.8474025974	0.9841269841	0.8235294118	0.619047619	0	0	0	0	0	0	0	0	0	0	0.0431654676	5.433306e-4	0	0	0	0	0	0.8888888889	0	0	0.92	1	0	0	0	0	0	0	0	0	0	0.4	0	0	0	0	1	0	1	0	0	0.1111111111	0	0	0	0	0	0	0	0	0	0	0.696969697	0.5862068966	0.9111111111	0.7777777778	0	0	0.174152154	0.5555555556	0	0	0.8	0	0	0	0	0	0	1	0.1290322581	0	0	0	0	0	0.0774570698	0	0.2702702703	0	0	0	0	0.8	0	0	0	0	0	0	0	0.8695652174	0	0.0576923077	0.05	0	0.1666666667	0	0	0	0	0	0	0	0.0073529412	0	0	0	0	0.0070422535	0.019047619	0.1666666667	0	0	0.1818181818	0	0	0	0	0	0	0	0	0	0	0	0	0	0	0	0	0	0	0	0	0	0	0	0	0	0	0	0	0	0	0	0	0	0	0.9523809524	1	0.2307692308	0	0	0.9919354839	0	1	0	0	0.6956521739	0	1	0.9310344828	0.875	1	0	0	0	0	0	0	0	0.009502924	0.0102414045	0	0	0	0.2	0	0	0	0	0.25	0	0	0	0.5454545455	0	0	0
BIMD0173-01	B	0.22934167739811911	1	1	1	0.96721311	0.34210526	0.18309859	0.30434783	1	1	0.07024793	0.25	0.71428571	1	0.18181818	0.21052632	0	0.13333333	1	0.66666667	0.375	0	0.22222222	0	0.63157895	0	0	0	0	1	0	0	0	0	1	0	0	0	0	0	0	0	0	0	0	0.27272727	1	1	0.375	0.25490196	1	0	0.47368421	0.22857143	0.44444444	0.04347826	0	0	0	0	0	0	1	0.2	0.22222222	0	0	0	0	0.16666667	0.1	0.4	0	0	0	0	0	0.2	0.2	0	0.17391304	0	0	0.10679612	1	1	0	0.07142857	0	1	0	0	1	1	0	0	0	0	0	0	0	0	0.94117647	0	0.02366864	0	0.55555556	0	0.5952381	1	0	0	0	1	0.33333333	0.22222222	0	0	0	0.72727273	0.25	0	0	0	0	1	0	0	0	0.0625	0	0	0	0	0	0	1	0.72727273	0	0	0.07692308	0.35	0.57142857	0	0.375	0	0	0.42857143	0	0.66666667	0	0.97674419	0.08695652	0	0	0	0.69230769	0.03703704	0	0	0	0.18181818	0.57894737	0	0	0	1	0.19298246	0	0.18421053	1	0	0.3	1	0	0	0	1	0	0	0	0	0	0	0	0	0	0	0.06882591	0	0.0437018	0.14492754	0	0	0	0	1	0	0	0	0	0	0	0.17391304	0	0	0.04166667	0	0	0.1	0.33333333	0	0	0	0	0.1	0.37179487	1	0	0.25	0.71428571	0	0	0.15714286	0.54411765	0	0.17647059	0.06382979	1	0.4	0.26666667	0.14285714	0	1	0.25	0	0	0	0	0.25270758	0.232	0.16666667	0	0.625	0	0.43137255	0.41071429	0.26923077	0.13888889	0.08333333	0.33333333	0.89473684	0	1	0.22222222	1	1	0.06666667	0.75	0	0.71428571	0.6	0.25	0.07142857	0.07692308	0.07142857	0	0	0	0.71428571	0	0	0	0.09375	1	0.45454545	0.5	0	0	0	0	0	0	0	0.96363636	0	1	0	0.46153846	0	0	1	0	0.625	0.64	0	0.07142857	0.375	0.18181818	0	0	0	0.08333333	0.08333333	0.07692308	0	0	0.33333333	0	0.98181818	0	0	0	0.125	0.06666667	0	0	0	0	0
BIMD0173-01	IFNg	0.2586350345141066	0.333333333	0.96875	1	1	0.642857143	0.208333333	0.277777778	1	1	0.09478022	0.368421053	0.5625	1	0.3	0.133333333	0	0	0	0.555555556	0	0	0	0.166666667	0.8	0	0	0	0	1	0	0	0	0	0	0.533333333	0	0	0	0	0.666666667	0.14084507	0.154929577	0.368421053	0	0.1875	1	1	0.656862745	0.117647059	1	0.0625	0	0.227272727	0	0.085714286	0	0	0	0	0.2	0	1	0.176470588	0.24	0.266666667	0.121212121	0	1	0.277777778	0.166666667	0	0	0	0	0	0.047619048	0	0.125	0	0.214285714	0.8	0	0.083783784	0.857142857	0	0	0.153846154	0	1	1	1	1	0	0	0	0	0	0	0	0	0.6	0.963414634	0	0.005972696	0	0	0	0.541666667	0.968609865	0	0.428571429	0	1	0.2	0.076923077	0	0.785714286	0	1	0.8	0	0	0.157894737	0	0.862068966	0	0	0.375	0	0	0	0	0	0	0.153846154	0.705882353	0.25	0	0	0.064516129	0.333333333	0.823529412	0.111111111	0.909090909	0	0	0.2	0.5	0.6	0	0.851851852	0	0	1	0.2	0.523809524	0.142857143	0	0	0.181818182	0.162162162	0	0	0.2	0.166666667	1	0	0	0.086956522	1	0	0.571428571	0	0	0	0	1	0.1	0.6	0	0	0	0	0	0	0	0	0.71686747	0.083333333	0.119626168	0.142857143	0.2	0.5	0	0	0	0	0	0	0.157894737	0	0.75	0	0	0	0.528571429	0	0.035714286	0.047619048	0	0	0	1	0.111111111	0.193548387	0.333333333	1	0.086956522	0.166666667	0	0	0	0.086956522	0.666666667	0.2	0	0.196428571	0.833333333	0.571428571	0.428571429	0	0	1	0	0	0	0	0	0.1875	0.172839506	0.4	0.633333333	0	0	0.28125	0.382352941	0.105263158	0.115384615	0.115384615	1	1	0.25	1	0.111111111	1	1	0	0	0	0	1	0	0	0	0	1	0.833333333	0	0	0	0.066666667	1	0	0	0	0.2	0	0.6	0	0	0	0	0.166666667	0.963636364	0	1	0.235294118	0.2	0	0	0	0	0.8125	0.705882353	0	0.083333333	0	0.272727273	0	0	0	0.571428571	0.571428571	0.2	0	0.7	0.363636364	0	1	0	0	0.363636364	0.166666667	0.166666667	1	0	0	0.8	1
BIMD0173-01	LPS	0.2115032165830721	1	0	1	0.9047619	0	0.18604651	0.13636364	1	1	0.1208577	0.6	0.69230769	0.9	0.6	0.10526316	0	0	1	0.47058824	0.41666667	0.2	0.3	0.13333333	0.11111111	0	0	0	0	0	0	0	0	0.38461538	0	0.66666667	0	0	0	0	0	0	0	0	1	0	1	0	0.83333333	0.24	0	0.03125	0.625	0.18518519	0.8	0.11904762	0	0	0	0	0.69230769	0.26666667	0	0	0.09090909	0.46666667	0.66666667	0	0	0.14285714	0.05	0.28571429	0	0	0	0	0.09090909	0	0	0	0	0	0	0	1	0	0	0.04761905	0.85714286	1	0.42857143	0.5	1	0	0	0	0	0	0	0	0	0	0.88888889	0	0.01712329	0	0.5	0.6	0.27272727	0.97101449	0	0	0	0	0	0	0	0.6	0	1	0	0	0	0	0	0	0	0	0	0.16666667	0	0	0	0	1	0	0	0.14285714	0	0	0.01666667	0.3	1	0.28571429	0	0	0	0	0.83333333	0	0	1	0	0	0	0	1	0	0	0	0	0.2384106	0	0	0	0.17073171	0.66666667	0	0	0.10526316	1	0	0	1	1	1	0.54545455	0	0	0	0	0	0	0	0	0	0	0	0.15592516	0.26086957	0	0.19230769	0	0	0	0	0	0	0	0.4	0.05882353	0	0.75	0.06666667	0	0	0.03655352	0.7	0.16666667	0.17647059	0	0	0.25	0	0.18181818	0.25	0.17021277	0	0.26666667	0.125	0	0	0	0.10714286	0.58490566	0.17460317	0.30769231	0	0	0	0	0	0	0	0.16666667	0	0.4	0	0	0.12376238	0	0.15	0.18181818	0	1	0.42465753	0.49275362	0.11764706	0.38888889	0.33333333	0	1	0	0	0.10526316	1	0	0.06666667	0	0	0.14285714	0	0.22222222	0.06666667	0.09677419	0.17857143	0	0.88235294	0	0	0	0.09090909	0	0.19047619	1	0.85714286	0.55555556	0	0	0	0	0.11764706	0.77777778	0.14615385	0.91836735	0.7	1	0.13333333	0.4	0	0	0	0	1	1	0	0	0.2	0.18181818	1	0.77777778	0.4	0.15517241	0.15517241	0.07142857	0	0	0	0	1	0	0	0	0.28571429	0.42857143	0	0	0	0.33333333	0
BIMD0183-01	B	0.20431050141065832	1	0	1	1	0.22222222	0	0.27777778	1	0	0.10749186	0.2	0.75	0.9	0	0.23076923	0	0	0	0.28571429	0.09090909	0	0.36363636	0.33333333	1	0	1	0	0	0	0	0	0	0.6	0	0	0	0	0	0	0	0	0	0	0	0.42857143	0	0	0.61538462	0.22580645	0	0.17391304	0.16666667	0.19047619	0	0.11428571	0	0	0	0	0	0	1	0.28571429	0.27272727	0.5	0	0.375	0	0.1875	0.1	0	0	0	0	0	0.16666667	0	0	0	0.2	0	0	0.05294118	1	0	1	0	0	1	0	0	1	1	0	1	0	0	0	0	0	0	0.83333333	0.66666667	0	0	0	0	0	1	0	0	0	1	0	0	0.47619048	0	0.4	1	0	0.86956522	0.33333333	0	0	0	0	0	0	0.16666667	1	1	0	0.36363636	0	0	0	0.09090909	0.4	0	0.01449275	0.33333333	0	0	0.63636364	1	1	0	0	0	0	1	0.27777778	0	0	0.14285714	0	0	0	0	0	0	0.84615385	0	1	0	1	0.27777778	0	0.05555556	1	0	0	0	0	0	0.83333333	0	0.42857143	0	0	0	0	0	0	0	0	0	0.04330709	0.08333333	0.11956522	0.15254237	0	0	0	1	0	0	0	0	0.03571429	0	0.6	0.10909091	0	0	0	0	0.89189189	0	0.37931034	0.33333333	0	0	0	0.14285714	0.17391304	0	0	0	0	0	0.4	0.16949153	0.60465116	0.14285714	0.28571429	0.06122449	0	0.75	0.28571429	0	0	0	0.13636364	0	0.4	0.2	0	0.1572327	0.15822785	0.14285714	0.16666667	0	0.03030303	0.41071429	0.4137931	0.26666667	0.05	0.05084746	0	0	0.11111111	0	0	1	0	0.34782609	0	0.16666667	0	0	0.54545455	0.34782609	0.33333333	0	0	0	0	0	1	0	1	0.12	1	0.45454545	0.85714286	0	0.16666667	0	0	0	0	0.07792208	0.96666667	0	1	0.07692308	0.29032258	1	0	0	0	1	1	0	0.16666667	0	0	0	0	0	0	0	0	0.2	0	0.09090909	0	1	0	0	0	0.14285714	0.5	0	0	0	0	0
BIMD0183-01	IFNg	0.19280270194357366	0.9	0	0	1	0	0.25714286	0	1	0	0.18181818	0	0.71428571	1	0.22222222	0.26666667	0	0.16666667	1	0.40909091	0.07142857	0.57142857	0.47368421	0.47619048	0	0	0	0	0.57142857	0	0.6	0	0	0	1	0	0	0	0	0	0.92307692	0.14035088	0.13559322	0	0	0	0	0	0.59848485	0.24324324	0	0	0.22727273	0.33333333	0.77777778	0.03225806	0.22222222	0.28571429	0	0	0	0	0	0	0.28571429	0	0	0	0	0.375	0.04545455	0	0	0	0	0	0.2173913	0.23529412	0.14285714	0	0.21428571	0	0	0.16613419	0	0	0	0.11111111	0	1	0.8	0.84615385	1	0	0	0	0	0	0	0	0	0	0	0.55555556	0	0	0	0.4	0	1	0	0.1	0	1	1	1	0	0	0	0.8	0	0.8125	0.41666667	0	0	0	0	0	0	0	0	0	0.55172414	0	0	0	0	0	0	0.85714286	0	0.21428571	0	0	0.33333333	0	0	0.11764706	1	0	0	0.94444444	0.24444444	0.25	1	0	0	0.12903226	0	0.01923077	0	0	0	0	1	0	0	0.58333333	0	0.07692308	0	0	0.4	0	0	0	0	0	0.54545455	0	0	0	0	0	0	0	0	0	0.46938776	0	0.37179487	0	0	1	0	1	0	0	0	0	0	0	0.36363636	0.14583333	1	0	0.64285714	0	0.17948718	0.2173913	0.41176471	0	0.33333333	0	0.15789474	0.10344828	0.63636364	0	0.35	0	0	0	0	0.18032787	0.45614035000000003	0.37037037	0	0.3	0	0.28571429	1	0.2	0	0	0	0	0	0	0	0.30769231	0.20895522	0	0	0	0	0.38028169	0.4	0.25	0.26470588	0.26470588	0	0	0	0	0.22222222	1	0	0.18181818	1	0.53846154	0	0	0	0.1	0.2	0.25	0	0	0	0	1	0.3	0	0	1	0	0	0	0	0	0	0	1	0.33333333	1	0	1	0.08571429	0.41573034	0	0	0	0	0.82608696	0.7826087	0	0	0	0	0	0.44444444	0.44444444	0	0	0.15	0	0	0.38461538	0	0	0	0	0	0	0	0	0	1	0	0
BIMD0183-01	LPS	0.18329471764890282	0.4	0	0	0.95238095	0	0.2195122	0.2	1	0	0.15625	0	0.5	0.71428571	0	0.46666667	0	0.22222222	1	0.48717949	0.22727273	0.3	0.32	0.24	0.2	0	0	0	0.42857143	0	0	0.6	0	0	0	0	0	0	0	0	0.71428571	0	0	0.72727273	0	0	0	0	0.56	0.15	0	0	0.35294118	0.11764706	0	0	0	0	0	0	0	0.22222222	0	0	0	0.71428571	0	0	0	0	0.05263158	0.4	0	0	0	0	0.19230769	0.06666667	0.04545455	0	0.27083333	0	0	0.2	0	1	0	0.19230769	1	0.8	0.4	0.4	0.8	0	0	0	0	0	0	0	0	0	0	0	0	0	0	1	0	0	0	0.05	0	0	0	0	0.4	0	0.08333333	0	0	0	1	0	0	0	0	0	0	0	0	0	0.5	0	0	0.14285714	0	0	0	0.9375	0.2	0	0	0	0.75	0.07142857	0.07142857	0	0	0	0	0	0	0	0	0	0	0.35714286	0	0	0	0	0	0	0.6	1	0	0.54545455	0	0	0	0	0	0.85714286	1	0.88888889	0	0	0.22222222	0	0	1	0	0	0	0	0	1	0.03314917	0.125	0.44017094	0.09090909	0	0	1	0	0	0	0.77777778	0	0	0	0.83333333	0.17307692	1	0	0	0	0.27777778	0.25806452	0.15384615	0	1	0	0	0	0	0	0.2	0	0	0	0	0.21153846	0.46666667	0.21518987	0.4	0	0	0	0	0	0	0	0.23529412	0	0	0.66666667	1	0.31055901	0.14285714	0.375	0	0	0.01792115	0.52307692	0.60714286	0.07142857	0.45454545	0.5	0	0	0	0	0.25	0	0	0.11111111	0	0	0.2	0	0.625	0	0.125	0.17647059	0	0	0	0	0.75	0.3	0	0	1	1	0	0	0	0	0	0	0.625	0.13636364	1	0	1	0.125	0.66666667	0	0	0	0	0.94117647	1	0	0.125	0	0.28571429	0.75	0.75	0.75	0.10714286	0.10714286	0.32142857	0	0	0	0	0	0	0.2	0.71428571	0	0.07692308	0	0	1	0	0
NYUMD0065-01	B	0.2679674365517241	1	0.88888889	1	1	0.33333333	0.15686275	0.14285714	1	1	0.09158879	0	0	0.85714286	0	0.14285714	0.17647059	0	0	1	0.4	0	0.16666667	0	0.33333333	0.38461538	0	0	0	0.66666667	0	0	0	0.57142857	1	0.6	0	0	0	0	0	0	0	0	0	0.24242424	1	1	0.625	0.13888889	1	0	0.28571429	0.12903226	0	0.09090909	0.14285714	0.14285714	1	0	0	0	1	0	0.27272727	0	0	0	0	0	0	0	0	0	0	0	0.125	0	1	0	0.20930233	1	0	0.07	0.9	1	1	0.07142857	0	1	0	0	1	1	1	0	0	0	0	0	0.66666667	0	0.63636364	0.9375	0	0	1	0.33333333	0.39215686	0	0	0	0	1	0	0	0.31578947	0	0	1	0	0.95454545	0.23076923	0	0	0	0	0	0	0	0	0	0	0.77777778	1	0	0	0.72727273	1	0	0.13793103	0.34285714	0.11111111	0.5	0.6	0	0	0	0	0	0.75	0.98148148	0.24324324	0	0	0.625	0.47368421	0.33333333	0.66666667	0.5	0	0	0	0	0	0	1	0.25490196	0	0.03846154	1	0	1	0	0	0	0	1	0	0	0	0	0	1	0.2	0	0	0	0.03289474	0	0.06153846	0	0	0	0	0	0	0	0	0	0.14285714	0.4	0	0.14634146	0	0	0.03726708	0	0.18181818	0.2	0	0	0	0	0	0.10144928	0.22666667	1	0	0	0	0	0	0.05882353	0.42857143	0	0.125	0.15384615	1	0	0.8	0	0	1	0.2	0	0	0	0	0.21301775	0.30337079	0.16666667	0	0.27272727	0	0.36363636	0.36363636	0.23529412	0.14285714	0.16666667	0	1	0.34782609	1	0.05882353	1	1	0.13333333	0.83333333	0.52941176	0	0.875	0.5	0.13333333	0.125	0.125	1	0.625	0	0	1	0	0	0.11538462	0	0	0.5	0.88888889	0	0	0	0	0	0.01960784	0.98	0	0.96428571	0.25	1	1	1	0	0	0.8125	0.47058824	0.66666667	0.14285714	0.4	0.16666667	0	0	0	0.23076923	0.23076923	0.05555556	0.63636364	0.66666667	0	0	1	0	0	0.58333333	0.7	0.1	1	0	0	0	0
NYUMD0065-01	IFNg	0.215608928338558	0.8	0.76	1	0.97297297	0.27777778	0.26086957	0.28571429	0	1	0.11523179	0	0	0	0	0.3	0	0	0	0	0	0	0	0	0	0	0	0	0	1	0	0	0	0.44444444	1	0	0	0	0	0	0	0.07317073	0.07142857	0.2	0	0.21052632	1	1	0	0.31578947	1	1	0.375	0.20689655	0	0.16129032	0	0	0	0	0	0.4	1	0	0	0	0	0	1	0.35714286	0	0	0	0	0	0	0	0	0	0	0	0	0	0.02970297	0.92857143	0	0	0.27777778	0	0	0.28571429	0	0	1	1	0	1	0	0	0	0	0	0.96551724	0.7	0.83333333	1	0	0	0.83870968	0.41666667	0	0.5	1	1	0	0.66666667	0	0	0	0	0	0	0.78378378	0	0	0	0	0	1	0	1	1	0	0	1	0	1	0	0	0	0.3	0.5	0.2	0.35294118	0	0	0	0	0	0.8	1	0	0	0	0	0.4	0	0	0	0	0	0	0	0	0	0	0.8	0.32258065	0.6	0.2	1	0	0.66666667	0	0	0	0	1	0	0	0	0	0	0	0	0	0	0	0.45	0.16666667	0.14888889	0.14285714	0	0	0	0	0	0	0	0	0.1	0.3	0	0.24324324	0	0	0.27040816	0	0.05882353	0	0	0	0	0	0	0.24637681	0.12	0	0.42857143	0	0.5	0	0	0	0.22222222	0	0	0	1	0	0	0	0	1	0	0	0	0	0	0.21596244	0	0.25	0.48837209	0	0	0	0	0.42857143	0	0	0.86666667	1	0	0.9047619	0.1875	1	1	0.09090909	0	0.32142857	0	1	0	0.09090909	0.125	0.2	0.90909091	1	0	0	0	0.2	0	0.125	0	0.4	0	0.83333333	0	0	0	0	0	0.16666667	0.97727273	0	1	0	0	0	0	1	0	0.83333333	0.83333333	1	0.14285714	0	0	0	0	0	0	0.08333333	0	0	0	0	0	1	0	0	0	0.375	0.375	1	0	0	0	0
NYUMD0065-01	LPS	0.1886419453260188	0.428571429	1	1	0.936170213	0.111111111	0.3	0.181818182	0	0	0.119745223	0.222222222	0.2	0.461538462	0	0.5	0.285714286	0	0	1	0	0	0	0	0.176470588	0	0	0	0	1	0	0	0	0	0	0	0	0	0.166666667	0	0	0	0	0	0	0.5	1	1	0	0.129032258	1	0	0	0.238095238	0	0.162162162	0	0	0	0	0	0.111111111	0	0	0.142857143	0	0	0	0	0.166666667	0	0	0	0	0	0	0.333333333	0.333333333	0.136363636	0	0.214285714	0	0	0.081632653	1	0	1	0	0.833333333	0	0	0	0	0	1	0	0	0	0	0	0	0	0.866666667	0.68	0.5	1	1	0.090909091	0.419354839	0	0.137931034	0	1	0	0	0	0	0	0	1	0	0.6	0.476190476	0.428571429	0	0	0	0	0	0.083333333	0	0	0	0	1	0	0	0.6	0	0	0.043478261	0.074074074	0.2	0	0	0	0	0	0	0	0	0	0.4	0	0	0.333333333	0.5	0.117647059	0	0	0.666666667	0.266666667	0.25	0	0	0	1	0.125	0.714285714	0.222222222	1	0	0.5	0	0	0	0.428571429	0	0.2	0.6	0	0	1	0	0.714285714	0	0	0	0.272900763	0.266666667	0.126649077	0	0	0	0	0	0	0	0	0.714285714	0.08	0	0	0.315789474	0	0	0.12543554	0.625	0	0	0	0	0	0.6	0	0	0.166666667	1	0.222222222	0.2	0	0	0.2	0.044444444	0.1	0.3	0.333333333	0.034482759	1	0	0	0	0	0	0.1875	0	0.2	0	0	0.200787402	0.2	0	0.3125	0	0.007462687	0.619047619	0.6	0	0.2	0.2	0	1	0	0	0.076923077	1	0	0	0	0.307692308	0	0	0.2	0	0	0	0	1	0	0	1	0.142857143	0	0.083333333	0	0.333333333	0	0	0	0	0	0	0	0.082352941	1	1	0.984848485	0	0.285714286	1	0	0	0	0.636363636	0.875	0	0.125	0.2	0	0	0	0	0.051282051	0.054054054	0	0	0	0	0	1	0	0	0.571428571	0	0	0	0	1	0	0
NYUMD0117-01	B	0.2457387565893417	0.857142857	0.666666667	0	1	0.282051282	0.2	0	1	1	0.09557945	0.5	0.571428571	0.777777778	0	0	0	0.166666667	1	0.714285714	0.444444444	0	0.444444444	0.333333333	0.727272727	0	0	0	0	0.5	0	0	0	0.9	0	0.666666667	0.666666667	0	0	0	0	0	0	0.2	0	0	1	1	0.666666667	0.2	1	0	0	0	0	0.115384615	0.333333333	0	1	0	0	0	1	0.333333333	0.153846154	0	0	0.454545455	0	0.176470588	0	1	0	0	0	0	0	0.428571429	0.666666667	0	0.176470588	0	0	0.117241379	1	0	0	0.217391304	1	0.8	0	0	0.888888889	0	1	1	0	0	0	0	0	0	1	0	0	0	1	0.555555556	0.678571429	0	0.3	0	0	0	0	0	0	0	0	0	0	0	0	0.014925373	0	0	0	0	0	0.181818182	0	0	0.4	0	1	0	0	0	0	0	0.051282051	0.411764706	0.571428571	1	0.6	0	0	0.166666667	1	0	0	0	0.170731707	0	1	0.333333333	0.722222222	0.166666667	0.533333333	0.461538462	0.444444444	0	0	0	0	0	0	0.391304348	0	0.454545455	0.714285714	0	0.6	0	0	0	0.615384615	0	0	0	0	0	0	0	0	0	0	0	0.058282209	0.8	0.055201699	0.184210526	0	0	1	0	0	0	0	0	0	0.6	0	0.149253731	0	0	0.019417476	0	0.05	0.333333333	0.428571429	0.666666667	0	0	0.142857143	0.102272727	0.348837209	0	0.055555556	0	0	0	0	0.152542373	0.608695652	0.3	0.294117647	0.15942029	1	0.285714286	0.333333333	0	0	1	0.076923077	0	0	0.4	1	0.37109375	0.23255814	0.2	0.111111111	0	0.007518797	0.642857143	0.65625	0.133333333	0.2	0.2	0	1	0.076923077	1	0.214285714	1	0	0.166666667	1	0	0	0.2	0	0.166666667	0.166666667	0.260869565	0	0	0	0	0	0.214285714	0	0.324324324	0	0.9	0	0	0.7	0	0	0.4	0.2	0.063829787	1	0	1	0.068965517	0.3125	1	1	0	0	0.818181818	0.944444444	0	0.066666667	0.2	0.166666667	0	0	0	0	0.076923077	0.142857143	0	0.5	0	0	1	0	0.833333333	0.642857143	0.142857143	0.076923077	1	0	1	0	0
NYUMD0117-01	IFNg	0.24869063757053292	0.75	0.666666667	0	1	0	0	0.384615385	1	1	0.172147002	0.6	0.571428571	0.833333333	0.285714286	0.476190476	0.054545455	0	0.967741935	0.4375	0.269230769	0.714285714	0.142857143	0.285714286	0.5	0	0	0	0.625	0	0.777777778	0.25	0.375	0.315789474	0	0	0	0	0	0	0	0.12987013	0.153846154	0	0	0	1	0.909090909	0.627118644	0.22	0.888888889	0	0.293478261	0.2	0	0.184210526	0	0	0	0	0	0	0	0	0.095238095	0	0	0.652173913	0	0	0	0	0	0	0	0	0.2	0.583333333	0.448275862	0	0.245283019	0	0	0.134228188	0	1	0	0.037037037	1	0.75	1	1	0.8	0	0	0	0	0	0	0	0	0	1	0	0	0	0	0.413793103	0.074074074	0	0.536585366	0.088235294	0	0	0.9	0.823529412	0	0	0.09375	1	0	0	0	0	0.003496503	0.473684211	0	0	0	0	0	0	1	0	1	0.555555556	0	0	0	0	0.111111111	0.25	0.2	1	0.875	0	0	0.15	0.7	0	0	0.952380952	0.178294574	0.666666667	1	0.166666667	0	0.212121212	0.655172414	0.64	0.1	0.117647059	0	0	0	1	0	0.566666667	0	0.333333333	1	0.666666667	0	1	1	1	0	0	0	0	1	1	0	0	0	0	0	0	0.370786517	0	0.360062893	0	0.304347826	0	1	0	1	0	0	0	0.2	0.416666667	0	0.202898551	0.777777778	0.5	0.035714286	0.8	0.018181818	0.416666667	0.25	0.8	0	0.333333333	0.052631579	0.033333333	0.615384615	0	0.274509804	0.047619048	0	0	0	0.162337662	0.517241379	0.43902439	0.230769231	0.15625	0	0	0.8	0	0	0	0	0	0.2	0	1	0.311688312	0.405063291	0.173913043	0.714285714	0	0.014388489	0.545454545	0.56	0.210526316	0.275862069	0.3	0	1	0.285714286	0	0.227272727	1	0	0.047619048	1	0	0	0	0	0.045454545	0.045454545	0	0	0	1	0.333333333	0	0.363636364	0	0.333333333	0	0	0	0	0.166666667	0	0	0	0	0.583333333	1	0.7	0	0.05	0.448275862	0	0	0	0	0.757575758	0.705882353	0.333333333	0	0	0.166666667	0	0	0	0	0	0	0	0	0.218181818	0	1	0	0	0	0.045454545	0.136363636	0	0	1	0	0
NYUMD0117-01	LPS	0.16024218729467085	0.833333333	0	1	0.923076923	0.2	0.095238095	0.25	1	0	0.089418778	0.333333333	1	0.571428571	0	0.333333333	0.277777778	0	1	0.857142857	0.8	0	0.4	0	0.080645161	0	0	0	0	0.285714286	0	0	0	0.529411765	0	0	0	0	0	0	0	0.571428571	0.571428571	0.260869565	0	0	1	0	0.75	0.111111111	0	0.083333333	0.368421053	0.24	0	0.075	0	0	0	0	0	0.5	0	0.375	0.090909091	0.25	0	0.529411765	0	0	0	0.4	0	0	0	0	0.05	0.1	0	0	0.227272727	0	0	0.125	0.714285714	0	0	0.230769231	0	0	0	0	0	0	0.75	1	0	0	0	0	0	0	0.866666667	0	0	0	0	0.461538462	0.4	0.952380952	0.2	0	0	0	0	0	0	0	0	1	0	0	0	0.007874016	0	0	0	0	0	0.384615385	0	0	0.25	0	0	0	0	0	0	0	0.115384615	0.222222222	0.571428571	0	0	0	0	0.6	0	0	0	1	0.333333333	0	0	0.3	0	0.083333333	0	0	0	0.1	0	0	0	0	0	0.285714286	0	0.0625	0	0	0	1	1	1	0	0	0	0	0	0	0	0	0	0	0	0	0.246575342	0.347826087	0	0	0	0	0	0	0	0	0	0	0.045454545	0	0	0.181818182	1	0	0.122977346	1	0.142857143	0.285714286	0.266666667	0.428571429	0	0	0	0.333333333	0.235955056	0	0	0.0625	0	0	0	0.083333333	0.405405405	0.333333333	0	0.022727273	0	0	0	0	0	0	0.272727273	0	0.5	0	0	0.252747253	0.285714286	0.307692308	0.210526316	0	0.045454545	0.321428571	0.451612903	0	0	0	0	0	0	0	0.25	0	0	0.074074074	1	0	0	0	0.4	0.083333333	0.08	0.130434783	0	1	0	0	0	0	0	0.2	0	0.285714286	0.333333333	0	0	0	0	0.2	0	0	1	1	0.981132075	0.090909091	0.153846154	1	0	0	0	0.714285714	0.769230769	0	0.375	0	0	0	0	0	0.176470588	0.2	0	0	0	0.25	0	0	0	0	0.545454545	0	0	0	0	0	0.2	0
NYUMD0121-01	B	0.2739672460815047	0.83333333	0.83333333	1	1	0.14285714	0.14285714	0.17391304	1	1	0.09565217	0.55555556	0.66666667	1	0	0.25	0.10526316	0	0.85714286	0.5	0.27777778	0.16666667	0	0	1	0.18181818	1	1	0	0.8	0	0	0	0.5	0	0.66666667	0.2	0.16666667	0	0	0	0	0	0	0	0	1	1	0	0.15555556	1	0.28571429	0.30769231	0.22727273	0	0.12	0	0	0	0	0	0	1	0.25	0.05714286	0.45454545	0	0	1	0.30769231	1	0	0	0	0.33333333	0	0.19230769	0	0.33333333	0	0.14583333	0	0	0.04761905	1	0	0	0.1	0	1	0	0	1	1	0	0	0	0	0	0	0	0	0.96153846	0	0	0	0	0	0.76923077	0	0	0.05882353	0	0	0	0	0.66666667	0	0.05	1	0	0	0	0	0	0	0	0	0	0.08695652	1	1	1	0	0	0	0.77777778	0.5625	0	0	0.04347826	0.25	0.66666667	0	1	0	0	0	0.8	0.71428571	1	0	0.17777778	1	0	0	0	0.3	0	0	0	0	0.66666667	0	0	0	0.8	0.33333333	0	0.13157895	1	0	0.90909091	0	0	0	0.4	1	0	0	0	0	0	0	0	0	0	0	0.03514377	0	0	0.08888889	0	0	0	0	0	0	0	0	0.26923077	0.33333333	0.5	0.14925373	1	0	0.03571429	0	0	0.17647059	0.31578947	0	0	0	0.4	0.1011236	0.26923077	1	0	0.21428571	0	0	0	0.08888889	0.55882353	0.04	0.23529412	0	1	1	0.42857143	0	0	0.9375	0.0625	0	0	0	0	0.21254355	0.27891156	0.16666667	0.07142857	0	0	0	0.30769231	0.2173913	0.23076923	0.23076923	0	1	0	0.94285714	0	1	1	0.23076923	0.63636364	0	0.23076923	0.7	0.08333333	0.23076923	0.23076923	0.23076923	0.875	0	0.66666667	0.84615385	0	0.13333333	0	0.24242424	1	0	0.36363636	0.71428571	0.4	0	0	0.8	0.6	0.04494382	1	0	1	0.23076923	0.25	1	1	0	0	0.85	0.89473684	1	0.25	0.13888889	0.33333333	0	0	0	0.15789474	0.15789474	0.23529412	0	0.64705882	0.14285714	1	1	0	0	0.75	0	0.15384615	1	0.13333333	0.6	0	0.75
NYUMD0121-01	IFNg	0.27639226461755484	0.764705882	1	1	1	0.166666667	0.112676056	0.142857143	1	1	0.185098952	0	0.785714286	0.777777778	0.130434783	0.25	0	0.166666667	0.972972973	0.633333333	0.666666667	0.307692308	0	0.057142857	0.2	0.047619048	0	0	0.25	0.875	0	0.2	0.3	0	0	0	0	0	0.666666667	0	0.4	0.100840336	0.110169492	0.3125	1	0	0	1	0.205645161	0.20754717	1	0	0.352112676	0.121212121	1	0.063829787	0	0	0	0	0	0	0	0.125	0.166666667	0	0	0.931818182	0	0.388888889	0	0	0	0	0	0	0.181818182	0	0.037037037	0	0.071428571	0	0	0.194285714	0	1	0	0.238095238	0.6	1	0.833333333	0.842105263	1	0.9	0	0	0	0	0	0	0	0	1	0	0	0	0	0.222222222	0.514285714	0	0.157894737	0.4	0	1	0.862068966	0.791666667	0.8	0	0	0	0	0	0	0.555555556	0.003671971	0.142857143	1	0	0	0	0	0	1	0	1	0.285714286	0	0	0	1	0.25	0.131578947	0.2	0	0.84	0.222222222	0.3	0.266666667	0.657142857	0	0	0.868852459	0.260162602	0.333333333	0	0	0.666666667	0.052631579	0.666666667	0.590909091	0.333333333	0.153846154	0	0	0	0	0	0.305555556	0	0	0.416666667	0	0	1	0	0	0.727272727	1	0.28125	0	0.857142857	1	0	0	0	0	0	1	0.338028169	0	0.378947368	0.147826087	0.464285714	0	0	0	1	0	0.666666667	0	0.133333333	0.6	0.6	0.226666667	1	0	0.277777778	0	0	0.3	0.153846154	0	0.111111111	0	0.4	0.081967213	0.171428571	0	0.303030303	0.3125	0	0	0	0.133891213	0.485294118	0.542857143	0.368421053	0.277777778	0.75	0.692307692	0.636363636	0.368421053	0	1	0	0	0	0	0	0.31	0.336065574	0.25	0.25	0	0	0.213114754	0.25	0.153846154	0	0	0	1	0.076923077	1	0.176470588	1	1	0.111111111	0.8	0.214285714	0	0	0	0	0.125	0.111111111	0	0	1	0	0	0.294117647	1	0	1	0.666666667	0.461538462	0	0	0	0	0	0.428571429	0.111111111	1	0.571428571	1	0.181818182	0.344537815	1	0	0	0	0.789473684	0.882352941	0	0.166666667	0.037037037	0.090909091	0	0.055555556	0.052631579	0	0	0	0	0.857142857	0.137254902	0	1	0.333333333	0.222222222	0.555555556	0	0.466666667	1	0	0	0	0
NYUMD0121-01	LPS	0.18900169084639498	0.83333333	0	0	0.93548387	0	0.11627907	0.28571429	0	0	0.17468354	0	0.85714286	0.5	0.1	0.26666667	0	0	1	0.54385965	0.26470588	0.47058824	0.65625	0.04651163	0.04347826	0	0	0	0.47058824	0	0	0.23076923	0.33333333	0.42857143	0	0	0	0	0	0	0	0	0	0	1	0	0	0	0.10714286	0.2826087	0	0.2	0.31481481	0.26315789	0	0.12244898	0.66666667	0.66666667	0	0	1	0.6875	0	0	0	0.75	0	0.52173913	0	0	1	0	0	0	0	0	0.14814815	0.02941176	0.41025641	0	0.23076923	0	0	0.15625	0	0	0	0.19047619	0	1	0	0	1	1	0	0	0	0	0	0	0	0	0	0	0	0	0	0.58333333	0.125	0	0.09090909	0	0	0	0	0	0.66666667	0	0	0	0	0	0	0	0.01754386	0	0	0	0	0	0	0	0.73333333	0	0	0.07142857	0	0	0	1	0.2	0	0	0	1	0.31707317	0.33333333	0	0	0	0	0.9047619	0.14285714	0	0	0	0	0.13461538	0.67948718	0.65671642	0.375	0.19402985	0	0	0	1	0	0.875	0	0.4	0	0	0	1	1	1	0.85714286	0	0.16129032	0	0	0	0	0	0	0	1	1	0.18796992	0.03225806	0.47663551	0.125	0	1	0	0	0	0	0.88888889	0	0	0	0.71428571	0.14925373	0	0	0.03636364	0	0	0.17777778	0.17391304	0	0.72727273	0	0.18181818	0	0	0	0.12820513	0.5	0	0	0.6	0.08333333	0.39622642	0.33035714	0.33333333	0.25	0	0	0	0	0	0	0.14285714	0	0	1	1	0.28981723	0.28	0.18181818	0	0	0.02554745	0.50549451	0.59393939	0.11764706	0.33333333	0.33333333	0	0	0	0	0.1	0	0	0	0	0	0.5	0	0.68965517	0	0	0	0	0	0	0	0	0.23529412	0	0	1	0	0	0	0	0	0	0.33333333	0.61428571	0.7	0	0.33333333	0	0.25	0.36363636	0	0	0	0	0.88235294	0.9375	0	0	0.125	0.5	0.5	0.57142857	0.57142857	0.10714286	0.1	0.17857143	0	0	0	0	0	0	0	0.47058824	0	0.08333333	0	0.125	0.56410256	0.33333333	0
NYUMD0123-01	B	0.23113966447962384	0	0	0.882352941	1	0.295454545	0.130434783	0	1	1	0.145695364	0	0.75	0.857142857	0	0.461538462	0.285714286	0	0	0	0.666666667	0	0	0.333333333	0	0.272727273	0	0	0	0	0.2	0	0	0.4	0	0	1	0.833333333	0	0	0	0	0	0.333333333	0	0.352941176	1	1	0.185185185	0.236842105	1	0	0	0.315789474	0	0.107142857	0	0	0	0	0	0	1	0	0	0	0	0	0	0.222222222	0	0	0.857142857	0	0	0	0.125	0	0	0	0.3	0	0	0.091743119	0.833333333	0	1	0	0	1	0	0	1	1	0	0	0	0	1	0	0	0	1	0	0.002386635	0	0	0.285714286	0.642857143	0.6875	0.043478261	0	1	0	0	0	0.266666667	1	0	1	0	0	0	0	0	0	0	0	0.6	0.3	0	0	0	0	0	0	0	0	0	0	0.095238095	0.384615385	0.3	0.272727273	0.333333333	0	0	0	0	1	0	0.983050847	0.28	0	0	0	0.5	0.3125	0	0	0	0	0	0	0	0	1	0.178571429	1	0	1	0	0.8	0	0	0	0.222222222	1	0	0.25	0	0	0	0	0.181818182	0	0	0	0.094036697	0	0.070921986	0.25	0	0	0	0.5	0	0	0	0	0.192307692	0	0	0.117647059	0	0	0	0	0.2	0	0	0.285714286	0	0	0	0.142857143	0.485714286	1	0	0	1	0	0	0.064516129	0.333333333	0	0.230769231	0	1	0	0	0	1	1	0.222222222	1	0.142857143	0.2	0	0.241935484	0.206185567	0.3	0	0	0	0.666666667	0.545454545	0.294117647	0	0	0	1	0.1	1	0	1	0.909090909	0.5	0	0	0	0.833333333	0.4	0.5	0.4	0.5	1	0	1	0.666666667	0	0	0	0	0	0.375	0.071428571	0.666666667	0.6	0	0.333333333	0.153846154	0	0.083333333	0.964705882	0	1	0	0	0.833333333	1	0	0	0.692307692	0.692307692	0	0	0.2	0	0	0	0	0.054054054	0.054054054	0	0.75	0	0.285714286	0	1	0	0	0.538461538	0.090909091	0.1	1	0.2	0	0	0
NYUMD0123-01	IFNg	0.252766615968652	1	0	1	1	0.222222222	0.113207547	0.210526316	1	1	0.117971334	0	0.142857143	0.8	0	0.214285714	0	0	0	0	0	0	0	0	0	0.8	0	0	0	0.846153846	0	0	0	0.266666667	0	0	1	0	0.6	1	0	0.394736842	0.383561644	0.333333333	0	0.375	1	1	0	0.111111111	1	0.714285714	0	0.323529412	0	0.105263158	0	0	0	0	0	0	1	0	0.133333333	0	0	0	0.8	0.047619048	0	0	0	0	0	0	0.125	0	0	0.6	0.120689655	0	0	0.127403846	1	1	0	0.066666667	0	0	0	0	0	1	0	0	0	0	1	0	0	0	0.970149254	0	0.004530744	1	0	0	0.914285714	0.933333333	0	0	1	0.952380952	0.272727273	0	0.333333333	1	0.571428571	0	0.625	0	0	0.1	0	0	0	0	1	0	0	0	0	0	0	0	0.909090909	1	0	0	0.461538462	0.35483871	0.2	0.461538462	0	0	0	0	0	0	0.8	0	0.714285714	0	0	0.318181818	0.25	0	0	0	0.8	0	0	1	0	0	1	0.401408451	0	0.4	1	0	0.866666667	0	0	0	0	1	0	0	0	0	0	0	0	0	0	0	0.714285714	0	0.143403442	0	0	0	0	0.4	0	0	0	0	0.0625	0.777777778	0	0.142857143	1	0	0.360655738	0	0.25	0	0	0	0	0	0	0.240506329	0.156862745	0.571428571	0	0	0	0	0	0.021978022	0.857142857	0	0	0	0.928571429	0	0	0	0	1	0	0.666666667	0.090909091	0	0	0.236607143	0.300884956	0.25	0.4	0.538461538	0	0.666666667	1	0.133333333	0.111111111	0.111111111	1	1	0	1	0.214285714	1	1	0	0	0.6875	0	0.75	0	0	0	0	0	0	0	0.714285714	0	0	0	0.259259259	1	0.6	0	1	0	0	0	0	0	0.083333333	0.964912281	0.571428571	0	0	0	0	1	0	1	0	0	1	0.333333333	0.066666667	0	0	0	0	0.125	0.128205128	0	1	1	0	1	1	0	0	0.5	0.333333333	0.6	1	0	0	0	0.857142857
NYUMD0123-01	LPS	0.18512747362068965	0.444444444	0	1	0.9	0.178571429	0.2	0.133333333	0	1	0.095100865	0.041666667	0	0.625	0	0.333333333	0	0	0	1	0	0	0	0	0.333333333	0	0	0	0	0	0.125	0	0	0	0	0.666666667	0	0	0	0	0	0	0	0.222222222	0	0	1	1	0	0.297297297	1	0.833333333	0	0.214285714	0	0.108108108	0	0	0	0	0	0	0	0	0	0	0	0	0	0	0	0	0	0	0	0	0.090909091	0	0	1	0.12	0	0	0.114285714	1	1	0	0.142857143	0	1	0	0	1	0	0	0	0	0	0	0	0	0	0.945454545	0.06122449	0.003778338	1	0	0	0.4375	0	0.375	0	0.875	0	0	0	0	0.88	0	1	0	0	0	0	0	0	0	0	0	0.4	0	0	0	0	1	0	0	0	0	0	0.222222222	0.323529412	0	0	0	0	0	0	0	0	1	1	0.214285714	0	0	0.636363636	0.571428571	0.111111111	0	0	0	0	0	0	0	0	1	0	1	0.1	1	0	0	0	0	0	0.5	0	0	0	0	0	0	0	0.666666667	0	0	0	0.187702265	0	0.137330754	0	0	0	0	0.428571429	0	0	0	0	0.111111111	0	0	0.105263158	0	0	0.118120805	0	0	0	0.090909091	0	0	0	0	0.241935484	0.217948718	0	0	0	0.2	0	0	0.084745763	0.2	0	0.333333333	0.161290323	0	0	0	0	1	0	0.181818182	1	0	0.6	0	0.33744856	0.233766234	0.066666667	0.259259259	0.5	0.285714286	0.153846154	0.181818182	0	0.6	0.6	0	1	0.222222222	0.75	0	0.428571429	0	0.666666667	0.857142857	0	0	0	0	0.666666667	0.666666667	0.5	1	0.777777778	0	0	0	0.2	0	0.185185185	0	0.4	0	0	0	0	0	0.166666667	0	0.123076923	0.96875	1	0	0	0	0	0	1	0	0.857142857	1	0	0.4	0.181818182	0.428571429	0	0	0	0.166666667	0.174603175	0	0.2	0	0.555555556	0	1	0	0	0.35	0	0	1	0	0	0	0
NYUMD0125-01	B	0.25463225538244516	0.5	0.923076923	1	0.987179487	0.222222222	0.182795699	0.2	1	1	0.135193133	0.111111111	0.833333333	0.714285714	0.142857143	0.321428571	0	0	0	1	0.166666667	0	0	0.4	0	0	0	0	0	0.9	0.076923077	0	0	0	0	0.571428571	1	0.666666667	0	0	0	0	0	0.285714286	0	0.538461538	1	1	0.634920635	0.179487179	1	0	0	0	0	0.147058824	0.133333333	0.133333333	0	0	0	0	1	0.3	0	0	0	0	0.8	0	0.125	0	0	0	0	0	0.153846154	0	0.2	1	0.179487179	0	0	0.11814346	1	1	1	0.125	1	0	0	0	0	1	1	1	0	0	0	0	0	0	1	0.666666667	0.004672897	0	0	0	0.851851852	0	0	0	0	1	0	0	0	0	0	0	0	0.787878788	0.268292683	0	0	0	0	0	0	0.285714286	1	1	0.315789474	0	0	0	0	0	0	0	0.071428571	0.216216216	0.7	0	0	0	0	0.166666667	0	0	1	0	0	0	0	0.692307692	0.733333333	0.111111111	0	0	0	0	0.571428571	0	0.222222222	0	1	0.322222222	0.714285714	0	0.866666667	0	0.5	0	0	0	0.153846154	1	0	0.555555556	0	1	0.333333333	0	0	0.333333333	0	0	0.121468927	0.6	0.078994614	0	0	0	0	0	0	0	1	0	0.142857143	0	0	0.171052632	0	0	0.047619048	0.833333333	0.581395349	0	0.272727273	0	0.363636364	0	0	0.095238095	0.462962963	0	0.055555556	0	0.5	0	0	0.150943396	0.533333333	0.5	0.625	0.026315789	1	0.6	0	0.285714286	0	1	0.071428571	0	0.214285714	0	0	0.275	0.285714286	0.054054054	0.185185185	0.666666667	0	0.304347826	0.391304348	0.21875	0	0	0	1	0.071428571	1	0.117647059	1	1	0.5	0	0	0	1	0	0.5	0.666666667	0.666666667	1	0	0.6	0.666666667	0	0.04	0	0.159090909	0	0.555555556	0.222222222	0.166666667	0.625	0	0	0.4	0	0.109589041	1	0	0.991150442	0	0	0	0	0	0	0.714285714	0.625	0	0.208333333	0	0.294117647	0	0	0	0.093023256	0.093023256	0	0.375	0.75	0.375	0	0.954545455	0	0	0.55	0.238095238	0.058823529	1	0.571428571	0	0	0
NYUMD0125-01	IFNg	0.2811587112664577	0.6	1	1	1	0.266666667	0.12	0.2	1	1	0.122289679	0	0.642857143	0.6	0	0.5	0.5	0	0	0.666666667	0.5	0	0	0	0.8	0	0	0	0	0	0	0	0	0.375	0	0	1	0	0	0	0	0.173913043	0.180555556	0.125	0	0.34375	1	1	0.541666667	0.206349206	1	0.5	0	0.184210526	0	0.090909091	0	0	1	0	0	0.2	1	0.5625	0.5	0	0	0	0	0.192307692	0.2	0	0	0	0	1	0.157894737	0	0	1	0.205882353	0	0	0.101522843	1	1	1	0.222222222	1	0.923076923	0	0	0.923076923	0	0	1	0	1	0	0	0	0	0.92	0.627118644	0.003494467	0	1	0.3	0.375	0.860465116	0.24	0.3125	0	1	0	0	0	0	0.333333333	1	0	0.613445378	0.29	0.529411765	0	0	0	0	1	0.125	0	0	0.333333333	0	0	0	0.647058824	0	0	0	0.296296296	0.282608696	0.6875	0	0	0	0	0	0	0.8	0.857142857	0	0	0	1	0.454545455	0.708333333	0	0	0	1	0	0	1	0	0	1	0.368421053	0	0.111111111	0.933333333	0	1	0	0	0	0	1	0	1	0	1	0.166666667	0	0	0	0	0	0.578635015	0	0.133802817	0.2	0.785714286	0	0	0	0	0	0	0	0.2	0	0	0.224489796	1	0	0.266211604	0.3	0.688311688	0	0.263157895	0	0	0	0	0.125984252	0.211111111	1	0	0.076923077	0.6	0	0	0.125	0.227272727	0	0.25	0.045454545	0	0	0.666666667	0	0	0	0.166666667	1	0	0	0	0.338235294	0.330434783	0	0.739130435	0.857142857	0	0.6	0.636363636	0.28	0	0	0	1	0	1	0.1875	0.857142857	1	0.555555556	0	0	0	0.714285714	0	0.555555556	0.5	0.555555556	0	1	1	0	0	0	0	0.136363636	0	1	0.583333333	0	0	0	0.25	0.5	0	0.083333333	0.958333333	1	1	0	0	0	0	1	1	0.4	0.714285714	0	0.0625	0.307692308	0.083333333	0	0	0	0.054794521	0.056338028	0	0	0	0	0	1	0.333333333	0.222222222	0	0.142857143	0.166666667	1	0.1875	0	0	0
NYUMD0125-01	LPS	0.1827977135893417	0.545454545	0	1	1	0	0.19047619	0.090909091	1	0	0.144827586	0.142857143	0.8	0.533333333	0	0.25	0	0.333333333	0	0.533333333	0.222222222	0	0.4	0.4	0.133333333	0	0	0	0	0	0	0	0	0.357142857	0	0	0	0	0	0	0	0.48	0.52173913	0	0	0	1	0	0	0.166666667	0	0	0	0.181818182	0	0.137931034	0	0	1	0	0	0	0	0.210526316	0.214285714	1	0.142857143	0	0	0	0	0	0	1	0	0	0.125	0.230769231	0	0	0.12195122	0	0	0.056074766	1	0	0	0.083333333	1	1	0.4	0	1	0	0	1	0	1	0	0	0	0	0.727272727	0.655172414	0.009157509	0	0.25	0.789473684	0.222222222	0.951219512	0.052631579	0	0	0	0	0	0	0	0	0	0	0.818181818	0	0.454545455	0	0	0	0	0	0.444444444	0	0	0.666666667	0	0	0	0	0	0	0	0.147058824	0.430769231	0	0	0	0	0	0	0	0	0.666666667	0	0.466666667	0	0	0.666666667	0.2	0.125	0	0	0	0.130434783	0	0	0	0	1	0.348837209	1	0.227272727	0	0	0	0	0	0	0.461538462	0	0	0	0	0	0	0	0	0	0	0	0.407335907	0.555555556	0.100719424	0.1	0	0	1	0	0	0	1	0.666666667	0.105263158	0	0	0.166666667	0	0	0.216954023	0.666666667	0.85	0	0.166666667	0.857142857	0	1	0	0.129032258	0.208333333	0	0.428571429	0	0	1	0	0.071428571	0.176470588	0.217391304	0.222222222	0	0	0	0	0	0	0	0.111111111	0	0.166666667	0	0	0.222222222	0.25	0	0.35483871	0	0	0.066666667	0.0625	0.333333333	0	0	0	0	0.285714286	0	0	0	0	0.166666667	0	0.529411765	0	0	0.166666667	0.176470588	0.2	0.238095238	0	1	0	0	0	0	0	0.166666667	0	0.285714286	0.666666667	0	0	0	0	0.111111111	0	0	1	0	1	0.285714286	0	0.875	0	0	0	1	0.9375	0	0.25	0.428571429	0	0	0	0	0.104166667	0.1	0.5	0	0	0	0	0	1	1	0.5625	0	0	0	0	0	0.333333333	0
