ESid	ESid2	Editing_Index	Gene	Location	Mutation	REDIportal_info	rmsk	known_a_i	rep_type	Function
chr1:109063715:T:C	chr1:109063715:A:G	A:G	TAF13	downstream	unknown	T;C;-;A||R;ALU;-;SINE/AluSz6;downstream;TAF13;-;-;downstream;TAF13;-;-;downstream;TAF13;-;-;-;1738;30;55	Name=AluSz6	TRUE	Alu	downstream
chr1:109063723:T:C	chr1:109063723:A:G	A:G	TAF13	downstream	unknown	T;C;-;A||R;ALU;-;SINE/AluSz6;downstream;TAF13;-;-;downstream;TAF13;-;-;downstream;TAF13;-;-;-;1598;30;55	Name=AluSz6	TRUE	Alu	downstream
chr1:109064075:T:C	chr1:109064075:A:G	A:G	TAF13	downstream	unknown	T;C;-;A||R;ALU;-;SINE/AluSc;downstream;TAF13;-;-;downstream;TAF13;-;-;downstream;TAF13;-;-;-;341;28;50	Name=AluSc	TRUE	Alu	downstream
chr1:145745370:T:C	chr1:145745370:A:G	A:G	RNF115	UTR3	unknown	.	Name=AluJb	FALSE	Alu	UTR3
chr1:149555552:A:G	chr1:149555552:A:G	A:G	NBPF19	UTR3	unknown	.	.	FALSE	None	UTR3
chr1:149555673:A:G	chr1:149555673:A:G	A:G	NBPF19	UTR3	unknown	.	Name=L1MC4	FALSE	LINE	UTR3
chr1:149555674:A:G	chr1:149555674:A:G	A:G	NBPF19	UTR3	unknown	.	Name=L1MC4	FALSE	LINE	UTR3
chr1:149555762:A:G	chr1:149555762:A:G	A:G	NBPF19	UTR3	unknown	.	Name=L1MC4	FALSE	LINE	UTR3
chr1:149555763:A:G	chr1:149555763:A:G	A:G	NBPF19	UTR3	unknown	.	Name=L1MC4	FALSE	LINE	UTR3
chr1:150731131:T:C	chr1:150731131:A:G	A:G	CTSS	UTR3	unknown	T;C;-;A||R;ALU;-;SINE/AluSx;UTR3;CTSS;-;-;UTR3;CTSS;-;-;UTR3;CTSS;-;-;-;894;29;49	Name=AluSx	TRUE	Alu	UTR3
chr1:150731136:T:C	chr1:150731136:A:G	A:G	CTSS	UTR3	unknown	T;C;-;A||R||D;ALU;-;SINE/AluSx;UTR3;CTSS;-;-;UTR3;CTSS;-;-;UTR3;CTSS;-;-;-;1156;30;54	Name=AluSx	TRUE	Alu	UTR3
chr1:150731137:T:C	chr1:150731137:A:G	A:G	CTSS	UTR3	unknown	T;C;-;A||R||D;ALU;-;SINE/AluSx;UTR3;CTSS;-;-;UTR3;CTSS;-;-;UTR3;CTSS;-;-;-;1233;30;55	Name=AluSx	TRUE	Alu	UTR3
chr1:150731143:T:C	chr1:150731143:A:G	A:G	CTSS	UTR3	unknown	T;C;-;A||R||D;ALU;-;SINE/AluSx;UTR3;CTSS;-;-;UTR3;CTSS;-;-;UTR3;CTSS;-;-;-;931;29;51	Name=AluSx	TRUE	Alu	UTR3
chr1:150731171:T:C	chr1:150731171:A:G	A:G	CTSS	UTR3	unknown	T;C;-;A||R||D;ALU;-;SINE/AluSx;UTR3;CTSS;-;-;UTR3;CTSS;-;-;UTR3;CTSS;-;-;-;672;25;44	Name=AluSx	TRUE	Alu	UTR3
chr1:150731185:T:C	chr1:150731185:A:G	A:G	CTSS	UTR3	unknown	T;C;-;A||R||D;ALU;-;SINE/AluSx;UTR3;CTSS;-;-;UTR3;CTSS;-;-;UTR3;CTSS;-;-;-;608;25;43	Name=AluSx	TRUE	Alu	UTR3
chr1:150731196:T:C	chr1:150731196:A:G	A:G	CTSS	UTR3	unknown	T;C;-;A||R||D;ALU;-;SINE/AluSx;UTR3;CTSS;-;-;UTR3;CTSS;-;-;UTR3;CTSS;-;-;-;719;27;42	Name=AluSx	TRUE	Alu	UTR3
chr1:150731203:T:C	chr1:150731203:A:G	A:G	CTSS	UTR3	unknown	T;C;-;A||R||D;ALU;-;SINE/AluSx;UTR3;CTSS;-;-;UTR3;CTSS;-;-;UTR3;CTSS;-;-;-;771;26;44	Name=AluSx	TRUE	Alu	UTR3
chr1:150731220:T:C	chr1:150731220:A:G	A:G	CTSS	UTR3	unknown	T;C;-;A||R||D;ALU;-;SINE/AluSx;UTR3;CTSS;-;-;UTR3;CTSS;-;-;UTR3;CTSS;-;-;-;661;26;42	Name=AluSx	TRUE	Alu	UTR3
chr1:150731225:T:C	chr1:150731225:A:G	A:G	CTSS	UTR3	unknown	T;C;-;A||R||D;ALU;-;SINE/AluSx;UTR3;CTSS;-;-;UTR3;CTSS;-;-;UTR3;CTSS;-;-;-;851;27;46	Name=AluSx	TRUE	Alu	UTR3
chr1:150731239:T:C	chr1:150731239:A:G	A:G	CTSS	UTR3	unknown	T;C;-;A||R||D;ALU;-;SINE/AluSx;UTR3;CTSS;-;-;UTR3;CTSS;-;-;UTR3;CTSS;-;-;-;626;26;40	Name=AluSx	TRUE	Alu	UTR3
chr1:150731240:T:C	chr1:150731240:A:G	A:G	CTSS	UTR3	unknown	T;C;-;A||R||D;ALU;-;SINE/AluSx;UTR3;CTSS;-;-;UTR3;CTSS;-;-;UTR3;CTSS;-;-;-;706;28;43	Name=AluSx	TRUE	Alu	UTR3
chr1:150731244:T:C	chr1:150731244:A:G	A:G	CTSS	UTR3	unknown	T;C;-;A||R||D;ALU;-;SINE/AluSx;UTR3;CTSS;-;-;UTR3;CTSS;-;-;UTR3;CTSS;-;-;-;927;28;44	Name=AluSx	TRUE	Alu	UTR3
chr1:150731276:T:C	chr1:150731276:A:G	A:G	CTSS	UTR3	unknown	T;C;-;A||R||D;ALU;-;SINE/AluSx;UTR3;CTSS;-;-;UTR3;CTSS;-;-;UTR3;CTSS;-;-;-;1184;30;52	Name=AluSx	TRUE	Alu	UTR3
chr1:150731311:T:C	chr1:150731311:A:G	A:G	CTSS	UTR3	unknown	T;C;-;A||R||D;ALU;-;SINE/AluSx;UTR3;CTSS;-;-;UTR3;CTSS;-;-;UTR3;CTSS;-;-;-;1286;30;52	Name=AluSx	TRUE	Alu	UTR3
chr1:150731936:T:C	chr1:150731936:A:G	A:G	CTSS	UTR3	unknown	T;C;-;A||R||D;ALU;-;SINE/AluJo;UTR3;CTSS;-;-;UTR3;CTSS;-;-;UTR3;CTSS;-;-;-;1103;30;52	Name=AluJo	TRUE	Alu	UTR3
chr1:150731937:T:C	chr1:150731937:A:G	A:G	CTSS	UTR3	unknown	T;C;-;A||R||D;ALU;-;SINE/AluJo;UTR3;CTSS;-;-;UTR3;CTSS;-;-;UTR3;CTSS;-;-;-;1285;30;53	Name=AluJo	TRUE	Alu	UTR3
chr1:150731942:T:C	chr1:150731942:A:G	A:G	CTSS	UTR3	unknown	T;C;-;A||R||D;ALU;-;SINE/AluJo;UTR3;CTSS;-;-;UTR3;CTSS;-;-;UTR3;CTSS;-;-;-;1098;28;50	Name=AluJo	TRUE	Alu	UTR3
chr1:150732000:T:C	chr1:150732000:A:G	A:G	CTSS	UTR3	unknown	T;C;-;A||R||D;ALU;-;SINE/AluJo;UTR3;CTSS;-;-;UTR3;CTSS;-;-;UTR3;CTSS;-;-;-;1255;30;55	Name=AluJo	TRUE	Alu	UTR3
chr1:150732005:T:C	chr1:150732005:A:G	A:G	CTSS	UTR3	unknown	T;C;-;A||R||D;ALU;-;SINE/AluJo;UTR3;CTSS;-;-;UTR3;CTSS;-;-;UTR3;CTSS;-;-;-;1149;30;51	Name=AluJo	TRUE	Alu	UTR3
chr1:150732010:T:C	chr1:150732010:A:G	A:G	CTSS	UTR3	unknown	T;C;-;A||R||D;ALU;-;SINE/AluJo;UTR3;CTSS;-;-;UTR3;CTSS;-;-;UTR3;CTSS;-;-;-;1167;30;54	Name=AluJo	TRUE	Alu	UTR3
chr1:150732024:T:C	chr1:150732024:A:G	A:G	CTSS	UTR3	unknown	T;C;-;A||R||D;ALU;-;SINE/AluJo;UTR3;CTSS;-;-;UTR3;CTSS;-;-;UTR3;CTSS;-;-;-;998;30;51	Name=AluJo	TRUE	Alu	UTR3
chr1:150732109:T:C	chr1:150732109:A:G	A:G	CTSS	UTR3	unknown	T;C;-;A||R||D;ALU;-;SINE/AluJo;UTR3;CTSS;-;-;UTR3;CTSS;-;-;UTR3;CTSS;-;-;-;1000;30;51	Name=AluJo	TRUE	Alu	UTR3
chr1:150732111:T:C	chr1:150732111:A:G	A:G	CTSS	UTR3	unknown	T;C;-;A||R||D;ALU;-;SINE/AluJo;UTR3;CTSS;-;-;UTR3;CTSS;-;-;UTR3;CTSS;-;-;-;879;29;50	Name=AluJo	TRUE	Alu	UTR3
chr1:150732129:T:C	chr1:150732129:A:G	A:G	CTSS	UTR3	unknown	T;C;-;A||R||D;ALU;-;SINE/AluJo;UTR3;CTSS;-;-;UTR3;CTSS;-;-;UTR3;CTSS;-;-;-;922;30;52	Name=AluJo	TRUE	Alu	UTR3
chr1:150732137:T:C	chr1:150732137:A:G	A:G	CTSS	UTR3	unknown	T;C;-;A||R||D;ALU;-;SINE/AluJo;UTR3;CTSS;-;-;UTR3;CTSS;-;-;UTR3;CTSS;-;-;-;1013;28;50	Name=AluJo	TRUE	Alu	UTR3
chr1:150732160:T:C	chr1:150732160:A:G	A:G	CTSS	UTR3	unknown	T;C;-;A||R||D;ALU;-;SINE/AluJo;UTR3;CTSS;-;-;UTR3;CTSS;-;-;UTR3;CTSS;-;-;-;1124;30;53	Name=AluJo	TRUE	Alu	UTR3
chr1:150732177:T:C	chr1:150732177:A:G	A:G	CTSS	UTR3	unknown	T;C;-;A||R||D;ALU;-;SINE/AluJo;UTR3;CTSS;-;-;UTR3;CTSS;-;-;UTR3;CTSS;-;-;-;799;29;51	Name=AluJo	TRUE	Alu	UTR3
chr1:150732183:T:C	chr1:150732183:A:G	A:G	CTSS	UTR3	unknown	T;C;-;A||R||D;ALU;-;SINE/AluJo;UTR3;CTSS;-;-;UTR3;CTSS;-;-;UTR3;CTSS;-;-;-;797;29;51	Name=AluJo	TRUE	Alu	UTR3
chr1:150732184:T:C	chr1:150732184:A:G	A:G	CTSS	UTR3	unknown	T;C;-;A||R||D;ALU;-;SINE/AluJo;UTR3;CTSS;-;-;UTR3;CTSS;-;-;UTR3;CTSS;-;-;-;777;29;51	Name=AluJo	TRUE	Alu	UTR3
chr1:150732736:T:C	chr1:150732736:A:G	A:G	CTSS	UTR3	unknown	T;C;-;A||R||D;ALU;-;SINE/AluSz6;UTR3;CTSS;-;-;UTR3;CTSS;-;-;UTR3;CTSS;-;-;-;1720;30;54	Name=AluSz6	TRUE	Alu	UTR3
chr1:150732740:T:C	chr1:150732740:A:G	A:G	CTSS	UTR3	unknown	T;C;-;A||R||D;ALU;-;SINE/AluSz6;UTR3;CTSS;-;-;UTR3;CTSS;-;-;UTR3;CTSS;-;-;-;1742;30;54	Name=AluSz6	TRUE	Alu	UTR3
chr1:155726554:A:G	chr1:155726554:A:G	A:G	DAP3	intronic	unknown	A;G;+;A||R||D;ALU;-;SINE/AluSx1;intronic;DAP3||MSTO1;-;-;intronic;DAP3;-;-;intronic;DAP3||YY1AP1;-;-;-;1018;30;54	Name=AluSx1	TRUE	Alu	intronic
chr1:155734266:A:G	chr1:155734266:A:G	A:G	DAP3	intronic	unknown	A;G;+;A||R||D;ALU;-;SINE/AluJr;intronic;DAP3||MSTO1;-;-;intronic;DAP3;-;-;intronic;DAP3||YY1AP1;-;-;-;1879;30;54	Name=AluJr	TRUE	Alu	intronic
chr1:160996561:T:C	chr1:160996561:A:G	A:G	F11R	UTR3	unknown	T;C;-;A||R||D;ALU;-;SINE/AluSg;UTR3;F11R;-;-;UTR3;F11R;-;-;UTR3;F11R;-;-;-;1957;30;55	Name=AluSg	TRUE	Alu	UTR3
chr1:160996562:T:C	chr1:160996562:A:G	A:G	F11R	UTR3	unknown	T;C;-;A||R||D;ALU;-;SINE/AluSg;UTR3;F11R;-;-;UTR3;F11R;-;-;UTR3;F11R;-;-;-;1965;30;55	Name=AluSg	TRUE	Alu	UTR3
chr1:160996563:T:C	chr1:160996563:A:G	A:G	F11R	UTR3	unknown	T;C;-;A||R||D;ALU;-;SINE/AluSg;UTR3;F11R;-;-;UTR3;F11R;-;-;UTR3;F11R;-;-;-;2402;30;55	Name=AluSg	TRUE	Alu	UTR3
chr1:179357143:A:G	chr1:179357143:A:G	A:G	SOAT1	UTR3	unknown	A;G;+;A||R;NONREP;-;-/-;UTR3;SOAT1;-;-;UTR3;SOAT1;-;-;UTR3;SOAT1;-;-;-;1605;30;54	.	TRUE	None	UTR3
chr1:179357159:A:G	chr1:179357159:A:G	A:G	SOAT1	UTR3	unknown	A;G;+;A||R;NONREP;-;-/-;UTR3;SOAT1;-;-;UTR3;SOAT1;-;-;UTR3;SOAT1;-;-;-;464;30;51	.	TRUE	None	UTR3
chr1:179357160:A:G	chr1:179357160:A:G	A:G	SOAT1	UTR3	unknown	A;G;+;A||R;NONREP;-;-/-;UTR3;SOAT1;-;-;UTR3;SOAT1;-;-;UTR3;SOAT1;-;-;-;753;30;54	.	TRUE	None	UTR3
chr1:179357179:A:G	chr1:179357179:A:G	A:G	SOAT1	UTR3	unknown	A;G;+;A||R;NONREP;-;-/-;UTR3;SOAT1;-;-;UTR3;SOAT1;-;-;UTR3;SOAT1;-;-;-;699;30;54	.	TRUE	None	UTR3
chr1:179357180:A:G	chr1:179357180:A:G	A:G	SOAT1	UTR3	unknown	A;G;+;A||R;NONREP;-;-/-;UTR3;SOAT1;-;-;UTR3;SOAT1;-;-;UTR3;SOAT1;-;-;-;538;30;50	.	TRUE	None	UTR3
chr1:179357303:A:G	chr1:179357303:A:G	A:G	SOAT1	UTR3	unknown	A;G;+;A||R;ALU;-;SINE/AluSx1;UTR3;SOAT1;-;-;UTR3;SOAT1;-;-;UTR3;SOAT1;-;-;-;652;30;52	Name=AluSx1	TRUE	Alu	UTR3
chr1:179357332:A:G	chr1:179357332:A:G	A:G	SOAT1	UTR3	unknown	A;G;+;A||R;ALU;-;SINE/AluSx1;UTR3;SOAT1;-;-;UTR3;SOAT1;-;-;UTR3;SOAT1;-;-;-;1229;30;54	Name=AluSx1	TRUE	Alu	UTR3
chr1:179357364:A:G	chr1:179357364:A:G	A:G	SOAT1	UTR3	unknown	A;G;+;A||R||D;ALU;rs779158861;SINE/AluSx1;UTR3;SOAT1;-;-;UTR3;SOAT1;-;-;UTR3;SOAT1;-;-;-;1520;30;54	Name=AluSx1	TRUE	Alu	UTR3
chr1:179357403:A:G	chr1:179357403:A:G	A:G	SOAT1	UTR3	unknown	A;G;+;A||R||D;ALU;-;SINE/AluSx1;UTR3;SOAT1;-;-;UTR3;SOAT1;-;-;UTR3;SOAT1;-;-;-;1309;30;54	Name=AluSx1	TRUE	Alu	UTR3
chr1:179357453:A:G	chr1:179357453:A:G	A:G	SOAT1	UTR3	unknown	A;G;+;A||R||D;ALU;-;SINE/AluSx1;UTR3;SOAT1;-;-;UTR3;SOAT1;-;-;UTR3;SOAT1;-;-;-;1207;30;54	Name=AluSx1	TRUE	Alu	UTR3
chr1:179357712:A:G	chr1:179357712:A:G	A:G	SOAT1	UTR3	unknown	A;G;+;A||R||D;ALU;-;SINE/AluJo;UTR3;SOAT1;-;-;UTR3;SOAT1;-;-;UTR3;SOAT1;-;-;-;1766;30;54	Name=AluJo	TRUE	Alu	UTR3
chr1:179357747:A:G	chr1:179357747:A:G	A:G	SOAT1	UTR3	unknown	A;G;+;A||R||D;ALU;-;SINE/AluJo;UTR3;SOAT1;-;-;UTR3;SOAT1;-;-;UTR3;SOAT1;-;-;-;1533;30;54	Name=AluJo	TRUE	Alu	UTR3
chr1:179357773:A:G	chr1:179357773:A:G	A:G	SOAT1	UTR3	unknown	A;G;+;A||R||D;ALU;-;SINE/AluJo;UTR3;SOAT1;-;-;UTR3;SOAT1;-;-;UTR3;SOAT1;-;-;-;2176;30;55	Name=AluJo	TRUE	Alu	UTR3
chr1:179357787:A:G	chr1:179357787:A:G	A:G	SOAT1	UTR3	unknown	A;G;+;A||R||D;ALU;-;SINE/AluJo;UTR3;SOAT1;-;-;UTR3;SOAT1;-;-;UTR3;SOAT1;-;-;-;2166;30;55	Name=AluJo	TRUE	Alu	UTR3
chr1:179357873:A:G	chr1:179357873:A:G	A:G	SOAT1	UTR3	unknown	A;G;+;A||R;NONREP;-;-/-;UTR3;SOAT1;-;-;UTR3;SOAT1;-;-;UTR3;SOAT1;-;-;-;1804;30;54	.	TRUE	None	UTR3
chr1:179357874:A:G	chr1:179357874:A:G	A:G	SOAT1	UTR3	unknown	A;G;+;A||R;NONREP;-;-/-;UTR3;SOAT1;-;-;UTR3;SOAT1;-;-;UTR3;SOAT1;-;-;-;767;30;53	.	TRUE	None	UTR3
chr1:179357875:A:G	chr1:179357875:A:G	A:G	SOAT1	UTR3	unknown	A;G;+;A||R;NONREP;-;-/-;UTR3;SOAT1;-;-;UTR3;SOAT1;-;-;UTR3;SOAT1;-;-;-;1221;30;54	.	TRUE	None	UTR3
chr1:184791990:T:C	chr1:184791990:A:G	A:G	NIBAN1	UTR3	unknown	T;C;-;A||R||D;ALU;-;SINE/AluJo;UTR3;FAM129A;-;-;UTR3;FAM129A;-;-;UTR3;FAM129A;-;-;-;1572;30;55	Name=AluJo	TRUE	Alu	UTR3
chr1:184791991:T:C	chr1:184791991:A:G	A:G	NIBAN1	UTR3	unknown	T;C;-;A||R||D;ALU;-;SINE/AluJo;UTR3;FAM129A;-;-;UTR3;FAM129A;-;-;UTR3;FAM129A;-;-;-;1669;30;55	Name=AluJo	TRUE	Alu	UTR3
chr1:1874524:T:C	chr1:1874524:A:G	A:G	GNB1	intronic	unknown	T;C;-;A||R||D;ALU;-;SINE/AluSx;intronic;GNB1;-;-;intronic;GNB1;-;-;intronic;GNB1;-;-;-;6;5;5	Name=AluSx	TRUE	Alu	intronic
chr1:19216971:T:C	chr1:19216971:T:C	A:G	EMC1-AS1	ncRNA
intronic	unknown	T;C;-;A||R||D;ALU;-;SINE/AluJo;ncRNA_intronic;RP1-43E13.2;-;-;UTR3;EMC1;-;-;UTR3;EMC1;-;-;-;2190;30;55	Name=AluJo	TRUE	Alu	ncRNA
chr1:197759621:T:C	chr1:197759621:A:G	A:G	DENND1B	intronic	unknown	T;C;-;A||R;ALU;-;SINE/AluY;ncRNA_intronic;RP11-448G4.4;-;-;intronic;DENND1B;-;-;intronic;DENND1B;-;-;-;4;3;3	Name=AluY	TRUE	Alu	intronic
chr1:204552023:A:G	chr1:204552023:A:G	A:G	MDM4	UTR3	unknown	A;G;+;A||R||D;ALU;-;SINE/AluSp;UTR3;MDM4;-;-;UTR3;MDM4;-;-;UTR3;MDM4;-;-;-;1114;30;55	Name=AluSp	TRUE	Alu	UTR3
chr1:204552126:A:G	chr1:204552126:A:G	A:G	MDM4	UTR3	unknown	A;G;+;A||R||D;ALU;-;SINE/AluSp;UTR3;MDM4;-;-;UTR3;MDM4;-;-;UTR3;MDM4;-;-;-;1311;30;55	Name=AluSp	TRUE	Alu	UTR3
chr1:20649625:T:C	chr1:20649625:A:G	A:G	PINK1-AS	ncRNA
exonic	unknown	T;C;-;A||R||D;ALU;-;SINE/AluSz6;ncRNA_exonic;PINK1-AS;-;-;ncRNA_exonic;PINK1-AS;-;-;intronic;PINK1;-;-;-;769;29;52	Name=AluSz6	TRUE	Alu	ncRNA
chr1:212404906:T:C	chr1:212404906:A:G	A:G	PACC1	intronic	unknown	T;C;-;A||R||D;ALU;-;SINE/AluSx1;intronic;TMEM206;-;-;intronic;TMEM206;-;-;intronic;TMEM206;-;-;-;1;1;1	Name=AluSx1	TRUE	Alu	intronic
chr1:212405969:T:C	chr1:212405969:A:G	A:G	PACC1	intronic	unknown	.	Name=AluJo	FALSE	Alu	intronic
chr1:26448375:A:G	chr1:26448375:A:G	A:G	DHDDS	intronic	unknown	A;G;+;A||R||D;ALU;-;SINE/AluSx4;exonic;DHDDS;nonsynonymous	Name=AluSx4	TRUE	Alu	intronic
chr1:27454624:T:C	chr1:27454624:A:G	A:G	WASF2	intronic	unknown	T;C;-;A||R||D;ALU;-;SINE/AluJo;intronic;WASF2;-;-;intronic;WASF2;-;-;intronic;WASF2;-;-;-;10;5;5	Name=AluJo	TRUE	Alu	intronic
chr1:30999117:T:C	chr1:30999117:A:G	A:G	PUM1	intronic	unknown	T;C;-;A||R||D;ALU;-;SINE/AluJr;intronic;PUM1;-;-;intronic;PUM1;-;-;intronic;PUM1;-;-;-;13;7;8	Name=AluJr	TRUE	Alu	intronic
chr1:30999139:T:C	chr1:30999139:A:G	A:G	PUM1	intronic	unknown	T;C;-;A||R||D;ALU;-;SINE/AluJr;intronic;PUM1;-;-;intronic;PUM1;-;-;intronic;PUM1;-;-;-;10;7;7	Name=AluJr	TRUE	Alu	intronic
chr1:35599961:T:C	chr1:35599961:A:G	A:G	PSMB2	UTR3	unknown	T;C;-;A||R||D;ALU;-;SINE/AluJr;intergenic;TFAP2E||PSMB2;-;-;UTR3;PSMB2;-;-;UTR3;PSMB2;-;-;-;1596;30;53	Name=AluJr	TRUE	Alu	UTR3
chr1:35600041:T:C	chr1:35600041:A:G	A:G	PSMB2	UTR3	unknown	T;C;-;A||R||D;ALU;-;SINE/AluJr;intergenic;TFAP2E||PSMB2;-;-;UTR3;PSMB2;-;-;UTR3;PSMB2;-;-;-;1008;30;53	Name=AluJr	TRUE	Alu	UTR3
chr1:35602076:T:C	chr1:35602076:A:G	A:G	PSMB2	UTR3	unknown	T;C;-;A||R||D;ALU;-;SINE/AluJb;UTR3;PSMB2;-;-;UTR3;PSMB2;-;-;UTR3;PSMB2;-;-;-;2345;30;55	Name=AluJb	TRUE	Alu	UTR3
chr1:35602151:T:C	chr1:35602151:A:G	A:G	PSMB2	UTR3	unknown	T;C;-;A||R||D;ALU;-;SINE/AluJb;UTR3;PSMB2;-;-;UTR3;PSMB2;-;-;UTR3;PSMB2;-;-;-;2399;30;55	Name=AluJb	TRUE	Alu	UTR3
chr1:35602159:T:C	chr1:35602159:A:G	A:G	PSMB2	UTR3	unknown	T;C;-;A||R||D;ALU;-;SINE/AluJb;UTR3;PSMB2;-;-;UTR3;PSMB2;-;-;UTR3;PSMB2;-;-;-;2607;30;55	Name=AluJb	TRUE	Alu	UTR3
chr1:37860971:T:C	chr1:37860971:A:G	A:G	INPP5B	UTR3	unknown	T;C;-;A||R||D;ALU;-;SINE/AluJr;ncRNA_exonic;RP11-109P14.10;-;-;UTR3;INPP5B;-;-;UTR3;INPP5B;-;-;-;2474;30;55	Name=AluJr	TRUE	Alu	UTR3
chr1:37861028:T:C	chr1:37861028:A:G	A:G	INPP5B	UTR3	unknown	T;C;-;A||R||D;ALU;-;SINE/AluJr;ncRNA_exonic;RP11-109P14.10;-;-;UTR3;INPP5B;-;-;UTR3;INPP5B;-;-;-;2571;30;55	Name=AluJr	TRUE	Alu	UTR3
chr1:37861056:T:C	chr1:37861056:A:G	A:G	INPP5B	UTR3	unknown	T;C;-;A||R||D;ALU;-;SINE/AluJr;ncRNA_exonic;RP11-109P14.10;-;-;UTR3;INPP5B;-;-;UTR3;INPP5B;-;-;-;2587;30;55	Name=AluJr	TRUE	Alu	UTR3
chr1:43412413:A:G	chr1:43412413:A:G	A:G	SZT2	intronic	unknown	A;G;+;A||R||D;ALU;-;SINE/AluJo;intronic;SZT2;-;-;intronic;SZT2;-;-;intronic;SZT2;-;-;-;71;18;24	Name=AluJo	TRUE	Alu	intronic
chr1:9100899:T:C	chr1:9100899:A:G	A:G	GPR157	UTR3	unknown	T;C;-;A||R||D;ALU;-;SINE/AluJb;UTR3;GPR157;-;-;intergenic;SLC2A5||GPR157;-;-;intergenic;SLC2A5||GPR157;-;-;-;1660;30;47	Name=AluJb	TRUE	Alu	UTR3
chr1:9100917:T:C	chr1:9100917:A:G	A:G	GPR157	UTR3	unknown	T;C;-;A||R;ALU;-;SINE/AluJb;UTR3;GPR157;-;-;intergenic;SLC2A5||GPR157;-;-;intergenic;SLC2A5||GPR157;-;-;-;1250;30;46	Name=AluJb	TRUE	Alu	UTR3
chr1:9100923:T:C	chr1:9100923:A:G	A:G	GPR157	UTR3	unknown	T;C;-;A||R;ALU;-;SINE/AluJb;UTR3;GPR157;-;-;intergenic;SLC2A5||GPR157;-;-;intergenic;SLC2A5||GPR157;-;-;-;1891;30;50	Name=AluJb	TRUE	Alu	UTR3
chr1:9100930:T:C	chr1:9100930:A:G	A:G	GPR157	UTR3	unknown	T;C;-;A||R||D;ALU;-;SINE/AluJb;UTR3;GPR157;-;-;intergenic;SLC2A5||GPR157;-;-;intergenic;SLC2A5||GPR157;-;-;-;1653;30;47	Name=AluJb	TRUE	Alu	UTR3
chr1:9100952:T:C	chr1:9100952:A:G	A:G	GPR157	UTR3	unknown	T;C;-;A||R||D;ALU;rs558720474;SINE/AluJb;UTR3;GPR157;-;-;intergenic;SLC2A5||GPR157;-;-;intergenic;SLC2A5||GPR157;-;-;-;1590;30;46	Name=AluJb	TRUE	Alu	UTR3
chr1:9173455:T:C	chr1:9173455:A:G	A:G	MIR34AHG	ncRNA
intronic	unknown	T;C;-;A||R||D;ALU;-;SINE/AluJb;intergenic;MIR34A||RP3-510D11.1;-;-;ncRNA_intronic;MIR34AHG;-;-;intronic;mir-34;-;-;-;1;1;1	Name=AluJb	TRUE	Alu	ncRNA
chr1:9173547:T:C	chr1:9173547:A:G	A:G	MIR34AHG	ncRNA
intronic	unknown	T;C;-;A||R||D;ALU;-;SINE/AluSz;intergenic;MIR34A||RP3-510D11.1;-;-;ncRNA_intronic;MIR34AHG;-;-;intronic;mir-34;-;-;-;3;2;2	Name=AluSz	TRUE	Alu	ncRNA
chr1:9268043:A:G	chr1:9268043:A:G	A:G	H6PD	UTR3	unknown	A;G;+;A||R||D;ALU;-;SINE/AluJr;UTR3;H6PD;-;-;UTR3;H6PD;-;-;UTR3;H6PD;-;-;-;1694;30;55	Name=AluJr	TRUE	Alu	UTR3
chr1:9268154:A:G	chr1:9268154:A:G	A:G	H6PD	UTR3	unknown	A;G;+;A||R||D;ALU;-;SINE/AluJr;UTR3;H6PD;-;-;UTR3;H6PD;-;-;UTR3;H6PD;-;-;-;1781;30;55	Name=AluJr	TRUE	Alu	UTR3
chr1:9268184:A:G	chr1:9268184:A:G	A:G	H6PD	UTR3	unknown	A;G;+;A||R||D;ALU;-;SINE/AluJr;UTR3;H6PD;-;-;UTR3;H6PD;-;-;UTR3;H6PD;-;-;-;2177;30;55	Name=AluJr	TRUE	Alu	UTR3
chr1:9271035:A:G	chr1:9271035:A:G	A:G	H6PD	UTR3	unknown	A;G;+;A||R||D;ALU;-;SINE/AluSx;UTR3;H6PD;-;-;UTR3;H6PD;-;-;UTR3;H6PD;-;-;-;2508;30;55	Name=AluSx	TRUE	Alu	UTR3
chr1:10457470:T:C	chr1:10457470:A:G	A:G	DFFA	UTR3	unknown	T;C;-;A||R||D;ALU;-;SINE/AluSx1;UTR3;DFFA;-;-;intergenic;APITD1-CORT||DFFA;-;-;intergenic;APITD1-CORT||DFFA;-;-;-;2015;30;54	Name=AluSx1	TRUE	Alu	UTR3
chr1:145745521:T:C	chr1:145745521:A:G	A:G	RNF115	UTR3	unknown	.	Name=AluSq	FALSE	Alu	UTR3
chr1:145921978:T:C	chr1:145921978:T:C	A:G	GNRHR2	ncRNA
intronic	unknown	.	Name=AluSz6	FALSE	Alu	ncRNA
chr1:145921980:T:C	chr1:145921980:T:C	A:G	GNRHR2	ncRNA
intronic	unknown	.	Name=AluSz6	FALSE	Alu	ncRNA
chr1:150732745:T:C	chr1:150732745:A:G	A:G	CTSS	UTR3	unknown	T;C;-;A||R||D;ALU;-;SINE/AluSz6;UTR3;CTSS;-;-;UTR3;CTSS;-;-;UTR3;CTSS;-;-;-;1735;30;54	Name=AluSz6	TRUE	Alu	UTR3
chr1:179357876:A:G	chr1:179357876:A:G	A:G	SOAT1	UTR3	unknown	A;G;+;A||R||D;NONREP;-;-/-;UTR3;SOAT1;-;-;UTR3;SOAT1;-;-;UTR3;SOAT1;-;-;-;1593;30;54	.	TRUE	None	UTR3
chr1:211825270:T:C	chr1:211825270:A:G	A:G	LPGAT1	intronic	unknown	T;C;-;A||R||D;ALU;-;SINE/AluJr4;intronic;LPGAT1;-;-;intronic;LPGAT1;-;-;intronic;LPGAT1;-;-;-;21;8;12	Name=AluJr4	TRUE	Alu	intronic
chr1:224269914:T:C	chr1:224269914:A:G	A:G	NVL	intronic	unknown	T;C;-;A||R||D;ALU;-;SINE/AluJb;intronic;NVL;-;-;intronic;NVL;-;-;intronic;NVL;-;-;-;25;12;14	Name=AluJb	TRUE	Alu	intronic
chr1:9100841:T:C	chr1:9100841:A:G	A:G	GPR157	UTR3	unknown	T;C;-;A||R||D;ALU;-;SINE/AluJb;UTR3;GPR157;-;-;intergenic;SLC2A5||GPR157;-;-;intergenic;SLC2A5||GPR157;-;-;-;1839;30;53	Name=AluJb	TRUE	Alu	UTR3
chr1:9102165:T:C	chr1:9102165:A:G	A:G	GPR157	UTR3	unknown	T;C;-;A||R||D;ALU;-;SINE/AluSx;UTR3;GPR157;-;-;intergenic;SLC2A5||GPR157;-;-;intergenic;SLC2A5||GPR157;-;-;-;562;27;39	Name=AluSx	TRUE	Alu	UTR3
chr1:10577808:A:G	chr1:10577808:A:G	A:G	PEX14	intronic	unknown	A;G;+;A||R||D;ALU;-;SINE/AluY;intronic;PEX14;-;-;intronic;PEX14;-;-;intronic;PEX14;-;-;-;45;17;20	Name=AluY	TRUE	Alu	intronic
chr1:109063550:T:C	chr1:109063550:A:G	A:G	TAF13	downstream	unknown	T;C;-;A||R;ALU;-;SINE/AluSz6;downstream;TAF13;-;-;downstream;TAF13;-;-;downstream;TAF13;-;-;-;2229;30;55	Name=AluSz6	TRUE	Alu	downstream
chr1:109063598:T:C	chr1:109063598:A:G	A:G	TAF13	downstream	unknown	T;C;-;A||R;ALU;-;SINE/AluSz6;downstream;TAF13;-;-;downstream;TAF13;-;-;downstream;TAF13;-;-;-;1915;30;54	Name=AluSz6	TRUE	Alu	downstream
chr1:109063610:T:C	chr1:109063610:A:G	A:G	TAF13	downstream	unknown	T;C;-;A||R;ALU;-;SINE/AluSz6;downstream;TAF13;-;-;downstream;TAF13;-;-;downstream;TAF13;-;-;-;11;5;5	Name=AluSz6	TRUE	Alu	downstream
chr1:109063621:T:C	chr1:109063621:A:G	A:G	TAF13	downstream	unknown	T;C;-;A||R;ALU;-;SINE/AluSz6;downstream;TAF13;-;-;downstream;TAF13;-;-;downstream;TAF13;-;-;-;12;5;5	Name=AluSz6	TRUE	Alu	downstream
chr1:109063901:T:C	chr1:109063901:A:G	A:G	TAF13	downstream	unknown	T;C;-;A||R;ALU;-;SINE/AluSc;downstream;TAF13;-;-;downstream;TAF13;-;-;downstream;TAF13;-;-;-;358;27;49	Name=AluSc	TRUE	Alu	downstream
chr1:109063913:T:C	chr1:109063913:A:G	A:G	TAF13	downstream	unknown	T;C;-;A||R;ALU;-;SINE/AluSc;downstream;TAF13;-;-;downstream;TAF13;-;-;downstream;TAF13;-;-;-;234;27;48	Name=AluSc	TRUE	Alu	downstream
chr1:109063993:T:C	chr1:109063993:A:G	A:G	TAF13	downstream	unknown	T;C;-;A||R;ALU;-;SINE/AluSc;downstream;TAF13;-;-;downstream;TAF13;-;-;downstream;TAF13;-;-;-;100;23;38	Name=AluSc	TRUE	Alu	downstream
chr1:109064035:T:C	chr1:109064035:A:G	A:G	TAF13	downstream	unknown	T;C;-;A||R;ALU;-;SINE/AluSc;downstream;TAF13;-;-;downstream;TAF13;-;-;downstream;TAF13;-;-;-;387;28;50	Name=AluSc	TRUE	Alu	downstream
chr1:109064076:T:C	chr1:109064076:A:G	A:G	TAF13	downstream	unknown	T;C;-;A||R;ALU;-;SINE/AluSc;downstream;TAF13;-;-;downstream;TAF13;-;-;downstream;TAF13;-;-;-;243;28;49	Name=AluSc	TRUE	Alu	downstream
chr1:109064101:T:C	chr1:109064101:A:G	A:G	TAF13	downstream	unknown	T;C;-;A||R;ALU;-;SINE/AluSc;downstream;TAF13;-;-;downstream;TAF13;-;-;downstream;TAF13;-;-;-;376;28;51	Name=AluSc	TRUE	Alu	downstream
chr1:110367385:A:G	chr1:110367385:T:C	A:G	SLC16A4	intronic	unknown	A;G;+;A||R||D;ALU;-;SINE/AluJb;intronic;SLC16A4;-;-;intronic;SLC16A4;-;-;intronic;SLC16A4;-;-;-;735;30;52	Name=AluJb	TRUE	Alu	intronic
chr1:149555610:A:G	chr1:149555610:A:G	A:G	NBPF19	UTR3	unknown	.	.	FALSE	None	UTR3
chr1:150731158:T:C	chr1:150731158:A:G	A:G	CTSS	UTR3	unknown	T;C;-;A||R;ALU;-;SINE/AluSx;UTR3;CTSS;-;-;UTR3;CTSS;-;-;UTR3;CTSS;-;-;-;787;28;47	Name=AluSx	TRUE	Alu	UTR3
chr1:150731216:T:C	chr1:150731216:A:G	A:G	CTSS	UTR3	unknown	T;C;-;A||R||D;ALU;-;SINE/AluSx;UTR3;CTSS;-;-;UTR3;CTSS;-;-;UTR3;CTSS;-;-;-;849;27;45	Name=AluSx	TRUE	Alu	UTR3
chr1:150732068:T:C	chr1:150732068:A:G	A:G	CTSS	UTR3	unknown	T;C;-;A||R||D;ALU;-;SINE/AluJo;UTR3;CTSS;-;-;UTR3;CTSS;-;-;UTR3;CTSS;-;-;-;1019;30;52	Name=AluJo	TRUE	Alu	UTR3
chr1:157710331:G:A	chr1:157710331:C:T	C:T	FCRL3	upstream	unknown	.	.	FALSE	None	upstream
chr1:179357639:A:G	chr1:179357639:A:G	A:G	SOAT1	UTR3	unknown	A;G;+;A||R||D;ALU;-;SINE/AluJo;UTR3;SOAT1;-;-;UTR3;SOAT1;-;-;UTR3;SOAT1;-;-;-;965;30;54	Name=AluJo	TRUE	Alu	UTR3
chr1:179357751:A:G	chr1:179357751:A:G	A:G	SOAT1	UTR3	unknown	A;G;+;A||R||D;ALU;-;SINE/AluJo;UTR3;SOAT1;-;-;UTR3;SOAT1;-;-;UTR3;SOAT1;-;-;-;1575;30;55	Name=AluJo	TRUE	Alu	UTR3
chr1:179357804:A:G	chr1:179357804:A:G	A:G	SOAT1	UTR3	unknown	A;G;+;A||R||D;ALU;-;SINE/AluJo;UTR3;SOAT1;-;-;UTR3;SOAT1;-;-;UTR3;SOAT1;-;-;-;1128;30;54	Name=AluJo	TRUE	Alu	UTR3
chr1:184791995:T:C	chr1:184791995:A:G	A:G	NIBAN1	UTR3	unknown	T;C;-;A||R||D;ALU;-;SINE/AluJo;UTR3;FAM129A;-;-;UTR3;FAM129A;-;-;UTR3;FAM129A;-;-;-;1724;30;54	Name=AluJo	TRUE	Alu	UTR3
chr1:184792178:T:C	chr1:184792178:A:G	A:G	NIBAN1	UTR3	unknown	T;C;-;A||R||D;ALU;-;SINE/AluJo;UTR3;FAM129A;-;-;UTR3;FAM129A;-;-;UTR3;FAM129A;-;-;-;2148;30;55	Name=AluJo	TRUE	Alu	UTR3
chr1:184793390:T:C	chr1:184793390:A:G	A:G	NIBAN1	UTR3	unknown	T;C;-;A||R||D;ALU;-;SINE/AluSz;UTR3;FAM129A;-;-;UTR3;FAM129A;-;-;UTR3;FAM129A;-;-;-;2195;30;55	Name=AluSz	TRUE	Alu	UTR3
chr1:19216137:T:C	chr1:19216137:T:C	A:G	EMC1-AS1	ncRNA
intronic	unknown	T;C;-;A||R||D;REP;-;SINE/FRAM;ncRNA_intronic;RP1-43E13.2;-;-;UTR3;EMC1;-;-;UTR3;EMC1;-;-;-;2305;30;54	Name=FRAM	TRUE	Other	ncRNA
chr1:204402695:T:C	chr1:204402695:A:G	A:G	PPP1R15B	downstream	unknown	T;C;-;A||R;ALU;-;SINE/AluJr;ncRNA_intronic;RP11-739N20.2;-;-;downstream;PPP1R15B;-;-;downstream;PPP1R15B;-;-;-;330;28;52	Name=AluJr	TRUE	Alu	downstream
chr1:204552031:A:G	chr1:204552031:A:G	A:G	MDM4	UTR3	unknown	A;G;+;A||R||D;ALU;-;SINE/AluSp;UTR3;MDM4;-;-;UTR3;MDM4;-;-;UTR3;MDM4;-;-;-;714;29;52	Name=AluSp	TRUE	Alu	UTR3
chr1:204552032:A:G	chr1:204552032:A:G	A:G	MDM4	UTR3	unknown	A;G;+;A||R||D;ALU;-;SINE/AluSp;UTR3;MDM4;-;-;UTR3;MDM4;-;-;UTR3;MDM4;-;-;-;810;30;54	Name=AluSp	TRUE	Alu	UTR3
chr1:204552110:A:G	chr1:204552110:A:G	A:G	MDM4	UTR3	unknown	A;G;+;A||R||D;ALU;-;SINE/AluSp;UTR3;MDM4;-;-;UTR3;MDM4;-;-;UTR3;MDM4;-;-;-;6;5;5	Name=AluSp	TRUE	Alu	UTR3
chr1:204552488:A:G	chr1:204552488:A:G	A:G	MDM4	UTR3	unknown	A;G;+;A||R||D;ALU;-;SINE/AluSg;UTR3;MDM4;-;-;UTR3;MDM4;-;-;UTR3;MDM4;-;-;-;740;30;53	Name=AluSg	TRUE	Alu	UTR3
chr1:204552489:A:G	chr1:204552489:A:G	A:G	MDM4	UTR3	unknown	A;G;+;A||R||D;ALU;-;SINE/AluSg;UTR3;MDM4;-;-;UTR3;MDM4;-;-;UTR3;MDM4;-;-;-;365;30;51	Name=AluSg	TRUE	Alu	UTR3
chr1:204552497:A:G	chr1:204552497:A:G	A:G	MDM4	UTR3	unknown	A;G;+;A||R;ALU;-;SINE/AluSg;UTR3;MDM4;-;-;UTR3;MDM4;-;-;UTR3;MDM4;-;-;-;658;29;52	Name=AluSg	TRUE	Alu	UTR3
chr1:204552506:A:G	chr1:204552506:A:G	A:G	MDM4	UTR3	unknown	A;G;+;A||R||D;ALU;-;SINE/AluSg;UTR3;MDM4;-;-;UTR3;MDM4;-;-;UTR3;MDM4;-;-;-;1544;30;55	Name=AluSg	TRUE	Alu	UTR3
chr1:204552583:A:G	chr1:204552583:A:G	A:G	MDM4	UTR3	unknown	A;G;+;A||R||D;ALU;-;SINE/AluSg;UTR3;MDM4;-;-;UTR3;MDM4;-;-;UTR3;MDM4;-;-;-;768;30;55	Name=AluSg	TRUE	Alu	UTR3
chr1:204552584:A:G	chr1:204552584:A:G	A:G	MDM4	UTR3	unknown	A;G;+;A||R||D;ALU;-;SINE/AluSg;UTR3;MDM4;-;-;UTR3;MDM4;-;-;UTR3;MDM4;-;-;-;1613;30;55	Name=AluSg	TRUE	Alu	UTR3
chr1:204556653:A:G	chr1:204556653:A:G	A:G	MDM4	UTR3	unknown	A;G;+;A||R||D;ALU;-;SINE/AluJb;UTR3;MDM4;-;-;UTR3;MDM4;-;-;UTR3;MDM4;-;-;-;2463;30;55	Name=AluJb	TRUE	Alu	UTR3
chr1:211825312:T:C	chr1:211825312:A:G	A:G	LPGAT1	intronic	unknown	T;C;-;A||R||D;ALU;-;SINE/AluJr4;intronic;LPGAT1;-;-;intronic;LPGAT1;-;-;intronic;LPGAT1;-;-;-;27;11;14	Name=AluJr4	TRUE	Alu	intronic
chr1:212590224:T:C	chr1:212590224:T:C	A:G	ATF3	intronic	unknown	.	.	FALSE	None	intronic
chr1:24538698:A:G	chr1:24538698:A:G	A:G	RCAN3	UTR3	unknown	A;G;+;A||R;ALU;-;SINE/AluY;UTR3;RCAN3;-;-;downstream;LOC100506985;-;-;intergenic;RCAN3||NCMAP;-;-;-;203;21;35	Name=AluY	TRUE	Alu	UTR3
chr1:24538843:A:G	chr1:24538843:A:G	A:G	RCAN3	UTR3	unknown	A;G;+;A||R;REP;-;SINE/FLAM_A;ncRNA_exonic;RP4-594I10.3;-;-;downstream;LOC100506985;-;-;intergenic;RCAN3||NCMAP;-;-;-;946;30;55	Name=FLAM_A	TRUE	Other	UTR3
chr1:26440996:T:C	chr1:26440996:T:C	A:G	DHDDS	intronic	unknown	T;C;-;A;ALU;-;SINE/AluSg;intronic;DHDDS;-;-;intronic;DHDDS;-;-;intronic;DHDDS;-;-;-;4;3;3	Name=AluSg	TRUE	Alu	intronic
chr1:27880832:A:G	chr1:27880832:A:G	A:G	THEMIS2	intronic	unknown	A;G;+;A||R||D;ALU;-;SINE/AluSx1;intronic;THEMIS2;-;-;intronic;THEMIS2;-;-;intronic;THEMIS2;-;-;-;275;22;29	Name=AluSx1	TRUE	Alu	intronic
chr1:32638873:T:C	chr1:32638873:A:G	A:G	ZBTB8OS	intronic	unknown	T;C;-;A||R||D;ALU;-;SINE/AluSz;intronic;ZBTB8OS;-;-;intronic;ZBTB8OS;-;-;intronic;ZBTB8OS;-;-;-;64;16;24	Name=AluSz	TRUE	Alu	intronic
chr1:35599889:T:C	chr1:35599889:A:G	A:G	PSMB2	UTR3	unknown	T;C;-;A||R||D;ALU;-;SINE/AluJr;intergenic;TFAP2E||PSMB2;-;-;UTR3;PSMB2;-;-;UTR3;PSMB2;-;-;-;1264;30;54	Name=AluJr	TRUE	Alu	UTR3
chr1:35599903:T:C	chr1:35599903:A:G	A:G	PSMB2	UTR3	unknown	T;C;-;A||R||D;ALU;-;SINE/AluJr;intergenic;TFAP2E||PSMB2;-;-;UTR3;PSMB2;-;-;UTR3;PSMB2;-;-;-;1479;30;54	Name=AluJr	TRUE	Alu	UTR3
chr1:35602148:T:C	chr1:35602148:A:G	A:G	PSMB2	UTR3	unknown	T;C;-;A||R||D;ALU;-;SINE/AluJb;UTR3;PSMB2;-;-;UTR3;PSMB2;-;-;UTR3;PSMB2;-;-;-;2358;30;54	Name=AluJb	TRUE	Alu	UTR3
chr1:35602220:T:C	chr1:35602220:A:G	A:G	PSMB2	UTR3	unknown	T;C;-;A||R||D;ALU;-;SINE/AluJb;UTR3;PSMB2;-;-;UTR3;PSMB2;-;-;UTR3;PSMB2;-;-;-;2209;30;55	Name=AluJb	TRUE	Alu	UTR3
chr1:35602324:T:C	chr1:35602324:A:G	A:G	PSMB2	UTR3	unknown	T;C;-;A||R||D;ALU;-;SINE/AluJb;UTR3;PSMB2;-;-;UTR3;PSMB2;-;-;UTR3;PSMB2;-;-;-;2472;30;55	Name=AluJb	TRUE	Alu	UTR3
chr1:39149312:A:G	chr1:39149312:A:G	A:G	MACF1	intronic	unknown	A;G;+;A||R||D;ALU;-;SINE/AluSz;intronic;MACF1;-;-;intronic;MACF1;-;-;intronic;MACF1;-;-;-;11;7;7	Name=AluSz	TRUE	Alu	intronic
chr1:43412040:A:G	chr1:43412040:A:G	A:G	SZT2	intronic	unknown	A;G;+;A||R;ALU;-;SINE/AluSx1;intronic;SZT2;-;-;intronic;SZT2;-;-;intronic;SZT2;-;-;-;7;6;7	Name=AluSx1	TRUE	Alu	intronic
chr1:43412455:A:G	chr1:43412455:A:G	A:G	SZT2	intronic	unknown	A;G;+;A||R;ALU;-;SINE/AluJo;intronic;SZT2;-;-;intronic;SZT2;-;-;intronic;SZT2;-;-;-;37;11;16	Name=AluJo	TRUE	Alu	intronic
chr1:43413146:A:G	chr1:43413146:A:G	A:G	SZT2	intronic	unknown	A;G;+;A||R;ALU;-;SINE/AluSg7;intronic;SZT2;-;-;intronic;SZT2;-;-;intronic;SZT2;-;-;-;39;16;20	Name=AluSg7	TRUE	Alu	intronic
chr1:52823875:A:G	chr1:52823875:A:G	A:G	ZYG11B	UTR3	unknown	A;G;+;A||R||D;ALU;-;SINE/AluSz;UTR3;ZYG11B;-;-;UTR3;ZYG11B;-;-;UTR3;ZYG11B;-;-;-;2061;30;55	Name=AluSz	TRUE	Alu	UTR3
chr1:6522161:T:C	chr1:6522161:A:G	A:G	NOL9	UTR3	unknown	T;C;-;A||R||D;ALU;-;SINE/AluSx3;UTR3;NOL9;-;-;UTR3;NOL9;-;-;UTR3;NOL9;-;-;-;2089;30;55	Name=AluSq4	TRUE	Alu	UTR3
chr1:89182578:T:C	chr1:89182578:A:G	A:G	GBP4	UTR3	unknown	T;C;-;A||R;ALU;-;SINE/AluYg6;UTR3;GBP4;-;-;UTR3;GBP4;-;-;UTR3;GBP4;-;-;-;886;30;54	Name=AluYg6	TRUE	Alu	UTR3
chr1:89182706:T:C	chr1:89182706:A:G	A:G	GBP4	UTR3	unknown	T;C;-;A||R||D;ALU;-;SINE/AluYg6;UTR3;GBP4;-;-;UTR3;GBP4;-;-;UTR3;GBP4;-;-;-;1571;30;55	Name=AluYg6	TRUE	Alu	UTR3
chr1:89183780:T:C	chr1:89183780:A:G	A:G	GBP4	UTR3	unknown	T;C;-;A||R||D;ALU;-;SINE/AluJb;UTR3;GBP4;-;-;UTR3;GBP4;-;-;UTR3;GBP4;-;-;-;1187;30;55	Name=AluJb	TRUE	Alu	UTR3
chr1:89183866:T:C	chr1:89183866:A:G	A:G	GBP4	UTR3	unknown	T;C;-;A||R||D;ALU;-;SINE/AluJb;UTR3;GBP4;-;-;UTR3;GBP4;-;-;UTR3;GBP4;-;-;-;1313;30;55	Name=AluJb	TRUE	Alu	UTR3
chr1:89183874:T:C	chr1:89183874:A:G	A:G	GBP4	UTR3	unknown	T;C;-;A||R||D;ALU;-;SINE/AluJb;UTR3;GBP4;-;-;UTR3;GBP4;-;-;UTR3;GBP4;-;-;-;1246;30;55	Name=AluJb	TRUE	Alu	UTR3
chr1:9100904:T:C	chr1:9100904:A:G	A:G	GPR157	UTR3	unknown	T;C;-;A||R||D;ALU;-;SINE/AluJb;UTR3;GPR157;-;-;intergenic;SLC2A5||GPR157;-;-;intergenic;SLC2A5||GPR157;-;-;-;1706;30;49	Name=AluJb	TRUE	Alu	UTR3
chr1:9100942:T:C	chr1:9100942:A:G	A:G	GPR157	UTR3	unknown	T;C;-;A||R||D;ALU;-;SINE/AluJb;UTR3;GPR157;-;-;intergenic;SLC2A5||GPR157;-;-;intergenic;SLC2A5||GPR157;-;-;-;1114;30;43	Name=AluJb	TRUE	Alu	UTR3
chr1:9102147:T:C	chr1:9102147:A:G	A:G	GPR157	UTR3	unknown	T;C;-;A||R||D;ALU;-;SINE/AluSx;UTR3;GPR157;-;-;intergenic;SLC2A5||GPR157;-;-;intergenic;SLC2A5||GPR157;-;-;-;960;29;40	Name=AluSx	TRUE	Alu	UTR3
chr1:9102166:T:C	chr1:9102166:A:G	A:G	GPR157	UTR3	unknown	T;C;-;A||R;ALU;-;SINE/AluSx;UTR3;GPR157;-;-;intergenic;SLC2A5||GPR157;-;-;intergenic;SLC2A5||GPR157;-;-;-;240;26;34	Name=AluSx	TRUE	Alu	UTR3
chr1:9268044:A:G	chr1:9268044:A:G	A:G	H6PD	UTR3	unknown	A;G;+;A||R||D;ALU;-;SINE/AluJr;UTR3;H6PD;-;-;UTR3;H6PD;-;-;UTR3;H6PD;-;-;-;1281;30;54	Name=AluJr	TRUE	Alu	UTR3
chr1:93366748:A:G	chr1:93366748:A:G	A:G	DR1	UTR3	unknown	A;G;+;A||R;ALU;-;SINE/AluJb;UTR3;DR1;-;-;intergenic;DR1||FNBP1L;-;-;intergenic;DR1||FNBP1L;-;-;-;1083;30;55	Name=AluJb	TRUE	Alu	UTR3
chr1:201800906:A:G	chr1:201800906:T:C	A:G	IPO9-AS1	ncRNA
intronic	unknown	A;G;+;A||R;ALU;-;SINE/AluJb;ncRNA_intronic;IPO9-AS1;-;-;ncRNA_intronic;IPO9-AS1;-;-;intronic;NAV1;-;-;-;26;11;13	Name=AluJb	TRUE	Alu	ncRNA
chr1:50437523:T:C	chr1:50437523:A:G	A:G	FAF1	UTR3	unknown	T;C;-;A||R;ALU;-;SINE/AluJr;upstream;RP5-850O15.4;-;-;intergenic;DMRTA2||FAF1;-;-;intergenic;DMRTA2||FAF1;-;-;-;579;29;53	Name=AluJr	TRUE	Alu	UTR3
chr1:109063570:T:C	chr1:109063570:A:G	A:G	TAF13	downstream	unknown	T;C;-;A||R;ALU;-;SINE/AluSz6;downstream;TAF13;-;-;downstream;TAF13;-;-;downstream;TAF13;-;-;-;1978;30;55	Name=AluSz6	TRUE	Alu	downstream
chr1:109063618:T:C	chr1:109063618:A:G	A:G	TAF13	downstream	unknown	T;C;-;A||R;ALU;-;SINE/AluSz6;downstream;TAF13;-;-;downstream;TAF13;-;-;downstream;TAF13;-;-;-;10;5;5	Name=AluSz6	TRUE	Alu	downstream
chr1:109063914:T:C	chr1:109063914:A:G	A:G	TAF13	downstream	unknown	T;C;-;R;ALU;-;SINE/AluSc;downstream;TAF13;-;-;downstream;TAF13;-;-;downstream;TAF13;-;-;-;128;24;41	Name=AluSc	TRUE	Alu	downstream
chr1:109064096:T:C	chr1:109064096:A:G	A:G	TAF13	downstream	unknown	T;C;-;A||R;ALU;-;SINE/AluSc;downstream;TAF13;-;-;downstream;TAF13;-;-;downstream;TAF13;-;-;-;322;28;52	Name=AluSc	TRUE	Alu	downstream
chr1:145921979:T:C	chr1:145921979:T:C	A:G	GNRHR2	ncRNA
intronic	unknown	.	Name=AluSz6	FALSE	Alu	ncRNA
chr1:156180810:A:G	chr1:156180810:A:G	A:G	SEMA4A	downstream	unknown	A;G;+;A||R;ALU;-;SINE/AluJr;intergenic;SEMA4A||SNORA26;-;-;intergenic;SEMA4A||SLC25A44;-;-;intergenic;SEMA4A||SLC25A44;-;-;-;41;8;10	Name=AluJr	TRUE	Alu	downstream
chr1:204552114:A:G	chr1:204552114:A:G	A:G	MDM4	UTR3	unknown	A;G;+;A||R||D;ALU;-;SINE/AluSp;UTR3;MDM4;-;-;UTR3;MDM4;-;-;UTR3;MDM4;-;-;-;6;5;5	Name=AluSp	TRUE	Alu	UTR3
chr1:204552452:A:G	chr1:204552452:A:G	A:G	MDM4	UTR3	unknown	A;G;+;A||R;ALU;-;SINE/AluSg;UTR3;MDM4;-;-;UTR3;MDM4;-;-;UTR3;MDM4;-;-;-;793;30;53	Name=AluSg	TRUE	Alu	UTR3
chr1:204552503:A:G	chr1:204552503:A:G	A:G	MDM4	UTR3	unknown	A;G;+;A||R;ALU;-;SINE/AluSg;UTR3;MDM4;-;-;UTR3;MDM4;-;-;UTR3;MDM4;-;-;-;1638;30;54	Name=AluSg	TRUE	Alu	UTR3
chr1:204552596:A:G	chr1:204552596:A:G	A:G	MDM4	UTR3	unknown	A;G;+;A||R||D;ALU;-;SINE/AluSg;UTR3;MDM4;-;-;UTR3;MDM4;-;-;UTR3;MDM4;-;-;-;1282;30;54	Name=AluSg	TRUE	Alu	UTR3
chr1:20598415:A:G	chr1:20598415:A:G	A:G	CDA	intronic	unknown	A;G;+;A||R;REP;-;LTR/MLT1A1;intronic;CDA;-;-;intronic;CDA;-;-;intronic;CDA;-;-;-;26;4;4	Name=MLT1A1	TRUE	Other	intronic
chr1:225863769:T:C	chr1:225863769:A:G	A:G	TMEM63A	intronic	unknown	T;C;-;A||R||D;ALU;-;SINE/AluSz;intronic;TMEM63A;-;-;intronic;TMEM63A;-;-;intronic;TMEM63A;-;-;-;181;24;43	Name=AluSz	TRUE	Alu	intronic
chr1:22752394:A:G	chr1:22752394:A:G	A:G	EPHB2	intronic	unknown	.	Name=AluJb	FALSE	Alu	intronic
chr1:27425391:T:C	chr1:27425391:A:G	A:G	WASF2	intronic	unknown	T;C;-;A;NONREP;-;-/-;intronic;WASF2;-;-;intronic;WASF2;-;-;intronic;WASF2;-;-;-;1;1;1	.	TRUE	None	intronic
chr1:27874303:A:G	chr1:27874303:A:G	A:G	THEMIS2	intronic	unknown	A;G;+;A||R||D;ALU;-;SINE/AluJb;intronic;THEMIS2;-;-;intronic;THEMIS2;-;-;intronic;THEMIS2;-;-;-;104;7;11	Name=AluJb	TRUE	Alu	intronic
chr1:32683188:A:G	chr1:32683188:A:G	A:G	RBBP4	UTR3	unknown	A;G;+;A||R||D;ALU;-;SINE/AluSc;UTR3;RBBP4;-;-;UTR3;RBBP4;-;-;UTR3;RBBP4;-;-;-;2037;30;55	Name=AluSc	TRUE	Alu	UTR3
chr1:35903188:A:G	chr1:35903188:A:G	A:G	AGO1	intronic	unknown	A;G;+;R;ALU;-;SINE/AluY;intronic;AGO1;-;-;intronic;AGO1;-;-;intronic;AGO1;-;-;-;0;0;0	Name=AluY	TRUE	Alu	intronic
chr1:50437463:T:C	chr1:50437463:A:G	A:G	FAF1	UTR3	unknown	T;C;-;A||R;ALU;-;SINE/AluJr;upstream;RP5-850O15.4;-;-;intergenic;DMRTA2||FAF1;-;-;intergenic;DMRTA2||FAF1;-;-;-;568;30;52	Name=AluJr	TRUE	Alu	UTR3
chr1:93366749:A:G	chr1:93366749:A:G	A:G	DR1	UTR3	unknown	A;G;+;A||R;ALU;-;SINE/AluJb;UTR3;DR1;-;-;intergenic;DR1||FNBP1L;-;-;intergenic;DR1||FNBP1L;-;-;-;865;30;53	Name=AluJb	TRUE	Alu	UTR3
chr1:179860460:T:C	chr1:179860460:A:G	A:G	TOR1AIP2	UTR3	unknown	T;C;-;A||R;ALU;-;SINE/AluJr;intronic;TOR1AIP2;-;-;UTR3;TOR1AIP2;-;-;UTR3;TOR1AIP2;-;-;-;697;29;52	Name=AluJr	TRUE	Alu	UTR3
chr1:35600107:T:C	chr1:35600107:A:G	A:G	PSMB2	UTR3	unknown	T;C;-;A||R||D;ALU;-;SINE/AluJr;intergenic;TFAP2E||PSMB2;-;-;UTR3;PSMB2;-;-;UTR3;PSMB2;-;-;-;1258;30;54	Name=AluJr	TRUE	Alu	UTR3
chr1:35600124:T:C	chr1:35600124:A:G	A:G	PSMB2	UTR3	unknown	T;C;-;A||R||D;ALU;-;SINE/AluJr;intergenic;TFAP2E||PSMB2;-;-;UTR3;PSMB2;-;-;UTR3;PSMB2;-;-;-;1138;30;53	Name=AluJr	TRUE	Alu	UTR3
chr1:119990586:A:G	chr1:119990586:T:C	A:G	NOTCH2	intronic	unknown	.	Name=MIR3	FALSE	Other	intronic
chr1:145745386:T:C	chr1:145745386:A:G	A:G	RNF115	UTR3	unknown	.	Name=AluJb	FALSE	Alu	UTR3
chr1:160998027:T:C	chr1:160998027:A:G	A:G	F11R	UTR3	unknown	T;C;-;A||R||D;ALU;-;SINE/AluSp;UTR3;F11R;-;-;UTR3;F11R;-;-;UTR3;F11R;-;-;475;114;1465;30;55	Name=AluSp	TRUE	Alu	UTR3
chr1:184793353:T:C	chr1:184793353:A:G	A:G	NIBAN1	UTR3	unknown	T;C;-;A||R||D;ALU;-;SINE/AluSz;UTR3;FAM129A;-;-;UTR3;FAM129A;-;-;UTR3;FAM129A;-;-;-;1884;30;54	Name=AluSz	TRUE	Alu	UTR3
chr1:206223013:A:G	chr1:206223013:A:G	A:G	SRGAP2	intronic	unknown	.	Name=AluSz	FALSE	Alu	intronic
chr1:235486008:T:C	chr1:235486008:A:G	A:G	B3GALNT2	intronic	unknown	T;C;-;A||R||D;ALU;-;SINE/AluJb;intronic;B3GALNT2;-;-;intronic;B3GALNT2;-;-;intronic;B3GALNT2;-;-;-;237;23;36	Name=AluJb	TRUE	Alu	intronic
chr1:35599885:T:C	chr1:35599885:A:G	A:G	PSMB2	UTR3	unknown	T;C;-;A||R||D;ALU;-;SINE/AluJr;intergenic;TFAP2E||PSMB2;-;-;UTR3;PSMB2;-;-;UTR3;PSMB2;-;-;-;1265;30;53	Name=AluJr	TRUE	Alu	UTR3
chr1:35602769:T:C	chr1:35602769:A:G	A:G	PSMB2	UTR3	unknown	T;C;-;A||R||D;ALU;-;SINE/AluSc;UTR3;PSMB2;-;-;UTR3;PSMB2;-;-;UTR3;PSMB2;-;-;-;2455;30;55	Name=AluSc	TRUE	Alu	UTR3
chr1:43412052:A:G	chr1:43412052:A:G	A:G	SZT2	intronic	unknown	.	Name=AluSx1	FALSE	Alu	intronic
chr1:43412460:A:G	chr1:43412460:A:G	A:G	SZT2	intronic	unknown	A;G;+;A||R||D;ALU;-;SINE/AluJo;intronic;SZT2;-;-;intronic;SZT2;-;-;intronic;SZT2;-;-;-;33;14;19	Name=AluJo	TRUE	Alu	intronic
chr1:43413147:A:G	chr1:43413147:A:G	A:G	SZT2	intronic	unknown	A;G;+;A||R;ALU;-;SINE/AluSg7;intronic;SZT2;-;-;intronic;SZT2;-;-;intronic;SZT2;-;-;-;36;16;22	Name=AluSg7	TRUE	Alu	intronic
chr1:52824016:A:G	chr1:52824016:A:G	A:G	ZYG11B	UTR3	unknown	A;G;+;A||R||D;ALU;-;SINE/AluSz;UTR3;ZYG11B;-;-;UTR3;ZYG11B;-;-;UTR3;ZYG11B;-;-;-;1971;30;55	Name=AluSz	TRUE	Alu	UTR3
chr1:77700567:T:C	chr1:77700567:A:G	A:G	USP33	intronic	unknown	T;C;-;A||R||D;ALU;-;SINE/AluJo;intronic;USP33;-;-;intronic;USP33;-;-;intronic;USP33;-;-;-;1042;30;54	Name=AluJo	TRUE	Alu	intronic
chr1:77790788:A:G	chr1:77790788:A:G	A:G	MIGA1	intronic	unknown	A;G;+;A||R||D;ALU;-;SINE/AluSq2;intronic;FAM73A;-;-;intronic;FAM73A;-;-;intronic;FAM73A;-;-;-;93;19;33	Name=AluSq2	TRUE	Alu	intronic
chr1:89183877:T:C	chr1:89183877:A:G	A:G	GBP4	UTR3	unknown	T;C;-;A||R||D;ALU;-;SINE/AluJb;UTR3;GBP4;-;-;UTR3;GBP4;-;-;UTR3;GBP4;-;-;-;811;30;54	Name=AluJb	TRUE	Alu	UTR3
chr1:9268164:A:G	chr1:9268164:A:G	A:G	H6PD	UTR3	unknown	A;G;+;A||R||D;ALU;-;SINE/AluJr;UTR3;H6PD;-;-;UTR3;H6PD;-;-;UTR3;H6PD;-;-;-;2354;30;55	Name=AluJr	TRUE	Alu	UTR3
chr1:109063932:T:C	chr1:109063932:A:G	A:G	TAF13	downstream	unknown	T;C;-;R;ALU;-;SINE/AluSc;downstream;TAF13;-;-;downstream;TAF13;-;-;downstream;TAF13;-;-;-;20;10;15	Name=AluSc	TRUE	Alu	downstream
chr1:35600137:T:C	chr1:35600137:A:G	A:G	PSMB2	UTR3	unknown	T;C;-;A||R||D;ALU;-;SINE/AluJr;intergenic;TFAP2E||PSMB2;-;-;UTR3;PSMB2;-;-;UTR3;PSMB2;-;-;-;1155;30;53	Name=AluJr	TRUE	Alu	UTR3
chr1:10577740:A:G	chr1:10577740:A:G	A:G	PEX14	intronic	unknown	A;G;+;A||R;ALU;-;SINE/AluY;intronic;PEX14;-;-;intronic;PEX14;-;-;intronic;PEX14;-;-;-;19;7;9	Name=AluY	TRUE	Alu	intronic
chr1:109063892:T:C	chr1:109063892:A:G	A:G	TAF13	downstream	unknown	T;C;-;A||R;ALU;-;SINE/AluSc;downstream;TAF13;-;-;downstream;TAF13;-;-;downstream;TAF13;-;-;-;224;25;45	Name=AluSc	TRUE	Alu	downstream
chr1:109403544:T:C	chr1:109403544:A:G	A:G	PSMA5	intronic	unknown	T;C;-;A||R||D;ALU;-;SINE/AluJb;intronic;PSMA5;-;-;intronic;PSMA5;-;-;intronic;PSMA5;-;-;-;1135;29;51	Name=AluJb	TRUE	Alu	intronic
chr1:109404243:T:C	chr1:109404243:A:G	A:G	PSMA5	intronic	unknown	T;C;-;A||R||D;ALU;-;SINE/AluSz6;intronic;PSMA5;-;-;intronic;PSMA5;-;-;intronic;PSMA5;-;-;-;1471;29;51	Name=AluSz6	TRUE	Alu	intronic
chr1:109597036:A:G	chr1:109597036:A:G	A:G	GNAI3	UTR3	unknown	A;G;+;A||R;REP;-;DNA/Tigger4a;ncRNA_intronic;RP5-1160K1.3;-;-;intergenic;GNAI3||MIR197;-;-;intergenic;GNAI3||MIR197;-;-;-;169;23;41	Name=Tigger4a	TRUE	Other	UTR3
chr1:109597206:A:G	chr1:109597206:A:G	A:G	GNAI3	UTR3	unknown	A;G;+;A||R;ALU;-;SINE/AluSx1;ncRNA_intronic;RP5-1160K1.3;-;-;intergenic;GNAI3||MIR197;-;-;intergenic;GNAI3||MIR197;-;-;-;52;11;20	Name=AluSx1	TRUE	Alu	UTR3
chr1:175938857:T:C	chr1:175938857:A:G	A:G	COP1	downstream	unknown	T;C;-;A||R;ALU;-;SINE/AluJb;intergenic;RP11-318C24.2||RFWD2;-;-;intergenic;LOC101928751||RFWD2;-;-;intergenic;TNR||RFWD2;-;-;-;5;5;5	Name=AluJb	TRUE	Alu	downstream
chr1:211434546:A:G	chr1:211434546:A:G	A:G	LINC00467	downstream	unknown	A;G;+;A||R;ALU;-;SINE/AluJr;upstream;RP11-318L16.6;-;-;intergenic;LINC00467||RD3;-;-;intergenic;LINC00467||RD3;-;-;-;739;30;54	Name=AluJr	TRUE	Alu	downstream
chr1:244432873:T:C	chr1:244432873:A:G	A:G	ADSS2	intronic	unknown	T;C;-;A||R||D;ALU;-;SINE/AluY;intronic;ADSS;-;-;intronic;ADSS;-;-;intronic;ADSS;-;-;-;12;9;9	Name=AluY	TRUE	Alu	intronic
chr1:43412477:A:G	chr1:43412477:A:G	A:G	SZT2	intronic	unknown	A;G;+;A;ALU;-;SINE/AluJo;intronic;SZT2;-;-;intronic;SZT2;-;-;intronic;SZT2;-;-;-;33;12;15	Name=AluJo	TRUE	Alu	intronic
chr1:8412456:T:C	chr1:8412456:A:G	A:G	RERE	intronic	unknown	T;C;-;A||R||D;NONREP;-;-/-;intronic;RERE;-;-;intronic;RERE;-;-;intronic;RERE;-;-;-;40;11;15	.	TRUE	None	intronic
chr1:145922075:T:C	chr1:145922075:T:C	A:G	GNRHR2	ncRNA
intronic	unknown	.	Name=AluSz6	FALSE	Alu	ncRNA
chr1:16465436:A:G	chr1:16465436:A:G	A:G	LINC01772	ncRNA
intronic	unknown	A;G;+;A||R;ALU;-;SINE/AluSc;ncRNA_intronic;RP4-798A10.2;-;-;intergenic;NECAP2||CROCCP3;-;-;intergenic;NECAP2||CROCCP3;-;-;-;111;18;31	Name=AluSc	TRUE	Alu	ncRNA
chr1:1830858:T:C	chr1:1830858:A:G	A:G	GNB1	intronic	unknown	T;C;-;R;NONREP;-;-/-;intronic;GNB1;-;-;intronic;GNB1;-;-;intronic;GNB1;-;-;-;4;4;4	.	TRUE	None	intronic
chr1:184793456:T:C	chr1:184793456:A:G	A:G	NIBAN1	UTR3	unknown	T;C;-;A||R||D;ALU;-;SINE/AluSz;UTR3;FAM129A;-;-;UTR3;FAM129A;-;-;UTR3;FAM129A;-;-;-;2006;30;55	Name=AluSz	TRUE	Alu	UTR3
chr1:223105662:T:C	chr1:223105662:A:G	A:G	TLR5	downstream	unknown	.	Name=MER1A	FALSE	Other	downstream
chr1:22735316:A:G	chr1:22735316:A:G	A:G	EPHB2	intronic	unknown	.	Name=AluJr	FALSE	Alu	intronic
chr1:52824268:A:G	chr1:52824268:A:G	A:G	ZYG11B	UTR3	unknown	A;G;+;A||R||D;ALU;-;SINE/AluJr;UTR3;ZYG11B;-;-;UTR3;ZYG11B;-;-;UTR3;ZYG11B;-;-;-;1815;30;55	Name=AluJr	TRUE	Alu	UTR3
chr1:9102247:T:C	chr1:9102247:A:G	A:G	GPR157	UTR3	unknown	T;C;-;R;ALU;-;SINE/AluSx;UTR3;GPR157;-;-;intergenic;SLC2A5||GPR157;-;-;intergenic;SLC2A5||GPR157;-;-;-;170;21;26	Name=AluSx	TRUE	Alu	UTR3
chr1:145745519:T:C	chr1:145745519:A:G	A:G	RNF115	UTR3	unknown	.	Name=AluSq	FALSE	Alu	UTR3
chr1:20596873:A:G	chr1:20596873:A:G	A:G	CDA	intronic	unknown	A;G;+;A||R;ALU;-;SINE/AluJb;intronic;CDA;-;-;intronic;CDA;-;-;intronic;CDA;-;-;-;10;4;4	Name=AluJb	TRUE	Alu	intronic
chr1:145745596:T:C	chr1:145745596:A:G	A:G	RNF115	UTR3	unknown	.	Name=AluSq	FALSE	Alu	UTR3
chr1:1830778:T:C	chr1:1830778:A:G	A:G	GNB1	intronic	unknown	T;C;-;A||R||D;ALU;-;SINE/AluJr4;intronic;GNB1;-;-;intronic;GNB1;-;-;intronic;GNB1;-;-;-;3;3;3	Name=AluJr4	TRUE	Alu	intronic
chr1:211434374:A:G	chr1:211434374:A:G	A:G	LINC00467	downstream	unknown	A;G;+;A||R;ALU;-;SINE/AluJr;upstream;RP11-318L16.6;-;-;intergenic;LINC00467||RD3;-;-;intergenic;LINC00467||RD3;-;-;-;584;28;51	Name=AluJr	TRUE	Alu	downstream
chr1:211434412:A:G	chr1:211434412:A:G	A:G	LINC00467	downstream	unknown	A;G;+;A||R;ALU;-;SINE/AluJr;upstream;RP11-318L16.6;-;-;intergenic;LINC00467||RD3;-;-;intergenic;LINC00467||RD3;-;-;-;436;28;47	Name=AluJr	TRUE	Alu	downstream
chr1:212358076:T:C	chr1:212358076:T:C	A:G	PPP2R5A	intronic	unknown	T;C;-;R;ALU;-;SINE/AluJo;ncRNA_exonic;RP11-384C4.2;-;-;intronic;PPP2R5A;-;-;intronic;PPP2R5A;-;-;-;12;9;9	Name=AluJo	TRUE	Alu	intronic
chr1:38841445:T:C	chr1:38841445:A:G	A:G	RRAGC	intronic	unknown	T;C;-;A||R||D;ALU;-;SINE/AluJr4;intronic;RRAGC;-;-;intronic;RRAGC;-;-;intronic;RRAGC;-;-;-;15;8;10	Name=AluJr4	TRUE	Alu	intronic
chr1:247305244:T:C	chr1:247305244:A:G	A:G	ZNF496	intronic	unknown	T;C;-;A||R||D;ALU;-;SINE/AluSx;intronic;ZNF496;-;-;intronic;ZNF496;-;-;intronic;ZNF496;-;-;-;386;30;48	Name=AluSx3	TRUE	Alu	intronic
chr1:111133342:T:C	chr1:111133342:A:G	A:G	DRAM2	intronic	unknown	T;C;-;A||R||D;ALU;-;SINE/AluSx1;intronic;DRAM2;-;-;intronic;DRAM2;-;-;intronic;DRAM2;-;-;-;142;20;31	Name=AluSx1	TRUE	Alu	intronic
chr1:145745992:T:C	chr1:145745992:A:G	A:G	RNF115	UTR3	unknown	.	Name=AluSc8	FALSE	Alu	UTR3
chr1:145782392:T:C	chr1:145782392:A:G	A:G	RNF115	intronic	unknown	.	Name=FLAM_A	FALSE	Other	intronic
chr1:179920990:A:G	chr1:179920990:A:G	A:G	TOR1AIP1	downstream	unknown	A;G;+;A||R;ALU;-;SINE/AluSx;UTR3;TOR1AIP1;-;-;downstream;TOR1AIP1;-;-;downstream;TOR1AIP1;-;-;-;405;28;49	Name=AluSx	TRUE	Alu	downstream
chr1:16466651:A:G	chr1:16466651:A:G	A:G	LINC01772	ncRNA
intronic	unknown	A;G;+;A||R||D;ALU;-;SINE/AluSq2;ncRNA_intronic;RP4-798A10.2;-;-;downstream;CROCCP3;-;-;downstream;CROCCP3;-;-;-;136;25;37	Name=AluSq2	TRUE	Alu	ncRNA
chr1:156730650:A:G	chr1:156730650:A:G	A:G	RRNAD1	intronic	unknown	A;G;+;A||R||D;ALU;-;SINE/AluSx;intronic;RRNAD1;-;-;intronic;RRNAD1;-;-;intronic;RRNAD1;-;-;-;712;30;46	Name=AluSx	TRUE	Alu	intronic
chr1:145595308:A:G	chr1:145595308:T:C	A:G	NBPF25P	ncRNA
intronic	unknown	.	Name=L1MB7	FALSE	LINE	ncRNA
chr1:161507385:A:G	chr1:161507385:A:G	A:G	FCGR2A	intronic	unknown	A;G;+;A||R;ALU;-;SINE/AluJr;intronic;FCGR2A;-;-;intronic;FCGR2A;-;-;intronic;FCGR2A;-;-;-;202;13;17	Name=AluJr	TRUE	Alu	intronic
chr1:201800898:A:G	chr1:201800898:T:C	A:G	IPO9-AS1	ncRNA
intronic	unknown	A;G;+;A||R;ALU;-;SINE/AluJb;ncRNA_intronic;IPO9-AS1;-;-;ncRNA_intronic;IPO9-AS1;-;-;intronic;NAV1;-;-;-;22;11;13	Name=AluJb	TRUE	Alu	ncRNA
chr1:52442092:T:C	chr1:52442092:A:G	A:G	TUT4	intronic	unknown	T;C;-;A||R||D;ALU;-;SINE/AluSz;intronic;ZCCHC11;-;-;intronic;ZCCHC11;-;-;intronic;ZCCHC11;-;-;-;512;30;47	Name=AluSz	TRUE	Alu	intronic
chr1:35599876:T:C	chr1:35599876:A:G	A:G	PSMB2	UTR3	unknown	T;C;-;A||R||D;ALU;-;SINE/AluJr;intergenic;TFAP2E||PSMB2;-;-;UTR3;PSMB2;-;-;UTR3;PSMB2;-;-;-;1278;30;53	Name=AluJr	TRUE	Alu	UTR3
chr1:54234558:T:C	chr1:54234558:A:G	A:G	SSBP3	intronic	unknown	T;C;-;A||R||D;ALU;-;SINE/AluJr;intronic;SSBP3;-;-;intronic;SSBP3;-;-;intronic;SSBP3;-;-;-;383;27;42	Name=AluJr	TRUE	Alu	intronic
chr1:9927795:T:C	chr1:9927795:A:G	A:G	LZIC	UTR3	unknown	T;C;-;A||R||D;ALU;-;SINE/AluSx3;intergenic;CTNNBIP1||LZIC;-;-;UTR3;LZIC;-;-;intergenic;CTNNBIP1||LZIC;-;-;-;1125;30;54	Name=AluSx3	TRUE	Alu	UTR3
chr1:151435642:G:A	chr1:151435642:C:T	C:T	POGZ	intronic	unknown	.	Name=AluSz	FALSE	Alu	intronic
chr1:151435652:T:C	chr1:151435652:A:G	A:G	POGZ	intronic	unknown	.	Name=AluSz	FALSE	Alu	intronic
chr1:26280764:G:A	chr1:26280764:G:A	C:T	SH3BGRL3	splicing	unknown	.	.	FALSE	None	splicing
chr1:11743818:A:G	chr1:11743818:A:G	A:G	AGTRAP	intronic	unknown	A;G;+;R;ALU;-;SINE/AluSp;intronic;AGTRAP;-;-;intronic;AGTRAP;-;-;intronic;AGTRAP;-;-;-;267;22;29	Name=AluSp	TRUE	Alu	intronic
chr1:89423073:T:C	chr1:89423073:T:C	A:G	GBP1P1	ncRNA
intronic	unknown	.	.	FALSE	None	ncRNA
chr1:144890368:G:A	chr1:144890368:C:T	C:T	SRGAP2-AS1	ncRNA
intronic	unknown	.	Name=L2c	FALSE	Other	ncRNA
chr1:89426660:G:A	chr1:89426660:G:A	C:T	GBP1P1	downstream	unknown	.	.	FALSE	None	downstream
chr1:89426662:G:A	chr1:89426662:G:A	C:T	GBP1P1	downstream	unknown	.	.	FALSE	None	downstream
chr2:143048903:A:G	chr2:143048903:A:G	A:G	KYNU	UTR3	unknown	A;G;+;A||R;REP;-;LINE/L1PA8A;intergenic;KYNU||ARHGAP15;-;-;intergenic;KYNU||ARHGAP15;-;-;intergenic;KYNU||ARHGAP15;-;-;-;19;6;6	Name=L1PA8A	TRUE	LINE	UTR3
chr2:171517383:G:A	chr2:171517383:G:A	C:T	CYBRD1	upstream	unknown	.	.	FALSE	None	upstream
chr2:180872861:T:C	chr2:180872861:T:C	A:G	SCHLAP1	ncRNA
intronic	unknown	.	.	FALSE	None	ncRNA
chr2:180872894:A:G	chr2:180872894:A:G	A:G	SCHLAP1	ncRNA
intronic	unknown	.	.	FALSE	None	ncRNA
chr2:180872918:T:C	chr2:180872918:T:C	A:G	SCHLAP1	ncRNA
intronic	unknown	.	.	FALSE	None	ncRNA
chr2:190934866:A:G	chr2:190934866:A:G	A:G	GLS	UTR3	unknown	A;G;+;A||R;NONREP;-;-/-;UTR3;GLS;-;-;UTR3;GLS;-;-;UTR3;GLS;-;-;-;2175;30;55	.	TRUE	None	UTR3
chr2:201165371:A:G	chr2:201165371:A:G	A:G	CFLAR	UTR3	unknown	A;G;+;A||R||D;ALU;-;SINE/AluSx1;UTR3;CFLAR;-;-;UTR3;CFLAR;-;-;UTR3;CFLAR;-;-;-;1295;30;55	Name=AluSx1	TRUE	Alu	UTR3
chr2:203303756:A:G	chr2:203303756:A:G	A:G	CYP20A1	UTR3	unknown	A;G;+;A||R||D;ALU;-;SINE/AluSz6;intergenic;CYP20A1||ABI2;-;-;UTR3;CYP20A1;-;-;UTR3;CYP20A1;-;-;-;1252;30;55	Name=AluSz6	TRUE	Alu	UTR3
chr2:203305385:A:G	chr2:203305385:A:G	A:G	CYP20A1	UTR3	unknown	A;G;+;A||R||D;ALU;-;SINE/AluSc;intergenic;CYP20A1||ABI2;-;-;UTR3;CYP20A1;-;-;UTR3;CYP20A1;-;-;-;1595;30;55	Name=AluSc	TRUE	Alu	UTR3
chr2:206122264:T:C	chr2:206122264:A:G	A:G	NDUFS1	UTR3	unknown	T;C;-;A||R;ALU;-;SINE/AluJr;ncRNA_exonic;AC007383.4;-;-;downstream;NDUFS1;-;-;downstream;NDUFS1;-;-;-;2203;30;55	Name=AluJr	TRUE	Alu	UTR3
chr2:206122384:T:C	chr2:206122384:A:G	A:G	NDUFS1	UTR3	unknown	T;C;-;A||R||D;ALU;-;SINE/AluSx;UTR3;NDUFS1;-;-;downstream;NDUFS1;-;-;downstream;NDUFS1;-;-;-;1946;30;55	Name=AluSx	TRUE	Alu	UTR3
chr2:206122385:T:C	chr2:206122385:A:G	A:G	NDUFS1	UTR3	unknown	T;C;-;A;ALU;rs186220792;SINE/AluSx;UTR3;NDUFS1;-;-;downstream;NDUFS1;-;-;downstream;NDUFS1;-;-;-;1021;30;55	Name=AluSx	TRUE	Alu	UTR3
chr2:206122412:T:C	chr2:206122412:A:G	A:G	NDUFS1	UTR3	unknown	T;C;-;A||R;ALU;-;SINE/AluSx;UTR3;NDUFS1;-;-;downstream;NDUFS1;-;-;downstream;NDUFS1;-;-;-;1454;30;54	Name=AluSx	TRUE	Alu	UTR3
chr2:206122529:T:C	chr2:206122529:A:G	A:G	NDUFS1	UTR3	unknown	T;C;-;A||R||D;ALU;-;SINE/AluSx;UTR3;NDUFS1;-;-;downstream;NDUFS1;-;-;downstream;NDUFS1;-;-;-;1693;30;55	Name=AluSx	TRUE	Alu	UTR3
chr2:207754807:A:G	chr2:207754807:A:G	A:G	MIR4775	ncRNA
exonic	unknown	A;G;+;A||R;NONREP;-;-/-;ncRNA_exonic;MIR4775;-;-;ncRNA_exonic;MIR4775;-;-;ncRNA_exonic;MIR4775;-;-;-;2088;30;54	.	TRUE	None	ncRNA
chr2:207754861:A:G	chr2:207754861:A:G	A:G	MIR4775	ncRNA
exonic	unknown	A;G;+;A||R||D;NONREP;-;-/-;ncRNA_exonic;MIR4775;-;-;ncRNA_exonic;MIR4775;-;-;ncRNA_exonic;MIR4775;-;-;289;20;1521;30;54	.	TRUE	None	ncRNA
chr2:207755018:A:G	chr2:207755018:A:G	A:G	CCNYL1	UTR3	unknown	A;G;+;A||R||D;REP;-;SINE/FAM;UTR3;CCNYL1;-;-;UTR3;CCNYL1;-;-;UTR3;CCNYL1;-;-;-;2314;30;55	Name=AluJo	TRUE	Alu	UTR3
chr2:207755025:A:G	chr2:207755025:A:G	A:G	CCNYL1	UTR3	unknown	A;G;+;A||R||D;REP;-;SINE/FAM;UTR3;CCNYL1;-;-;UTR3;CCNYL1;-;-;UTR3;CCNYL1;-;-;-;2106;30;55	Name=AluJo	TRUE	Alu	UTR3
chr2:207755419:A:G	chr2:207755419:A:G	A:G	CCNYL1	UTR3	unknown	A;G;+;A||R;NONREP;-;-/-;UTR3;CCNYL1;-;-;UTR3;CCNYL1;-;-;UTR3;CCNYL1;-;-;-;1710;30;54	.	TRUE	None	UTR3
chr2:230168009:T:C	chr2:230168009:A:G	A:G	SP110	UTR3	unknown	T;C;-;A||R;ALU;-;SINE/AluSx;ncRNA_intronic;AC009950.2;-;-;downstream;SP110;-;-;downstream;SP110;-;-;-;785;30;52	Name=AluSx	TRUE	Alu	UTR3
chr2:37103976:T:C	chr2:37103976:A:G	A:G	EIF2AK2	UTR3	unknown	T;C;-;A||R||D;ALU;-;SINE/AluSx1;UTR3;EIF2AK2;-;-;intergenic;GPATCH11||EIF2AK2;-;-;intergenic;GPATCH11||EIF2AK2;-;-;-;1303;30;55	Name=AluSx1	TRUE	Alu	UTR3
chr2:37202383:A:G	chr2:37202383:A:G	A:G	CEBPZOS	UTR3	unknown	A;G;+;A||R||D;ALU;-;SINE/AluSz;UTR3;AC007390.5;-;-;ncRNA_exonic;CEBPZOS;-;-;UTR3;LOC100505876;-;-;-;2141;30;55	Name=AluSz	TRUE	Alu	UTR3
chr2:37202483:A:G	chr2:37202483:A:G	A:G	CEBPZOS	UTR3	unknown	A;G;+;A||R||D;ALU;-;SINE/AluSz;UTR3;AC007390.5;-;-;ncRNA_exonic;CEBPZOS;-;-;UTR3;LOC100505876;-;-;-;5;4;4	Name=AluSz	TRUE	Alu	UTR3
chr2:37202485:A:G	chr2:37202485:A:G	A:G	CEBPZOS	UTR3	unknown	A;G;+;A||R||D;ALU;-;SINE/AluSz;UTR3;AC007390.5;-;-;ncRNA_exonic;CEBPZOS;-;-;UTR3;LOC100505876;-;-;-;2;2;2	Name=AluSz	TRUE	Alu	UTR3
chr2:37202534:A:G	chr2:37202534:A:G	A:G	CEBPZOS	UTR3	unknown	A;G;+;A||R||D;ALU;-;SINE/AluSz;UTR3;AC007390.5;-;-;ncRNA_exonic;CEBPZOS;-;-;UTR3;LOC100505876;-;-;-;1700;30;55	Name=AluSz	TRUE	Alu	UTR3
chr2:37202595:A:G	chr2:37202595:A:G	A:G	CEBPZOS	UTR3	unknown	A;G;+;A||R||D;ALU;-;SINE/AluSz;UTR3;AC007390.5;-;-;ncRNA_exonic;CEBPZOS;-;-;UTR3;LOC100505876;-;-;-;1581;30;55	Name=AluSz	TRUE	Alu	UTR3
chr2:37204342:A:G	chr2:37204342:A:G	A:G	CEBPZOS	UTR3	unknown	A;G;+;A||R||D;ALU;-;SINE/AluSc;UTR3;AC007390.5;-;-;ncRNA_exonic;CEBPZOS;-;-;UTR3;LOC100505876;-;-;-;1108;30;55	Name=AluSc	TRUE	Alu	UTR3
chr2:37204377:A:G	chr2:37204377:A:G	A:G	CEBPZOS	UTR3	unknown	A;G;+;A||R;ALU;-;SINE/AluSc;UTR3;AC007390.5;-;-;ncRNA_exonic;CEBPZOS;-;-;UTR3;LOC100505876;-;-;-;1644;30;54	Name=AluSc	TRUE	Alu	UTR3
chr2:37204378:A:G	chr2:37204378:A:G	A:G	CEBPZOS	UTR3	unknown	A;G;+;A||R;ALU;-;SINE/AluSc;UTR3;AC007390.5;-;-;ncRNA_exonic;CEBPZOS;-;-;UTR3;LOC100505876;-;-;-;1619;30;55	Name=AluSc	TRUE	Alu	UTR3
chr2:37204461:A:G	chr2:37204461:A:G	A:G	CEBPZOS	UTR3	unknown	A;G;+;A||R;ALU;-;SINE/AluSc;UTR3;AC007390.5;-;-;ncRNA_exonic;CEBPZOS;-;-;UTR3;LOC100505876;-;-;-;2414;30;55	Name=AluSc	TRUE	Alu	UTR3
chr2:37204538:A:G	chr2:37204538:A:G	A:G	CEBPZOS	UTR3	unknown	A;G;+;A||R||D;ALU;-;SINE/AluSc;UTR3;AC007390.5;-;-;ncRNA_exonic;CEBPZOS;-;-;UTR3;LOC100505876;-;-;-;2344;30;55	Name=AluSc	TRUE	Alu	UTR3
chr2:46567815:A:G	chr2:46567815:A:G	A:G	RHOQ	intronic	unknown	A;G;+;A||R||D;ALU;-;SINE/AluJo;intronic;RHOQ;-;-;intronic;RHOQ;-;-;intronic;RHOQ;-;-;-;34;13;15	Name=AluJo	TRUE	Alu	intronic
chr2:61513598:T:C	chr2:61513598:A:G	A:G	XPO1	intronic	unknown	T;C;-;A||R;ALU;-;SINE/AluSz;intronic;XPO1;-;-;intronic;XPO1;-;-;intronic;XPO1;-;-;-;19;9;10	Name=AluSz	TRUE	Alu	intronic
chr2:9550531:T:C	chr2:9550531:A:G	A:G	ADAM17	intronic	unknown	T;C;-;A||R||D;ALU;-;SINE/AluSz;intronic;ADAM17;-;-;intronic;ADAM17;-;-;intronic;ADAM17;-;-;-;3;3;3	Name=AluSz	TRUE	Alu	intronic
chr2:9936699:A:G	chr2:9936699:A:G	A:G	TAF1B	downstream	unknown	A;G;+;A||R;ALU;-;SINE/AluJr;ncRNA_exonic;RP11-95D17.1;-;-;intergenic;TAF1B||GRHL1;-;-;intergenic;TAF1B||GRHL1;-;-;-;1787;30;55	Name=AluJr	TRUE	Alu	downstream
chr2:113712588:T:C	chr2:113712588:A:G	A:G	SLC35F5	UTR3	unknown	T;C;-;A||R||D;ALU;-;SINE/AluY;downstream;SLC35F5;-;-;downstream;SLC35F5;-;-;intergenic;U6||SLC35F5;-;-;-;1504;30;55	Name=AluYe5	TRUE	Alu	UTR3
chr2:143048796:A:G	chr2:143048796:A:G	A:G	KYNU	UTR3	unknown	A;G;+;R;REP;-;LINE/L1PA8A;intergenic;KYNU||ARHGAP15;-;-;intergenic;KYNU||ARHGAP15;-;-;intergenic;KYNU||ARHGAP15;-;-;-;30;10;11	Name=L1PA8A	TRUE	LINE	UTR3
chr2:175926453:T:C	chr2:175926453:A:G	A:G	LNPK	UTR3	unknown	T;C;-;A||R||D;REP;-;LTR/MSTD;UTR3;KIAA1715;-;-;UTR3;KIAA1715;-;-;UTR3;KIAA1715;-;-;-;1878;30;54	Name=MSTD	TRUE	Other	UTR3
chr2:202486835:A:G	chr2:202486835:A:G	A:G	BMPR2	intronic	unknown	A;G;+;A;ALU;rs185563651;SINE/AluJr;intronic;BMPR2;-;-;intronic;BMPR2;-;-;intronic;BMPR2;-;-;-;86;18;24	Name=AluJr	TRUE	Alu	intronic
chr2:203298941:A:G	chr2:203298941:A:G	A:G	CYP20A1	UTR3	unknown	A;G;+;A||R||D;ALU;-;SINE/AluSx3;intergenic;CYP20A1||ABI2;-;-;UTR3;CYP20A1;-;-;UTR3;CYP20A1;-;-;-;625;30;52	Name=AluSx3	TRUE	Alu	UTR3
chr2:203300703:A:G	chr2:203300703:A:G	A:G	CYP20A1	UTR3	unknown	A;G;+;A||R||D;ALU;-;SINE/AluSp;intergenic;CYP20A1||ABI2;-;-;UTR3;CYP20A1;-;-;UTR3;CYP20A1;-;-;-;462;30;53	Name=AluSp	TRUE	Alu	UTR3
chr2:203301117:A:G	chr2:203301117:A:G	A:G	CYP20A1	UTR3	unknown	A;G;+;A||R||D;ALU;-;SINE/AluSp;intergenic;CYP20A1||ABI2;-;-;UTR3;CYP20A1;-;-;UTR3;CYP20A1;-;-;-;284;28;48	Name=AluSp	TRUE	Alu	UTR3
chr2:206121509:T:C	chr2:206121509:A:G	A:G	NDUFS1	UTR3	unknown	T;C;-;A||R;ALU;-;SINE/AluSz;ncRNA_intronic;AC007383.4;-;-;intergenic;GCSHP3||NDUFS1;-;-;intergenic;AX747742||NDUFS1;-;-;-;1550;30;55	Name=AluSz	TRUE	Alu	UTR3
chr2:206122372:T:C	chr2:206122372:A:G	A:G	NDUFS1	UTR3	unknown	T;C;-;A||R;ALU;-;SINE/AluSx;UTR3;NDUFS1;-;-;downstream;NDUFS1;-;-;downstream;NDUFS1;-;-;-;1799;30;55	Name=AluSx	TRUE	Alu	UTR3
chr2:207754755:A:G	chr2:207754755:A:G	A:G	CCNYL1	UTR3	unknown	A;G;+;A||R||D;REP;-;SINE/FAM;UTR3;CCNYL1;-;-;UTR3;CCNYL1;-;-;UTR3;CCNYL1;-;-;-;2213;30;54	Name=FAM	TRUE	Other	UTR3
chr2:207755405:A:G	chr2:207755405:A:G	A:G	CCNYL1	UTR3	unknown	A;G;+;A||R;NONREP;-;-/-;UTR3;CCNYL1;-;-;UTR3;CCNYL1;-;-;UTR3;CCNYL1;-;-;-;1677;30;53	.	TRUE	None	UTR3
chr2:215943585:T:C	chr2:215943585:A:G	A:G	MREG	UTR3	unknown	T;C;-;A||R||D;ALU;-;SINE/AluSc8;downstream;MREG;-;-;UTR3;MREG;-;-;UTR3;MREG;-;-;-;1372;30;53	Name=AluSc8	TRUE	Alu	UTR3
chr2:215943597:T:C	chr2:215943597:A:G	A:G	MREG	UTR3	unknown	T;C;-;A||R||D;ALU;-;SINE/AluSc8;downstream;MREG;-;-;UTR3;MREG;-;-;UTR3;MREG;-;-;-;1370;29;52	Name=AluSc8	TRUE	Alu	UTR3
chr2:215943598:T:C	chr2:215943598:A:G	A:G	MREG	UTR3	unknown	T;C;-;A||R||D;ALU;-;SINE/AluSc8;downstream;MREG;-;-;UTR3;MREG;-;-;UTR3;MREG;-;-;-;787;28;50	Name=AluSc8	TRUE	Alu	UTR3
chr2:218237750:A:G	chr2:218237750:A:G	A:G	ARPC2	intronic	unknown	A;G;+;A||R||D;ALU;-;SINE/AluSx1;intronic;ARPC2;-;-;intronic;ARPC2;-;-;intronic;ARPC2;-;-;-;1654;30;53	Name=AluSx1	TRUE	Alu	intronic
chr2:218237756:A:G	chr2:218237756:A:G	A:G	ARPC2	intronic	unknown	A;G;+;A||R||D;ALU;-;SINE/AluSx1;intronic;ARPC2;-;-;intronic;ARPC2;-;-;intronic;ARPC2;-;-;-;1699;30;53	Name=AluSx1	TRUE	Alu	intronic
chr2:229261141:T:C	chr2:229261141:A:G	A:G	PID1	intronic	unknown	T;C;-;A;REP;-;LTR/MLT1C;intronic;PID1;-;-;intronic;PID1;-;-;intronic;PID1;-;-;-;4;3;3	Name=MLT1C	TRUE	Other	intronic
chr2:230512895:A:G	chr2:230512895:A:G	A:G	SP100	intronic	unknown	A;G;+;A||R||D;REP;-;DNA/MER1A;intronic;SP100;-;-;intronic;SP100;-;-;intronic;SP100;-;-;-;159;24;29	Name=MER1A	TRUE	Other	intronic
chr2:37100447:T:C	chr2:37100447:A:G	A:G	EIF2AK2	UTR3	unknown	T;C;-;A||R;NONREP;-;-/-;UTR3;EIF2AK2;-;-;intergenic;GPATCH11||EIF2AK2;-;-;intergenic;GPATCH11||EIF2AK2;-;-;-;2022;30;54	.	TRUE	None	UTR3
chr2:37100939:T:C	chr2:37100939:A:G	A:G	EIF2AK2	UTR3	unknown	T;C;-;A||R||D;NONREP;-;-/-;UTR3;EIF2AK2;-;-;intergenic;GPATCH11||EIF2AK2;-;-;intergenic;GPATCH11||EIF2AK2;-;-;-;2224;30;55	.	TRUE	None	UTR3
chr2:37100944:T:C	chr2:37100944:A:G	A:G	EIF2AK2	UTR3	unknown	T;C;-;A||D;NONREP;rs112433864;-/-;UTR3;EIF2AK2;-;-;intergenic;GPATCH11||EIF2AK2;-;-;intergenic;GPATCH11||EIF2AK2;-;-;-;2490;30;55	.	TRUE	None	UTR3
chr2:37104028:T:C	chr2:37104028:A:G	A:G	EIF2AK2	UTR3	unknown	T;C;-;A||R||D;ALU;-;SINE/AluSx1;UTR3;EIF2AK2;-;-;intergenic;GPATCH11||EIF2AK2;-;-;intergenic;GPATCH11||EIF2AK2;-;-;-;933;30;54	Name=AluSx1	TRUE	Alu	UTR3
chr2:37104064:T:C	chr2:37104064:A:G	A:G	EIF2AK2	UTR3	unknown	T;C;-;A||R||D;ALU;-;SINE/AluSx1;UTR3;EIF2AK2;-;-;intergenic;GPATCH11||EIF2AK2;-;-;intergenic;GPATCH11||EIF2AK2;-;-;-;919;30;53	Name=AluSx1	TRUE	Alu	UTR3
chr2:37155858:T:C	chr2:37155858:A:G	A:G	EIF2AK2	intronic	unknown	T;C;-;A||R||D;ALU;-;SINE/AluSx1;intronic;EIF2AK2;-;-;intronic;EIF2AK2;-;-;intronic;EIF2AK2;-;-;-;2;1;1	Name=AluSx1	TRUE	Alu	intronic
chr2:55297017:T:C	chr2:55297017:A:G	A:G	CCDC88A	intronic	unknown	T;C;-;A||R||D;ALU;-;SINE/AluSx3;intronic;CCDC88A;-;-;intronic;CCDC88A;-;-;intronic;CCDC88A;-;-;-;366;28;50	Name=AluSx3	TRUE	Alu	intronic
chr2:60897785:A:G	chr2:60897785:A:G	A:G	REL	intronic	unknown	A;G;+;A||R||D;REP;-;SINE/FLAM_A;intronic;REL;-;-;intronic;REL;-;-;intronic;REL;-;-;-;65;15;17	Name=FLAM_A	TRUE	Other	intronic
chr2:9524290:T:C	chr2:9524290:A:G	A:G	ADAM17	intronic	unknown	T;C;-;A||R||D;ALU;-;SINE/AluJo;intronic;ADAM17;-;-;intronic;ADAM17;-;-;intronic;ADAM17;-;-;-;57;13;17	Name=AluJo	TRUE	Alu	intronic
chr2:9550513:T:C	chr2:9550513:A:G	A:G	ADAM17	intronic	unknown	T;C;-;A||R||D;ALU;-;SINE/AluSz;intronic;ADAM17;-;-;intronic;ADAM17;-;-;intronic;ADAM17;-;-;-;4;3;3	Name=AluSz	TRUE	Alu	intronic
chr2:113710053:T:C	chr2:113710053:A:G	A:G	SLC35F5	UTR3	unknown	T;C;-;A||R||D;ALU;-;SINE/AluJo;intergenic;AC017074.2||SLC35F5;-;-;intergenic;RABL2A||SLC35F5;-;-;intergenic;U6||SLC35F5;-;-;-;1758;30;55	Name=AluJo	TRUE	Alu	UTR3
chr2:156453808:T:C	chr2:156453808:T:C	A:G	GPD2	intronic	unknown	.	Name=AluSx	FALSE	Alu	intronic
chr2:178434857:A:G	chr2:178434857:A:G	A:G	CHROMR	ncRNA
intronic	unknown	A;G;+;A||R;ALU;-;SINE/AluSx;ncRNA_intronic;AC009948.5;-;-;ncRNA_intronic;LOC101927027||MIR548N;-;-;ncRNA_intronic;MIR548N;-;-;-;697;29;50	Name=AluSq	TRUE	Alu	ncRNA
chr2:201165546:A:G	chr2:201165546:A:G	A:G	CFLAR	UTR3	unknown	A;G;+;A||R;ALU;-;SINE/AluSx1;UTR3;CFLAR;-;-;UTR3;CFLAR;-;-;UTR3;CFLAR;-;-;-;1622;30;55	Name=AluSx1	TRUE	Alu	UTR3
chr2:207754653:A:G	chr2:207754653:A:G	A:G	CCNYL1	UTR3	unknown	A;G;+;A||R||D;REP;-;SINE/FAM;UTR3;CCNYL1;-;-;UTR3;CCNYL1;-;-;UTR3;CCNYL1;-;-;-;1776;30;54	Name=FAM	TRUE	Other	UTR3
chr2:215943652:T:C	chr2:215943652:A:G	A:G	MREG	UTR3	unknown	T;C;-;A||R||D;ALU;-;SINE/AluSc8;downstream;MREG;-;-;UTR3;MREG;-;-;UTR3;MREG;-;-;-;836;29;51	Name=AluSc8	TRUE	Alu	UTR3
chr2:215943674:T:C	chr2:215943674:A:G	A:G	MREG	UTR3	unknown	T;C;-;A||R;ALU;-;SINE/AluSc8;downstream;MREG;-;-;UTR3;MREG;-;-;UTR3;MREG;-;-;-;408;25;42	Name=AluSc8	TRUE	Alu	UTR3
chr2:215943719:T:C	chr2:215943719:A:G	A:G	MREG	UTR3	unknown	T;C;-;A||R||D;ALU;-;SINE/AluSc8;downstream;MREG;-;-;UTR3;MREG;-;-;UTR3;MREG;-;-;-;477;26;46	Name=AluSc8	TRUE	Alu	UTR3
chr2:215943779:T:C	chr2:215943779:A:G	A:G	MREG	UTR3	unknown	T;C;-;R||D;ALU;-;SINE/AluSc8;downstream;MREG;-;-;UTR3;MREG;-;-;UTR3;MREG;-;-;-;73;13;20	Name=AluSc8	TRUE	Alu	UTR3
chr2:31930886:T:C	chr2:31930886:A:G	A:G	MEMO1	intronic	unknown	T;C;-;R||D;ALU;-;SINE/AluSx;intronic;MEMO1;-;-;intronic;MEMO1;-;-;intronic;MEMO1;-;-;-;0;0;0	Name=AluSx	TRUE	Alu	intronic
chr2:32309937:A:G	chr2:32309937:A:G	A:G	YIPF4	UTR3	unknown	A;G;+;A||R;ALU;-;SINE/AluSx1;UTR3;YIPF4;-;-;intergenic;YIPF4||BIRC6;-;-;intergenic;YIPF4||BIRC6;-;-;-;975;30;54	Name=AluSx1	TRUE	Alu	UTR3
chr2:37100519:T:C	chr2:37100519:A:G	A:G	EIF2AK2	UTR3	unknown	T;C;-;A||R||D;NONREP;-;-/-;UTR3;EIF2AK2;-;-;intergenic;GPATCH11||EIF2AK2;-;-;intergenic;GPATCH11||EIF2AK2;-;-;-;2456;30;55	.	TRUE	None	UTR3
chr2:37100523:T:C	chr2:37100523:A:G	A:G	EIF2AK2	UTR3	unknown	T;C;-;A||R||D;NONREP;-;-/-;UTR3;EIF2AK2;-;-;intergenic;GPATCH11||EIF2AK2;-;-;intergenic;GPATCH11||EIF2AK2;-;-;-;2294;30;54	.	TRUE	None	UTR3
chr2:37100559:T:C	chr2:37100559:A:G	A:G	EIF2AK2	UTR3	unknown	T;C;-;A||R||D;NONREP;-;-/-;UTR3;EIF2AK2;-;-;intergenic;GPATCH11||EIF2AK2;-;-;intergenic;GPATCH11||EIF2AK2;-;-;-;2505;30;55	.	TRUE	None	UTR3
chr2:37100870:T:C	chr2:37100870:A:G	A:G	EIF2AK2	UTR3	unknown	T;C;-;A||R||D;NONREP;-;-/-;UTR3;EIF2AK2;-;-;intergenic;GPATCH11||EIF2AK2;-;-;intergenic;GPATCH11||EIF2AK2;-;-;-;2330;30;55	.	TRUE	None	UTR3
chr2:37100891:T:C	chr2:37100891:A:G	A:G	EIF2AK2	UTR3	unknown	T;C;-;A||R||D;NONREP;rs552562330;-/-;UTR3;EIF2AK2;-;-;intergenic;GPATCH11||EIF2AK2;-;-;intergenic;GPATCH11||EIF2AK2;-;-;-;2431;30;55	.	TRUE	None	UTR3
chr2:37100932:T:C	chr2:37100932:A:G	A:G	EIF2AK2	UTR3	unknown	T;C;-;A||R||D;NONREP;-;-/-;UTR3;EIF2AK2;-;-;intergenic;GPATCH11||EIF2AK2;-;-;intergenic;GPATCH11||EIF2AK2;-;-;-;2524;30;55	.	TRUE	None	UTR3
chr2:37100954:T:C	chr2:37100954:A:G	A:G	EIF2AK2	UTR3	unknown	T;C;-;A||D;NONREP;rs111521470;-/-;UTR3;EIF2AK2;-;-;intergenic;GPATCH11||EIF2AK2;-;-;intergenic;GPATCH11||EIF2AK2;-;-;-;2512;30;55	.	TRUE	None	UTR3
chr2:37102071:T:C	chr2:37102071:A:G	A:G	EIF2AK2	UTR3	unknown	T;C;-;A||R||D;ALU;-;SINE/AluJr4;UTR3;EIF2AK2;-;-;intergenic;GPATCH11||EIF2AK2;-;-;intergenic;GPATCH11||EIF2AK2;-;-;-;1788;30;55	Name=AluJr4	TRUE	Alu	UTR3
chr2:37102095:T:C	chr2:37102095:A:G	A:G	EIF2AK2	UTR3	unknown	T;C;-;A||R||D;ALU;-;SINE/AluJr4;UTR3;EIF2AK2;-;-;intergenic;GPATCH11||EIF2AK2;-;-;intergenic;GPATCH11||EIF2AK2;-;-;-;1626;30;55	Name=AluJr4	TRUE	Alu	UTR3
chr2:37202389:A:G	chr2:37202389:A:G	A:G	CEBPZOS	UTR3	unknown	A;G;+;A||R;ALU;-;SINE/AluSz;UTR3;AC007390.5;-;-;ncRNA_exonic;CEBPZOS;-;-;UTR3;LOC100505876;-;-;-;1277;30;54	Name=AluSz	TRUE	Alu	UTR3
chr2:37202390:A:G	chr2:37202390:A:G	A:G	CEBPZOS	UTR3	unknown	A;G;+;A||R||D;ALU;-;SINE/AluSz;UTR3;AC007390.5;-;-;ncRNA_exonic;CEBPZOS;-;-;UTR3;LOC100505876;-;-;-;1319;30;55	Name=AluSz	TRUE	Alu	UTR3
chr2:98678108:T:C	chr2:98678108:A:G	A:G	MGAT4A	intronic	unknown	T;C;-;A||R;ALU;-;SINE/AluY;intronic;MGAT4A;-;-;intronic;MGAT4A;-;-;intronic;MGAT4A;-;-;-;10;4;5	Name=AluY	TRUE	Alu	intronic
chr2:9935984:A:G	chr2:9935984:A:G	A:G	TAF1B	downstream	unknown	A;G;+;A||R;ALU;-;SINE/AluJb;upstream;RP11-95D17.1;-;-;intergenic;TAF1B||GRHL1;-;-;intergenic;TAF1B||GRHL1;-;-;-;545;28;51	Name=AluJb	TRUE	Alu	downstream
chr2:10637107:T:C	chr2:10637107:A:G	A:G	NOL10	intronic	unknown	T;C;-;A||R;ALU;-;SINE/AluSz6;intronic;NOL10;-;-;intronic;NOL10;-;-;intronic;NOL10;-;-;-;9;6;7	Name=AluSz6	TRUE	Alu	intronic
chr2:113707798:T:C	chr2:113707798:A:G	A:G	SLC35F5	UTR3	unknown	T;C;-;A||R;ALU;-;SINE/AluSx3;intergenic;AC017074.2||SLC35F5;-;-;intergenic;RABL2A||SLC35F5;-;-;intergenic;U6||SLC35F5;-;-;-;1707;30;55	Name=AluSx3	TRUE	Alu	UTR3
chr2:113707840:T:C	chr2:113707840:A:G	A:G	SLC35F5	UTR3	unknown	T;C;-;A||R;ALU;-;SINE/AluSx3;intergenic;AC017074.2||SLC35F5;-;-;intergenic;RABL2A||SLC35F5;-;-;intergenic;U6||SLC35F5;-;-;-;1651;30;54	Name=AluSx3	TRUE	Alu	UTR3
chr2:113708460:T:C	chr2:113708460:A:G	A:G	SLC35F5	UTR3	unknown	T;C;-;A||R;ALU;-;SINE/AluSz;intergenic;AC017074.2||SLC35F5;-;-;intergenic;RABL2A||SLC35F5;-;-;intergenic;U6||SLC35F5;-;-;-;1588;30;55	Name=AluSz	TRUE	Alu	UTR3
chr2:113708487:T:C	chr2:113708487:A:G	A:G	SLC35F5	UTR3	unknown	T;C;-;A||R||D;ALU;-;SINE/AluSz;intergenic;AC017074.2||SLC35F5;-;-;intergenic;RABL2A||SLC35F5;-;-;intergenic;U6||SLC35F5;-;-;-;1828;30;55	Name=AluSz	TRUE	Alu	UTR3
chr2:113708513:T:C	chr2:113708513:A:G	A:G	SLC35F5	UTR3	unknown	T;C;-;A||R||D;ALU;-;SINE/AluSz;intergenic;AC017074.2||SLC35F5;-;-;intergenic;RABL2A||SLC35F5;-;-;intergenic;U6||SLC35F5;-;-;-;1454;30;54	Name=AluSz	TRUE	Alu	UTR3
chr2:113709956:T:C	chr2:113709956:A:G	A:G	SLC35F5	UTR3	unknown	T;C;-;A||R||D;ALU;-;SINE/AluJo;intergenic;AC017074.2||SLC35F5;-;-;intergenic;RABL2A||SLC35F5;-;-;intergenic;U6||SLC35F5;-;-;-;2076;30;55	Name=AluJo	TRUE	Alu	UTR3
chr2:120165711:T:C	chr2:120165711:T:C	A:G	EPB41L5	intronic	unknown	.	Name=AluSz	FALSE	Alu	intronic
chr2:120165724:T:C	chr2:120165724:T:C	A:G	EPB41L5	intronic	unknown	.	Name=AluSz	FALSE	Alu	intronic
chr2:131117002:A:G	chr2:131117002:A:G	A:G	PLEKHB2	intronic	unknown	A;G;+;A||R||D;ALU;-;SINE/AluSq2;intronic;PLEKHB2;-;-;intronic;PLEKHB2;-;-;intronic;PLEKHB2;-;-;-;21;7;10	Name=AluSq2	TRUE	Alu	intronic
chr2:131145475:A:G	chr2:131145475:A:G	A:G	PLEKHB2	intronic	unknown	A;G;+;A||R;ALU;-;SINE/AluSz6;intronic;PLEKHB2;-;-;intronic;PLEKHB2;-;-;intronic;PLEKHB2;-;-;-;502;26;42	Name=AluSz6	TRUE	Alu	intronic
chr2:131146035:A:G	chr2:131146035:A:G	A:G	PLEKHB2	intronic	unknown	A;G;+;A||R||D;ALU;-;SINE/AluY;intronic;PLEKHB2;-;-;intronic;PLEKHB2;-;-;intronic;PLEKHB2;-;-;-;284;24;35	Name=AluY	TRUE	Alu	intronic
chr2:131146117:A:G	chr2:131146117:A:G	A:G	PLEKHB2	intronic	unknown	A;G;+;A||R||D;ALU;-;SINE/AluY;intronic;PLEKHB2;-;-;intronic;PLEKHB2;-;-;intronic;PLEKHB2;-;-;-;367;28;44	Name=AluY	TRUE	Alu	intronic
chr2:174375996:T:C	chr2:174375996:A:G	A:G	CIR1	intronic	unknown	T;C;-;A||R||D;ALU;-;SINE/AluJb;intronic;CIR1;-;-;intronic;CIR1;-;-;intronic;CIR1;-;-;-;15;8;10	Name=AluJb	TRUE	Alu	intronic
chr2:200977769:T:C	chr2:200977769:A:G	A:G	FAM126B	UTR3	unknown	T;C;-;A||R||D;ALU;-;SINE/AluJb;ncRNA_intronic;AC005037.3;-;-;UTR3;FAM126B;-;-;UTR3;FAM126B;-;-;-;1702;30;55	Name=AluJb	TRUE	Alu	UTR3
chr2:20272015:T:C	chr2:20272015:A:G	A:G	PUM2	intronic	unknown	T;C;-;A||R||D;ALU;-;SINE/AluSx1;intronic;PUM2;-;-;intronic;PUM2;-;-;intronic;PUM2;-;-;-;62;17;20	Name=AluSx1	TRUE	Alu	intronic
chr2:207754737:A:G	chr2:207754737:A:G	A:G	CCNYL1	UTR3	unknown	A;G;+;A||R||D;REP;-;SINE/FAM;UTR3;CCNYL1;-;-;UTR3;CCNYL1;-;-;UTR3;CCNYL1;-;-;-;1476;30;54	Name=FAM	TRUE	Other	UTR3
chr2:207754926:A:G	chr2:207754926:A:G	A:G	CCNYL1	UTR3	unknown	A;G;+;A||R||D;REP;-;SINE/FAM;UTR3;CCNYL1;-;-;UTR3;CCNYL1;-;-;UTR3;CCNYL1;-;-;-;2123;30;54	Name=AluJo	TRUE	Alu	UTR3
chr2:32309964:A:G	chr2:32309964:A:G	A:G	YIPF4	UTR3	unknown	A;G;+;A||R;ALU;-;SINE/AluSx1;UTR3;YIPF4;-;-;intergenic;YIPF4||BIRC6;-;-;intergenic;YIPF4||BIRC6;-;-;-;1277;30;54	Name=AluSx1	TRUE	Alu	UTR3
chr2:37100527:T:C	chr2:37100527:A:G	A:G	EIF2AK2	UTR3	unknown	T;C;-;A||R;NONREP;-;-/-;UTR3;EIF2AK2;-;-;intergenic;GPATCH11||EIF2AK2;-;-;intergenic;GPATCH11||EIF2AK2;-;-;-;2142;30;54	.	TRUE	None	UTR3
chr2:37100534:T:C	chr2:37100534:A:G	A:G	EIF2AK2	UTR3	unknown	T;C;-;A||R;NONREP;-;-/-;UTR3;EIF2AK2;-;-;intergenic;GPATCH11||EIF2AK2;-;-;intergenic;GPATCH11||EIF2AK2;-;-;-;1938;30;55	.	TRUE	None	UTR3
chr2:37100865:T:C	chr2:37100865:A:G	A:G	EIF2AK2	UTR3	unknown	T;C;-;A||R;NONREP;-;-/-;UTR3;EIF2AK2;-;-;intergenic;GPATCH11||EIF2AK2;-;-;intergenic;GPATCH11||EIF2AK2;-;-;-;2321;30;55	.	TRUE	None	UTR3
chr2:37102204:T:C	chr2:37102204:A:G	A:G	EIF2AK2	UTR3	unknown	T;C;-;A||R||D;ALU;-;SINE/AluJr4;UTR3;EIF2AK2;-;-;intergenic;GPATCH11||EIF2AK2;-;-;intergenic;GPATCH11||EIF2AK2;-;-;-;1817;30;55	Name=AluJr4	TRUE	Alu	UTR3
chr2:37103895:T:C	chr2:37103895:A:G	A:G	EIF2AK2	UTR3	unknown	T;C;-;A||R||D;ALU;-;SINE/AluSx1;UTR3;EIF2AK2;-;-;intergenic;GPATCH11||EIF2AK2;-;-;intergenic;GPATCH11||EIF2AK2;-;-;-;1338;30;54	Name=AluSx1	TRUE	Alu	UTR3
chr2:37202435:A:G	chr2:37202435:A:G	A:G	CEBPZOS	UTR3	unknown	A;G;+;A||R||D;ALU;-;SINE/AluSz;UTR3;AC007390.5;-;-;ncRNA_exonic;CEBPZOS;-;-;UTR3;LOC100505876;-;-;-;1164;30;54	Name=AluSz	TRUE	Alu	UTR3
chr2:113707834:T:C	chr2:113707834:A:G	A:G	SLC35F5	UTR3	unknown	T;C;-;A||R;ALU;-;SINE/AluSx3;intergenic;AC017074.2||SLC35F5;-;-;intergenic;RABL2A||SLC35F5;-;-;intergenic;U6||SLC35F5;-;-;-;938;30;54	Name=AluSx3	TRUE	Alu	UTR3
chr2:113708488:T:C	chr2:113708488:A:G	A:G	SLC35F5	UTR3	unknown	T;C;-;A||R;ALU;-;SINE/AluSz;intergenic;AC017074.2||SLC35F5;-;-;intergenic;RABL2A||SLC35F5;-;-;intergenic;U6||SLC35F5;-;-;-;1157;30;54	Name=AluSz	TRUE	Alu	UTR3
chr2:113708539:T:C	chr2:113708539:A:G	A:G	SLC35F5	UTR3	unknown	T;C;-;A||R;ALU;-;SINE/AluSz;intergenic;AC017074.2||SLC35F5;-;-;intergenic;RABL2A||SLC35F5;-;-;intergenic;U6||SLC35F5;-;-;-;2032;30;55	Name=AluSz	TRUE	Alu	UTR3
chr2:113708578:T:C	chr2:113708578:A:G	A:G	SLC35F5	UTR3	unknown	T;C;-;A||R;ALU;-;SINE/AluSz;intergenic;AC017074.2||SLC35F5;-;-;intergenic;RABL2A||SLC35F5;-;-;intergenic;U6||SLC35F5;-;-;-;1708;30;55	Name=AluSz	TRUE	Alu	UTR3
chr2:113708584:T:C	chr2:113708584:A:G	A:G	SLC35F5	UTR3	unknown	T;C;-;A||R;ALU;-;SINE/AluSz;intergenic;AC017074.2||SLC35F5;-;-;intergenic;RABL2A||SLC35F5;-;-;intergenic;U6||SLC35F5;-;-;-;1584;30;55	Name=AluSz	TRUE	Alu	UTR3
chr2:113708623:T:C	chr2:113708623:A:G	A:G	SLC35F5	UTR3	unknown	T;C;-;A||R;ALU;-;SINE/AluSz;intergenic;AC017074.2||SLC35F5;-;-;intergenic;RABL2A||SLC35F5;-;-;intergenic;U6||SLC35F5;-;-;-;1691;30;55	Name=AluSz	TRUE	Alu	UTR3
chr2:113710726:T:C	chr2:113710726:A:G	A:G	SLC35F5	UTR3	unknown	T;C;-;A||R;ALU;-;SINE/AluSz;intergenic;AC017074.2||SLC35F5;-;-;intergenic;RABL2A||SLC35F5;-;-;intergenic;U6||SLC35F5;-;-;-;1345;30;54	Name=AluSz	TRUE	Alu	UTR3
chr2:186628822:A:G	chr2:186628822:A:G	A:G	ITGAV	intronic	unknown	A;G;+;A||R||D;NONREP;-;-/-;intronic;ITGAV;-;-;intronic;ITGAV;-;-;intronic;ITGAV;-;-;-;156;25;34	.	TRUE	None	intronic
chr2:186628845:A:G	chr2:186628845:A:G	A:G	ITGAV	intronic	unknown	A;G;+;A||R||D;NONREP;-;-/-;intronic;ITGAV;-;-;intronic;ITGAV;-;-;intronic;ITGAV;-;-;-;119;21;29	.	TRUE	None	intronic
chr2:197284185:T:C	chr2:197284185:A:G	A:G	ANKRD44-IT1	ncRNA
intronic	unknown	T;C;-;A||R;NONREP;-;-/-;ncRNA_intronic;ANKRD44-IT1;-;-;ncRNA_intronic;ANKRD44-IT1;-;-;intronic;ANKRD44;-;-;243;13;6;5;5	.	TRUE	None	ncRNA
chr2:200977694:T:C	chr2:200977694:A:G	A:G	FAM126B	UTR3	unknown	T;C;-;A||R||D;ALU;-;SINE/AluJb;ncRNA_intronic;AC005037.3;-;-;UTR3;FAM126B;-;-;UTR3;FAM126B;-;-;-;1618;30;54	Name=AluJb	TRUE	Alu	UTR3
chr2:200977711:T:C	chr2:200977711:A:G	A:G	FAM126B	UTR3	unknown	T;C;-;A||R||D;ALU;-;SINE/AluJb;ncRNA_intronic;AC005037.3;-;-;UTR3;FAM126B;-;-;UTR3;FAM126B;-;-;-;1442;30;54	Name=AluJb	TRUE	Alu	UTR3
chr2:230367853:A:G	chr2:230367853:A:G	A:G	SP140L	intronic	unknown	A;G;+;A||R;ALU;-;SINE/AluSc5;intronic;SP140L;-;-;intronic;SP140L;-;-;intronic;SP140L;-;-;-;3;2;2	Name=AluSc5	TRUE	Alu	intronic
chr2:24088540:A:G	chr2:24088540:A:G	A:G	FAM228B	intronic	unknown	A;G;+;A||R||D;ALU;-;SINE/AluSz6;intergenic;TP53I3||PFN4;-;-;intronic;FAM228B;-;-;intronic;FAM228B;-;-;-;6;6;6	Name=AluSz6	TRUE	Alu	intronic
chr2:37100873:T:C	chr2:37100873:A:G	A:G	EIF2AK2	UTR3	unknown	T;C;-;A||R||D;NONREP;-;-/-;UTR3;EIF2AK2;-;-;intergenic;GPATCH11||EIF2AK2;-;-;intergenic;GPATCH11||EIF2AK2;-;-;-;2276;30;55	.	TRUE	None	UTR3
chr2:87480821:A:G	chr2:87480821:A:G	A:G	CYTOR	ncRNA
intronic	unknown	A;G;+;R||D;ALU;-;SINE/AluSx3;ncRNA_intronic;LINC00152;-;-;ncRNA_intronic;LINC00152;-;-;ncRNA_intronic;LINC00152;-;-;-;17;6;6	Name=AluSx3	TRUE	Alu	ncRNA
chr2:113707833:T:C	chr2:113707833:A:G	A:G	SLC35F5	UTR3	unknown	T;C;-;A||R||D;ALU;-;SINE/AluSx3;intergenic;AC017074.2||SLC35F5;-;-;intergenic;RABL2A||SLC35F5;-;-;intergenic;U6||SLC35F5;-;-;-;1367;30;54	Name=AluSx3	TRUE	Alu	UTR3
chr2:113708461:T:C	chr2:113708461:A:G	A:G	SLC35F5	UTR3	unknown	T;C;-;A||R;ALU;-;SINE/AluSz;intergenic;AC017074.2||SLC35F5;-;-;intergenic;RABL2A||SLC35F5;-;-;intergenic;U6||SLC35F5;-;-;-;664;29;54	Name=AluSz	TRUE	Alu	UTR3
chr2:128193066:A:G	chr2:128193066:A:G	A:G	UGGT1	UTR3	unknown	A;G;+;A||R;ALU;-;SINE/AluSc;UTR3;UGGT1;-;-;UTR3;UGGT1;-;-;UTR3;UGGT1;-;-;-;55;22;26	Name=AluSc	TRUE	Alu	UTR3
chr2:218780929:A:G	chr2:218780929:A:G	A:G	CYP27A1	upstream	unknown	A;G;+;R;ALU;-;SINE/AluSx1;upstream;CYP27A1;-;-;upstream;CYP27A1;-;-;upstream;CYP27A1;-;-;-;24;9;15	Name=AluSx1	TRUE	Alu	upstream
chr2:37103468:T:C	chr2:37103468:A:G	A:G	EIF2AK2	UTR3	unknown	T;C;-;A||R||D;ALU;-;SINE/AluSq2;UTR3;EIF2AK2;-;-;intergenic;GPATCH11||EIF2AK2;-;-;intergenic;GPATCH11||EIF2AK2;-;-;-;601;30;53	Name=AluSq2	TRUE	Alu	UTR3
chr2:37103469:T:C	chr2:37103469:A:G	A:G	EIF2AK2	UTR3	unknown	T;C;-;A||R||D;ALU;-;SINE/AluSq2;UTR3;EIF2AK2;-;-;intergenic;GPATCH11||EIF2AK2;-;-;intergenic;GPATCH11||EIF2AK2;-;-;-;630;30;52	Name=AluSq2	TRUE	Alu	UTR3
chr2:69461771:T:C	chr2:69461771:A:G	A:G	AAK1	UTR3	unknown	T;C;-;A||R||D;ALU;-;SINE/AluSq2;ncRNA_exonic;RP11-427H3.3;-;-;UTR3;AAK1;-;-;UTR3;AAK1;-;-;-;13;5;5	Name=AluSq2	TRUE	Alu	UTR3
chr2:113708448:T:C	chr2:113708448:A:G	A:G	SLC35F5	UTR3	unknown	T;C;-;A||R;ALU;-;SINE/AluSz;intergenic;AC017074.2||SLC35F5;-;-;intergenic;RABL2A||SLC35F5;-;-;intergenic;U6||SLC35F5;-;-;-;1265;30;55	Name=AluSz	TRUE	Alu	UTR3
chr2:201218013:A:G	chr2:201218013:A:G	A:G	CASP10	UTR3	unknown	A;G;+;A||R;ALU;-;SINE/AluJb;UTR3;CASP10;-;-;UTR3;CASP10;-;-;UTR3;CASP10;-;-;-;1445;30;55	Name=AluJb	TRUE	Alu	UTR3
chr2:108674600:A:G	chr2:108674600:A:G	A:G	LIMS1	intronic	unknown	A;G;+;A;ALU;-;SINE/AluY;intronic;LIMS1;-;-;intronic;LIMS1;-;-;intronic;LIMS1;-;-;-;10;9;9	Name=AluY	TRUE	Alu	intronic
chr2:186628861:A:G	chr2:186628861:A:G	A:G	ITGAV	intronic	unknown	A;G;+;A||R||D;REP;-;SINE/MIRb;intronic;ITGAV;-;-;intronic;ITGAV;-;-;intronic;ITGAV;-;-;-;103;19;27	Name=MIRb	TRUE	Other	intronic
chr2:215943677:T:C	chr2:215943677:A:G	A:G	MREG	UTR3	unknown	T;C;-;A||R||D;ALU;-;SINE/AluSc8;downstream;MREG;-;-;UTR3;MREG;-;-;UTR3;MREG;-;-;-;589;27;48	Name=AluSc8	TRUE	Alu	UTR3
chr2:32307741:A:G	chr2:32307741:A:G	A:G	YIPF4	UTR3	unknown	A;G;+;A||R||D;ALU;-;SINE/AluSx1;UTR3;YIPF4;-;-;intergenic;YIPF4||BIRC6;-;-;intergenic;YIPF4||BIRC6;-;-;-;932;30;54	Name=AluSx1	TRUE	Alu	UTR3
chr2:201218007:A:G	chr2:201218007:A:G	A:G	CASP10	UTR3	unknown	A;G;+;A||R||D;ALU;-;SINE/AluJb;UTR3;CASP10;-;-;UTR3;CASP10;-;-;UTR3;CASP10;-;-;-;1707;30;55	Name=AluJb	TRUE	Alu	UTR3
chr2:108453523:A:G	chr2:108453523:A:G	A:G	GCC2	intronic	unknown	A;G;+;A||R||D;ALU;-;SINE/AluSz;intronic;GCC2;-;-;intronic;GCC2;-;-;intronic;GCC2;-;-;-;5;4;4	Name=AluSz	TRUE	Alu	intronic
chr2:191011516:T:C	chr2:191011516:A:G	A:G	STAT1	intronic	unknown	T;C;-;A||R||D;ALU;-;SINE/AluJb;intronic;STAT1;-;-;intronic;STAT1;-;-;intronic;STAT1;-;-;-;105;13;15	Name=AluJr	TRUE	Alu	intronic
chr2:159335005:T:C	chr2:159335005:A:G	A:G	BAZ2B	intronic	unknown	T;C;-;A||R||D;REP;-;SINE/FAM;intronic;BAZ2B;-;-;intronic;BAZ2B;-;-;intronic;BAZ2B;-;-;-;827;29;53	Name=FAM	TRUE	Other	intronic
chr2:203306646:A:G	chr2:203306646:A:G	A:G	CYP20A1	downstream	unknown	A;G;+;A||R;ALU;-;SINE/AluY;intergenic;CYP20A1||ABI2;-;-;downstream;CYP20A1;-;-;downstream;CYP20A1;-;-;-;26;16;18	Name=AluY	TRUE	Alu	downstream
chr2:233361995:A:G	chr2:233361995:A:G	A:G	DGKD	intronic	unknown	A;G;+;A||R||D;ALU;-;SINE/AluSq2;ncRNA_intronic;AC019221.4;-;-;intronic;DGKD;-;-;intronic;DGKD;-;-;-;8;5;6	Name=AluSq2	TRUE	Alu	intronic
chr2:241056788:A:G	chr2:241056788:A:G	A:G	SNED1	intronic	unknown	A;G;+;A||R;ALU;-;SINE/AluY;ncRNA_intronic;AC005237.4;-;-;intronic;SNED1;-;-;intronic;SNED1;-;-;-;174;25;32	Name=AluY	TRUE	Alu	intronic
chr2:44412429:A:G	chr2:44412429:A:G	A:G	CAMKMT	intronic	unknown	A;G;+;A||R||D;ALU;-;SINE/AluSx1;intronic;CAMKMT;-;-;intronic;CAMKMT;-;-;intronic;CAMKMT;-;-;-;28;7;8	Name=AluSx1	TRUE	Alu	intronic
chr2:86195420:T:C	chr2:86195420:A:G	A:G	IMMT	UTR5	unknown	.	.	FALSE	None	UTR5
chr2:241057193:A:G	chr2:241057193:A:G	A:G	SNED1	intronic	unknown	A;G;+;R;ALU;-;SINE/AluSq2;ncRNA_intronic;AC005237.4;-;-;intronic;SNED1;-;-;intronic;SNED1;-;-;-;144;20;25	Name=AluSq2	TRUE	Alu	intronic
chr2:128193030:A:G	chr2:128193030:A:G	A:G	UGGT1	UTR3	unknown	A;G;+;A||R||D;ALU;-;SINE/AluSc;UTR3;UGGT1;-;-;UTR3;UGGT1;-;-;UTR3;UGGT1;-;-;-;62;19;25	Name=AluSc	TRUE	Alu	UTR3
chr2:120163698:T:C	chr2:120163698:T:C	A:G	EPB41L5	intronic	unknown	.	Name=AluJo	FALSE	Alu	intronic
chr2:120163711:T:C	chr2:120163711:T:C	A:G	EPB41L5	intronic	unknown	.	Name=AluJo	FALSE	Alu	intronic
chr2:120164123:T:C	chr2:120164123:T:C	A:G	EPB41L5	intronic	unknown	T;C;-;R;ALU;-;SINE/AluY;intronic;EPB41L5;-;-;intronic;EPB41L5;-;-;intronic;EPB41L5;-;-;-;9;4;4	Name=AluY	TRUE	Alu	intronic
chr2:120164147:T:C	chr2:120164147:T:C	A:G	EPB41L5	intronic	unknown	T;C;-;R;ALU;-;SINE/AluY;intronic;EPB41L5;-;-;intronic;EPB41L5;-;-;intronic;EPB41L5;-;-;-;20;8;8	Name=AluY	TRUE	Alu	intronic
chr2:120164322:T:C	chr2:120164322:T:C	A:G	EPB41L5	intronic	unknown	T;C;-;A||R;ALU;-;SINE/AluJo;intronic;EPB41L5;-;-;intronic;EPB41L5;-;-;intronic;EPB41L5;-;-;-;16;7;7	Name=AluJo	TRUE	Alu	intronic
chr2:120164339:T:C	chr2:120164339:T:C	A:G	EPB41L5	intronic	unknown	T;C;-;A||R;ALU;-;SINE/AluJo;intronic;EPB41L5;-;-;intronic;EPB41L5;-;-;intronic;EPB41L5;-;-;-;14;8;8	Name=AluJo	TRUE	Alu	intronic
chr2:120164366:T:C	chr2:120164366:T:C	A:G	EPB41L5	intronic	unknown	T;C;-;A||R;ALU;-;SINE/AluJo;intronic;EPB41L5;-;-;intronic;EPB41L5;-;-;intronic;EPB41L5;-;-;-;16;8;9	Name=AluJo	TRUE	Alu	intronic
chr2:120164462:T:C	chr2:120164462:T:C	A:G	EPB41L5	intronic	unknown	T;C;-;A||R||D;ALU;-;SINE/AluJo;intronic;EPB41L5;-;-;intronic;EPB41L5;-;-;intronic;EPB41L5;-;-;-;14;6;9	Name=AluJo	TRUE	Alu	intronic
chr2:120164470:T:C	chr2:120164470:T:C	A:G	EPB41L5	intronic	unknown	T;C;-;R;ALU;-;SINE/AluJo;intronic;EPB41L5;-;-;intronic;EPB41L5;-;-;intronic;EPB41L5;-;-;-;5;4;5	Name=AluJo	TRUE	Alu	intronic
chr2:120165723:T:C	chr2:120165723:T:C	A:G	EPB41L5	intronic	unknown	.	Name=AluSz	FALSE	Alu	intronic
chr2:120165802:T:C	chr2:120165802:T:C	A:G	EPB41L5	intronic	unknown	.	Name=AluSz	FALSE	Alu	intronic
chr2:120165820:T:C	chr2:120165820:T:C	A:G	EPB41L5	intronic	unknown	T;C;-;R;ALU;-;SINE/AluSz;intronic;EPB41L5;-;-;intronic;EPB41L5;-;-;intronic;EPB41L5;-;-;-;15;8;9	Name=AluSz	TRUE	Alu	intronic
chr2:120165868:T:C	chr2:120165868:T:C	A:G	EPB41L5	intronic	unknown	T;C;-;R||D;ALU;-;SINE/AluSz;intronic;EPB41L5;-;-;intronic;EPB41L5;-;-;intronic;EPB41L5;-;-;-;50;14;18	Name=AluSz	TRUE	Alu	intronic
chr2:120165805:T:C	chr2:120165805:T:C	A:G	EPB41L5	intronic	unknown	T;C;-;R;ALU;-;SINE/AluSz;intronic;EPB41L5;-;-;intronic;EPB41L5;-;-;intronic;EPB41L5;-;-;-;21;10;11	Name=AluSz	TRUE	Alu	intronic
chr2:230367811:A:G	chr2:230367811:A:G	A:G	SP140L	intronic	unknown	A;G;+;A||R;ALU;-;SINE/AluSc5;intronic;SP140L;-;-;intronic;SP140L;-;-;intronic;SP140L;-;-;-;1;1;1	Name=AluSc5	TRUE	Alu	intronic
chr2:120163852:T:C	chr2:120163852:T:C	A:G	EPB41L5	intronic	unknown	T;C;-;R;ALU;-;SINE/AluJo;intronic;EPB41L5;-;-;intronic;EPB41L5;-;-;intronic;EPB41L5;-;-;-;10;6;6	Name=AluJo	TRUE	Alu	intronic
chr2:120163857:T:C	chr2:120163857:T:C	A:G	EPB41L5	intronic	unknown	T;C;-;R;ALU;-;SINE/AluJo;intronic;EPB41L5;-;-;intronic;EPB41L5;-;-;intronic;EPB41L5;-;-;-;5;2;2	Name=AluJo	TRUE	Alu	intronic
chr2:120163869:T:C	chr2:120163869:T:C	A:G	EPB41L5	intronic	unknown	T;C;-;R;ALU;-;SINE/AluJo;intronic;EPB41L5;-;-;intronic;EPB41L5;-;-;intronic;EPB41L5;-;-;-;6;3;3	Name=AluJo	TRUE	Alu	intronic
chr2:120164094:T:C	chr2:120164094:T:C	A:G	EPB41L5	intronic	unknown	T;C;-;R;ALU;-;SINE/AluY;intronic;EPB41L5;-;-;intronic;EPB41L5;-;-;intronic;EPB41L5;-;-;-;4;3;3	Name=AluY	TRUE	Alu	intronic
chr2:207675918:A:G	chr2:207675918:A:G	A:G	LINC01857	ncRNA
intronic	unknown	A;G;+;R||D;ALU;-;SINE/AluSx;intergenic;AC079767.4||RNU6-664P;-;-;intergenic;METTL21A||CCNYL1;-;-;intergenic;METTL21A||Y_RNA;-;-;-;1;1;1	Name=AluSx	TRUE	Alu	ncRNA
chr2:215944251:T:C	chr2:215944251:A:G	A:G	MREG	UTR3	unknown	T;C;-;A||R||D;ALU;-;SINE/AluSg;downstream;MREG;-;-;UTR3;MREG;-;-;UTR3;MREG;-;-;-;595;26;44	Name=AluSg	TRUE	Alu	UTR3
chr3:10151132:A:G	chr3:10151132:A:G	A:G	VHL	UTR3	unknown	A;G;+;A||R||D;ALU;-;SINE/AluSx;UTR3;VHL;-;-;UTR3;VHL;-;-;UTR3;VHL;-;-;-;2020;30;54	Name=AluSx1	TRUE	Alu	UTR3
chr3:10152632:A:G	chr3:10152632:A:G	A:G	VHL	UTR3	unknown	A;G;+;A||R;ALU;-;SINE/AluSc8;downstream;VHL;-;-;UTR3;VHL;-;-;UTR3;VHL;-;-;-;1715;30;54	Name=AluSc8	TRUE	Alu	UTR3
chr3:10152689:A:G	chr3:10152689:A:G	A:G	VHL	UTR3	unknown	A;G;+;A||R;ALU;-;SINE/AluSc8;downstream;VHL;-;-;UTR3;VHL;-;-;UTR3;VHL;-;-;-;1834;30;55	Name=AluSc8	TRUE	Alu	UTR3
chr3:10152764:A:G	chr3:10152764:A:G	A:G	VHL	UTR3	unknown	A;G;+;A||R;ALU;-;SINE/AluSc8;downstream;VHL;-;-;UTR3;VHL;-;-;UTR3;VHL;-;-;-;1812;30;54	Name=AluSc8	TRUE	Alu	UTR3
chr3:10153386:A:G	chr3:10153386:A:G	A:G	VHL	UTR3	unknown	A;G;+;A||R;ALU;-;SINE/AluSx;intergenic;VHL||IRAK2;-;-;UTR3;VHL;-;-;UTR3;VHL;-;-;-;2143;30;54	Name=AluSq2	TRUE	Alu	UTR3
chr3:142416054:T:C	chr3:142416054:A:G	A:G	XRN1	intronic	unknown	T;C;-;A||R||D;ALU;-;SINE/AluSz6;intronic;XRN1;-;-;intronic;XRN1;-;-;intronic;XRN1;-;-;-;4;4;4	Name=AluSz6	TRUE	Alu	intronic
chr3:14944573:T:C	chr3:14944573:A:G	A:G	FGD5-AS1	ncRNA
exonic	unknown	T;C;-;A||R||D;REP;-;SINE/FLAM_C;ncRNA_exonic;FGD5-AS1;-;-;ncRNA_exonic;FGD5-AS1;-;-;intronic;FGD5-AS1;-;-;-;2042;30;54	Name=AluSz6	TRUE	Alu	ncRNA
chr3:14944591:T:C	chr3:14944591:A:G	A:G	FGD5-AS1	ncRNA
exonic	unknown	T;C;-;A||R||D;REP;-;SINE/FLAM_C;ncRNA_exonic;FGD5-AS1;-;-;ncRNA_exonic;FGD5-AS1;-;-;intronic;FGD5-AS1;-;-;-;2474;30;54	Name=AluSz6	TRUE	Alu	ncRNA
chr3:14944597:T:C	chr3:14944597:A:G	A:G	FGD5-AS1	ncRNA
exonic	unknown	T;C;-;A||R||D;REP;-;SINE/FLAM_C;ncRNA_exonic;FGD5-AS1;-;-;ncRNA_exonic;FGD5-AS1;-;-;intronic;FGD5-AS1;-;-;-;2577;30;55	Name=AluSz6	TRUE	Alu	ncRNA
chr3:14944603:T:C	chr3:14944603:A:G	A:G	FGD5-AS1	ncRNA
exonic	unknown	T;C;-;A||R||D;REP;-;SINE/FLAM_C;ncRNA_exonic;FGD5-AS1;-;-;ncRNA_exonic;FGD5-AS1;-;-;intronic;FGD5-AS1;-;-;-;2477;30;55	Name=AluSz6	TRUE	Alu	ncRNA
chr3:14944604:T:C	chr3:14944604:A:G	A:G	FGD5-AS1	ncRNA
exonic	unknown	T;C;-;A||R||D;REP;-;SINE/FLAM_C;ncRNA_exonic;FGD5-AS1;-;-;ncRNA_exonic;FGD5-AS1;-;-;intronic;FGD5-AS1;-;-;-;1600;30;54	Name=AluSz6	TRUE	Alu	ncRNA
chr3:14944946:T:C	chr3:14944946:A:G	A:G	FGD5-AS1	ncRNA
exonic	unknown	T;C;-;A||R||D;ALU;-;SINE/AluSq2;ncRNA_exonic;FGD5-AS1;-;-;ncRNA_exonic;FGD5-AS1;-;-;intronic;FGD5-AS1;-;-;-;2125;30;55	Name=AluSq2	TRUE	Alu	ncRNA
chr3:169972662:A:G	chr3:169972662:A:G	A:G	SEC62	intronic	unknown	A;G;+;A||R||D;ALU;-;SINE/AluJb;intronic;SEC62;-;-;intronic;SEC62;-;-;intronic;SEC62;-;-;-;68;15;20	Name=AluJb	TRUE	Alu	intronic
chr3:179397842:T:C	chr3:179397842:A:G	A:G	GNB4	UTR3	unknown	T;C;-;A||R||D;ALU;-;SINE/AluSg7;ncRNA_exonic;AC007620.3||RP11-145M9.4;-;-;UTR3;GNB4;-;-;UTR3;GNB4;-;-;-;1936;30;55	Name=AluSg7	TRUE	Alu	UTR3
chr3:179397847:T:C	chr3:179397847:A:G	A:G	GNB4	UTR3	unknown	T;C;-;A||R;ALU;-;SINE/AluSg7;ncRNA_exonic;AC007620.3||RP11-145M9.4;-;-;UTR3;GNB4;-;-;UTR3;GNB4;-;-;-;2222;30;55	Name=AluSg7	TRUE	Alu	UTR3
chr3:179397949:T:C	chr3:179397949:A:G	A:G	GNB4	UTR3	unknown	T;C;-;A||R;ALU;-;SINE/AluSg7;ncRNA_exonic;AC007620.3||RP11-145M9.4;-;-;UTR3;GNB4;-;-;UTR3;GNB4;-;-;-;1057;30;54	Name=AluSg7	TRUE	Alu	UTR3
chr3:179399245:T:C	chr3:179399245:A:G	A:G	GNB4	UTR3	unknown	T;C;-;A||R||D;ALU;-;SINE/AluSz;UTR3;GNB4;-;-;UTR3;GNB4;-;-;UTR3;GNB4;-;-;-;1573;30;54	Name=AluSz	TRUE	Alu	UTR3
chr3:194408316:T:C	chr3:194408316:A:G	A:G	ATP13A3	intronic	unknown	T;C;-;A||R||D;ALU;-;SINE/AluSc;intronic;ATP13A3;-;-;intronic;ATP13A3;-;-;intronic;ATP13A3;-;-;-;1058;30;45	Name=AluSc	TRUE	Alu	intronic
chr3:37072309:T:C	chr3:37072309:A:G	A:G	LRRFIP2	intronic	unknown	T;C;-;A;ALU;rs138841637;SINE/AluSx;intronic;LRRFIP2;-;-;intronic;LRRFIP2;-;-;intronic;LRRFIP2;-;-;-;288;29;46	Name=AluSx	TRUE	Alu	intronic
chr3:45680497:A:G	chr3:45680497:T:C	A:G	LIMD1-AS1	ncRNA
intronic	unknown	A;G;+;A||R||D;ALU;-;SINE/AluJb;ncRNA_intronic;LIMD1-AS1;-;-;ncRNA_intronic;LIMD1-AS1;-;-;ncRNA_intronic;LIMD1-AS1;-;-;-;1990;30;55	Name=AluJb	TRUE	Alu	ncRNA
chr3:45680498:A:G	chr3:45680498:T:C	A:G	LIMD1-AS1	ncRNA
intronic	unknown	A;G;+;A||D;ALU;-;SINE/AluJb;ncRNA_intronic;LIMD1-AS1;-;-;ncRNA_intronic;LIMD1-AS1;-;-;ncRNA_intronic;LIMD1-AS1;-;-;-;1780;30;55	Name=AluJb	TRUE	Alu	ncRNA
chr3:45680555:A:G	chr3:45680555:T:C	A:G	LIMD1-AS1	ncRNA
intronic	unknown	A;G;+;A||R||D;ALU;-;SINE/AluJb;ncRNA_intronic;LIMD1-AS1;-;-;ncRNA_intronic;LIMD1-AS1;-;-;ncRNA_intronic;LIMD1-AS1;-;-;-;1961;30;55	Name=AluJb	TRUE	Alu	ncRNA
chr3:45680916:A:G	chr3:45680916:T:C	A:G	LIMD1-AS1	ncRNA
intronic	unknown	A;G;+;A||R||D;ALU;-;SINE/AluSz;ncRNA_intronic;LIMD1-AS1;-;-;ncRNA_intronic;LIMD1-AS1;-;-;ncRNA_intronic;LIMD1-AS1;-;-;-;2252;30;55	Name=AluSz	TRUE	Alu	ncRNA
chr3:48749558:T:C	chr3:48749558:A:G	A:G	PRKAR2A	UTR3	unknown	T;C;-;A||R||D;ALU;-;SINE/AluSx3;UTR3;PRKAR2A;-;-;intergenic;IP6K2||PRKAR2A;-;-;intronic;PRKAR2A;-;-;-;2436;30;55	Name=AluSx3	TRUE	Alu	UTR3
chr3:49323136:T:C	chr3:49323136:A:G	A:G	USP4	intronic	unknown	T;C;-;A||R;ALU;-;SINE/AluSp;intronic;USP4;-;-;intronic;USP4;-;-;intronic;USP4;-;-;-;13;10;11	Name=AluSp	TRUE	Alu	intronic
chr3:61742490:C:T	chr3:61742490:C:T	C:T	PTPRG	intronic	unknown	.	.	FALSE	None	intronic
chr3:10152587:A:G	chr3:10152587:A:G	A:G	VHL	UTR3	unknown	A;G;+;A||R;ALU;-;SINE/AluSc8;downstream;VHL;-;-;UTR3;VHL;-;-;UTR3;VHL;-;-;-;1277;30;54	Name=AluSc8	TRUE	Alu	UTR3
chr3:10152593:A:G	chr3:10152593:A:G	A:G	VHL	UTR3	unknown	A;G;+;A||R;ALU;-;SINE/AluSc8;downstream;VHL;-;-;UTR3;VHL;-;-;UTR3;VHL;-;-;-;1762;30;55	Name=AluSc8	TRUE	Alu	UTR3
chr3:10152622:A:G	chr3:10152622:A:G	A:G	VHL	UTR3	unknown	A;G;+;A||R;ALU;-;SINE/AluSc8;downstream;VHL;-;-;UTR3;VHL;-;-;UTR3;VHL;-;-;-;2115;30;54	Name=AluSc8	TRUE	Alu	UTR3
chr3:10152672:A:G	chr3:10152672:A:G	A:G	VHL	UTR3	unknown	A;G;+;A||R;ALU;-;SINE/AluSc8;downstream;VHL;-;-;UTR3;VHL;-;-;UTR3;VHL;-;-;-;2141;30;54	Name=AluSc8	TRUE	Alu	UTR3
chr3:10152933:A:G	chr3:10152933:A:G	A:G	VHL	UTR3	unknown	A;G;+;A||R||D;ALU;-;SINE/AluSx;downstream;VHL;-;-;UTR3;VHL;-;-;UTR3;VHL;-;-;-;1972;30;54	Name=AluSq2	TRUE	Alu	UTR3
chr3:10153021:A:G	chr3:10153021:A:G	A:G	VHL	UTR3	unknown	A;G;+;A||R;ALU;-;SINE/AluY;downstream;VHL;-;-;UTR3;VHL;-;-;UTR3;VHL;-;-;-;1736;30;54	Name=AluY	TRUE	Alu	UTR3
chr3:10153100:A:G	chr3:10153100:A:G	A:G	VHL	UTR3	unknown	A;G;+;A||R;ALU;-;SINE/AluY;downstream;VHL;-;-;UTR3;VHL;-;-;UTR3;VHL;-;-;-;1149;30;54	Name=AluY	TRUE	Alu	UTR3
chr3:10153408:A:G	chr3:10153408:A:G	A:G	VHL	UTR3	unknown	A;G;+;A||R||D;ALU;-;SINE/AluSx;intergenic;VHL||IRAK2;-;-;UTR3;VHL;-;-;UTR3;VHL;-;-;-;2006;30;54	Name=AluSq2	TRUE	Alu	UTR3
chr3:10153411:A:G	chr3:10153411:A:G	A:G	VHL	UTR3	unknown	A;G;+;A||R;ALU;-;SINE/AluSx;intergenic;VHL||IRAK2;-;-;UTR3;VHL;-;-;UTR3;VHL;-;-;-;1936;30;53	Name=AluSq2	TRUE	Alu	UTR3
chr3:127778954:T:C	chr3:127778954:A:G	A:G	MGLL	intronic	unknown	T;C;-;A||R||D;ALU;-;SINE/AluJr;intronic;MGLL;-;-;intronic;MGLL;-;-;intronic;MGLL;-;-;-;14;6;6	Name=AluJr	TRUE	Alu	intronic
chr3:131008306:A:G	chr3:131008306:A:G	A:G	ATP2C1	intronic	unknown	A;G;+;A||R||D;ALU;-;SINE/AluSz6;intronic;ATP2C1;-;-;intronic;ATP2C1;-;-;intronic;ATP2C1;-;-;-;54;16;22	Name=AluSz6	TRUE	Alu	intronic
chr3:131008307:A:G	chr3:131008307:A:G	A:G	ATP2C1	intronic	unknown	A;G;+;A||R||D;ALU;-;SINE/AluSz6;intronic;ATP2C1;-;-;intronic;ATP2C1;-;-;intronic;ATP2C1;-;-;-;73;18;24	Name=AluSz6	TRUE	Alu	intronic
chr3:14944631:T:C	chr3:14944631:A:G	A:G	FGD5-AS1	ncRNA
exonic	unknown	T;C;-;A||R||D;REP;-;SINE/FLAM_C;ncRNA_exonic;FGD5-AS1;-;-;ncRNA_exonic;FGD5-AS1;-;-;intronic;FGD5-AS1;-;-;-;1942;30;54	Name=AluSz6	TRUE	Alu	ncRNA
chr3:14944940:T:C	chr3:14944940:A:G	A:G	FGD5-AS1	ncRNA
exonic	unknown	T;C;-;A||R||D;ALU;-;SINE/AluSq2;ncRNA_exonic;FGD5-AS1;-;-;ncRNA_exonic;FGD5-AS1;-;-;intronic;FGD5-AS1;-;-;-;2443;30;55	Name=AluSq2	TRUE	Alu	ncRNA
chr3:14944945:T:C	chr3:14944945:A:G	A:G	FGD5-AS1	ncRNA
exonic	unknown	T;C;-;A||R||D;ALU;-;SINE/AluSq2;ncRNA_exonic;FGD5-AS1;-;-;ncRNA_exonic;FGD5-AS1;-;-;intronic;FGD5-AS1;-;-;-;2076;30;55	Name=AluSq2	TRUE	Alu	ncRNA
chr3:156524625:T:C	chr3:156524625:T:C	A:G	KCNAB1	intronic	unknown	T;C;-;A||R||D;ALU;-;SINE/AluY;intronic;KCNAB1;-;-;intronic;KCNAB1;-;-;intronic;KCNAB1;-;-;-;749;30;55	Name=AluY	TRUE	Alu	intronic
chr3:156524635:T:C	chr3:156524635:T:C	A:G	KCNAB1	intronic	unknown	T;C;-;A||R||D;ALU;-;SINE/AluY;intronic;KCNAB1;-;-;intronic;KCNAB1;-;-;intronic;KCNAB1;-;-;-;730;29;54	Name=AluY	TRUE	Alu	intronic
chr3:156540441:T:C	chr3:156540441:A:G	A:G	SSR3	UTR3	unknown	T;C;-;A||R;ALU;-;SINE/AluY;UTR3;SSR3;-;-;UTR3;SSR3;-;-;UTR3;SSR3;-;-;-;1697;30;55	Name=AluY	TRUE	Alu	UTR3
chr3:179397783:T:C	chr3:179397783:A:G	A:G	GNB4	UTR3	unknown	T;C;-;A||R;ALU;-;SINE/AluSg7;ncRNA_exonic;AC007620.3||RP11-145M9.4;-;-;UTR3;GNB4;-;-;UTR3;GNB4;-;-;-;1428;30;54	Name=AluSg7	TRUE	Alu	UTR3
chr3:179397904:T:C	chr3:179397904:A:G	A:G	GNB4	UTR3	unknown	T;C;-;A||R;ALU;-;SINE/AluSg7;ncRNA_exonic;AC007620.3||RP11-145M9.4;-;-;UTR3;GNB4;-;-;UTR3;GNB4;-;-;-;1564;30;55	Name=AluSg7	TRUE	Alu	UTR3
chr3:179397910:T:C	chr3:179397910:A:G	A:G	GNB4	UTR3	unknown	T;C;-;A||R||D;ALU;-;SINE/AluSg7;ncRNA_exonic;AC007620.3||RP11-145M9.4;-;-;UTR3;GNB4;-;-;UTR3;GNB4;-;-;-;15;6;6	Name=AluSg7	TRUE	Alu	UTR3
chr3:179397996:T:C	chr3:179397996:A:G	A:G	GNB4	UTR3	unknown	T;C;-;A||R;ALU;-;SINE/AluSg7;ncRNA_exonic;RP11-145M9.4;-;-;UTR3;GNB4;-;-;UTR3;GNB4;-;-;-;1195;30;55	Name=AluSg7	TRUE	Alu	UTR3
chr3:179398001:T:C	chr3:179398001:A:G	A:G	GNB4	UTR3	unknown	T;C;-;A;ALU;rs12630273;SINE/AluSg7;ncRNA_exonic;RP11-145M9.4;-;-;UTR3;GNB4;-;-;UTR3;GNB4;-;-;-;1497;30;55	Name=AluSg7	TRUE	Alu	UTR3
chr3:179398002:T:C	chr3:179398002:A:G	A:G	GNB4	UTR3	unknown	T;C;-;A||R;ALU;-;SINE/AluSg7;ncRNA_exonic;RP11-145M9.4;-;-;UTR3;GNB4;-;-;UTR3;GNB4;-;-;-;1769;30;55	Name=AluSg7	TRUE	Alu	UTR3
chr3:179398010:T:C	chr3:179398010:A:G	A:G	GNB4	UTR3	unknown	T;C;-;A||R;ALU;-;SINE/AluSg7;ncRNA_exonic;RP11-145M9.4;-;-;UTR3;GNB4;-;-;UTR3;GNB4;-;-;-;1204;30;54	Name=AluSg7	TRUE	Alu	UTR3
chr3:179398258:T:C	chr3:179398258:A:G	A:G	GNB4	UTR3	unknown	T;C;-;A||R;ALU;-;SINE/AluSz6;ncRNA_intronic;AC007620.3;-;-;UTR3;GNB4;-;-;UTR3;GNB4;-;-;-;1726;30;55	Name=AluSz6	TRUE	Alu	UTR3
chr3:179398270:T:C	chr3:179398270:A:G	A:G	GNB4	UTR3	unknown	T;C;-;A||R;ALU;-;SINE/AluSz6;ncRNA_intronic;AC007620.3;-;-;UTR3;GNB4;-;-;UTR3;GNB4;-;-;-;1869;30;55	Name=AluSz6	TRUE	Alu	UTR3
chr3:179398433:T:C	chr3:179398433:A:G	A:G	GNB4	UTR3	unknown	T;C;-;A||R;ALU;-;SINE/AluSz6;ncRNA_exonic;AC007620.3;-;-;UTR3;GNB4;-;-;UTR3;GNB4;-;-;-;964;30;53	Name=AluSz6	TRUE	Alu	UTR3
chr3:179398501:T:C	chr3:179398501:A:G	A:G	GNB4	UTR3	unknown	T;C;-;A||R;ALU;-;SINE/AluSz6;ncRNA_exonic;AC007620.3;-;-;UTR3;GNB4;-;-;UTR3;GNB4;-;-;-;632;28;51	Name=AluSz6	TRUE	Alu	UTR3
chr3:179398517:T:C	chr3:179398517:A:G	A:G	GNB4	UTR3	unknown	T;C;-;A||R;ALU;-;SINE/AluSz6;ncRNA_exonic;AC007620.3;-;-;UTR3;GNB4;-;-;UTR3;GNB4;-;-;-;902;29;52	Name=AluSz6	TRUE	Alu	UTR3
chr3:19952093:A:G	chr3:19952093:A:G	A:G	RAB5A	intronic	unknown	A;G;+;A||R||D;REP;-;SINE/FLAM_A;intronic;RAB5A;-;-;intronic;RAB5A;-;-;intronic;RAB5A;-;-;-;1293;30;55	Name=FLAM_A	TRUE	Other	intronic
chr3:37071411:T:C	chr3:37071411:A:G	A:G	LRRFIP2	intronic	unknown	T;C;-;A||R||D;ALU;-;SINE/AluJr;intronic;LRRFIP2;-;-;intronic;LRRFIP2;-;-;intronic;LRRFIP2;-;-;-;714;29;52	Name=AluJr	TRUE	Alu	intronic
chr3:44749144:T:C	chr3:44749144:A:G	A:G	KIAA1143	UTR3	unknown	T;C;-;A||R||D;ALU;-;SINE/AluY;UTR3;KIAA1143;-;-;UTR3;KIAA1143;-;-;UTR3;KIAA1143;-;-;-;2383;30;55	Name=AluY	TRUE	Alu	UTR3
chr3:45088244:A:G	chr3:45088244:T:C	A:G	CDCP1	intronic	unknown	.	Name=AluSz	FALSE	Alu	intronic
chr3:45680377:A:G	chr3:45680377:T:C	A:G	LIMD1-AS1	ncRNA
intronic	unknown	A;G;+;A||R;ALU;-;SINE/AluJb;ncRNA_intronic;LIMD1-AS1;-;-;ncRNA_intronic;LIMD1-AS1;-;-;ncRNA_intronic;LIMD1-AS1;-;-;-;1306;30;52	Name=AluJb	TRUE	Alu	ncRNA
chr3:45680425:A:G	chr3:45680425:T:C	A:G	LIMD1-AS1	ncRNA
intronic	unknown	A;G;+;A||R;ALU;-;SINE/AluJb;ncRNA_intronic;LIMD1-AS1;-;-;ncRNA_intronic;LIMD1-AS1;-;-;ncRNA_intronic;LIMD1-AS1;-;-;-;2073;30;55	Name=AluJb	TRUE	Alu	ncRNA
chr3:46375779:A:G	chr3:46375779:T:C	A:G	CCR5AS	ncRNA
intronic	unknown	A;G;+;R;NONREP;-;-/-;ncRNA_intronic;RP11-24F11.2;-;-;ncRNA_intronic;LOC102724297;-;-;UTR3;CCR5;-;-;-;222;25;38	.	TRUE	None	ncRNA
chr3:46375781:A:G	chr3:46375781:T:C	A:G	CCR5AS	ncRNA
intronic	unknown	A;G;+;A||R||D;NONREP;-;-/-;ncRNA_intronic;RP11-24F11.2;-;-;ncRNA_intronic;LOC102724297;-;-;UTR3;CCR5;-;-;-;383;29;47	.	TRUE	None	ncRNA
chr3:46375792:A:G	chr3:46375792:T:C	A:G	CCR5AS	ncRNA
intronic	unknown	A;G;+;A||R||D;NONREP;-;-/-;ncRNA_intronic;RP11-24F11.2;-;-;ncRNA_intronic;LOC102724297;-;-;UTR3;CCR5;-;-;-;309;28;45	.	TRUE	None	ncRNA
chr3:94130028:A:G	chr3:94130028:A:G	A:G	NSUN3	UTR3	unknown	A;G;+;A||R;ALU;-;SINE/AluSg7;intergenic;NSUN3||LINC00879;-;-;intergenic;NSUN3||MIR6730;-;-;intergenic;NSUN3||LINC00879;-;-;-;951;30;54	Name=AluSg7	TRUE	Alu	UTR3
chr3:94131153:A:G	chr3:94131153:A:G	A:G	NSUN3	UTR3	unknown	A;G;+;A||R;ALU;-;SINE/AluJb;intergenic;NSUN3||LINC00879;-;-;intergenic;NSUN3||MIR6730;-;-;intergenic;NSUN3||LINC00879;-;-;-;409;30;53	Name=AluJr	TRUE	Alu	UTR3
chr3:10152733:A:G	chr3:10152733:A:G	A:G	VHL	UTR3	unknown	A;G;+;A||R;ALU;-;SINE/AluSc8;downstream;VHL;-;-;UTR3;VHL;-;-;UTR3;VHL;-;-;-;1543;30;53	Name=AluSc8	TRUE	Alu	UTR3
chr3:129805422:T:C	chr3:129805422:A:G	A:G	TMCC1	intronic	unknown	T;C;-;A||R||D;ALU;-;SINE/AluJb;intronic;TMCC1;-;-;intronic;TMCC1;-;-;intronic;TMCC1;-;-;-;13;7;8	Name=AluJb	TRUE	Alu	intronic
chr3:14944643:T:C	chr3:14944643:A:G	A:G	FGD5-AS1	ncRNA
exonic	unknown	T;C;-;A||R||D;REP;-;SINE/FLAM_C;ncRNA_exonic;FGD5-AS1;-;-;ncRNA_exonic;FGD5-AS1;-;-;intronic;FGD5-AS1;-;-;-;1074;30;54	Name=AluSz6	TRUE	Alu	ncRNA
chr3:179397868:T:C	chr3:179397868:A:G	A:G	GNB4	UTR3	unknown	T;C;-;A||R;ALU;-;SINE/AluSg7;ncRNA_exonic;AC007620.3||RP11-145M9.4;-;-;UTR3;GNB4;-;-;UTR3;GNB4;-;-;-;1641;30;55	Name=AluSg7	TRUE	Alu	UTR3
chr3:179398024:T:C	chr3:179398024:A:G	A:G	GNB4	UTR3	unknown	T;C;-;A||R;ALU;-;SINE/AluSg7;ncRNA_exonic;RP11-145M9.4;-;-;UTR3;GNB4;-;-;UTR3;GNB4;-;-;-;1783;30;55	Name=AluSg7	TRUE	Alu	UTR3
chr3:179398286:T:C	chr3:179398286:A:G	A:G	GNB4	UTR3	unknown	T;C;-;A||R;ALU;-;SINE/AluSz6;ncRNA_exonic;AC007620.3;-;-;UTR3;GNB4;-;-;UTR3;GNB4;-;-;-;1320;30;53	Name=AluSz6	TRUE	Alu	UTR3
chr3:37071342:T:C	chr3:37071342:A:G	A:G	LRRFIP2	intronic	unknown	T;C;-;A||R;ALU;-;SINE/AluJr;intronic;LRRFIP2;-;-;intronic;LRRFIP2;-;-;intronic;LRRFIP2;-;-;-;498;27;50	Name=AluJr	TRUE	Alu	intronic
chr3:37071346:T:C	chr3:37071346:A:G	A:G	LRRFIP2	intronic	unknown	T;C;-;A||R;ALU;-;SINE/AluJr;intronic;LRRFIP2;-;-;intronic;LRRFIP2;-;-;intronic;LRRFIP2;-;-;-;410;27;49	Name=AluJr	TRUE	Alu	intronic
chr3:53863908:T:C	chr3:53863908:T:C	A:G	IL17RB	intronic	unknown	T;C;-;A||R||D;ALU;-;SINE/AluJb;intronic;IL17RB;-;-;intronic;IL17RB;-;-;intronic;IL17RB;-;-;-;1093;30;55	Name=AluJb	TRUE	Alu	intronic
chr3:122547635:T:C	chr3:122547635:A:G	A:G	PARP9	intronic	unknown	T;C;-;A||R||D;ALU;-;SINE/AluJb;intronic;PARP9;-;-;intronic;PARP9;-;-;intronic;PARP9;-;-;-;39;13;15	Name=AluJb	TRUE	Alu	intronic
chr3:127584325:T:C	chr3:127584325:A:G	A:G	TPRA1	UTR5	unknown	T;C;-;A||R;ALU;-;SINE/AluJr;intronic;TPRA1;-;-;intronic;TPRA1;-;-;intronic;TPRA1;-;-;-;67;15;25	Name=AluJr	TRUE	Alu	UTR5
chr3:127778825:T:C	chr3:127778825:A:G	A:G	MGLL	intronic	unknown	T;C;-;A||R||D;ALU;-;SINE/AluJr;intronic;MGLL;-;-;intronic;MGLL;-;-;intronic;MGLL;-;-;-;13;6;6	Name=AluJr	TRUE	Alu	intronic
chr3:127779028:T:C	chr3:127779028:A:G	A:G	MGLL	intronic	unknown	T;C;-;A||R||D;ALU;-;SINE/AluJr;intronic;MGLL;-;-;intronic;MGLL;-;-;intronic;MGLL;-;-;-;4;4;4	Name=AluJr	TRUE	Alu	intronic
chr3:127779121:T:C	chr3:127779121:A:G	A:G	MGLL	intronic	unknown	T;C;-;A||R;ALU;-;SINE/AluSx1;intronic;MGLL;-;-;intronic;MGLL;-;-;intronic;MGLL;-;-;-;8;5;5	Name=AluSx1	TRUE	Alu	intronic
chr3:183515517:T:C	chr3:183515517:A:G	A:G	KLHL6	intronic	unknown	T;C;-;A||R||D;ALU;-;SINE/AluJr;intronic;KLHL6;-;-;intronic;KLHL6;-;-;intronic;KLHL6;-;-;-;3;3;3	Name=AluJr	TRUE	Alu	intronic
chr3:23403549:A:G	chr3:23403549:A:G	A:G	UBE2E2	intronic	unknown	A;G;+;R;ALU;-;SINE/AluSx;intronic;UBE2E2;-;-;ncRNA_intronic;MIR548AC;-;-;ncRNA_intronic;MIR548AC;-;-;-;1;1;1	Name=AluSx	TRUE	Alu	intronic
chr3:37102595:T:C	chr3:37102595:A:G	A:G	LRRFIP2	intronic	unknown	T;C;-;A||R||D;ALU;-;SINE/AluSx;intronic;LRRFIP2;-;-;intronic;LRRFIP2;-;-;intronic;LRRFIP2;-;-;-;21;14;16	Name=AluSx	TRUE	Alu	intronic
chr3:45102549:A:G	chr3:45102549:T:C	A:G	CDCP1	intronic	unknown	A;G;+;A;ALU;-;SINE/AluSz;intronic;CDCP1;-;-;intronic;CDCP1;-;-;intronic;CDCP1;-;-;-;1;1;1	Name=AluSz	TRUE	Alu	intronic
chr3:45109679:A:G	chr3:45109679:T:C	A:G	CDCP1	intronic	unknown	.	Name=MER96	FALSE	Other	intronic
chr3:51495988:T:C	chr3:51495988:A:G	A:G	DCAF1	intronic	unknown	T;C;-;A||R;ALU;-;SINE/AluJb;intergenic;VPRBP||RAD54L2;-;-;intronic;VPRBP;-;-;intronic;VPRBP;-;-;-;1;1;1	Name=AluJb	TRUE	Alu	intronic
chr3:52571446:T:C	chr3:52571446:A:G	A:G	PBRM1	intronic	unknown	T;C;-;R;ALU;-;SINE/AluSc8;intronic;PBRM1||SMIM4;-;-;intronic;PBRM1;-;-;intronic;PBRM1;-;-;-;2;1;1	Name=AluSx3	TRUE	Alu	intronic
chr3:113785769:A:G	chr3:113785769:A:G	A:G	ATP6V1A	intronic	unknown	A;G;+;R||D;ALU;-;SINE/AluJo;intronic;ATP6V1A;-;-;intronic;ATP6V1A;-;-;intronic;ATP6V1A;-;-;-;0;0;0	Name=AluJo	TRUE	Alu	intronic
chr3:122547632:T:C	chr3:122547632:A:G	A:G	PARP9	intronic	unknown	T;C;-;A||R||D;ALU;-;SINE/AluJb;intronic;PARP9;-;-;intronic;PARP9;-;-;intronic;PARP9;-;-;-;27;11;12	Name=AluJb	TRUE	Alu	intronic
chr3:127778854:T:C	chr3:127778854:A:G	A:G	MGLL	intronic	unknown	T;C;-;A||R||D;ALU;-;SINE/AluJr;intronic;MGLL;-;-;intronic;MGLL;-;-;intronic;MGLL;-;-;-;13;6;6	Name=AluJr	TRUE	Alu	intronic
chr3:142322354:T:C	chr3:142322354:A:G	A:G	XRN1	intronic	unknown	T;C;-;A||R||D;ALU;-;SINE/AluJb;intronic;XRN1;-;-;intronic;XRN1;-;-;intronic;XRN1;-;-;-;35;17;21	Name=AluJo	TRUE	Alu	intronic
chr3:172502558:T:C	chr3:172502558:A:G	A:G	TNFSF10	downstream	unknown	T;C;-;A||R;ALU;-;SINE/AluJb;intergenic;GHSR||TNFSF10;-;-;intergenic;GHSR||TNFSF10;-;-;intergenic;GHSR||TNFSF10;-;-;-;48;13;15	Name=AluJb	TRUE	Alu	downstream
chr3:183490683:T:C	chr3:183490683:A:G	A:G	KLHL6	UTR3	unknown	T;C;-;A||R||D;ALU;-;SINE/AluSg4;UTR3;KLHL6;-;-;UTR3;KLHL6;-;-;UTR3;KLHL6;-;-;-;117;15;18	Name=AluSg4	TRUE	Alu	UTR3
chr3:36938848:T:C	chr3:36938848:A:G	A:G	TRANK1	intronic	unknown	T;C;-;R||D;ALU;-;SINE/AluSx;intronic;TRANK1;-;-;intronic;TRANK1;-;-;intronic;TRANK1;-;-;-;1;1;1	Name=AluSx	TRUE	Alu	intronic
chr3:45096537:A:G	chr3:45096537:T:C	A:G	CDCP1	intronic	unknown	A;G;+;A||R;ALU;-;SINE/AluSx;intronic;CDCP1;-;-;intronic;CDCP1;-;-;intronic;CDCP1;-;-;-;4;3;3	Name=AluSx	TRUE	Alu	intronic
chr3:45109642:A:G	chr3:45109642:T:C	A:G	CDCP1	intronic	unknown	.	Name=MER96	FALSE	Other	intronic
chr3:45109685:A:G	chr3:45109685:T:C	A:G	CDCP1	intronic	unknown	.	Name=MER96	FALSE	Other	intronic
chr3:45109732:A:G	chr3:45109732:T:C	A:G	CDCP1	intronic	unknown	.	Name=MER96	FALSE	Other	intronic
chr3:46375729:A:G	chr3:46375729:T:C	A:G	CCR5AS	ncRNA
intronic	unknown	A;G;+;R||D;NONREP;-;-/-;ncRNA_intronic;RP11-24F11.2;-;-;ncRNA_intronic;LOC102724297;-;-;UTR3;CCR5;-;-;-;0;0;0	.	TRUE	None	ncRNA
chr3:122561452:T:C	chr3:122561452:A:G	A:G	PARP9	intronic	unknown	T;C;-;A||R;ALU;-;SINE/AluJo;intronic;PARP9;-;-;intronic;PARP9;-;-;intronic;PARP9;-;-;-;42;14;16	Name=AluJo	TRUE	Alu	intronic
chr3:37070654:T:C	chr3:37070654:A:G	A:G	LRRFIP2	intronic	unknown	T;C;-;A||R;ALU;-;SINE/AluSz;intronic;LRRFIP2;-;-;intronic;LRRFIP2;-;-;intronic;LRRFIP2;-;-;-;163;24;41	Name=AluSz	TRUE	Alu	intronic
chr3:122547650:T:C	chr3:122547650:A:G	A:G	PARP9	intronic	unknown	T;C;-;A||R||D;ALU;-;SINE/AluJb;intronic;PARP9;-;-;intronic;PARP9;-;-;intronic;PARP9;-;-;-;24;10;11	Name=AluJb	TRUE	Alu	intronic
chr3:155850841:T:C	chr3:155850841:A:G	A:G	SLC33A1	intronic	unknown	T;C;-;A||R||D;ALU;-;SINE/AluSx;intronic;SLC33A1;-;-;intronic;SLC33A1;-;-;intronic;SLC33A1;-;-;-;26;9;9	Name=AluSx	TRUE	Alu	intronic
chr3:183490722:T:C	chr3:183490722:A:G	A:G	KLHL6	UTR3	unknown	T;C;-;A||R||D;ALU;rs542642350;SINE/AluSg4;UTR3;KLHL6;-;-;UTR3;KLHL6;-;-;UTR3;KLHL6;-;-;-;192;17;24	Name=AluSg4	TRUE	Alu	UTR3
chr3:155881250:A:G	chr3:155881250:A:G	A:G	GMPS	intronic	unknown	A;G;+;A||R||D;ALU;-;SINE/AluSp;intronic;GMPS;-;-;intronic;GMPS;-;-;intronic;GMPS;-;-;-;5;4;4	Name=AluSp	TRUE	Alu	intronic
chr3:37070653:T:C	chr3:37070653:A:G	A:G	LRRFIP2	intronic	unknown	T;C;-;A||R||D;ALU;-;SINE/AluSz;intronic;LRRFIP2;-;-;intronic;LRRFIP2;-;-;intronic;LRRFIP2;-;-;-;310;27;47	Name=AluSz	TRUE	Alu	intronic
chr3:57627308:T:C	chr3:57627308:A:G	A:G	DENND6A	UTR3	unknown	T;C;-;A||R||D;ALU;-;SINE/AluSz;UTR3;DENND6A;-;-;UTR3;DENND6A;-;-;UTR3;DENND6A;-;-;-;1723;30;54	Name=AluSz	TRUE	Alu	UTR3
chr3:155881302:A:G	chr3:155881302:A:G	A:G	GMPS	intronic	unknown	A;G;+;A||R||D;ALU;-;SINE/AluSp;intronic;GMPS;-;-;intronic;GMPS;-;-;intronic;GMPS;-;-;-;4;4;4	Name=AluSp	TRUE	Alu	intronic
chr3:45102936:A:G	chr3:45102936:T:C	A:G	CDCP1	intronic	unknown	A;G;+;A;ALU;-;SINE/AluJb;intronic;CDCP1;-;-;intronic;CDCP1;-;-;intronic;CDCP1;-;-;-;2;1;1	Name=AluJb	TRUE	Alu	intronic
chr3:57627417:T:C	chr3:57627417:A:G	A:G	DENND6A	UTR3	unknown	T;C;-;A||R||D;ALU;-;SINE/AluSz;UTR3;DENND6A;-;-;UTR3;DENND6A;-;-;UTR3;DENND6A;-;-;-;1139;30;55	Name=AluSz	TRUE	Alu	UTR3
chr3:69220686:T:C	chr3:69220686:A:G	A:G	FRMD4B	intronic	unknown	T;C;-;A||R;ALU;-;SINE/AluSz6;intronic;FRMD4B;-;-;intronic;FRMD4B;-;-;intronic;FRMD4B;-;-;-;20;8;8	Name=AluSz6	TRUE	Alu	intronic
chr3:36938489:T:C	chr3:36938489:A:G	A:G	TRANK1	intronic	unknown	T;C;-;R;ALU;-;SINE/AluSx1;intronic;TRANK1;-;-;intronic;TRANK1;-;-;intronic;TRANK1;-;-;-;4;4;4	Name=AluSx1	TRUE	Alu	intronic
chr3:185982402:A:G	chr3:185982402:A:G	A:G	NMRAL2P	downstream	unknown	A;G;+;A||R;ALU;-;SINE/AluJo;upstream;RN7SL637P;-;-;intergenic;LOC344887||ETV5;-;-;intergenic;LOC344887||ETV5;-;-;-;124;14;17	Name=AluJo	TRUE	Alu	downstream
chr3:44438256:T:C	chr3:44438256:A:G	A:G	ZNF445	UTR3	unknown	T;C;-;A||R;ALU;-;SINE/AluSg;intergenic;LINC00694||ZNF445;-;-;intergenic;TCAIM||ZNF445;-;-;intergenic;TCAIM||ZNF445;-;-;-;382;28;46	Name=AluSg	TRUE	Alu	UTR3
chr3:101823993:A:G	chr3:101823993:A:G	A:G	NXPE3	UTR3	unknown	A;G;+;A||R;ALU;-;SINE/AluJb;ncRNA_intronic;RP11-49I4.3;-;-;UTR3;NXPE3;-;-;UTR3;NXPE3;-;-;-;1275;29;53	Name=AluJb	TRUE	Alu	UTR3
chr3:57627395:T:C	chr3:57627395:A:G	A:G	DENND6A	UTR3	unknown	T;C;-;A||R||D;ALU;-;SINE/AluSz;UTR3;DENND6A;-;-;UTR3;DENND6A;-;-;UTR3;DENND6A;-;-;-;1660;30;54	Name=AluSz	TRUE	Alu	UTR3
chr3:45613760:A:G	chr3:45613760:A:G	A:G	LIMD1	intronic	unknown	A;G;+;A||R||D;REP;-;SINE/FLAM_C;intronic;LIMD1;-;-;intronic;LIMD1;-;-;intronic;LIMD1;-;-;-;24;8;8	Name=AluJr,SVA_A	TRUE	Alu	intronic
chr3:57627416:T:C	chr3:57627416:A:G	A:G	DENND6A	UTR3	unknown	T;C;-;A||R;ALU;-;SINE/AluSz;UTR3;DENND6A;-;-;UTR3;DENND6A;-;-;UTR3;DENND6A;-;-;-;935;30;54	Name=AluSz	TRUE	Alu	UTR3
chr3:129816803:T:C	chr3:129816803:A:G	A:G	TMCC1	intronic	unknown	T;C;-;A||R||D;ALU;-;SINE/AluJo;intronic;TMCC1;-;-;intronic;TMCC1;-;-;intronic;TMCC1;-;-;-;11;7;8	Name=AluJo	TRUE	Alu	intronic
chr3:155943110:A:G	chr3:155943110:A:G	A:G	GMPS	UTR3	unknown	A;G;+;A||R;ALU;-;SINE/AluSz;UTR3;GMPS;-;-;intergenic;GMPS||KCNAB1;-;-;intergenic;GMPS||KCNAB1;-;-;-;1989;30;55	Name=AluSz	TRUE	Alu	UTR3
chr3:119531936:T:C	chr3:119531936:A:G	A:G	CD80	intronic	unknown	T;C;-;A||R||D;ALU;-;SINE/AluSx;intronic;CD80;-;-;intronic;CD80;-;-;intronic;CD80;-;-;-;44;4;4	Name=AluSx	TRUE	Alu	intronic
chr3:119532245:T:C	chr3:119532245:A:G	A:G	CD80	intronic	unknown	T;C;-;A||R||D;ALU;-;SINE/AluSx1;intronic;CD80;-;-;intronic;CD80;-;-;intronic;CD80;-;-;-;46;3;3	Name=AluSx1	TRUE	Alu	intronic
chr3:119532410:T:C	chr3:119532410:A:G	A:G	CD80	intronic	unknown	T;C;-;A||R||D;ALU;-;SINE/AluSx1;intronic;CD80;-;-;intronic;CD80;-;-;intronic;CD80;-;-;-;45;3;3	Name=AluSx1	TRUE	Alu	intronic
chr3:127779174:T:C	chr3:127779174:A:G	A:G	MGLL	intronic	unknown	T;C;-;A||R||D;ALU;-;SINE/AluSx1;intronic;MGLL;-;-;intronic;MGLL;-;-;intronic;MGLL;-;-;-;8;6;6	Name=AluSx1	TRUE	Alu	intronic
chr3:45088401:A:G	chr3:45088401:T:C	A:G	CDCP1	intronic	unknown	A;G;+;A;ALU;-;SINE/AluSz;intronic;CDCP1;-;-;intronic;CDCP1;-;-;intronic;CDCP1;-;-;-;2;2;2	Name=AluSz	TRUE	Alu	intronic
chr3:119531937:T:C	chr3:119531937:A:G	A:G	CD80	intronic	unknown	T;C;-;A||R||D;ALU;-;SINE/AluSx;intronic;CD80;-;-;intronic;CD80;-;-;intronic;CD80;-;-;-;43;5;5	Name=AluSx	TRUE	Alu	intronic
chr3:142322312:T:C	chr3:142322312:A:G	A:G	XRN1	intronic	unknown	T;C;-;A||R||D;ALU;-;SINE/AluJb;intronic;XRN1;-;-;intronic;XRN1;-;-;intronic;XRN1;-;-;-;36;12;15	Name=AluJo	TRUE	Alu	intronic
chr3:142357926:T:C	chr3:142357926:A:G	A:G	XRN1	intronic	unknown	T;C;-;A||R||D;ALU;-;SINE/AluSz;intronic;XRN1;-;-;intronic;XRN1;-;-;intronic;XRN1;-;-;-;6;5;5	Name=AluSz	TRUE	Alu	intronic
chr3:36899530:T:C	chr3:36899530:A:G	A:G	TRANK1	intronic	unknown	T;C;-;R;ALU;-;SINE/AluJr;intronic;TRANK1;-;-;intronic;TRANK1;-;-;intronic;TRANK1;-;-;-;0;0;0	Name=AluJr	TRUE	Alu	intronic
chr3:119532310:T:C	chr3:119532310:A:G	A:G	CD80	intronic	unknown	T;C;-;R||D;ALU;-;SINE/AluSx1;intronic;CD80;-;-;intronic;CD80;-;-;intronic;CD80;-;-;-;24;3;3	Name=AluSx1	TRUE	Alu	intronic
chr3:113770247:A:G	chr3:113770247:A:G	A:G	ATP6V1A	intronic	unknown	A;G;+;A;ALU;-;SINE/AluSz;intronic;ATP6V1A;-;-;intronic;ATP6V1A;-;-;intronic;ATP6V1A;-;-;-;5;3;3	Name=AluSz	TRUE	Alu	intronic
chr3:37107182:T:C	chr3:37107182:A:G	A:G	LRRFIP2	intronic	unknown	T;C;-;A||R||D;ALU;-;SINE/AluSp;intronic;LRRFIP2;-;-;intronic;LRRFIP2;-;-;intronic;LRRFIP2;-;-;-;15;7;9	Name=AluSp	TRUE	Alu	intronic
chr3:184220975:A:G	chr3:184220975:A:G	A:G	VWA5B2	upstream	unknown	.	Name=AluY	FALSE	Alu	upstream
chr4:128036454:A:G	chr4:128036454:A:G	A:G	ABHD18	UTR3	unknown	A;G;+;A||R||D;ALU;-;SINE/AluSp;UTR3;C4orf29;-;-;intergenic;ABHD18||LARP1B;-;-;downstream;C4orf29;-;-;-;1048;30;53	Name=AluSp	TRUE	Alu	UTR3
chr4:128036529:A:G	chr4:128036529:A:G	A:G	ABHD18	UTR3	unknown	A;G;+;A||R||D;ALU;-;SINE/AluSp;UTR3;C4orf29;-;-;intergenic;ABHD18||LARP1B;-;-;downstream;C4orf29;-;-;-;1332;30;54	Name=AluSp	TRUE	Alu	UTR3
chr4:128036530:A:G	chr4:128036530:A:G	A:G	ABHD18	UTR3	unknown	A;G;+;A||R||D;ALU;-;SINE/AluSp;UTR3;C4orf29;-;-;intergenic;ABHD18||LARP1B;-;-;downstream;C4orf29;-;-;-;844;30;54	Name=AluSp	TRUE	Alu	UTR3
chr4:128036549:A:G	chr4:128036549:A:G	A:G	ABHD18	UTR3	unknown	A;G;+;A||R||D;ALU;-;SINE/AluSp;UTR3;C4orf29;-;-;intergenic;ABHD18||LARP1B;-;-;downstream;C4orf29;-;-;-;1422;30;55	Name=AluSp	TRUE	Alu	UTR3
chr4:128036585:A:G	chr4:128036585:A:G	A:G	ABHD18	UTR3	unknown	A;G;+;A||R||D;ALU;-;SINE/AluSp;UTR3;C4orf29;-;-;intergenic;ABHD18||LARP1B;-;-;downstream;C4orf29;-;-;-;886;30;54	Name=AluSp	TRUE	Alu	UTR3
chr4:128036847:A:G	chr4:128036847:A:G	A:G	ABHD18	UTR3	unknown	A;G;+;A||R;ALU;-;SINE/AluSx3;UTR3;C4orf29;-;-;intergenic;ABHD18||LARP1B;-;-;downstream;C4orf29;-;-;-;582;29;53	Name=AluSx3	TRUE	Alu	UTR3
chr4:128036907:A:G	chr4:128036907:A:G	A:G	ABHD18	UTR3	unknown	A;G;+;A||R;ALU;-;SINE/AluSx3;UTR3;C4orf29;-;-;intergenic;ABHD18||LARP1B;-;-;downstream;C4orf29;-;-;-;633;30;53	Name=AluSx3	TRUE	Alu	UTR3
chr4:128036916:A:G	chr4:128036916:A:G	A:G	ABHD18	UTR3	unknown	A;G;+;A||R;ALU;-;SINE/AluSx3;UTR3;C4orf29;-;-;intergenic;ABHD18||LARP1B;-;-;downstream;C4orf29;-;-;-;763;30;54	Name=AluSx3	TRUE	Alu	UTR3
chr4:128036946:A:G	chr4:128036946:A:G	A:G	ABHD18	UTR3	unknown	A;G;+;A||R||D;ALU;-;SINE/AluSx3;UTR3;C4orf29;-;-;intergenic;ABHD18||LARP1B;-;-;downstream;C4orf29;-;-;-;633;29;53	Name=AluSx3	TRUE	Alu	UTR3
chr4:139045723:A:G	chr4:139045723:A:G	A:G	NOCT	UTR3	unknown	A;G;+;A||R||D;ALU;-;SINE/AluY;UTR3;CCRN4L;-;-;UTR3;NOCT;-;-;UTR3;CCRN4L;-;-;-;1098;29;52	Name=AluYj4	TRUE	Alu	UTR3
chr4:165075136:T:C	chr4:165075136:A:G	A:G	TMEM192	UTR3	unknown	T;C;-;A||R;ALU;-;SINE/AluSx;UTR3;TMEM192;-;-;downstream;TMEM192;-;-;downstream;TMEM192;-;-;-;1598;30;54	Name=AluSx	TRUE	Alu	UTR3
chr4:165075675:T:C	chr4:165075675:A:G	A:G	TMEM192	UTR3	unknown	T;C;-;A||R;ALU;-;SINE/AluSg4;UTR3;TMEM192;-;-;downstream;TMEM192;-;-;downstream;TMEM192;-;-;-;1125;30;55	Name=AluSg4	TRUE	Alu	UTR3
chr4:165075707:T:C	chr4:165075707:A:G	A:G	TMEM192	UTR3	unknown	T;C;-;A||R;ALU;-;SINE/AluSg4;UTR3;TMEM192;-;-;downstream;TMEM192;-;-;downstream;TMEM192;-;-;-;980;30;55	Name=AluSg4	TRUE	Alu	UTR3
chr4:165077490:T:C	chr4:165077490:A:G	A:G	TMEM192	UTR3	unknown	T;C;-;A||R||D;ALU;-;SINE/AluSg;UTR3;TMEM192;-;-;UTR3;TMEM192;-;-;UTR3;TMEM192;-;-;-;1900;30;54	Name=AluSg	TRUE	Alu	UTR3
chr4:176331176:A:G	chr4:176331176:A:G	A:G	SPCS3	UTR3	unknown	A;G;+;A||R||D;NONREP;-;-/-;UTR3;SPCS3;-;-;UTR3;SPCS3;-;-;UTR3;SPCS3;-;-;-;2428;30;55	.	TRUE	None	UTR3
chr4:17801160:T:C	chr4:17801160:A:G	A:G	DCAF16	UTR3	unknown	T;C;-;A||R||D;ALU;-;SINE/AluSz;UTR3;DCAF16;-;-;UTR3;DCAF16;-;-;UTR3;DCAF16;-;-;-;2124;30;55	Name=AluSz	TRUE	Alu	UTR3
chr4:17801307:T:C	chr4:17801307:A:G	A:G	DCAF16	UTR3	unknown	T;C;-;A||R||D;ALU;-;SINE/AluSz;UTR3;DCAF16;-;-;UTR3;DCAF16;-;-;UTR3;DCAF16;-;-;-;16;6;6	Name=AluSz	TRUE	Alu	UTR3
chr4:17802039:T:C	chr4:17802039:A:G	A:G	DCAF16	UTR3	unknown	T;C;-;A||R||D;ALU;-;SINE/AluY;UTR3;DCAF16;-;-;UTR3;DCAF16;-;-;UTR3;DCAF16;-;-;-;1820;30;55	Name=AluY	TRUE	Alu	UTR3
chr4:184781086:T:C	chr4:184781086:A:G	A:G	ACSL1	intronic	unknown	T;C;-;A||R||D;ALU;-;SINE/AluSz;intronic;ACSL1;-;-;intronic;ACSL1;-;-;intronic;ACSL1;-;-;-;277;19;26	Name=AluSz	TRUE	Alu	intronic
chr4:184781112:T:C	chr4:184781112:A:G	A:G	ACSL1	intronic	unknown	T;C;-;A||R||D;ALU;-;SINE/AluSz;intronic;ACSL1;-;-;intronic;ACSL1;-;-;intronic;ACSL1;-;-;-;336;21;31	Name=AluSz	TRUE	Alu	intronic
chr4:184781892:T:C	chr4:184781892:A:G	A:G	ACSL1	intronic	unknown	T;C;-;A||R;ALU;-;SINE/AluSx1;intronic;ACSL1;-;-;intronic;ACSL1;-;-;intronic;ACSL1;-;-;-;423;25;41	Name=AluSx1	TRUE	Alu	intronic
chr4:40617515:T:C	chr4:40617515:A:G	A:G	RBM47	intronic	unknown	T;C;-;R||D;ALU;-;SINE/AluSc;intronic;RBM47;-;-;intronic;RBM47;-;-;intronic;RBM47;-;-;-;3;3;3	Name=AluSc	TRUE	Alu	intronic
chr4:56460851:A:G	chr4:56460851:A:G	A:G	PAICS	UTR3	unknown	A;G;+;A||R||D;ALU;-;SINE/AluSx1;UTR3;PAICS;-;-;UTR3;PAICS;-;-;UTR3;PAICS;-;-;-;2054;30;54	Name=AluSx1	TRUE	Alu	UTR3
chr4:90838645:T:C	chr4:90838645:T:C	A:G	CCSER1	intronic	unknown	.	.	FALSE	None	intronic
chr4:17592000:A:G	chr4:17592000:A:G	A:G	LAP3	intronic	unknown	A;G;+;A||R;ALU;-;SINE/AluJb;ncRNA_intronic;AC006160.5;-;-;intronic;LAP3;-;-;intronic;LAP3;-;-;-;48;14;15	Name=AluJb	TRUE	Alu	intronic
chr4:17592001:A:G	chr4:17592001:A:G	A:G	LAP3	intronic	unknown	A;G;+;A||R;ALU;-;SINE/AluJb;ncRNA_intronic;AC006160.5;-;-;intronic;LAP3;-;-;intronic;LAP3;-;-;-;37;9;10	Name=AluJb	TRUE	Alu	intronic
chr4:17592018:A:G	chr4:17592018:A:G	A:G	LAP3	intronic	unknown	A;G;+;A||R;ALU;-;SINE/AluJb;ncRNA_intronic;AC006160.5;-;-;intronic;LAP3;-;-;intronic;LAP3;-;-;-;43;13;14	Name=AluJb	TRUE	Alu	intronic
chr4:17592036:A:G	chr4:17592036:A:G	A:G	LAP3	intronic	unknown	A;G;+;A||R;ALU;-;SINE/AluJb;ncRNA_intronic;AC006160.5;-;-;intronic;LAP3;-;-;intronic;LAP3;-;-;-;33;11;13	Name=AluJb	TRUE	Alu	intronic
chr4:176331087:A:G	chr4:176331087:A:G	A:G	SPCS3	UTR3	unknown	A;G;+;A||R||D;NONREP;-;-/-;UTR3;SPCS3;-;-;UTR3;SPCS3;-;-;UTR3;SPCS3;-;-;-;2420;30;54	.	TRUE	None	UTR3
chr4:176331175:A:G	chr4:176331175:A:G	A:G	SPCS3	UTR3	unknown	A;G;+;A||R||D;NONREP;-;-/-;UTR3;SPCS3;-;-;UTR3;SPCS3;-;-;UTR3;SPCS3;-;-;-;1854;30;55	.	TRUE	None	UTR3
chr4:17801981:T:C	chr4:17801981:A:G	A:G	DCAF16	UTR3	unknown	T;C;-;A||R||D;ALU;-;SINE/AluY;UTR3;DCAF16;-;-;UTR3;DCAF16;-;-;UTR3;DCAF16;-;-;-;2056;30;55	Name=AluY	TRUE	Alu	UTR3
chr4:25279905:A:G	chr4:25279905:A:G	A:G	PI4K2B	downstream	unknown	A;G;+;A||R||D;ALU;-;SINE/AluSz6;downstream;PI4K2B;-;-;downstream;PI4K2B;-;-;downstream;PI4K2B;-;-;-;790;30;50	Name=AluSz6	TRUE	Alu	downstream
chr4:2717113:A:G	chr4:2717113:A:G	A:G	FAM193A	intronic	unknown	A;G;+;A||R||D;ALU;-;SINE/AluSx1;intronic;FAM193A;-;-;intronic;FAM193A;-;-;intronic;FAM193A;-;-;-;46;16;23	Name=AluSx1	TRUE	Alu	intronic
chr4:2839661:A:G	chr4:2839661:A:G	A:G	SH3BP2	UTR3	unknown	A;G;+;A||R||D;ALU;-;SINE/AluJr;UTR3;SH3BP2;-;-;UTR3;SH3BP2;-;-;UTR3;SH3BP2;-;-;-;2018;30;55	Name=AluJr	TRUE	Alu	UTR3
chr4:39716877:A:G	chr4:39716877:A:G	A:G	UBE2K	intronic	unknown	A;G;+;A||R||D;ALU;-;SINE/AluSx;intronic;UBE2K;-;-;intronic;UBE2K;-;-;intronic;UBE2K;-;-;-;5;4;4	Name=AluSx	TRUE	Alu	intronic
chr4:139037542:T:C	chr4:139037542:T:C	A:G	NOCT	intronic	unknown	T;C;-;A||R;ALU;-;SINE/AluJo;intronic;CCRN4L;-;-;intronic;NOCT;-;-;intronic;CCRN4L;-;-;-;32;10;13	Name=AluJo	TRUE	Alu	intronic
chr4:140104657:T:C	chr4:140104657:A:G	A:G	MAML3	intronic	unknown	T;C;-;A||R;ALU;-;SINE/AluJb;intronic;MAML3;-;-;intronic;MAML3;-;-;intronic;MAML3;-;-;-;6;4;4	Name=AluJb	TRUE	Alu	intronic
chr4:165075659:T:C	chr4:165075659:A:G	A:G	TMEM192	UTR3	unknown	T;C;-;A||R;ALU;-;SINE/AluSg4;UTR3;TMEM192;-;-;downstream;TMEM192;-;-;downstream;TMEM192;-;-;-;1521;30;54	Name=AluSg4	TRUE	Alu	UTR3
chr4:165075919:T:C	chr4:165075919:A:G	A:G	TMEM192	UTR3	unknown	T;C;-;R;ALU;-;SINE/AluSx;UTR3;TMEM192;-;-;downstream;TMEM192;-;-;downstream;TMEM192;-;-;-;1810;30;53	Name=AluSx	TRUE	Alu	UTR3
chr4:165077502:T:C	chr4:165077502:A:G	A:G	TMEM192	UTR3	unknown	T;C;-;A||R||D;ALU;-;SINE/AluSg;UTR3;TMEM192;-;-;UTR3;TMEM192;-;-;UTR3;TMEM192;-;-;-;1477;30;54	Name=AluSg	TRUE	Alu	UTR3
chr4:39548938:T:C	chr4:39548938:T:C	A:G	UGDH-AS1	ncRNA
intronic	unknown	T;C;-;A||R||D;ALU;-;SINE/AluSx1;ncRNA_intronic;UGDH-AS1;-;-;ncRNA_intronic;MIR1273H||UGDH-AS1;-;-;ncRNA_intronic;UGDH-AS1;-;-;-;2096;30;55	Name=AluSx1	TRUE	Alu	ncRNA
chr4:55447255:T:C	chr4:55447255:A:G	A:G	CLOCK	intronic	unknown	T;C;-;A||R;ALU;-;SINE/AluSz6;intronic;CLOCK;-;-;intronic;CLOCK;-;-;intronic;CLOCK;-;-;-;6;6;6	Name=AluSz6	TRUE	Alu	intronic
chr4:73217611:T:C	chr4:73217611:A:G	A:G	ANKRD17	intronic	unknown	T;C;-;A||R||D;REP;-;SINE/FLAM_C;intronic;ANKRD17;-;-;intronic;ANKRD17;-;-;intronic;ANKRD17;-;-;-;11;5;6	Name=AluJo	TRUE	Alu	intronic
chr4:139046754:A:G	chr4:139046754:A:G	A:G	NOCT	downstream	unknown	A;G;+;R;ALU;-;SINE/AluY;intergenic;CCRN4L||RNU6-531P;-;-;downstream;NOCT;-;-;downstream;CCRN4L;-;-;-;201;24;41	Name=AluY	TRUE	Alu	downstream
chr4:147783537:A:G	chr4:147783537:A:G	A:G	ARHGAP10	intronic	unknown	.	.	FALSE	None	intronic
chr4:17603907:A:G	chr4:17603907:A:G	A:G	LAP3	intronic	unknown	A;G;+;A||R;ALU;-;SINE/AluSx;ncRNA_intronic;AC006160.5;-;-;intronic;LAP3;-;-;intronic;LAP3;-;-;-;25;12;13	Name=AluSx1	TRUE	Alu	intronic
chr4:17604233:A:G	chr4:17604233:A:G	A:G	LAP3	intronic	unknown	A;G;+;A||R;ALU;-;SINE/AluJb;ncRNA_intronic;AC006160.5;-;-;intronic;LAP3;-;-;intronic;LAP3;-;-;-;79;18;23	Name=AluJo	TRUE	Alu	intronic
chr4:39954260:T:C	chr4:39954260:A:G	A:G	PDS5A	intronic	unknown	T;C;-;A||R||D;ALU;-;SINE/AluJo;intronic;PDS5A;-;-;intronic;PDS5A;-;-;intronic;PDS5A;-;-;-;2;2;2	Name=AluJo	TRUE	Alu	intronic
chr4:40531085:T:C	chr4:40531085:A:G	A:G	RBM47	intronic	unknown	T;C;-;A||R||D;ALU;rs752828883;SINE/AluJb;intronic;RBM47;-;-;intronic;RBM47;-;-;intronic;RBM47;-;-;-;16;8;8	Name=AluJb	TRUE	Alu	intronic
chr4:56460147:A:G	chr4:56460147:A:G	A:G	PAICS	UTR3	unknown	A;G;+;A||R||D;ALU;-;SINE/AluJb;UTR3;PAICS;-;-;UTR3;PAICS;-;-;UTR3;PAICS;-;-;-;2298;30;55	Name=AluJr	TRUE	Alu	UTR3
chr4:56460149:A:G	chr4:56460149:A:G	A:G	PAICS	UTR3	unknown	A;G;+;A||R||D;ALU;-;SINE/AluJb;UTR3;PAICS;-;-;UTR3;PAICS;-;-;UTR3;PAICS;-;-;-;2369;30;55	Name=AluJr	TRUE	Alu	UTR3
chr4:70797583:A:G	chr4:70797583:A:G	A:G	RUFY3	intronic	unknown	A;G;+;A||R||D;ALU;-;SINE/AluSx1;intronic;RUFY3;-;-;intronic;RUFY3;-;-;intronic;RUFY3;-;-;-;1219;30;51	Name=AluSx1	TRUE	Alu	intronic
chr4:139885235:T:C	chr4:139885235:A:G	A:G	MAML3	intronic	unknown	T;C;-;A;ALU;-;SINE/AluJr;intronic;MAML3;-;-;intronic;MAML3;-;-;intronic;MAML3;-;-;-;7;4;5	Name=AluJr	TRUE	Alu	intronic
chr4:17587003:A:G	chr4:17587003:A:G	A:G	LAP3	intronic	unknown	A;G;+;A||R||D;ALU;-;SINE/AluSz6;intronic;LAP3;-;-;intronic;LAP3;-;-;intronic;LAP3;-;-;-;198;25;40	Name=AluSz6	TRUE	Alu	intronic
chr4:17595245:A:G	chr4:17595245:A:G	A:G	LAP3	intronic	unknown	.	Name=AluY	FALSE	Alu	intronic
chr4:17599124:A:G	chr4:17599124:A:G	A:G	LAP3	intronic	unknown	A;G;+;A||R;ALU;-;SINE/AluSx;ncRNA_intronic;AC006160.5;-;-;intronic;LAP3;-;-;intronic;LAP3;-;-;-;46;11;16	Name=AluSx	TRUE	Alu	intronic
chr4:184396685:T:C	chr4:184396685:A:G	A:G	IRF2	intronic	unknown	T;C;-;A||R;ALU;-;SINE/AluJo;intronic;IRF2;-;-;intronic;IRF2;-;-;intronic;IRF2;-;-;-;57;22;28	Name=AluJo	TRUE	Alu	intronic
chr4:184483413:A:G	chr4:184483413:T:C	A:G	IRF2	upstream	unknown	.	Name=AluJr	FALSE	Alu	upstream
chr4:25279889:A:G	chr4:25279889:A:G	A:G	PI4K2B	downstream	unknown	A;G;+;A||R;ALU;-;SINE/AluSz6;downstream;PI4K2B;-;-;downstream;PI4K2B;-;-;downstream;PI4K2B;-;-;-;883;30;52	Name=AluSz6	TRUE	Alu	downstream
chr4:88400295:A:G	chr4:88400295:A:G	A:G	HERC6	intronic	unknown	A;G;+;A;ALU;rs111682886;SINE/AluJo;intronic;HERC6;-;-;intronic;HERC6;-;-;intronic;HERC6;-;-;-;47;16;22	Name=AluJo	TRUE	Alu	intronic
chr4:88400302:A:G	chr4:88400302:A:G	A:G	HERC6	intronic	unknown	A;G;+;A||R;ALU;-;SINE/AluJo;intronic;HERC6;-;-;intronic;HERC6;-;-;intronic;HERC6;-;-;-;32;15;19	Name=AluJo	TRUE	Alu	intronic
chr4:88400335:A:G	chr4:88400335:A:G	A:G	HERC6	intronic	unknown	A;G;+;A||R||D;ALU;-;SINE/AluJo;intronic;HERC6;-;-;intronic;HERC6;-;-;intronic;HERC6;-;-;-;32;13;17	Name=AluJo	TRUE	Alu	intronic
chr4:140104697:T:C	chr4:140104697:A:G	A:G	MAML3	intronic	unknown	T;C;-;A||R;ALU;-;SINE/AluJb;intronic;MAML3;-;-;intronic;MAML3;-;-;intronic;MAML3;-;-;-;6;3;3	Name=AluJb	TRUE	Alu	intronic
chr4:165075117:T:C	chr4:165075117:A:G	A:G	TMEM192	UTR3	unknown	T;C;-;A||R;ALU;-;SINE/AluSx;UTR3;TMEM192;-;-;downstream;TMEM192;-;-;downstream;TMEM192;-;-;-;1978;30;54	Name=AluSx	TRUE	Alu	UTR3
chr4:165075137:T:C	chr4:165075137:A:G	A:G	TMEM192	UTR3	unknown	T;C;-;A||R;ALU;-;SINE/AluSx;UTR3;TMEM192;-;-;downstream;TMEM192;-;-;downstream;TMEM192;-;-;-;1638;30;54	Name=AluSx	TRUE	Alu	UTR3
chr4:184396934:T:C	chr4:184396934:A:G	A:G	IRF2	intronic	unknown	T;C;-;A||R||D;ALU;-;SINE/AluSz6;intronic;IRF2;-;-;intronic;IRF2;-;-;intronic;IRF2;-;-;-;76;24;31	Name=AluSz6	TRUE	Alu	intronic
chr4:83405704:T:C	chr4:83405704:A:G	A:G	HELQ	downstream	unknown	T;C;-;A||R;ALU;-;SINE/AluJb;intergenic;HPSE||HELQ;-;-;intergenic;HPSE||HELQ;-;-;intergenic;HPSE||HELQ;-;-;-;18;10;11	Name=AluJb	TRUE	Alu	downstream
chr4:147783502:A:G	chr4:147783502:A:G	A:G	ARHGAP10	intronic	unknown	.	.	FALSE	None	intronic
chr4:40551848:T:C	chr4:40551848:A:G	A:G	RBM47	intronic	unknown	T;C;-;R||D;ALU;-;SINE/AluSz;intronic;RBM47;-;-;intronic;RBM47;-;-;intronic;RBM47;-;-;-;2;2;2	Name=AluSz	TRUE	Alu	intronic
chr4:67469616:T:C	chr4:67469616:A:G	A:G	CENPC	UTR3	unknown	T;C;-;A||R;ALU;-;SINE/AluSx1;intergenic;RP11-584P21.2||CENPC;-;-;intergenic;LOC101927237||CENPC;-;-;intergenic;AK093203||CENPC1;-;-;-;944;30;55	Name=AluSx1	TRUE	Alu	UTR3
chr4:1844704:T:C	chr4:1844704:A:G	A:G	LETM1	intronic	unknown	T;C;-;A||R;ALU;-;SINE/AluSz;intronic;LETM1;-;-;intronic;LETM1;-;-;intronic;LETM1;-;-;-;4;4;4	Name=AluSz	TRUE	Alu	intronic
chr4:40609602:T:C	chr4:40609602:A:G	A:G	RBM47	intronic	unknown	T;C;-;A||R;ALU;-;SINE/AluSx1;intronic;RBM47;-;-;intronic;RBM47;-;-;intronic;RBM47;-;-;-;3;3;3	Name=AluSx1	TRUE	Alu	intronic
chr4:55370822:A:G	chr4:55370822:T:C	A:G	SRD5A3-AS1	ncRNA
intronic	unknown	A;G;+;A||R;ALU;-;SINE/AluJb;ncRNA_intronic;SRD5A3-AS1;-;-;ncRNA_intronic;SRD5A3-AS1;-;-;ncRNA_intronic;SRD5A3-AS1;-;-;-;867;29;52	Name=AluJb	TRUE	Alu	ncRNA
chr4:447210:T:C	chr4:447210:A:G	A:G	ABCA11P	ncRNA
intronic	unknown	T;C;-;A||R;ALU;-;SINE/AluY;ncRNA_intronic;ABCA11P;-;-;ncRNA_intronic;ABCA11P;-;-;intronic;ABCA11P||ZNF721;-;-;-;38;17;20	Name=AluY	TRUE	Alu	ncRNA
chr4:67469615:T:C	chr4:67469615:A:G	A:G	CENPC	UTR3	unknown	T;C;-;A||R;ALU;-;SINE/AluSx1;intergenic;RP11-584P21.2||CENPC;-;-;intergenic;LOC101927237||CENPC;-;-;intergenic;AK093203||CENPC1;-;-;-;732;30;55	Name=AluSx1	TRUE	Alu	UTR3
chr4:70708025:A:G	chr4:70708025:A:G	A:G	RUFY3	intronic	unknown	A;G;+;A||R;ALU;-;SINE/AluJo;intronic;RUFY3;-;-;intronic;RUFY3;-;-;intronic;RUFY3;-;-;-;14;9;10	Name=AluJo	TRUE	Alu	intronic
chr4:140104193:T:C	chr4:140104193:A:G	A:G	MAML3	intronic	unknown	T;C;-;A;ALU;-;SINE/AluJb;intronic;MAML3;-;-;intronic;MAML3;-;-;intronic;MAML3;-;-;-;6;3;3	Name=AluJb	TRUE	Alu	intronic
chr4:140104219:T:C	chr4:140104219:A:G	A:G	MAML3	intronic	unknown	T;C;-;A||R;ALU;-;SINE/AluJb;intronic;MAML3;-;-;intronic;MAML3;-;-;intronic;MAML3;-;-;-;4;3;3	Name=AluJb	TRUE	Alu	intronic
chr4:55911236:T:C	chr4:55911236:T:C	A:G	EXOC1	downstream	unknown	.	Name=AluJr	FALSE	Alu	downstream
chr4:55911656:T:C	chr4:55911656:T:C	A:G	EXOC1	downstream	unknown	T;C;-;A;ALU;-;SINE/AluJb;intergenic;EXOC1||AC110611.1;-;-;intergenic;EXOC1||CEP135;-;-;intergenic;EXOC1||CEP135;-;-;-;1;1;1	Name=AluJb	TRUE	Alu	downstream
chr4:25279838:A:G	chr4:25279838:A:G	A:G	PI4K2B	downstream	unknown	A;G;+;A||R||D;ALU;-;SINE/AluSz6;downstream;PI4K2B;-;-;downstream;PI4K2B;-;-;downstream;PI4K2B;-;-;-;776;29;51	Name=AluSz6	TRUE	Alu	downstream
chr4:139863038:T:C	chr4:139863038:A:G	A:G	MAML3	intronic	unknown	T;C;-;A||R;ALU;-;SINE/AluSx1;intronic;MAML3;-;-;intronic;MAML3;-;-;intronic;MAML3;-;-;-;5;4;4	Name=AluSx1	TRUE	Alu	intronic
chr4:25279335:A:G	chr4:25279335:A:G	A:G	PI4K2B	downstream	unknown	A;G;+;A||R||D;ALU;-;SINE/AluSz;downstream;PI4K2B;-;-;downstream;PI4K2B;-;-;downstream;PI4K2B;-;-;-;368;29;40	Name=AluSz	TRUE	Alu	downstream
chr4:7582601:A:G	chr4:7582601:A:G	A:G	SORCS2	intronic	unknown	.	Name=LSU-rRNA_Hsa	FALSE	Other	intronic
chr4:102511403:A:G	chr4:102511403:A:G	A:G	NFKB1	intronic	unknown	A;G;+;A||R||D;ALU;-;SINE/AluJo;intronic;NFKB1;-;-;intronic;NFKB1;-;-;intronic;NFKB1;-;-;-;7;5;5	Name=AluJo	TRUE	Alu	intronic
chr4:17588161:A:G	chr4:17588161:A:G	A:G	LAP3	intronic	unknown	A;G;+;A||R;ALU;-;SINE/AluJb;ncRNA_intronic;AC006160.5;-;-;intronic;LAP3;-;-;intronic;LAP3;-;-;-;138;22;33	Name=AluJb	TRUE	Alu	intronic
chr4:17595215:A:G	chr4:17595215:A:G	A:G	LAP3	intronic	unknown	A;G;+;A;ALU;-;SINE/AluY;ncRNA_exonic;RN7SL315P;-;-;intronic;LAP3;-;-;intronic;LAP3;-;-;-;2;2;2	Name=AluY	TRUE	Alu	intronic
chr4:184781055:T:C	chr4:184781055:A:G	A:G	ACSL1	intronic	unknown	T;C;-;A||R||D;ALU;-;SINE/AluSz;intronic;ACSL1;-;-;intronic;ACSL1;-;-;intronic;ACSL1;-;-;-;265;20;26	Name=AluSz	TRUE	Alu	intronic
chr4:17586828:A:G	chr4:17586828:A:G	A:G	LAP3	intronic	unknown	A;G;+;A||R||D;ALU;-;SINE/AluSz6;intronic;LAP3;-;-;intronic;LAP3;-;-;intronic;LAP3;-;-;-;130;19;30	Name=AluSz6	TRUE	Alu	intronic
chr4:2421946:A:G	chr4:2421946:A:G	A:G	CFAP99	intronic	unknown	.	Name=AluJr	FALSE	Alu	intronic
chr4:17588255:A:G	chr4:17588255:A:G	A:G	LAP3	intronic	unknown	A;G;+;A||R;ALU;-;SINE/AluJb;ncRNA_intronic;AC006160.5;-;-;intronic;LAP3;-;-;intronic;LAP3;-;-;-;194;22;39	Name=AluJb	TRUE	Alu	intronic
chr5:115829894:T:C	chr5:115829894:A:G	A:G	ATG12	UTR3	unknown	T;C;-;A||R||D;ALU;-;SINE/AluSq2;UTR3;ATG12;-;-;UTR3;ATG12;-;-;UTR3;ATG12;-;-;304;23;2345;30;55	Name=AluSq2	TRUE	Alu	UTR3
chr5:115829935:T:C	chr5:115829935:A:G	A:G	ATG12	UTR3	unknown	T;C;-;A||R||D;ALU;-;SINE/AluSq2;UTR3;ATG12;-;-;UTR3;ATG12;-;-;UTR3;ATG12;-;-;-;1965;30;55	Name=AluSq2	TRUE	Alu	UTR3
chr5:126625956:A:G	chr5:126625956:A:G	A:G	PHAX	UTR3	unknown	A;G;+;A;ALU;-;SINE/AluSz6;UTR3;PHAX;-;-;UTR3;PHAX;-;-;UTR3;PHAX;-;-;-;1702;30;55	Name=AluSz6	TRUE	Alu	UTR3
chr5:126625957:A:G	chr5:126625957:A:G	A:G	PHAX	UTR3	unknown	A;G;+;A||R||D;ALU;-;SINE/AluSz6;UTR3;PHAX;-;-;UTR3;PHAX;-;-;UTR3;PHAX;-;-;-;2134;30;55	Name=AluSz6	TRUE	Alu	UTR3
chr5:151268183:A:G	chr5:151268183:A:G	A:G	GM2A	UTR3	unknown	A;G;+;A||R||D;ALU;-;SINE/AluSc;UTR3;GM2A;-;-;UTR3;GM2A;-;-;UTR3;GM2A;-;-;-;1297;30;53	Name=AluSc	TRUE	Alu	UTR3
chr5:157090250:T:C	chr5:157090250:A:G	A:G	HAVCR2	intronic	unknown	T;C;-;R||D;ALU;-;SINE/AluJb;intronic;HAVCR2;-;-;intronic;HAVCR2;-;-;intronic;HAVCR2;-;-;-;60;9;14	Name=AluJr	TRUE	Alu	intronic
chr5:157092816:T:C	chr5:157092816:A:G	A:G	HAVCR2	intronic	unknown	T;C;-;R;ALU;-;SINE/AluSz6;intronic;HAVCR2;-;-;intronic;HAVCR2;-;-;intronic;HAVCR2;-;-;-;0;0;0	Name=AluSz6	TRUE	Alu	intronic
chr5:180835373:A:G	chr5:180835373:A:G	A:G	LINC00847	ncRNA
exonic	unknown	A;G;+;A||R||D;REP;-;LTR/MLT2B3;ncRNA_exonic;LINC00847;-;-;ncRNA_exonic;LINC00847;-;-;ncRNA_exonic;LINC00847;-;-;-;2491;30;55	Name=MLT2B3	TRUE	Other	ncRNA
chr5:38969801:T:C	chr5:38969801:A:G	A:G	RICTOR	intronic	unknown	T;C;-;A||R||D;ALU;-;SINE/AluY;intronic;RICTOR;-;-;intronic;RICTOR;-;-;UTR3;RICTOR;-;-;-;60;16;19	Name=AluY	TRUE	Alu	intronic
chr5:65668091:T:C	chr5:65668091:A:G	A:G	SGTB	UTR3	unknown	T;C;-;A||R;ALU;-;SINE/AluSx1;UTR3;SGTB;-;-;UTR3;SGTB;-;-;UTR3;SGTB;-;-;-;489;24;45	Name=AluSx1	TRUE	Alu	UTR3
chr5:65668856:T:C	chr5:65668856:A:G	A:G	SGTB	UTR3	unknown	T;C;-;A||R||D;ALU;-;SINE/AluSx;UTR3;SGTB;-;-;UTR3;SGTB;-;-;UTR3;SGTB;-;-;-;634;26;47	Name=AluSx1	TRUE	Alu	UTR3
chr5:91310291:T:C	chr5:91310291:A:G	A:G	LUCAT1	ncRNA
intronic	unknown	T;C;-;R;ALU;-;SINE/AluJb;downstream;LUCAT1;-;-;ncRNA_intronic;LUCAT1;-;-;downstream;AK091866;-;-;-;252;18;22	Name=AluJb	TRUE	Alu	ncRNA
chr5:96944774:A:G	chr5:96944774:A:G	A:G	LNPEP	intronic	unknown	A;G;+;A||R||D;ALU;-;SINE/AluSz6;intronic;LNPEP;-;-;intronic;LNPEP;-;-;intronic;LNPEP;-;-;-;3;3;3	Name=AluSz6	TRUE	Alu	intronic
chr5:115829866:T:C	chr5:115829866:A:G	A:G	ATG12	UTR3	unknown	T;C;-;A||R||D;ALU;-;SINE/AluSq2;UTR3;ATG12;-;-;UTR3;ATG12;-;-;UTR3;ATG12;-;-;-;1299;29;54	Name=AluSq2	TRUE	Alu	UTR3
chr5:119394869:A:G	chr5:119394869:A:G	A:G	TNFAIP8	UTR3	unknown	A;G;+;A||R;ALU;-;SINE/AluSz;UTR3;TNFAIP8;-;-;downstream;TNFAIP8;-;-;downstream;TNFAIP8;-;-;-;178;18;27	Name=AluSz	TRUE	Alu	UTR3
chr5:119396807:A:G	chr5:119396807:A:G	A:G	TNFAIP8	UTR3	unknown	A;G;+;A||R;ALU;-;SINE/AluSq;UTR3;TNFAIP8;-;-;intergenic;TNFAIP8||HSD17B4;-;-;intergenic;TNFAIP8||HSD17B4;-;-;-;205;21;30	Name=AluSq	TRUE	Alu	UTR3
chr5:126625931:A:G	chr5:126625931:A:G	A:G	PHAX	UTR3	unknown	A;G;+;A||R||D;ALU;-;SINE/AluSz6;UTR3;PHAX;-;-;UTR3;PHAX;-;-;UTR3;PHAX;-;-;-;2002;30;55	Name=AluSz6	TRUE	Alu	UTR3
chr5:140576013:T:C	chr5:140576013:T:C	A:G	SLC35A4	downstream	unknown	.	Name=AluSz	FALSE	Alu	downstream
chr5:140579050:T:C	chr5:140579050:T:C	A:G	SLC35A4	downstream	unknown	T;C;-;R;REP;-;SINE/FLAM_C;upstream;SNORA27;-;-;intergenic;SLC35A4||CD14;-;-;intergenic;SLC35A4||CD14;-;-;-;30;6;6	Name=FLAM_A	TRUE	Other	downstream
chr5:151751170:T:C	chr5:151751170:A:G	A:G	ATOX1	intronic	unknown	T;C;-;R||D;ALU;-;SINE/AluSp;intronic;ATOX1;-;-;intronic;ATOX1;-;-;intronic;ATOX1;-;-;-;3;2;2	Name=AluSp	TRUE	Alu	intronic
chr5:154739921:A:G	chr5:154739921:A:G	A:G	LARP1	intronic	unknown	A;G;+;A||R||D;NONREP;-;-/-;intronic;LARP1;-;-;intronic;LARP1;-;-;intronic;LARP1;-;-;-;18;8;8	.	TRUE	None	intronic
chr5:37290221:T:C	chr5:37290221:A:G	A:G	NUP155	UTR3	unknown	T;C;-;A||R||D;ALU;-;SINE/AluSz;UTR3;NUP155;-;-;intergenic;C5orf42||NUP155;-;-;intergenic;C5orf42||NUP155;-;-;-;1622;30;55	Name=AluSz	TRUE	Alu	UTR3
chr5:37290233:T:C	chr5:37290233:A:G	A:G	NUP155	UTR3	unknown	T;C;-;A||R||D;ALU;-;SINE/AluSz;UTR3;NUP155;-;-;intergenic;C5orf42||NUP155;-;-;intergenic;C5orf42||NUP155;-;-;-;1435;30;55	Name=AluSz	TRUE	Alu	UTR3
chr5:37290234:T:C	chr5:37290234:A:G	A:G	NUP155	UTR3	unknown	T;C;-;A||R||D;ALU;-;SINE/AluSz;UTR3;NUP155;-;-;intergenic;C5orf42||NUP155;-;-;intergenic;C5orf42||NUP155;-;-;-;611;30;54	Name=AluSz	TRUE	Alu	UTR3
chr5:65668029:T:C	chr5:65668029:A:G	A:G	SGTB	UTR3	unknown	T;C;-;A||R;ALU;-;SINE/AluSx1;UTR3;SGTB;-;-;UTR3;SGTB;-;-;UTR3;SGTB;-;-;-;155;11;27	Name=AluSx1	TRUE	Alu	UTR3
chr5:65668042:T:C	chr5:65668042:A:G	A:G	SGTB	UTR3	unknown	T;C;-;A||R;ALU;-;SINE/AluSx1;UTR3;SGTB;-;-;UTR3;SGTB;-;-;UTR3;SGTB;-;-;-;75;9;24	Name=AluSx1	TRUE	Alu	UTR3
chr5:65668049:T:C	chr5:65668049:A:G	A:G	SGTB	UTR3	unknown	T;C;-;A||R||D;ALU;-;SINE/AluSx1;UTR3;SGTB;-;-;UTR3;SGTB;-;-;UTR3;SGTB;-;-;-;133;13;29	Name=AluSx1	TRUE	Alu	UTR3
chr5:65668097:T:C	chr5:65668097:A:G	A:G	SGTB	UTR3	unknown	T;C;-;A||R||D;ALU;-;SINE/AluSx1;UTR3;SGTB;-;-;UTR3;SGTB;-;-;UTR3;SGTB;-;-;-;445;25;47	Name=AluSx1	TRUE	Alu	UTR3
chr5:65668117:T:C	chr5:65668117:A:G	A:G	SGTB	UTR3	unknown	T;C;-;A||R||D;ALU;-;SINE/AluSx1;UTR3;SGTB;-;-;UTR3;SGTB;-;-;UTR3;SGTB;-;-;-;865;27;51	Name=AluSx1	TRUE	Alu	UTR3
chr5:65668135:T:C	chr5:65668135:A:G	A:G	SGTB	UTR3	unknown	T;C;-;A||R||D;ALU;-;SINE/AluSx1;UTR3;SGTB;-;-;UTR3;SGTB;-;-;UTR3;SGTB;-;-;-;463;25;45	Name=AluSx1	TRUE	Alu	UTR3
chr5:65668145:T:C	chr5:65668145:A:G	A:G	SGTB	UTR3	unknown	T;C;-;A||R;ALU;-;SINE/AluSx1;UTR3;SGTB;-;-;UTR3;SGTB;-;-;UTR3;SGTB;-;-;-;252;23;43	Name=AluSx1	TRUE	Alu	UTR3
chr5:65668203:T:C	chr5:65668203:A:G	A:G	SGTB	UTR3	unknown	T;C;-;A||R||D;ALU;-;SINE/AluSx1;UTR3;SGTB;-;-;UTR3;SGTB;-;-;UTR3;SGTB;-;-;-;606;28;51	Name=AluSx1	TRUE	Alu	UTR3
chr5:65668225:T:C	chr5:65668225:A:G	A:G	SGTB	UTR3	unknown	T;C;-;A||R;ALU;-;SINE/AluSx1;UTR3;SGTB;-;-;UTR3;SGTB;-;-;UTR3;SGTB;-;-;-;599;28;51	Name=AluSx1	TRUE	Alu	UTR3
chr5:65668226:T:C	chr5:65668226:A:G	A:G	SGTB	UTR3	unknown	T;C;-;A||R;ALU;-;SINE/AluSx1;UTR3;SGTB;-;-;UTR3;SGTB;-;-;UTR3;SGTB;-;-;-;517;27;49	Name=AluSx1	TRUE	Alu	UTR3
chr5:65668353:T:C	chr5:65668353:A:G	A:G	SGTB	UTR3	unknown	T;C;-;A||R;ALU;-;SINE/AluSx;UTR3;SGTB;-;-;UTR3;SGTB;-;-;UTR3;SGTB;-;-;-;1424;29;53	Name=AluSx1	TRUE	Alu	UTR3
chr5:65668365:T:C	chr5:65668365:A:G	A:G	SGTB	UTR3	unknown	T;C;-;A||R;ALU;-;SINE/AluSx;UTR3;SGTB;-;-;UTR3;SGTB;-;-;UTR3;SGTB;-;-;-;1085;29;53	Name=AluSx1	TRUE	Alu	UTR3
chr5:65668392:T:C	chr5:65668392:A:G	A:G	SGTB	UTR3	unknown	T;C;-;A||R;ALU;-;SINE/AluSx;UTR3;SGTB;-;-;UTR3;SGTB;-;-;UTR3;SGTB;-;-;-;1211;29;54	Name=AluSx1	TRUE	Alu	UTR3
chr5:65668487:T:C	chr5:65668487:A:G	A:G	SGTB	UTR3	unknown	T;C;-;A||R;ALU;-;SINE/AluSc;UTR3;SGTB;-;-;UTR3;SGTB;-;-;UTR3;SGTB;-;-;-;743;29;52	Name=AluSc	TRUE	Alu	UTR3
chr5:65668499:T:C	chr5:65668499:A:G	A:G	SGTB	UTR3	unknown	T;C;-;A||R;ALU;-;SINE/AluSc;UTR3;SGTB;-;-;UTR3;SGTB;-;-;UTR3;SGTB;-;-;-;308;24;44	Name=AluSc	TRUE	Alu	UTR3
chr5:65668575:T:C	chr5:65668575:A:G	A:G	SGTB	UTR3	unknown	T;C;-;A||R;ALU;-;SINE/AluSc;UTR3;SGTB;-;-;UTR3;SGTB;-;-;UTR3;SGTB;-;-;-;712;28;51	Name=AluSc	TRUE	Alu	UTR3
chr5:65668617:T:C	chr5:65668617:A:G	A:G	SGTB	UTR3	unknown	T;C;-;A||R;ALU;-;SINE/AluSc;UTR3;SGTB;-;-;UTR3;SGTB;-;-;UTR3;SGTB;-;-;-;525;27;47	Name=AluSc	TRUE	Alu	UTR3
chr5:65668658:T:C	chr5:65668658:A:G	A:G	SGTB	UTR3	unknown	T;C;-;A||R;ALU;-;SINE/AluSc;UTR3;SGTB;-;-;UTR3;SGTB;-;-;UTR3;SGTB;-;-;-;153;12;26	Name=AluSc	TRUE	Alu	UTR3
chr5:65668659:T:C	chr5:65668659:A:G	A:G	SGTB	UTR3	unknown	T;C;-;A||R;ALU;-;SINE/AluSc;UTR3;SGTB;-;-;UTR3;SGTB;-;-;UTR3;SGTB;-;-;-;250;19;34	Name=AluSc	TRUE	Alu	UTR3
chr5:65668694:T:C	chr5:65668694:A:G	A:G	SGTB	UTR3	unknown	T;C;-;A||R;ALU;-;SINE/AluSc;UTR3;SGTB;-;-;UTR3;SGTB;-;-;UTR3;SGTB;-;-;-;72;11;24	Name=AluSc	TRUE	Alu	UTR3
chr5:65668875:T:C	chr5:65668875:A:G	A:G	SGTB	UTR3	unknown	T;C;-;A||R||D;ALU;-;SINE/AluSx;UTR3;SGTB;-;-;UTR3;SGTB;-;-;UTR3;SGTB;-;-;-;854;28;52	Name=AluSx1	TRUE	Alu	UTR3
chr5:65668891:T:C	chr5:65668891:A:G	A:G	SGTB	UTR3	unknown	T;C;-;A||R||D;ALU;-;SINE/AluSx;UTR3;SGTB;-;-;UTR3;SGTB;-;-;UTR3;SGTB;-;-;-;821;27;50	Name=AluSx1	TRUE	Alu	UTR3
chr5:91309082:T:C	chr5:91309082:A:G	A:G	LUCAT1	ncRNA
intronic	unknown	T;C;-;R;ALU;-;SINE/AluSz;intergenic;RP11-213H15.1||LUCAT1;-;-;ncRNA_intronic;LUCAT1;-;-;intergenic;Metazoa_SRP||AK091866;-;-;-;357;22;29	Name=AluSz	TRUE	Alu	ncRNA
chr5:91310761:T:C	chr5:91310761:A:G	A:G	LUCAT1	ncRNA
intronic	unknown	T;C;-;A||R;ALU;-;SINE/AluSx;downstream;LUCAT1;-;-;ncRNA_intronic;LUCAT1;-;-;downstream;AK091866;-;-;-;240;17;22	Name=AluSx	TRUE	Alu	ncRNA
chr5:126625741:A:G	chr5:126625741:A:G	A:G	PHAX	UTR3	unknown	A;G;+;A||R||D;ALU;-;SINE/AluSz6;UTR3;PHAX;-;-;UTR3;PHAX;-;-;UTR3;PHAX;-;-;-;1673;30;54	Name=AluSz6	TRUE	Alu	UTR3
chr5:138573317:T:C	chr5:138573317:A:G	A:G	HSPA9	intronic	unknown	T;C;-;A||R||D;ALU;-;SINE/AluSq10;intronic;HSPA9;-;-;intronic;HSPA9;-;-;intronic;HSPA9;-;-;-;63;21;27	Name=AluSx	TRUE	Alu	intronic
chr5:143226318:A:G	chr5:143226318:A:G	A:G	ARHGAP26	UTR3	unknown	A;G;+;A||R||D;ALU;-;SINE/AluY;UTR3;ARHGAP26;-;-;UTR3;ARHGAP26;-;-;UTR3;ARHGAP26;-;-;-;4;3;3	Name=AluY	TRUE	Alu	UTR3
chr5:21475111:C:T	chr5:21475111:C:T	C:T	GUSBP1	ncRNA
intronic	unknown	.	Name=AluY	FALSE	Alu	ncRNA
chr5:65668067:T:C	chr5:65668067:A:G	A:G	SGTB	UTR3	unknown	T;C;-;A||R;ALU;-;SINE/AluSx1;UTR3;SGTB;-;-;UTR3;SGTB;-;-;UTR3;SGTB;-;-;-;347;19;36	Name=AluSx1	TRUE	Alu	UTR3
chr5:65668796:T:C	chr5:65668796:A:G	A:G	SGTB	UTR3	unknown	T;C;-;A||R||D;ALU;-;SINE/AluSx;UTR3;SGTB;-;-;UTR3;SGTB;-;-;UTR3;SGTB;-;-;-;629;25;47	Name=AluSx1	TRUE	Alu	UTR3
chr5:65668800:T:C	chr5:65668800:A:G	A:G	SGTB	UTR3	unknown	T;C;-;A||R||D;ALU;-;SINE/AluSx;UTR3;SGTB;-;-;UTR3;SGTB;-;-;UTR3;SGTB;-;-;-;372;25;46	Name=AluSx1	TRUE	Alu	UTR3
chr5:80546247:A:G	chr5:80546247:A:G	A:G	FAM151B	downstream	unknown	A;G;+;A||R;ALU;-;SINE/AluSx;intergenic;FAM151B||ANKRD34B;-;-;intergenic;FAM151B||ANKRD34B;-;-;intergenic;FAM151B||ANKRD34B;-;-;-;424;28;50	Name=AluSx	TRUE	Alu	downstream
chr5:96774840:T:C	chr5:96774840:A:G	A:G	ERAP1	UTR3	unknown	T;C;-;A||R||D;NONREP;-;-/-;UTR3;ERAP1;-;-;UTR3;ERAP1;-;-;UTR3;ERAP1;-;-;-;2014;30;55	.	TRUE	None	UTR3
chr5:115838956:T:C	chr5:115838956:A:G	A:G	ATG12	intronic	unknown	T;C;-;A||R||D;ALU;-;SINE/AluSz;intronic;ATG12;-;-;intronic;ATG12;-;-;intronic;ATG12;-;-;-;585;29;47	Name=AluSz	TRUE	Alu	intronic
chr5:131202240:A:G	chr5:131202240:A:G	A:G	LYRM7	UTR3	unknown	A;G;+;A||R||D;ALU;-;SINE/AluSp;UTR3;LYRM7;-;-;UTR3;LYRM7;-;-;UTR3;LYRM7;-;-;-;624;29;52	Name=AluSp	TRUE	Alu	UTR3
chr5:76595309:A:G	chr5:76595309:A:G	A:G	IQGAP2	intronic	unknown	A;G;+;A;REP;-;SINE/FLAM_C;intronic;IQGAP2;-;-;intronic;IQGAP2;-;-;intronic;IQGAP2;-;-;-;4;3;3	Name=AluJo	TRUE	Alu	intronic
chr5:131284657:A:G	chr5:131284657:A:G	A:G	CDC42SE2	intronic	unknown	A;G;+;A||R||D;ALU;-;SINE/AluJr4;intronic;CDC42SE2;-;-;intronic;CDC42SE2;-;-;intronic;CDC42SE2;-;-;-;4;4;4	Name=AluJr4	TRUE	Alu	intronic
chr5:134968640:A:G	chr5:134968640:A:G	A:G	CATSPER3	intronic	unknown	A;G;+;A||R||D;ALU;-;SINE/AluSz;UTR3;PCBD2;-;-;intronic;CATSPER3;-;-;intronic;CATSPER3;-;-;-;132;24;31	Name=AluSz	TRUE	Alu	intronic
chr5:154687588:A:G	chr5:154687588:A:G	A:G	LARP1	intronic	unknown	A;G;+;A||R;ALU;-;SINE/AluY;intergenic;MIR1303||RN7SL439P;-;-;intergenic;MIR1303||LARP1;-;-;intergenic;MIR3141||LARP1;-;-;-;2;2;2	Name=AluY	TRUE	Alu	intronic
chr5:176984970:C:T	chr5:176984970:G:A	C:T	UIMC1	intronic	unknown	.	Name=SVA_A	FALSE	Other	intronic
chr5:176984998:G:A	chr5:176984998:C:T	C:T	UIMC1	intronic	unknown	.	Name=SVA_A	FALSE	Other	intronic
chr5:65668641:T:C	chr5:65668641:A:G	A:G	SGTB	UTR3	unknown	T;C;-;A||R;ALU;-;SINE/AluSc;UTR3;SGTB;-;-;UTR3;SGTB;-;-;UTR3;SGTB;-;-;-;326;20;38	Name=AluSc	TRUE	Alu	UTR3
chr5:80546486:A:G	chr5:80546486:A:G	A:G	FAM151B	downstream	unknown	A;G;+;A||R;ALU;-;SINE/AluSx3;intergenic;FAM151B||ANKRD34B;-;-;intergenic;FAM151B||ANKRD34B;-;-;intergenic;FAM151B||ANKRD34B;-;-;-;250;24;43	Name=AluSx3	TRUE	Alu	downstream
chr5:172088028:T:C	chr5:172088028:A:G	A:G	STK10	intronic	unknown	T;C;-;A||R||D;ALU;-;SINE/AluJb;intronic;STK10;-;-;intronic;STK10;-;-;intronic;STK10;-;-;-;64;7;10	Name=AluJb	TRUE	Alu	intronic
chr5:179889141:T:C	chr5:179889141:A:G	A:G	TBC1D9B	intronic	unknown	.	Name=AluY	FALSE	Alu	intronic
chr5:80546259:A:G	chr5:80546259:A:G	A:G	FAM151B	downstream	unknown	A;G;+;A||R;ALU;-;SINE/AluSx;intergenic;FAM151B||ANKRD34B;-;-;intergenic;FAM151B||ANKRD34B;-;-;intergenic;FAM151B||ANKRD34B;-;-;-;399;29;51	Name=AluSx	TRUE	Alu	downstream
chr5:131204153:A:G	chr5:131204153:A:G	A:G	LYRM7	UTR3	unknown	A;G;+;A||R||D;REP;-;SINE/FLAM_A;UTR3;LYRM7;-;-;UTR3;LYRM7;-;-;UTR3;LYRM7;-;-;-;1111;30;53	Name=FLAM_A	TRUE	Other	UTR3
chr5:179811050:A:G	chr5:179811050:A:G	A:G	SQSTM1	intronic	unknown	A;G;+;A||R||D;ALU;-;SINE/AluY;intronic;SQSTM1;-;-;intronic;SQSTM1;-;-;intronic;SQSTM1;-;-;594;346;303;28;50	Name=AluY	TRUE	Alu	intronic
chr5:80509067:A:G	chr5:80509067:A:G	A:G	FAM151B	intronic	unknown	A;G;+;A||R;ALU;-;SINE/AluJo;intronic;FAM151B;-;-;intronic;FAM151B;-;-;intronic;FAM151B;-;-;-;5;4;4	Name=AluJo	TRUE	Alu	intronic
chr5:131844115:T:C	chr5:131844115:A:G	A:G	MEIKIN	intronic	unknown	.	Name=MSTA	FALSE	Other	intronic
chr5:65668808:T:C	chr5:65668808:A:G	A:G	SGTB	UTR3	unknown	T;C;-;A||R;ALU;-;SINE/AluSx;UTR3;SGTB;-;-;UTR3;SGTB;-;-;UTR3;SGTB;-;-;-;268;22;44	Name=AluSx1	TRUE	Alu	UTR3
chr5:65668839:T:C	chr5:65668839:A:G	A:G	SGTB	UTR3	unknown	T;C;-;A||R;ALU;-;SINE/AluSx;UTR3;SGTB;-;-;UTR3;SGTB;-;-;UTR3;SGTB;-;-;-;574;27;49	Name=AluSx1	TRUE	Alu	UTR3
chr5:118838973:T:C	chr5:118838973:A:G	A:G	DTWD2	UTR3	unknown	T;C;-;A||R||D;ALU;-;SINE/AluY;UTR3;DTWD2;-;-;UTR3;DTWD2;-;-;UTR3;DTWD2;-;-;-;640;28;51	Name=AluY	TRUE	Alu	UTR3
chr5:60866918:T:C	chr5:60866918:A:G	A:G	ERCC8	downstream	unknown	T;C;-;A||R;ALU;-;SINE/AluY;ncRNA_exonic;RP11-231G3.1;-;-;intergenic;ELOVL7||ERCC8;-;-;intergenic;ELOVL7||ERCC8;-;-;-;195;26;44	Name=AluYk2	TRUE	Alu	downstream
chr5:126834755:A:G	chr5:126834755:A:G	A:G	LMNB1	intronic	unknown	A;G;+;A||R;ALU;-;SINE/AluY;intronic;LMNB1;-;-;intronic;LMNB1;-;-;intronic;LMNB1;-;-;-;10;5;6	Name=AluY	TRUE	Alu	intronic
chr5:126834817:A:G	chr5:126834817:A:G	A:G	LMNB1	intronic	unknown	A;G;+;A||R||D;ALU;-;SINE/AluY;intronic;LMNB1;-;-;intronic;LMNB1;-;-;intronic;LMNB1;-;-;-;30;7;9	Name=AluY	TRUE	Alu	intronic
chr5:96905981:A:G	chr5:96905981:A:G	A:G	ERAP2	intronic	unknown	A;G;+;A||R||D;ALU;-;SINE/AluJr;intronic;ERAP2;-;-;intronic;ERAP2;-;-;ncRNA_intronic;AK094985;-;-;-;36;11;12	Name=FLAM_C	TRUE	Other	intronic
chr5:112894303:A:G	chr5:112894303:A:G	A:G	SRP19	UTR3	unknown	A;G;+;A||R;ALU;-;SINE/AluSc;intronic;REEP5;-;-;intronic;REEP5;-;-;intronic;REEP5;-;-;-;350;24;45	Name=AluSc	TRUE	Alu	UTR3
chr5:170264675:T:C	chr5:170264675:A:G	A:G	LCP2	intronic	unknown	T;C;-;A||R||D;ALU;-;SINE/AluJr;intronic;LCP2;-;-;intronic;LCP2;-;-;intronic;LCP2;-;-;-;65;9;11	Name=AluJr	TRUE	Alu	intronic
chr5:170264677:T:C	chr5:170264677:A:G	A:G	LCP2	intronic	unknown	T;C;-;A||R||D;ALU;-;SINE/AluJr;intronic;LCP2;-;-;intronic;LCP2;-;-;intronic;LCP2;-;-;-;54;7;9	Name=AluJr	TRUE	Alu	intronic
chr5:55901685:A:G	chr5:55901685:A:G	A:G	IL31RA	intronic	unknown	.	Name=AluSp	FALSE	Alu	intronic
chr5:150727135:T:C	chr5:150727135:A:G	A:G	DCTN4	intronic	unknown	T;C;-;A||R||D;NONREP;-;-/-;intronic;DCTN4;-;-;intronic;DCTN4;-;-;intronic;DCTN4;-;-;-;10;8;8	.	TRUE	None	intronic
chr5:150727136:T:C	chr5:150727136:A:G	A:G	DCTN4	intronic	unknown	T;C;-;A||R||D;NONREP;-;-/-;intronic;DCTN4;-;-;intronic;DCTN4;-;-;intronic;DCTN4;-;-;-;17;12;14	.	TRUE	None	intronic
chr6:108042167:T:C	chr6:108042167:A:G	A:G	OSTM1	UTR3	unknown	T;C;-;A||R||D;REP;-;SINE/FLAM_C;UTR3;OSTM1;-;-;UTR3;OSTM1;-;-;ncRNA_exonic;AJ420489;-;-;-;1198;30;55	Name=FLAM_C	TRUE	Other	UTR3
chr6:108042172:T:C	chr6:108042172:A:G	A:G	OSTM1	UTR3	unknown	T;C;-;A||R||D;REP;-;SINE/FLAM_C;UTR3;OSTM1;-;-;UTR3;OSTM1;-;-;ncRNA_exonic;AJ420489;-;-;-;1233;30;54	Name=FLAM_C	TRUE	Other	UTR3
chr6:149724613:T:C	chr6:149724613:A:G	A:G	NUP43	UTR3	unknown	T;C;-;A||R||D;ALU;-;SINE/AluSq;UTR3;NUP43;-;-;UTR3;NUP43;-;-;UTR3;NUP43;-;-;-;1707;30;55	Name=AluSq	TRUE	Alu	UTR3
chr6:149724619:T:C	chr6:149724619:A:G	A:G	NUP43	UTR3	unknown	T;C;-;A||R||D;ALU;-;SINE/AluSq;UTR3;NUP43;-;-;UTR3;NUP43;-;-;UTR3;NUP43;-;-;-;2500;30;55	Name=AluSq	TRUE	Alu	UTR3
chr6:149724620:T:C	chr6:149724620:A:G	A:G	NUP43	UTR3	unknown	T;C;-;A||R||D;ALU;-;SINE/AluSq;UTR3;NUP43;-;-;UTR3;NUP43;-;-;UTR3;NUP43;-;-;-;1760;30;55	Name=AluSq	TRUE	Alu	UTR3
chr6:149724792:T:C	chr6:149724792:A:G	A:G	NUP43	UTR3	unknown	T;C;-;A||R||D;ALU;-;SINE/AluSq;UTR3;NUP43;-;-;UTR3;NUP43;-;-;UTR3;NUP43;-;-;-;1748;30;55	Name=AluSq	TRUE	Alu	UTR3
chr6:149724793:T:C	chr6:149724793:A:G	A:G	NUP43	UTR3	unknown	T;C;-;A||R||D;ALU;-;SINE/AluSq;UTR3;NUP43;-;-;UTR3;NUP43;-;-;UTR3;NUP43;-;-;-;1884;30;55	Name=AluSq	TRUE	Alu	UTR3
chr6:149725213:T:C	chr6:149725213:A:G	A:G	NUP43	UTR3	unknown	T;C;-;A||R||D;ALU;-;SINE/AluSx;UTR3;NUP43;-;-;UTR3;NUP43;-;-;UTR3;NUP43;-;-;-;2268;30;55	Name=AluSx	TRUE	Alu	UTR3
chr6:149725279:T:C	chr6:149725279:A:G	A:G	NUP43	UTR3	unknown	T;C;-;A||R||D;ALU;-;SINE/AluSx;UTR3;NUP43;-;-;UTR3;NUP43;-;-;UTR3;NUP43;-;-;-;2109;30;55	Name=AluSx	TRUE	Alu	UTR3
chr6:149725296:T:C	chr6:149725296:A:G	A:G	NUP43	UTR3	unknown	T;C;-;A||R||D;ALU;-;SINE/AluSx;UTR3;NUP43;-;-;UTR3;NUP43;-;-;UTR3;NUP43;-;-;-;2361;30;55	Name=AluSx	TRUE	Alu	UTR3
chr6:149725349:T:C	chr6:149725349:A:G	A:G	NUP43	UTR3	unknown	T;C;-;A||R||D;ALU;-;SINE/AluSq2;UTR3;NUP43;-;-;UTR3;NUP43;-;-;UTR3;NUP43;-;-;-;1459;30;55	Name=AluSq2	TRUE	Alu	UTR3
chr6:149725359:T:C	chr6:149725359:A:G	A:G	NUP43	UTR3	unknown	T;C;-;A||R||D;ALU;-;SINE/AluSq2;UTR3;NUP43;-;-;UTR3;NUP43;-;-;UTR3;NUP43;-;-;-;2318;30;54	Name=AluSq2	TRUE	Alu	UTR3
chr6:149725550:T:C	chr6:149725550:A:G	A:G	NUP43	UTR3	unknown	T;C;-;A||R||D;ALU;-;SINE/AluSq2;UTR3;NUP43;-;-;UTR3;NUP43;-;-;UTR3;NUP43;-;-;-;1891;30;55	Name=AluSq2	TRUE	Alu	UTR3
chr6:149725605:T:C	chr6:149725605:A:G	A:G	NUP43	UTR3	unknown	T;C;-;A||R||D;NONREP;-;-/-;UTR3;NUP43;-;-;UTR3;NUP43;-;-;UTR3;NUP43;-;-;-;1473;30;55	.	TRUE	None	UTR3
chr6:25990436:A:G	chr6:25990436:A:G	A:G	TRIM38	UTR3	unknown	A;G;+;A||R;ALU;-;SINE/AluJb;ncRNA_intronic;U91328.21;-;-;intergenic;TRIM38||HIST1H1A;-;-;intergenic;TRIM38||HIST1H1A;-;-;-;264;26;36	Name=AluJb	TRUE	Alu	UTR3
chr6:25990448:A:G	chr6:25990448:A:G	A:G	TRIM38	UTR3	unknown	A;G;+;A||R;ALU;-;SINE/AluJb;ncRNA_intronic;U91328.21;-;-;intergenic;TRIM38||HIST1H1A;-;-;intergenic;TRIM38||HIST1H1A;-;-;-;241;26;36	Name=AluJb	TRUE	Alu	UTR3
chr6:25990578:A:G	chr6:25990578:A:G	A:G	TRIM38	UTR3	unknown	A;G;+;A||R;ALU;-;SINE/AluJb;ncRNA_intronic;U91328.21;-;-;intergenic;TRIM38||HIST1H1A;-;-;intergenic;TRIM38||HIST1H1A;-;-;-;128;17;24	Name=AluJb	TRUE	Alu	UTR3
chr6:3020602:T:C	chr6:3020602:A:G	A:G	HTATSF1P2	ncRNA
exonic	unknown	T;C;-;A||R;REP;-;SINE/FLAM_C;ncRNA_exonic;RP1-90J20.12;-;-;ncRNA_exonic;HTATSF1P2;-;-;ncRNA_exonic;HTATSF1P2;-;-;-;703;27;47	Name=AluJb	TRUE	Alu	ncRNA
chr6:3021122:T:C	chr6:3021122:A:G	A:G	HTATSF1P2	ncRNA
exonic	unknown	T;C;-;A||R;ALU;-;SINE/AluJr4;ncRNA_exonic;RP1-90J20.12;-;-;ncRNA_exonic;HTATSF1P2;-;-;ncRNA_exonic;HTATSF1P2;-;-;-;526;29;47	Name=AluJr4	TRUE	Alu	ncRNA
chr6:3021157:T:C	chr6:3021157:A:G	A:G	HTATSF1P2	ncRNA
exonic	unknown	T;C;-;A||R;ALU;-;SINE/AluJr4;ncRNA_exonic;RP1-90J20.12;-;-;ncRNA_exonic;HTATSF1P2;-;-;ncRNA_exonic;HTATSF1P2;-;-;-;590;29;50	Name=AluJr4	TRUE	Alu	ncRNA
chr6:3022224:T:C	chr6:3022224:A:G	A:G	HTATSF1P2	ncRNA
exonic	unknown	T;C;-;A||R||D;ALU;-;SINE/AluJr;ncRNA_exonic;RP1-90J20.12;-;-;ncRNA_exonic;HTATSF1P2;-;-;ncRNA_exonic;HTATSF1P2;-;-;-;813;30;51	Name=AluJr	TRUE	Alu	ncRNA
chr6:3022234:T:C	chr6:3022234:A:G	A:G	HTATSF1P2	ncRNA
exonic	unknown	T;C;-;R||D;ALU;-;SINE/AluJr;ncRNA_exonic;RP1-90J20.12;-;-;ncRNA_exonic;HTATSF1P2;-;-;ncRNA_exonic;HTATSF1P2;-;-;-;560;29;47	Name=AluJr	TRUE	Alu	ncRNA
chr6:37037175:A:G	chr6:37037175:A:G	A:G	FGD2	downstream	unknown	A;G;+;R;ALU;-;SINE/AluJb;intergenic;FGD2||COX6A1P2;-;-;intergenic;FGD2||PIM1;-;-;intergenic;FGD2||PIM1;-;-;-;116;19;25	Name=AluJb	TRUE	Alu	downstream
chr6:37037219:A:G	chr6:37037219:A:G	A:G	FGD2	downstream	unknown	A;G;+;R;ALU;-;SINE/AluJb;intergenic;FGD2||COX6A1P2;-;-;intergenic;FGD2||PIM1;-;-;intergenic;FGD2||PIM1;-;-;-;208;19;28	Name=AluJb	TRUE	Alu	downstream
chr6:73424191:T:C	chr6:73424191:A:G	A:G	CGAS	UTR3	unknown	T;C;-;A||R||D;ALU;-;SINE/AluY;UTR3;MB21D1;-;-;downstream;MB21D1;-;-;downstream;MB21D1;-;-;-;577;27;48	Name=AluY	TRUE	Alu	UTR3
chr6:73425032:T:C	chr6:73425032:A:G	A:G	CGAS	UTR3	unknown	T;C;-;A||R||D;ALU;-;SINE/AluSz;UTR3;MB21D1;-;-;downstream;MB21D1;-;-;downstream;MB21D1;-;-;-;1;1;1	Name=AluSz	TRUE	Alu	UTR3
chr6:73425036:T:C	chr6:73425036:A:G	A:G	CGAS	UTR3	unknown	T;C;-;A||R||D;ALU;-;SINE/AluSz;UTR3;MB21D1;-;-;downstream;MB21D1;-;-;downstream;MB21D1;-;-;-;673;29;51	Name=AluSz	TRUE	Alu	UTR3
chr6:89634503:T:C	chr6:89634503:A:G	A:G	LYRM2	UTR3	unknown	T;C;-;A||R||D;ALU;-;SINE/AluJo;UTR3;LYRM2;-;-;UTR3;LYRM2;-;-;UTR3;LYRM2;-;-;-;1850;30;55	Name=AluJo	TRUE	Alu	UTR3
chr6:108042615:T:C	chr6:108042615:A:G	A:G	OSTM1	UTR3	unknown	T;C;-;A||R;ALU;-;SINE/AluJb;UTR3;OSTM1;-;-;UTR3;OSTM1;-;-;ncRNA_exonic;AJ420489;-;-;-;1084;30;54	Name=AluJb	TRUE	Alu	UTR3
chr6:108042693:T:C	chr6:108042693:A:G	A:G	OSTM1	UTR3	unknown	T;C;-;A||R||D;ALU;-;SINE/AluJb;UTR3;OSTM1;-;-;UTR3;OSTM1;-;-;ncRNA_exonic;AJ420489;-;-;-;1590;30;55	Name=AluJb	TRUE	Alu	UTR3
chr6:111230058:A:G	chr6:111230058:A:G	A:G	SLC16A10	UTR3	unknown	A;G;+;A||R;ALU;-;SINE/AluSx1;ncRNA_intronic;RP11-428F8.2;-;-;intergenic;SLC16A10||KIAA1919;-;-;intergenic;SLC16A10||KIAA1919;-;-;-;321;21;36	Name=AluSx1	TRUE	Alu	UTR3
chr6:111230226:A:G	chr6:111230226:A:G	A:G	SLC16A10	UTR3	unknown	A;G;+;A||R;ALU;-;SINE/AluSx1;ncRNA_intronic;RP11-428F8.2;-;-;intergenic;SLC16A10||KIAA1919;-;-;intergenic;SLC16A10||KIAA1919;-;-;-;637;27;47	Name=AluSx1	TRUE	Alu	UTR3
chr6:129648436:T:C	chr6:129648436:A:G	A:G	ARHGAP18	intronic	unknown	T;C;-;A||R||D;ALU;-;SINE/AluJr;intronic;ARHGAP18;-;-;intronic;ARHGAP18;-;-;intronic;ARHGAP18;-;-;-;1;1;1	Name=AluJr	TRUE	Alu	intronic
chr6:14121360:A:G	chr6:14121360:A:G	A:G	CD83	intronic	unknown	A;G;+;A||R||D;ALU;-;SINE/AluJb;intronic;CD83;-;-;intronic;CD83;-;-;intronic;CD83;-;-;-;64;10;13	Name=AluJb	TRUE	Alu	intronic
chr6:148350199:A:G	chr6:148350199:A:G	A:G	SASH1	intronic	unknown	A;G;+;A||R;REP;-;SINE/FLAM_C;intronic;SASH1;-;-;intronic;SASH1;-;-;intronic;SASH1;-;-;-;4;3;3	Name=FLAM_C	TRUE	Other	intronic
chr6:149724614:T:C	chr6:149724614:A:G	A:G	NUP43	UTR3	unknown	T;C;-;A||R||D;ALU;-;SINE/AluSq;UTR3;NUP43;-;-;UTR3;NUP43;-;-;UTR3;NUP43;-;-;-;2171;30;55	Name=AluSq	TRUE	Alu	UTR3
chr6:149724680:T:C	chr6:149724680:A:G	A:G	NUP43	UTR3	unknown	T;C;-;A||R||D;ALU;-;SINE/AluSq;UTR3;NUP43;-;-;UTR3;NUP43;-;-;UTR3;NUP43;-;-;-;874;30;55	Name=AluSq	TRUE	Alu	UTR3
chr6:149724681:T:C	chr6:149724681:A:G	A:G	NUP43	UTR3	unknown	T;C;-;A||R||D;ALU;-;SINE/AluSq;UTR3;NUP43;-;-;UTR3;NUP43;-;-;UTR3;NUP43;-;-;-;1322;30;55	Name=AluSq	TRUE	Alu	UTR3
chr6:149725204:T:C	chr6:149725204:A:G	A:G	NUP43	UTR3	unknown	T;C;-;A||R||D;ALU;-;SINE/AluSx;UTR3;NUP43;-;-;UTR3;NUP43;-;-;UTR3;NUP43;-;-;-;1581;30;54	Name=AluSx	TRUE	Alu	UTR3
chr6:149725426:T:C	chr6:149725426:A:G	A:G	NUP43	UTR3	unknown	T;C;-;A||R||D;ALU;-;SINE/AluSq2;UTR3;NUP43;-;-;UTR3;NUP43;-;-;UTR3;NUP43;-;-;-;1735;30;55	Name=AluSq2	TRUE	Alu	UTR3
chr6:15254854:A:G	chr6:15254854:A:G	A:G	JARID2	intronic	unknown	A;G;+;A||R||D;ALU;-;SINE/AluSx1;intronic;JARID2;-;-;intronic;JARID2;-;-;intronic;JARID2;-;-;-;8;5;5	Name=AluSx1	TRUE	Alu	intronic
chr6:158974286:T:C	chr6:158974286:A:G	A:G	RSPH3	UTR3	unknown	T;C;-;A||R;NONREP;-;-/-;UTR3;RSPH3;-;-;intergenic;C6orf99||RSPH3;-;-;intergenic;C6orf99||RSPH3;-;-;-;1591;30;54	.	TRUE	None	UTR3
chr6:158974328:T:C	chr6:158974328:A:G	A:G	RSPH3	UTR3	unknown	T;C;-;A||R;NONREP;-;-/-;UTR3;RSPH3;-;-;intergenic;C6orf99||RSPH3;-;-;intergenic;C6orf99||RSPH3;-;-;-;795;30;54	.	TRUE	None	UTR3
chr6:158974333:T:C	chr6:158974333:A:G	A:G	RSPH3	UTR3	unknown	T;C;-;A||R;NONREP;-;-/-;UTR3;RSPH3;-;-;intergenic;C6orf99||RSPH3;-;-;intergenic;C6orf99||RSPH3;-;-;-;1308;30;54	.	TRUE	None	UTR3
chr6:158974390:T:C	chr6:158974390:A:G	A:G	RSPH3	UTR3	unknown	T;C;-;A||R;NONREP;-;-/-;UTR3;RSPH3;-;-;intergenic;C6orf99||RSPH3;-;-;intergenic;C6orf99||RSPH3;-;-;-;1378;30;54	.	TRUE	None	UTR3
chr6:158974391:T:C	chr6:158974391:A:G	A:G	RSPH3	UTR3	unknown	T;C;-;A||R;NONREP;-;-/-;UTR3;RSPH3;-;-;intergenic;C6orf99||RSPH3;-;-;intergenic;C6orf99||RSPH3;-;-;-;1388;30;54	.	TRUE	None	UTR3
chr6:25990542:A:G	chr6:25990542:A:G	A:G	TRIM38	UTR3	unknown	A;G;+;A||R;ALU;-;SINE/AluJb;ncRNA_intronic;U91328.21;-;-;intergenic;TRIM38||HIST1H1A;-;-;intergenic;TRIM38||HIST1H1A;-;-;-;216;24;33	Name=AluJb	TRUE	Alu	UTR3
chr6:3022464:T:C	chr6:3022464:A:G	A:G	HTATSF1P2	ncRNA
exonic	unknown	T;C;-;R;ALU;-;SINE/AluSx3;ncRNA_exonic;RP1-90J20.12;-;-;ncRNA_exonic;HTATSF1P2;-;-;ncRNA_exonic;HTATSF1P2;-;-;-;0;0;0	Name=AluSz	TRUE	Alu	ncRNA
chr6:37036975:A:G	chr6:37036975:A:G	A:G	FGD2	downstream	unknown	A;G;+;R;ALU;-;SINE/AluSx;intergenic;FGD2||COX6A1P2;-;-;intergenic;FGD2||PIM1;-;-;intergenic;FGD2||PIM1;-;-;-;90;11;12	Name=AluSq2	TRUE	Alu	downstream
chr6:42079814:A:G	chr6:42079814:A:G	A:G	TAF8	UTR3	unknown	A;G;+;A||R||D;ALU;-;SINE/AluSz6;UTR3;TAF8;-;-;UTR3;TAF8;-;-;UTR3;TAF8;-;-;-;1669;30;55	Name=AluSz6	TRUE	Alu	UTR3
chr6:42079815:A:G	chr6:42079815:A:G	A:G	TAF8	UTR3	unknown	A;G;+;A||R||D;ALU;-;SINE/AluSz6;UTR3;TAF8;-;-;UTR3;TAF8;-;-;UTR3;TAF8;-;-;-;833;30;53	Name=AluSz6	TRUE	Alu	UTR3
chr6:73424352:T:C	chr6:73424352:A:G	A:G	CGAS	UTR3	unknown	T;C;-;A||R||D;ALU;-;SINE/AluY;UTR3;MB21D1;-;-;downstream;MB21D1;-;-;downstream;MB21D1;-;-;-;824;30;53	Name=AluY	TRUE	Alu	UTR3
chr6:73593820:T:C	chr6:73593820:A:G	A:G	SLC17A5	UTR3	unknown	T;C;-;A||R||D;ALU;-;SINE/AluJr;UTR3;SLC17A5;-;-;UTR3;SLC17A5;-;-;UTR3;SLC17A5;-;-;-;2038;30;55	Name=AluJr	TRUE	Alu	UTR3
chr6:73594290:T:C	chr6:73594290:A:G	A:G	SLC17A5	UTR3	unknown	T;C;-;A||R||D;ALU;-;SINE/AluSx3;UTR3;SLC17A5;-;-;UTR3;SLC17A5;-;-;UTR3;SLC17A5;-;-;-;2125;30;55	Name=AluSx3	TRUE	Alu	UTR3
chr6:108042214:T:C	chr6:108042214:A:G	A:G	OSTM1	UTR3	unknown	T;C;-;A||R||D;REP;-;SINE/FLAM_C;UTR3;OSTM1;-;-;UTR3;OSTM1;-;-;ncRNA_exonic;AJ420489;-;-;-;549;29;51	Name=FLAM_C	TRUE	Other	UTR3
chr6:108042537:T:C	chr6:108042537:A:G	A:G	OSTM1	UTR3	unknown	T;C;-;A||R;ALU;-;SINE/AluJb;UTR3;OSTM1;-;-;UTR3;OSTM1;-;-;ncRNA_intronic;AJ420489;-;-;-;866;29;53	Name=AluJb	TRUE	Alu	UTR3
chr6:149724783:T:C	chr6:149724783:A:G	A:G	NUP43	UTR3	unknown	T;C;-;A||R||D;ALU;-;SINE/AluSq;UTR3;NUP43;-;-;UTR3;NUP43;-;-;UTR3;NUP43;-;-;-;1340;30;55	Name=AluSq	TRUE	Alu	UTR3
chr6:149724784:T:C	chr6:149724784:A:G	A:G	NUP43	UTR3	unknown	T;C;-;A||R||D;ALU;-;SINE/AluSq;UTR3;NUP43;-;-;UTR3;NUP43;-;-;UTR3;NUP43;-;-;-;1435;30;54	Name=AluSq	TRUE	Alu	UTR3
chr6:18250699:T:C	chr6:18250699:A:G	A:G	DEK	intronic	unknown	.	Name=AluSz	FALSE	Alu	intronic
chr6:26096396:A:G	chr6:26096396:A:G	A:G	HFE	UTR3	unknown	A;G;+;A||R;ALU;-;SINE/AluSg;UTR3;HFE;-;-;intergenic;HFE||HIST1H4C;-;-;intergenic;HFE||HIST1H4C;-;-;-;1421;30;53	Name=AluSg	TRUE	Alu	UTR3
chr6:29725552:A:G	chr6:29725552:A:G	A:G	HLA-F	exonic	nonsynonymous SNV	.	.	FALSE	None	exonic
chr6:35388452:A:G	chr6:35388452:A:G	A:G	PPARD	intronic	unknown	A;G;+;A;ALU;-;SINE/AluSz6;intronic;PPARD;-;-;intronic;PPARD;-;-;intronic;PPARD;-;-;-;1;1;1	Name=AluSz6	TRUE	Alu	intronic
chr6:36141554:A:G	chr6:36141554:A:G	A:G	MAPK13	UTR3	unknown	A;G;+;A||R;ALU;-;SINE/AluSz;upstream;Z95152.1;-;-;UTR3;MAPK13;-;-;UTR3;MAPK13;-;-;-;1415;30;53	Name=AluSz	TRUE	Alu	UTR3
chr6:36141593:A:G	chr6:36141593:A:G	A:G	MAPK13	UTR3	unknown	A;G;+;A||R;ALU;-;SINE/AluSz;intergenic;Z95152.1||RP1-179N16.6;-;-;UTR3;MAPK13;-;-;UTR3;MAPK13;-;-;-;1137;30;53	Name=AluSz	TRUE	Alu	UTR3
chr6:36682189:A:G	chr6:36682189:A:G	A:G	CDKN1A	intronic	unknown	A;G;+;A||R||D;REP;-;SINE/MIRb;intronic;CDKN1A;-;-;intronic;CDKN1A;-;-;intronic;CDKN1A;-;-;-;938;30;53	Name=MIRb	TRUE	Other	intronic
chr6:42079816:A:G	chr6:42079816:A:G	A:G	TAF8	UTR3	unknown	A;G;+;A||R||D;ALU;-;SINE/AluSz6;UTR3;TAF8;-;-;UTR3;TAF8;-;-;UTR3;TAF8;-;-;-;1203;30;54	Name=AluSz6	TRUE	Alu	UTR3
chr6:148350052:A:G	chr6:148350052:A:G	A:G	SASH1	intronic	unknown	A;G;+;A;ALU;-;SINE/AluY;intronic;SASH1;-;-;intronic;SASH1;-;-;intronic;SASH1;-;-;-;3;3;3	Name=AluY	TRUE	Alu	intronic
chr6:159723892:A:G	chr6:159723892:T:C	A:G	SOD2	intronic	unknown	.	Name=AluJr4	FALSE	Alu	intronic
chr6:16291830:A:G	chr6:16291830:A:G	A:G	GMPR	intronic	unknown	.	Name=AluJr	FALSE	Alu	intronic
chr6:2258363:A:G	chr6:2258363:A:G	A:G	GMDS-DT	ncRNA
intronic	unknown	A;G;+;A||R||D;REP;-;LTR/MLT1C;intergenic;GMDS||GMDS-AS1;-;-;ncRNA_intronic;GMDS-AS1;-;-;ncRNA_intronic;LOC100508120;-;-;-;35;14;15	Name=MLT1C	TRUE	Other	ncRNA
chr6:3022300:T:C	chr6:3022300:A:G	A:G	HTATSF1P2	ncRNA
exonic	unknown	T;C;-;A||R;ALU;-;SINE/AluJr;ncRNA_exonic;RP1-90J20.12;-;-;ncRNA_exonic;HTATSF1P2;-;-;ncRNA_exonic;HTATSF1P2;-;-;-;503;28;44	Name=AluJr	TRUE	Alu	ncRNA
chr6:33005380:T:C	chr6:33005380:A:G	A:G	HLA-DOA	UTR3	unknown	T;C;-;R||D;ALU;-;SINE/AluSc;UTR3;HLA-DOA;-;-;UTR3;HLA-DOA;-;-;UTR3;HLA-DOA;-;-;-;0;0;0	Name=AluSc	TRUE	Alu	UTR3
chr6:33005409:T:C	chr6:33005409:A:G	A:G	HLA-DOA	UTR3	unknown	T;C;-;R;ALU;-;SINE/AluSc;UTR3;HLA-DOA;-;-;UTR3;HLA-DOA;-;-;UTR3;HLA-DOA;-;-;-;0;0;0	Name=AluSc	TRUE	Alu	UTR3
chr6:37037181:A:G	chr6:37037181:A:G	A:G	FGD2	downstream	unknown	A;G;+;R;ALU;-;SINE/AluJb;intergenic;FGD2||COX6A1P2;-;-;intergenic;FGD2||PIM1;-;-;intergenic;FGD2||PIM1;-;-;-;132;18;22	Name=AluJb	TRUE	Alu	downstream
chr6:89634987:T:C	chr6:89634987:A:G	A:G	LYRM2	UTR3	unknown	T;C;-;A||R||D;ALU;-;SINE/AluSz6;UTR3;LYRM2;-;-;UTR3;LYRM2;-;-;UTR3;LYRM2;-;-;-;2212;30;55	Name=AluSz6	TRUE	Alu	UTR3
chr6:111228780:A:G	chr6:111228780:A:G	A:G	SLC16A10	UTR3	unknown	A;G;+;A||R||D;ALU;-;SINE/AluSp;ncRNA_intronic;RP11-428F8.2;-;-;intergenic;SLC16A10||KIAA1919;-;-;intergenic;SLC16A10||KIAA1919;-;-;-;431;22;35	Name=AluSp	TRUE	Alu	UTR3
chr6:111666776:T:C	chr6:111666776:A:G	A:G	FYN	intronic	unknown	T;C;-;A||R||D;ALU;-;SINE/AluJb;intronic;FYN;-;-;intronic;FYN;-;-;intronic;FYN;-;-;-;895;28;51	Name=AluJb	TRUE	Alu	intronic
chr6:138790334:A:G	chr6:138790334:A:G	A:G	CCDC28A	intronic	unknown	A;G;+;A||R;ALU;-;SINE/AluSx1;intronic;CCDC28A;-;-;intronic;CCDC28A;-;-;intronic;CCDC28A;-;-;-;86;23;37	Name=AluSx1	TRUE	Alu	intronic
chr6:16291720:A:G	chr6:16291720:A:G	A:G	GMPR	intronic	unknown	A;G;+;A||R;ALU;-;SINE/AluJr;intronic;GMPR;-;-;intronic;GMPR;-;-;intronic;GMPR;-;-;-;14;6;6	Name=AluJr	TRUE	Alu	intronic
chr6:16291831:A:G	chr6:16291831:A:G	A:G	GMPR	intronic	unknown	.	Name=AluJr	FALSE	Alu	intronic
chr6:33252383:G:A	chr6:33252383:G:A	C:T	HCG25	ncRNA
intronic	unknown	.	Name=AluSx1	FALSE	Alu	ncRNA
chr6:33252418:A:G	chr6:33252418:A:G	A:G	HCG25	ncRNA
intronic	unknown	A;G;+;R;ALU;-;SINE/AluSx1;ncRNA_intronic;HCG25;-;-;ncRNA_intronic;HCG25;-;-;ncRNA_intronic;HCG25;-;-;-;0;0;0	Name=AluSx1	TRUE	Alu	ncRNA
chr6:34635767:T:C	chr6:34635767:A:G	A:G	ILRUN	intronic	unknown	T;C;-;R||D;ALU;-;SINE/AluSx1;intronic;C6orf106;-;-;intronic;C6orf106;-;-;intronic;C6orf106;-;-;-;3;3;3	Name=AluSx1	TRUE	Alu	intronic
chr6:37037238:A:G	chr6:37037238:A:G	A:G	FGD2	downstream	unknown	A;G;+;R;ALU;-;SINE/AluJb;intergenic;FGD2||COX6A1P2;-;-;intergenic;FGD2||PIM1;-;-;intergenic;FGD2||PIM1;-;-;-;155;19;26	Name=AluJb	TRUE	Alu	downstream
chr6:37037996:A:G	chr6:37037996:A:G	A:G	FGD2	downstream	unknown	A;G;+;A||R;ALU;-;SINE/AluJb;intergenic;FGD2||COX6A1P2;-;-;intergenic;FGD2||PIM1;-;-;intergenic;FGD2||PIM1;-;-;-;2;2;2	Name=AluJb	TRUE	Alu	downstream
chr6:46657037:A:G	chr6:46657037:A:G	A:G	SLC25A27	intronic	unknown	A;G;+;A||R;ALU;-;SINE/AluJo;intronic;SLC25A27;-;-;intronic;SLC25A27;-;-;intronic;SLC25A27;-;-;-;1706;29;52	Name=AluJo	TRUE	Alu	intronic
chr6:46657373:A:G	chr6:46657373:A:G	A:G	SLC25A27	intronic	unknown	A;G;+;A;ALU;-;SINE/AluSq2;intronic;SLC25A27;-;-;intronic;SLC25A27;-;-;intronic;SLC25A27;-;-;-;238;24;33	Name=AluSq2	TRUE	Alu	intronic
chr6:73428164:T:C	chr6:73428164:A:G	A:G	CGAS	intronic	unknown	T;C;-;R||D;ALU;-;SINE/AluJb;intronic;MB21D1;-;-;intronic;MB21D1;-;-;intronic;MB21D1;-;-;-;6;2;3	Name=AluJb	TRUE	Alu	intronic
chr6:73434253:T:C	chr6:73434253:A:G	A:G	CGAS	intronic	unknown	T;C;-;R;REP;-;DNA/MER2;intronic;MB21D1;-;-;intronic;MB21D1;-;-;intronic;MB21D1;-;-;-;6;4;5	Name=MER2	TRUE	Other	intronic
chr6:73594291:T:C	chr6:73594291:A:G	A:G	SLC17A5	UTR3	unknown	T;C;-;A||R||D;ALU;-;SINE/AluSx3;UTR3;SLC17A5;-;-;UTR3;SLC17A5;-;-;UTR3;SLC17A5;-;-;-;1790;30;55	Name=AluSx3	TRUE	Alu	UTR3
chr6:32761689:G:A	chr6:32761689:C:T	C:T	HLA-DQB2	exonic	nonsynonymous SNV	.	.	FALSE	None	exonic
chr6:35355431:A:G	chr6:35355431:A:G	A:G	PPARD	intronic	unknown	A;G;+;A||R||D;ALU;-;SINE/AluJb;intronic;PPARD;-;-;intronic;PPARD;-;-;intronic;PPARD;-;-;-;58;18;23	Name=AluJb	TRUE	Alu	intronic
chr6:33005250:T:C	chr6:33005250:A:G	A:G	HLA-DOA	UTR3	unknown	T;C;-;R;ALU;-;SINE/AluSc;UTR3;HLA-DOA;-;-;UTR3;HLA-DOA;-;-;UTR3;HLA-DOA;-;-;-;0;0;0	Name=AluSc	TRUE	Alu	UTR3
chr6:33128038:A:G	chr6:33128038:A:G	A:G	HLA-DPB2	ncRNA
exonic	unknown	.	.	FALSE	None	ncRNA
chr6:33128040:C:T	chr6:33128040:C:T	C:T	HLA-DPB2	ncRNA
exonic	unknown	.	.	FALSE	None	ncRNA
chr6:33128041:A:G	chr6:33128041:A:G	A:G	HLA-DPB2	ncRNA
exonic	unknown	.	.	FALSE	None	ncRNA
chr6:33128076:C:T	chr6:33128076:C:T	C:T	HLA-DPB2	ncRNA
exonic	unknown	.	.	FALSE	None	ncRNA
chr6:83026892:T:C	chr6:83026892:A:G	A:G	UBE3D	intronic	unknown	T;C;-;A||R||D;ALU;-;SINE/AluJr4;intronic;UBE3D;-;-;intronic;UBE3D;-;-;intronic;UBE3D;-;-;-;18;11;12	Name=AluJr4	TRUE	Alu	intronic
chr6:15613145:T:C	chr6:15613145:A:G	A:G	DTNBP1	intronic	unknown	T;C;-;A||R||D;ALU;-;SINE/AluSq2;intronic;DTNBP1;-;-;intronic;DTNBP1;-;-;intronic;DTNBP1;-;-;-;5;3;3	Name=AluSq2	TRUE	Alu	intronic
chr6:33252449:C:T	chr6:33252449:C:T	C:T	HCG25	ncRNA
intronic	unknown	.	Name=AluSx1	FALSE	Alu	ncRNA
chr6:33252450:A:G	chr6:33252450:A:G	A:G	HCG25	ncRNA
intronic	unknown	.	Name=AluSx1	FALSE	Alu	ncRNA
chr6:33005854:T:C	chr6:33005854:A:G	A:G	HLA-DOA	UTR3	unknown	T;C;-;R||D;ALU;-;SINE/AluJr;UTR3;HLA-DOA;-;-;UTR3;HLA-DOA;-;-;UTR3;HLA-DOA;-;-;-;0;0;0	Name=AluJr	TRUE	Alu	UTR3
chr6:33127883:A:G	chr6:33127883:A:G	A:G	HLA-DPB2	ncRNA
exonic	unknown	.	.	FALSE	None	ncRNA
chr6:111278449:A:G	chr6:111278449:A:G	A:G	MFSD4B	downstream	unknown	A;G;+;A||R||D;REP;-;LTR/THE1B;ncRNA_exonic;RP5-1112D6.4;-;-;intergenic;KIAA1919||REV3L;-;-;intergenic;KIAA1919||REV3L;-;-;-;1854;30;55	Name=THE1B	TRUE	Other	downstream
chr6:129648515:T:C	chr6:129648515:A:G	A:G	ARHGAP18	intronic	unknown	T;C;-;A||R||D;REP;-;SINE/FLAM_C;intronic;ARHGAP18;-;-;intronic;ARHGAP18;-;-;intronic;ARHGAP18;-;-;-;2;1;1	Name=FLAM_C	TRUE	Other	intronic
chr6:33127893:A:G	chr6:33127893:A:G	A:G	HLA-DPB2	ncRNA
exonic	unknown	.	.	FALSE	None	ncRNA
chr6:26096259:A:G	chr6:26096259:A:G	A:G	HFE	UTR3	unknown	A;G;+;A||R;ALU;-;SINE/AluSg;UTR3;HFE;-;-;intergenic;HFE||HIST1H4C;-;-;intergenic;HFE||HIST1H4C;-;-;-;1051;30;48	Name=AluSg	TRUE	Alu	UTR3
chr6:158976083:T:C	chr6:158976083:A:G	A:G	RSPH3	UTR3	unknown	T;C;-;A||R;ALU;-;SINE/AluJb;UTR3;RSPH3;-;-;intergenic;C6orf99||RSPH3;-;-;intergenic;C6orf99||RSPH3;-;-;-;717;29;50	Name=AluJb	TRUE	Alu	UTR3
chr6:158976131:T:C	chr6:158976131:A:G	A:G	RSPH3	UTR3	unknown	T;C;-;A||R;ALU;-;SINE/AluJb;UTR3;RSPH3;-;-;intergenic;C6orf99||RSPH3;-;-;intergenic;C6orf99||RSPH3;-;-;-;657;29;53	Name=AluJb	TRUE	Alu	UTR3
chr6:17970356:T:C	chr6:17970356:A:G	A:G	KIF13A	intronic	unknown	T;C;-;A;ALU;-;SINE/AluSz;intronic;KIF13A;-;-;intronic;KIF13A;-;-;intronic;KIF13A;-;-;-;4;2;2	Name=AluSz	TRUE	Alu	intronic
chr6:37288937:A:G	chr6:37288937:A:G	A:G	TBC1D22B	intronic	unknown	A;G;+;A||R||D;ALU;-;SINE/AluJr;intronic;TBC1D22B;-;-;intronic;TBC1D22B;-;-;intronic;TBC1D22B;-;-;-;2;2;2	Name=AluJr	TRUE	Alu	intronic
chr6:144302390:A:G	chr6:144302390:A:G	A:G	UTRN	intronic	unknown	A;G;+;A||R;ALU;-;SINE/AluSx;intronic;UTRN;-;-;intronic;UTRN;-;-;intronic;UTRN;-;-;-;1;1;1	Name=AluSx	TRUE	Alu	intronic
chr6:149789395:A:G	chr6:149789395:A:G	A:G	PCMT1	intronic	unknown	.	.	FALSE	None	intronic
chr6:33127853:A:G	chr6:33127853:A:G	A:G	HLA-DPB2	ncRNA
exonic	unknown	.	.	FALSE	None	ncRNA
chr6:18250280:T:C	chr6:18250280:A:G	A:G	DEK	intronic	unknown	T;C;-;A||R||D;ALU;-;SINE/AluY;intronic;DEK;-;-;intronic;DEK;-;-;intronic;DEK;-;-;-;4;2;3	Name=AluY	TRUE	Alu	intronic
chr7:112126074:T:C	chr7:112126074:A:G	A:G	DOCK4	intronic	unknown	T;C;-;A||R;ALU;-;SINE/AluJb;intronic;DOCK4;-;-;intronic;DOCK4;-;-;intronic;DOCK4;-;-;-;14;5;6	Name=AluJb	TRUE	Alu	intronic
chr7:128307926:T:C	chr7:128307926:A:G	A:G	RBM28	UTR3	unknown	T;C;-;R||D;ALU;-;SINE/AluJr;UTR3;RBM28;-;-;upstream;MGC27345;-;-;upstream;MGC27345;-;-;-;1635;29;52	Name=AluJr	TRUE	Alu	UTR3
chr7:151377171:T:C	chr7:151377171:T:C	A:G	NUB1	exonic	synonymous SNV	.	.	FALSE	None	exonic
chr7:17344729:A:G	chr7:17344729:A:G	A:G	AHR	UTR3	unknown	A;G;+;A||R||D;ALU;-;SINE/AluSx;UTR3;AHR;-;-;UTR3;AHR;-;-;UTR3;AHR;-;-;-;1539;30;54	Name=AluSx	TRUE	Alu	UTR3
chr7:17344734:A:G	chr7:17344734:A:G	A:G	AHR	UTR3	unknown	A;G;+;A||R||D;ALU;-;SINE/AluSx;UTR3;AHR;-;-;UTR3;AHR;-;-;UTR3;AHR;-;-;-;1295;30;55	Name=AluSx	TRUE	Alu	UTR3
chr7:17344903:A:G	chr7:17344903:A:G	A:G	AHR	UTR3	unknown	A;G;+;A||R||D;ALU;-;SINE/AluSx;UTR3;AHR;-;-;UTR3;AHR;-;-;UTR3;AHR;-;-;-;1796;30;55	Name=AluSx	TRUE	Alu	UTR3
chr7:17345106:A:G	chr7:17345106:A:G	A:G	AHR	UTR3	unknown	A;G;+;A||R||D;ALU;-;SINE/AluSc;UTR3;AHR;-;-;UTR3;AHR;-;-;UTR3;AHR;-;-;-;1905;30;55	Name=AluSc	TRUE	Alu	UTR3
chr7:17345156:A:G	chr7:17345156:A:G	A:G	AHR	UTR3	unknown	A;G;+;A||R||D;ALU;rs542539241;SINE/AluSc;UTR3;AHR;-;-;UTR3;AHR;-;-;UTR3;AHR;-;-;-;12;6;6	Name=AluSc	TRUE	Alu	UTR3
chr7:17345168:A:G	chr7:17345168:A:G	A:G	AHR	UTR3	unknown	A;G;+;A||R||D;ALU;-;SINE/AluSc;UTR3;AHR;-;-;UTR3;AHR;-;-;UTR3;AHR;-;-;-;1991;30;55	Name=AluSc	TRUE	Alu	UTR3
chr7:17345208:A:G	chr7:17345208:A:G	A:G	AHR	UTR3	unknown	A;G;+;A||R||D;ALU;-;SINE/AluSc;UTR3;AHR;-;-;UTR3;AHR;-;-;UTR3;AHR;-;-;-;2346;30;55	Name=AluSc	TRUE	Alu	UTR3
chr7:17345256:A:G	chr7:17345256:A:G	A:G	AHR	UTR3	unknown	A;G;+;A||R||D;ALU;-;SINE/AluSc;UTR3;AHR;-;-;UTR3;AHR;-;-;UTR3;AHR;-;-;-;2303;30;55	Name=AluSc	TRUE	Alu	UTR3
chr7:17345258:A:G	chr7:17345258:A:G	A:G	AHR	UTR3	unknown	A;G;+;A||R||D;ALU;-;SINE/AluSc;UTR3;AHR;-;-;UTR3;AHR;-;-;UTR3;AHR;-;-;-;2056;30;55	Name=AluSc	TRUE	Alu	UTR3
chr7:38723468:T:C	chr7:38723468:A:G	A:G	VPS41	UTR3	unknown	T;C;-;A||R||D;ALU;-;SINE/AluSx3;UTR3;VPS41;-;-;downstream;VPS41;-;-;downstream;VPS41;-;-;-;2279;30;55	Name=AluSx3	TRUE	Alu	UTR3
chr7:38723641:T:C	chr7:38723641:A:G	A:G	VPS41	UTR3	unknown	T;C;-;A||R||D;ALU;-;SINE/AluSx3;UTR3;VPS41;-;-;downstream;VPS41;-;-;downstream;VPS41;-;-;-;1287;30;55	Name=AluSx3	TRUE	Alu	UTR3
chr7:44802500:A:G	chr7:44802500:A:G	A:G	PPIA	UTR3	unknown	A;G;+;A||R||D;NONREP;-;-/-;UTR3;PPIA;-;-;UTR3;PPIA;-;-;UTR3;PPIA;-;-;-;2231;30;54	.	TRUE	None	UTR3
chr7:73233235:A:G	chr7:73233235:A:G	A:G	NCF1B	ncRNA
intronic	unknown	A;G;+;R||D;ALU;-;SINE/AluJr;ncRNA_intronic;NCF1B;-;-;ncRNA_intronic;NCF1B;-;-;intronic;FKBP6;-;-;-;266;12;17	Name=AluJr	TRUE	Alu	ncRNA
chr7:74786604:A:G	chr7:74786604:A:G	A:G	NCF1	intronic	unknown	A;G;+;R;ALU;-;SINE/AluJr;intronic;NCF1;-;-;intronic;NCF1;-;-;intronic;NCF1;-;-;422;69;240;8;9	Name=AluJr	TRUE	Alu	intronic
chr7:75159355:T:C	chr7:75159355:A:G	A:G	NCF1C	ncRNA
intronic	unknown	T;C;-;R;ALU;-;SINE/AluJr;intergenic;GTF2IRD2B||Y_RNA;-;-;ncRNA_intronic;NCF1C;-;-;intronic;NCF1C;-;-;-;94;4;5	Name=AluJr	TRUE	Alu	ncRNA
chr7:111913766:T:C	chr7:111913766:A:G	A:G	DOCK4	intronic	unknown	T;C;-;R;ALU;-;SINE/AluJb;intronic;DOCK4;-;-;intronic;DOCK4;-;-;intronic;DOCK4;-;-;-;3;2;2	Name=AluJr	TRUE	Alu	intronic
chr7:130889709:T:C	chr7:130889709:A:G	A:G	LINC-PINT	ncRNA
intronic	unknown	T;C;-;A||R||D;ALU;-;SINE/AluJr;ncRNA_intronic;AC016831.7;-;-;ncRNA_intronic;LINC-PINT;-;-;ncRNA_intronic;LOC646329;-;-;-;17;12;12	Name=AluJr	TRUE	Alu	ncRNA
chr7:133750791:A:G	chr7:133750791:A:G	A:G	EXOC4	intronic	unknown	A;G;+;A;ALU;-;SINE/AluJo;intronic;EXOC4;-;-;intronic;EXOC4;-;-;intronic;EXOC4;-;-;-;2;2;2	Name=AluJo	TRUE	Alu	intronic
chr7:17344769:A:G	chr7:17344769:A:G	A:G	AHR	UTR3	unknown	A;G;+;A||R||D;ALU;-;SINE/AluSx;UTR3;AHR;-;-;UTR3;AHR;-;-;UTR3;AHR;-;-;-;1573;30;55	Name=AluSx	TRUE	Alu	UTR3
chr7:17344771:A:G	chr7:17344771:A:G	A:G	AHR	UTR3	unknown	A;G;+;A||R||D;ALU;-;SINE/AluSx;UTR3;AHR;-;-;UTR3;AHR;-;-;UTR3;AHR;-;-;-;1964;30;55	Name=AluSx	TRUE	Alu	UTR3
chr7:17345061:A:G	chr7:17345061:A:G	A:G	AHR	UTR3	unknown	A;G;+;A||R||D;ALU;-;SINE/AluSc;UTR3;AHR;-;-;UTR3;AHR;-;-;UTR3;AHR;-;-;-;1315;30;53	Name=AluSc	TRUE	Alu	UTR3
chr7:17345062:A:G	chr7:17345062:A:G	A:G	AHR	UTR3	unknown	A;G;+;A||R||D;ALU;-;SINE/AluSc;UTR3;AHR;-;-;UTR3;AHR;-;-;UTR3;AHR;-;-;-;1315;30;55	Name=AluSc	TRUE	Alu	UTR3
chr7:17345139:A:G	chr7:17345139:A:G	A:G	AHR	UTR3	unknown	A;G;+;A||R||D;ALU;-;SINE/AluSc;UTR3;AHR;-;-;UTR3;AHR;-;-;UTR3;AHR;-;-;-;1012;30;52	Name=AluSc	TRUE	Alu	UTR3
chr7:17345154:A:G	chr7:17345154:A:G	A:G	AHR	UTR3	unknown	A;G;+;A||R||D;ALU;-;SINE/AluSc;UTR3;AHR;-;-;UTR3;AHR;-;-;UTR3;AHR;-;-;-;12;6;6	Name=AluSc	TRUE	Alu	UTR3
chr7:17345155:A:G	chr7:17345155:A:G	A:G	AHR	UTR3	unknown	A;G;+;A||R||D;ALU;-;SINE/AluSc;UTR3;AHR;-;-;UTR3;AHR;-;-;UTR3;AHR;-;-;-;12;6;6	Name=AluSc	TRUE	Alu	UTR3
chr7:17345159:A:G	chr7:17345159:A:G	A:G	AHR	UTR3	unknown	A;G;+;A||R||D;ALU;-;SINE/AluSc;UTR3;AHR;-;-;UTR3;AHR;-;-;UTR3;AHR;-;-;-;1640;30;55	Name=AluSc	TRUE	Alu	UTR3
chr7:17345263:A:G	chr7:17345263:A:G	A:G	AHR	UTR3	unknown	A;G;+;A||R||D;ALU;-;SINE/AluSc;UTR3;AHR;-;-;UTR3;AHR;-;-;UTR3;AHR;-;-;-;2134;30;55	Name=AluSc	TRUE	Alu	UTR3
chr7:24837302:T:C	chr7:24837302:A:G	A:G	OSBPL3	intronic	unknown	T;C;-;A||R||D;ALU;-;SINE/AluJr;intronic;OSBPL3;-;-;intronic;OSBPL3;-;-;intronic;OSBPL3;-;-;-;9;5;5	Name=AluJr	TRUE	Alu	intronic
chr7:2722384:T:C	chr7:2722384:T:C	A:G	AMZ1	intronic	unknown	T;C;-;A||R;ALU;-;SINE/AluY;intergenic;AMZ1||GNA12;-;-;intergenic;AMZ1||GNA12;-;-;intergenic;AMZ1||GNA12;-;-;-;1423;30;54	Name=AluY	TRUE	Alu	intronic
chr7:2722883:T:C	chr7:2722883:T:C	A:G	AMZ1	intronic	unknown	T;C;-;A||R;ALU;-;SINE/AluJr;intergenic;AMZ1||GNA12;-;-;intergenic;AMZ1||GNA12;-;-;intergenic;AMZ1||GNA12;-;-;-;1847;30;54	Name=AluJr	TRUE	Alu	intronic
chr7:37742804:A:G	chr7:37742804:A:G	A:G	GPR141	UTR3	unknown	.	Name=L1PA13	FALSE	LINE	UTR3
chr7:44802329:A:G	chr7:44802329:A:G	A:G	PPIA	UTR3	unknown	A;G;+;A||R||D;ALU;-;SINE/AluSx;UTR3;PPIA;-;-;UTR3;PPIA;-;-;UTR3;PPIA;-;-;-;2394;30;55	Name=AluSx	TRUE	Alu	UTR3
chr7:5528187:T:C	chr7:5528187:A:G	A:G	ACTB	splicing	unknown	T;C;-;A;NONREP;-;-/-;splicing;ACTB;-;-;splicing;ACTB;-;-;splicing;ACTB;-;-;600;366;1796;30;53	.	TRUE	None	splicing
chr7:5528188:G:A	chr7:5528188:C:T	C:T	ACTB	intronic	unknown	.	.	FALSE	None	intronic
chr7:5528189:A:G	chr7:5528189:T:C	A:G	ACTB	intronic	unknown	.	.	FALSE	None	intronic
chr7:66155637:A:G	chr7:66155637:A:G	A:G	CRCP	downstream	unknown	A;G;+;A||R||D;ALU;-;SINE/AluJb;ncRNA_intronic;RP5-1132H15.1;-;-;intergenic;CRCP||TPST1;-;-;intergenic;CRCP||TPST1;-;-;-;467;27;49	Name=AluJb	TRUE	Alu	downstream
chr7:66709095:A:G	chr7:66709095:A:G	A:G	RABGEF1	intronic	unknown	A;G;+;A||R||D;ALU;-;SINE/AluSq2;intergenic;RP4-756H11.3||RP11-792A8.4;-;-;intronic;RABGEF1;-;-;intronic;RABGEF1;-;-;-;72;20;29	Name=AluSq2	TRUE	Alu	intronic
chr7:75675865:T:C	chr7:75675865:A:G	A:G	HIP1	intronic	unknown	T;C;-;A||R||D;ALU;-;SINE/AluJr4;intronic;HIP1;-;-;intronic;HIP1;-;-;intronic;HIP1;-;-;-;16;6;8	Name=AluJr4	TRUE	Alu	intronic
chr7:75814441:T:C	chr7:75814441:A:G	A:G	CCL24	intronic	unknown	.	Name=AluJr	FALSE	Alu	intronic
chr7:75815104:T:C	chr7:75815104:A:G	A:G	CCL24	intronic	unknown	.	Name=AluJr	FALSE	Alu	intronic
chr7:75815122:T:C	chr7:75815122:A:G	A:G	CCL24	intronic	unknown	.	Name=AluJr	FALSE	Alu	intronic
chr7:75815217:T:C	chr7:75815217:A:G	A:G	CCL24	intronic	unknown	.	Name=AluJr	FALSE	Alu	intronic
chr7:75815223:T:C	chr7:75815223:A:G	A:G	CCL24	intronic	unknown	.	Name=AluJr	FALSE	Alu	intronic
chr7:75815256:T:C	chr7:75815256:A:G	A:G	CCL24	intronic	unknown	.	Name=AluJr	FALSE	Alu	intronic
chr7:75815263:T:C	chr7:75815263:A:G	A:G	CCL24	intronic	unknown	.	Name=AluJr	FALSE	Alu	intronic
chr7:75816699:T:C	chr7:75816699:A:G	A:G	CCL24	intronic	unknown	T;C;-;A;ALU;-;SINE/AluSx;intronic;CCL24;-;-;intergenic;CCL24||RHBDD2;-;-;intergenic;CCL24||RHBDD2;-;-;-;8;2;2	Name=AluSx1	TRUE	Alu	intronic
chr7:75816700:T:C	chr7:75816700:A:G	A:G	CCL24	intronic	unknown	T;C;-;A;ALU;-;SINE/AluSx;intronic;CCL24;-;-;intergenic;CCL24||RHBDD2;-;-;intergenic;CCL24||RHBDD2;-;-;-;9;3;3	Name=AluSx1	TRUE	Alu	intronic
chr7:75816722:T:C	chr7:75816722:A:G	A:G	CCL24	intronic	unknown	T;C;-;A;ALU;-;SINE/AluSx;intronic;CCL24;-;-;intergenic;CCL24||RHBDD2;-;-;intergenic;CCL24||RHBDD2;-;-;-;10;2;2	Name=AluSx1	TRUE	Alu	intronic
chr7:75816726:T:C	chr7:75816726:A:G	A:G	CCL24	intronic	unknown	.	Name=AluSx1	FALSE	Alu	intronic
chr7:75816761:T:C	chr7:75816761:A:G	A:G	CCL24	intronic	unknown	.	Name=AluSx1	FALSE	Alu	intronic
chr7:75816799:T:C	chr7:75816799:A:G	A:G	CCL24	intronic	unknown	.	Name=AluSx1	FALSE	Alu	intronic
chr7:75817565:T:C	chr7:75817565:A:G	A:G	CCL24	intronic	unknown	T;C;-;R;ALU;-;SINE/AluSq2;intronic;CCL24;-;-;intergenic;CCL24||RHBDD2;-;-;intergenic;CCL24||RHBDD2;-;-;-;9;2;2	Name=AluSq2	TRUE	Alu	intronic
chr7:75817599:T:C	chr7:75817599:A:G	A:G	CCL24	intronic	unknown	.	Name=AluSq2	FALSE	Alu	intronic
chr7:75817640:T:C	chr7:75817640:A:G	A:G	CCL24	intronic	unknown	.	Name=AluSq2	FALSE	Alu	intronic
chr7:75817685:T:C	chr7:75817685:A:G	A:G	CCL24	intronic	unknown	.	Name=AluSq2	FALSE	Alu	intronic
chr7:75817775:T:C	chr7:75817775:A:G	A:G	CCL24	intronic	unknown	.	Name=AluSq2	FALSE	Alu	intronic
chr7:75817776:T:C	chr7:75817776:A:G	A:G	CCL24	intronic	unknown	.	Name=AluSq2	FALSE	Alu	intronic
chr7:75817865:T:C	chr7:75817865:A:G	A:G	CCL24	intronic	unknown	.	Name=AluSz	FALSE	Alu	intronic
chr7:75819052:T:C	chr7:75819052:A:G	A:G	CCL24	intronic	unknown	.	Name=AluSp	FALSE	Alu	intronic
chr7:75819103:T:C	chr7:75819103:A:G	A:G	CCL24	intronic	unknown	T;C;-;R;ALU;-;SINE/AluSp;intronic;CCL24;-;-;intergenic;CCL24||RHBDD2;-;-;intergenic;CCL24||RHBDD2;-;-;-;8;2;2	Name=AluSp	TRUE	Alu	intronic
chr7:75819106:T:C	chr7:75819106:A:G	A:G	CCL24	intronic	unknown	.	Name=AluSp	FALSE	Alu	intronic
chr7:75819146:T:C	chr7:75819146:A:G	A:G	CCL24	intronic	unknown	.	Name=AluSp	FALSE	Alu	intronic
chr7:75819208:T:C	chr7:75819208:A:G	A:G	CCL24	intronic	unknown	.	Name=AluSp	FALSE	Alu	intronic
chr7:75820317:T:C	chr7:75820317:A:G	A:G	CCL24	intronic	unknown	T;C;-;R;ALU;-;SINE/AluSx;intronic;CCL24;-;-;intergenic;CCL24||RHBDD2;-;-;intergenic;CCL24||RHBDD2;-;-;-;15;3;3	Name=AluSx	TRUE	Alu	intronic
chr7:75830887:T:C	chr7:75830887:A:G	A:G	CCL24	upstream	unknown	T;C;-;R;ALU;-;SINE/AluJb;intergenic;CCL24||RHBDD2;-;-;intergenic;CCL24||RHBDD2;-;-;intergenic;CCL24||RHBDD2;-;-;-;30;3;3	Name=AluJb	TRUE	Alu	upstream
chr7:75830908:T:C	chr7:75830908:A:G	A:G	CCL24	upstream	unknown	T;C;-;R;ALU;-;SINE/AluJb;intergenic;CCL24||RHBDD2;-;-;intergenic;CCL24||RHBDD2;-;-;intergenic;CCL24||RHBDD2;-;-;-;31;5;5	Name=AluJb	TRUE	Alu	upstream
chr7:75830948:T:C	chr7:75830948:A:G	A:G	CCL24	upstream	unknown	T;C;-;R;ALU;-;SINE/AluJb;intergenic;CCL24||RHBDD2;-;-;intergenic;CCL24||RHBDD2;-;-;intergenic;CCL24||RHBDD2;-;-;-;27;6;6	Name=AluJb	TRUE	Alu	upstream
chr7:75831361:T:C	chr7:75831361:A:G	A:G	CCL24	upstream	unknown	T;C;-;R;ALU;-;SINE/AluJb;intergenic;CCL24||RHBDD2;-;-;intergenic;CCL24||RHBDD2;-;-;intergenic;CCL24||RHBDD2;-;-;-;20;6;6	Name=AluJb	TRUE	Alu	upstream
chr7:23275201:A:G	chr7:23275201:A:G	A:G	GPNMB	downstream	unknown	A;G;+;A||R;REP;-;SINE/FLAM_C;downstream;GPNMB;-;-;downstream;GPNMB;-;-;downstream;GPNMB;-;-;-;124;18;25	Name=FLAM_C	TRUE	Other	downstream
chr7:72995872:T:C	chr7:72995872:A:G	A:G	STAG3L3	downstream	unknown	T;C;-;R||D;ALU;-;SINE/AluSx;intergenic;AC005488.1||STAG3L3;-;-;intergenic;LOC541473||STAG3L1;-;-;ncRNA_intronic;STAG3L3;-;-;-;0;0;0	Name=AluSz	TRUE	Alu	downstream
chr7:75814363:T:C	chr7:75814363:A:G	A:G	CCL24	intronic	unknown	.	Name=AluJr	FALSE	Alu	intronic
chr7:75814444:T:C	chr7:75814444:A:G	A:G	CCL24	intronic	unknown	.	Name=AluJr	FALSE	Alu	intronic
chr7:75814483:T:C	chr7:75814483:A:G	A:G	CCL24	intronic	unknown	.	Name=AluJr	FALSE	Alu	intronic
chr7:75814514:T:C	chr7:75814514:A:G	A:G	CCL24	intronic	unknown	.	Name=AluJr	FALSE	Alu	intronic
chr7:75817029:T:C	chr7:75817029:A:G	A:G	CCL24	intronic	unknown	.	Name=AluJr	FALSE	Alu	intronic
chr7:75817968:T:C	chr7:75817968:A:G	A:G	CCL24	intronic	unknown	.	Name=AluSz	FALSE	Alu	intronic
chr7:75819185:T:C	chr7:75819185:A:G	A:G	CCL24	intronic	unknown	.	Name=AluSp	FALSE	Alu	intronic
chr7:128305596:T:C	chr7:128305596:A:G	A:G	RBM28	UTR3	unknown	T;C;-;A||R;REP;-;SINE/FLAM_C;UTR3;RBM28;-;-;ncRNA_exonic;MGC27345;-;-;ncRNA_exonic;MGC27345;-;-;-;971;30;53	Name=FLAM_C	TRUE	Other	UTR3
chr7:130889683:T:C	chr7:130889683:A:G	A:G	LINC-PINT	ncRNA
intronic	unknown	T;C;-;A||R;ALU;-;SINE/AluJr;ncRNA_intronic;AC016831.7;-;-;ncRNA_intronic;LINC-PINT;-;-;ncRNA_intronic;LOC646329;-;-;-;11;8;8	Name=AluJr	TRUE	Alu	ncRNA
chr7:4679286:T:C	chr7:4679286:T:C	A:G	FOXK1	upstream	unknown	T;C;-;R||D;ALU;-;SINE/AluSc;intronic;FOXK1;-;-;intergenic;SDK1||FOXK1;-;-;intronic;FOXK1;-;-;-;4;2;2	Name=AluSc	TRUE	Alu	upstream
chr7:66158120:A:G	chr7:66158120:A:G	A:G	CRCP	downstream	unknown	A;G;+;A||R;ALU;-;SINE/AluSz;ncRNA_intronic;RP5-1132H15.1;-;-;intergenic;CRCP||TPST1;-;-;intergenic;CRCP||TPST1;-;-;-;1356;30;55	Name=AluSz	TRUE	Alu	downstream
chr7:73233147:A:G	chr7:73233147:A:G	A:G	NCF1B	ncRNA
intronic	unknown	A;G;+;R;ALU;-;SINE/AluJr;ncRNA_intronic;NCF1B;-;-;ncRNA_intronic;NCF1B;-;-;intronic;FKBP6;-;-;399;56;5;1;2	Name=AluJr	TRUE	Alu	ncRNA
chr7:73233157:A:G	chr7:73233157:A:G	A:G	NCF1B	ncRNA
intronic	unknown	.	Name=AluJr	FALSE	Alu	ncRNA
chr7:74879250:T:C	chr7:74879250:A:G	A:G	STAG3L2	downstream	unknown	T;C;-;R;ALU;-;SINE/AluJo;intergenic;GTF2IRD2||STAG3L2;-;-;intergenic;GTF2IRD2||STAG3L2;-;-;intergenic;GTF2IRD2||STAG3L2;-;-;-;1697;30;53	Name=AluJo	TRUE	Alu	downstream
chr7:75159350:T:C	chr7:75159350:A:G	A:G	NCF1C	ncRNA
intronic	unknown	T;C;-;R;ALU;-;SINE/AluJr;intergenic;GTF2IRD2B||Y_RNA;-;-;ncRNA_intronic;NCF1C;-;-;intronic;NCF1C;-;-;-;136;5;6	Name=AluJr	TRUE	Alu	ncRNA
chr7:75159428:T:C	chr7:75159428:A:G	A:G	NCF1C	ncRNA
intronic	unknown	T;C;-;R;ALU;-;SINE/AluJr;intergenic;GTF2IRD2B||Y_RNA;-;-;ncRNA_intronic;NCF1C;-;-;intronic;NCF1C;-;-;414;64;5;2;3	Name=AluJr	TRUE	Alu	ncRNA
chr7:111908955:T:C	chr7:111908955:A:G	A:G	DOCK4	intronic	unknown	T;C;-;A||R;REP;-;LINE/L1PA8;intronic;DOCK4;-;-;intronic;DOCK4;-;-;intronic;DOCK4;-;-;-;7;3;3	Name=L1PA8	TRUE	LINE	intronic
chr7:112103671:T:C	chr7:112103671:A:G	A:G	DOCK4	intronic	unknown	T;C;-;A||R;ALU;-;SINE/AluSz6;intronic;DOCK4;-;-;intronic;DOCK4;-;-;intronic;DOCK4;-;-;-;10;5;6	Name=AluSz6	TRUE	Alu	intronic
chr7:4678521:T:C	chr7:4678521:T:C	A:G	FOXK1	upstream	unknown	T;C;-;R;ALU;-;SINE/AluSx1;intronic;FOXK1;-;-;intergenic;SDK1||FOXK1;-;-;intronic;FOXK1;-;-;-;10;6;6	Name=AluSx1	TRUE	Alu	upstream
chr7:66154360:A:G	chr7:66154360:A:G	A:G	CRCP	UTR3	unknown	A;G;+;A||R||D;ALU;-;SINE/AluSz6;ncRNA_intronic;RP5-1132H15.1;-;-;UTR3;CRCP;-;-;UTR3;CRCP;-;-;-;2348;30;55	Name=AluSz6	TRUE	Alu	UTR3
chr7:75883398:A:G	chr7:75883398:A:G	A:G	RHBDD2	intronic	unknown	A;G;+;A||R||D;ALU;-;SINE/AluY;intronic;RHBDD2;-;-;intronic;RHBDD2;-;-;intronic;RHBDD2;-;-;-;1262;30;51	Name=AluSx4	TRUE	Alu	intronic
chr7:100856726:A:G	chr7:100856726:A:G	A:G	SLC12A9	intronic	unknown	A;G;+;A||R||D;ALU;-;SINE/AluJb;intronic;SLC12A9;-;-;intronic;SLC12A9;-;-;UTR5;SLC12A9;-;-;-;2027;30;54	Name=AluJb	TRUE	Alu	intronic
chr7:128470264:A:G	chr7:128470264:A:G	A:G	METTL2B	upstream	unknown	A;G;+;A||R;ALU;-;SINE/AluSx;ncRNA_intronic;RP11-212P7.3;-;-;intergenic;HILPDA||METTL2B;-;-;intergenic;HILPDA||METTL2B;-;-;-;1225;30;53	Name=AluSx	TRUE	Alu	upstream
chr7:135686788:A:G	chr7:135686788:T:C	A:G	SLC13A4	intronic	unknown	A;G;+;A||R;ALU;-;SINE/AluSz;intronic;SLC13A4;-;-;intronic;SLC13A4;-;-;intronic;SLC13A4;-;-;-;55;18;23	Name=AluSz	TRUE	Alu	intronic
chr7:2901049:A:G	chr7:2901049:T:C	A:G	CARD11	downstream	unknown	.	Name=AluY	FALSE	Alu	downstream
chr7:2901052:A:G	chr7:2901052:T:C	A:G	CARD11	downstream	unknown	.	Name=AluY	FALSE	Alu	downstream
chr7:66931116:A:G	chr7:66931116:A:G	A:G	TMEM248	intronic	unknown	A;G;+;A||R||D;ALU;-;SINE/AluSz;intronic;TMEM248;-;-;intronic;TMEM248;-;-;intronic;TMEM248;-;-;-;2;2;2	Name=AluSz	TRUE	Alu	intronic
chr7:75817003:T:C	chr7:75817003:A:G	A:G	CCL24	intronic	unknown	.	Name=AluJr	FALSE	Alu	intronic
chr7:75817969:T:C	chr7:75817969:A:G	A:G	CCL24	intronic	unknown	.	Name=AluSz	FALSE	Alu	intronic
chr7:122075146:T:C	chr7:122075146:A:G	A:G	AASS	UTR3	unknown	T;C;-;A||R||D;ALU;-;SINE/AluJb;downstream;AASS;-;-;UTR3;AASS;-;-;UTR3;AASS;-;-;-;2169;30;55	Name=AluJr	TRUE	Alu	UTR3
chr7:39669574:A:G	chr7:39669574:A:G	A:G	RALA	intronic	unknown	A;G;+;A||R||D;ALU;-;SINE/AluJr;intronic;RALA;-;-;intronic;RALA;-;-;intronic;RALA;-;-;-;2;2;2	Name=AluJr	TRUE	Alu	intronic
chr7:111740488:T:C	chr7:111740488:A:G	A:G	DOCK4	intronic	unknown	T;C;-;A||R;ALU;-;SINE/AluSz;intronic;DOCK4;-;-;intronic;DOCK4;-;-;intronic;DOCK4;-;-;-;65;16;24	Name=AluSz	TRUE	Alu	intronic
chr7:111909502:T:C	chr7:111909502:A:G	A:G	DOCK4	intronic	unknown	T;C;-;A;REP;-;LINE/L1P3;intronic;DOCK4;-;-;intronic;DOCK4;-;-;intronic;DOCK4;-;-;-;4;3;3	Name=L1P3	TRUE	LINE	intronic
chr7:141684145:T:C	chr7:141684145:A:G	A:G	DENND11	intronic	unknown	T;C;-;A||R;ALU;-;SINE/AluJr;intronic;KIAA1147;-;-;intronic;KIAA1147;-;-;intronic;KIAA1147;-;-;-;74;20;28	Name=AluJr	TRUE	Alu	intronic
chr7:44774796:A:G	chr7:44774796:A:G	A:G	ZMIZ2	downstream	unknown	A;G;+;A||R;ALU;-;SINE/AluJb;intergenic;ZMIZ2||AC013436.6;-;-;intergenic;ZMIZ2||PPIA;-;-;intergenic;BC008049||PPIA;-;-;-;119;17;29	Name=AluJb	TRUE	Alu	downstream
chr7:66711667:A:G	chr7:66711667:A:G	A:G	RABGEF1	intronic	unknown	A;G;+;A||R||D;ALU;-;SINE/AluY;intergenic;RP4-756H11.3||RP11-792A8.4;-;-;intronic;RABGEF1;-;-;intronic;RABGEF1;-;-;-;303;29;45	Name=AluY	TRUE	Alu	intronic
chr7:72903211:A:G	chr7:72903211:A:G	A:G	POM121	intronic	unknown	A;G;+;A||R||D;ALU;-;SINE/AluSx;intronic;POM121;-;-;intronic;POM121;-;-;intronic;POM121;-;-;-;25;11;12	Name=AluSx	TRUE	Alu	intronic
chr7:72920478:A:G	chr7:72920478:A:G	A:G	POM121	intronic	unknown	A;G;+;A||R||D;ALU;-;SINE/AluY;intronic;POM121;-;-;intronic;POM121;-;-;intronic;POM121;-;-;-;50;17;22	Name=AluY	TRUE	Alu	intronic
chr7:75817009:T:C	chr7:75817009:A:G	A:G	CCL24	intronic	unknown	.	Name=AluJr	FALSE	Alu	intronic
chr7:75817065:T:C	chr7:75817065:A:G	A:G	CCL24	intronic	unknown	.	Name=AluJr	FALSE	Alu	intronic
chr7:23272368:A:G	chr7:23272368:A:G	A:G	GPNMB	intronic	unknown	A;G;+;R;REP;-;SINE/FLAM_A;intronic;GPNMB;-;-;intronic;GPNMB;-;-;intronic;GPNMB;-;-;-;83;14;19	Name=FLAM_A	TRUE	Other	intronic
chr7:4679283:T:C	chr7:4679283:T:C	A:G	FOXK1	upstream	unknown	T;C;-;R||D;ALU;-;SINE/AluSc;intronic;FOXK1;-;-;intergenic;SDK1||FOXK1;-;-;intronic;FOXK1;-;-;-;5;2;2	Name=AluSc	TRUE	Alu	upstream
chr7:75830944:T:C	chr7:75830944:A:G	A:G	CCL24	upstream	unknown	T;C;-;R;ALU;-;SINE/AluJb;intergenic;CCL24||RHBDD2;-;-;intergenic;CCL24||RHBDD2;-;-;intergenic;CCL24||RHBDD2;-;-;-;22;4;4	Name=AluJb	TRUE	Alu	upstream
chr7:75675856:T:C	chr7:75675856:A:G	A:G	HIP1	intronic	unknown	T;C;-;A||R||D;ALU;-;SINE/AluJr4;intronic;HIP1;-;-;intronic;HIP1;-;-;intronic;HIP1;-;-;-;10;5;6	Name=AluJr4	TRUE	Alu	intronic
chr7:75818364:T:C	chr7:75818364:A:G	A:G	CCL24	intronic	unknown	.	Name=AluSc8	FALSE	Alu	intronic
chr7:128470213:A:G	chr7:128470213:A:G	A:G	METTL2B	upstream	unknown	A;G;+;A||R;ALU;-;SINE/AluSx;ncRNA_intronic;RP11-212P7.3;-;-;intergenic;HILPDA||METTL2B;-;-;intergenic;HILPDA||METTL2B;-;-;-;975;30;53	Name=AluSx	TRUE	Alu	upstream
chr7:98279599:T:C	chr7:98279599:T:C	A:G	BRI3	upstream	unknown	.	Name=AluSx1	FALSE	Alu	upstream
chr7:5328647:T:C	chr7:5328647:A:G	A:G	TNRC18	intronic	unknown	T;C;-;A||R||D;ALU;-;SINE/AluSx3;intronic;TNRC18;-;-;intronic;TNRC18;-;-;intronic;TNRC18;-;-;-;31;14;19	Name=AluSx3	TRUE	Alu	intronic
chr7:2727202:T:C	chr7:2727202:T:C	A:G	AMZ1	intronic	unknown	T;C;-;A||R||D;ALU;-;SINE/AluSc;downstream;GNA12;-;-;downstream;GNA12;-;-;downstream;GNA12;-;-;-;365;25;44	Name=AluSc	TRUE	Alu	intronic
chr7:74873963:T:C	chr7:74873963:A:G	A:G	STAG3L2	downstream	unknown	T;C;-;R||D;ALU;-;SINE/AluJo;intergenic;GTF2IRD2||STAG3L2;-;-;intergenic;GTF2IRD2||STAG3L2;-;-;intergenic;GTF2IRD2||STAG3L2;-;-;-;21;11;12	Name=AluJo	TRUE	Alu	downstream
chr7:130198495:T:C	chr7:130198495:A:G	A:G	TMEM209	intronic	unknown	T;C;-;A||R||D;ALU;-;SINE/AluSq2;ncRNA_intronic;RP11-775D22.3;-;-;intronic;TMEM209;-;-;intronic;TMEM209;-;-;-;250;27;45	Name=AluSq2	TRUE	Alu	intronic
chr7:4678381:T:C	chr7:4678381:T:C	A:G	FOXK1	upstream	unknown	T;C;-;R||D;ALU;-;SINE/AluSx1;intronic;FOXK1;-;-;intergenic;SDK1||FOXK1;-;-;intronic;FOXK1;-;-;-;10;4;4	Name=AluSx1	TRUE	Alu	upstream
chr7:106253153:T:C	chr7:106253153:A:G	A:G	NAMPT	splicing	unknown	.	.	FALSE	None	splicing
chr7:4679366:T:C	chr7:4679366:T:C	A:G	FOXK1	upstream	unknown	.	Name=AluSc	FALSE	Alu	upstream
chr7:4677694:T:C	chr7:4677694:T:C	A:G	FOXK1	upstream	unknown	.	Name=AluSz	FALSE	Alu	upstream
chr7:4679362:T:C	chr7:4679362:T:C	A:G	FOXK1	upstream	unknown	.	Name=AluSc	FALSE	Alu	upstream
chr7:43794018:A:G	chr7:43794018:A:G	A:G	BLVRA	intronic	unknown	A;G;+;R||D;ALU;-;SINE/AluJb;intronic;BLVRA;-;-;intronic;BLVRA;-;-;intronic;BLVRA;-;-;-;2;2;2	Name=AluJb	TRUE	Alu	intronic
chr7:150437422:A:G	chr7:150437422:A:G	A:G	LINC00996	ncRNA
intronic	unknown	A;G;+;A||R||D;ALU;-;SINE/AluSz;ncRNA_intronic;LINC00996;-;-;ncRNA_intronic;LINC00996;-;-;ncRNA_intronic;LOC285972;-;-;-;28;2;2	Name=AluSz	TRUE	Alu	ncRNA
chr7:150438305:A:G	chr7:150438305:A:G	A:G	LINC00996	ncRNA
intronic	unknown	A;G;+;A||R||D;ALU;-;SINE/AluJb;ncRNA_intronic;LINC00996;-;-;ncRNA_intronic;LINC00996;-;-;ncRNA_intronic;LOC285972;-;-;-;59;7;7	Name=AluJb	TRUE	Alu	ncRNA
chr7:73232729:A:G	chr7:73232729:A:G	A:G	NCF1B	ncRNA
intronic	unknown	A;G;+;R;ALU;-;SINE/AluJr;ncRNA_intronic;NCF1B;-;-;ncRNA_intronic;NCF1B;-;-;intronic;FKBP6;-;-;-;61;5;6	Name=AluJr	TRUE	Alu	ncRNA
chr7:4779849:A:G	chr7:4779849:A:G	A:G	AP5Z1	intronic	unknown	A;G;+;R||D;ALU;-;SINE/AluSp;intronic;AP5Z1;-;-;intronic;AP5Z1;-;-;intronic;AP5Z1;-;-;-;0;0;0	Name=AluSp	TRUE	Alu	intronic
chr7:4677495:T:C	chr7:4677495:T:C	A:G	FOXK1	upstream	unknown	.	Name=AluSz	FALSE	Alu	upstream
chr8:11809678:G:A	chr8:11809678:G:A	C:T	FDFT1	exonic	nonsynonymous SNV	.	.	FALSE	None	exonic
chr8:11842704:T:C	chr8:11842704:A:G	A:G	CTSB	UTR3	unknown	T;C;-;A||R||D;ALU;-;SINE/AluSq2;UTR3;CTSB;-;-;UTR3;CTSB;-;-;UTR3;CTSB;-;-;-;2370;30;54	Name=AluSq2	TRUE	Alu	UTR3
chr8:11842709:T:C	chr8:11842709:A:G	A:G	CTSB	UTR3	unknown	T;C;-;A||R||D;ALU;-;SINE/AluSq2;UTR3;CTSB;-;-;UTR3;CTSB;-;-;UTR3;CTSB;-;-;-;2197;30;54	Name=AluSq2	TRUE	Alu	UTR3
chr8:11842734:T:C	chr8:11842734:A:G	A:G	CTSB	UTR3	unknown	T;C;-;A||R||D;ALU;-;SINE/AluSq2;UTR3;CTSB;-;-;UTR3;CTSB;-;-;UTR3;CTSB;-;-;-;1560;30;55	Name=AluSq2	TRUE	Alu	UTR3
chr8:11842742:T:C	chr8:11842742:A:G	A:G	CTSB	UTR3	unknown	T;C;-;A||R||D;ALU;-;SINE/AluSq2;UTR3;CTSB;-;-;UTR3;CTSB;-;-;UTR3;CTSB;-;-;-;1748;30;54	Name=AluSq2	TRUE	Alu	UTR3
chr8:11842752:T:C	chr8:11842752:A:G	A:G	CTSB	UTR3	unknown	T;C;-;A||R||D;ALU;-;SINE/AluSq2;UTR3;CTSB;-;-;UTR3;CTSB;-;-;UTR3;CTSB;-;-;-;2382;30;54	Name=AluSq2	TRUE	Alu	UTR3
chr8:11842815:T:C	chr8:11842815:A:G	A:G	CTSB	UTR3	unknown	T;C;-;A||R||D;ALU;-;SINE/AluSq2;UTR3;CTSB;-;-;UTR3;CTSB;-;-;UTR3;CTSB;-;-;-;13;6;6	Name=AluSq2	TRUE	Alu	UTR3
chr8:11842854:T:C	chr8:11842854:A:G	A:G	CTSB	UTR3	unknown	T;C;-;A||R||D;ALU;-;SINE/AluSq2;UTR3;CTSB;-;-;UTR3;CTSB;-;-;UTR3;CTSB;-;-;-;2365;30;55	Name=AluSq2	TRUE	Alu	UTR3
chr8:11842887:T:C	chr8:11842887:A:G	A:G	CTSB	UTR3	unknown	T;C;-;A||R||D;ALU;-;SINE/AluSq2;UTR3;CTSB;-;-;UTR3;CTSB;-;-;UTR3;CTSB;-;-;-;1907;30;54	Name=AluSq2	TRUE	Alu	UTR3
chr8:11842904:T:C	chr8:11842904:A:G	A:G	CTSB	UTR3	unknown	T;C;-;A||R;ALU;-;SINE/AluSq2;UTR3;CTSB;-;-;UTR3;CTSB;-;-;UTR3;CTSB;-;-;-;2090;30;54	Name=AluSq2	TRUE	Alu	UTR3
chr8:11842910:T:C	chr8:11842910:A:G	A:G	CTSB	UTR3	unknown	T;C;-;A||R||D;ALU;rs778278521;SINE/AluSq2;UTR3;CTSB;-;-;UTR3;CTSB;-;-;UTR3;CTSB;-;-;-;1463;30;54	Name=AluSq2	TRUE	Alu	UTR3
chr8:11843016:T:C	chr8:11843016:A:G	A:G	CTSB	UTR3	unknown	T;C;-;A||R||D;ALU;-;SINE/AluSg;UTR3;CTSB;-;-;UTR3;CTSB;-;-;UTR3;CTSB;-;-;-;2036;30;54	Name=AluSg	TRUE	Alu	UTR3
chr8:11843046:T:C	chr8:11843046:A:G	A:G	CTSB	UTR3	unknown	T;C;-;A||R||D;ALU;-;SINE/AluSg;UTR3;CTSB;-;-;UTR3;CTSB;-;-;UTR3;CTSB;-;-;-;1316;30;54	Name=AluSg	TRUE	Alu	UTR3
chr8:11843774:T:C	chr8:11843774:A:G	A:G	CTSB	UTR3	unknown	T;C;-;A||R||D;ALU;-;SINE/AluSx1;UTR3;CTSB;-;-;UTR3;CTSB;-;-;UTR3;CTSB;-;-;-;2458;30;55	Name=AluSx1	TRUE	Alu	UTR3
chr8:11843814:T:C	chr8:11843814:A:G	A:G	CTSB	UTR3	unknown	T;C;-;A||R||D;ALU;-;SINE/AluSx1;UTR3;CTSB;-;-;UTR3;CTSB;-;-;UTR3;CTSB;-;-;-;2476;30;55	Name=AluSx1	TRUE	Alu	UTR3
chr8:11843920:T:C	chr8:11843920:A:G	A:G	CTSB	UTR3	unknown	T;C;-;A||R||D;ALU;-;SINE/AluSx1;UTR3;CTSB;-;-;UTR3;CTSB;-;-;UTR3;CTSB;-;-;-;2554;30;55	Name=AluSx1	TRUE	Alu	UTR3
chr8:11843976:T:C	chr8:11843976:A:G	A:G	CTSB	UTR3	unknown	T;C;-;A||R||D;ALU;-;SINE/AluSx1;UTR3;CTSB;-;-;UTR3;CTSB;-;-;UTR3;CTSB;-;-;-;2362;30;55	Name=AluSx1	TRUE	Alu	UTR3
chr8:11844000:T:C	chr8:11844000:A:G	A:G	CTSB	UTR3	unknown	T;C;-;A||R||D;ALU;-;SINE/AluSx1;UTR3;CTSB;-;-;UTR3;CTSB;-;-;UTR3;CTSB;-;-;-;2547;30;55	Name=AluSx1	TRUE	Alu	UTR3
chr8:11849847:T:C	chr8:11849847:A:G	A:G	CTSB	intronic	unknown	T;C;-;A||R;ALU;-;SINE/AluSq;intronic;CTSB;-;-;intronic;CTSB;-;-;intronic;CTSB;-;-;-;946;29;51	Name=AluSq	TRUE	Alu	intronic
chr8:11850175:T:C	chr8:11850175:A:G	A:G	CTSB	intronic	unknown	T;C;-;A||R||D;ALU;-;SINE/AluSg;intronic;CTSB;-;-;intronic;CTSB;-;-;intronic;CTSB;-;-;-;1244;30;53	Name=AluSg	TRUE	Alu	intronic
chr8:11850176:T:C	chr8:11850176:A:G	A:G	CTSB	intronic	unknown	T;C;-;A||R;ALU;-;SINE/AluSg;intronic;CTSB;-;-;intronic;CTSB;-;-;intronic;CTSB;-;-;-;992;30;52	Name=AluSg	TRUE	Alu	intronic
chr8:30678463:T:C	chr8:30678463:A:G	A:G	GSR	UTR3	unknown	T;C;-;A||R||D;ALU;-;SINE/AluJb;UTR3;GSR;-;-;UTR3;GSR;-;-;UTR3;GSR;-;-;-;1670;30;55	Name=AluJb	TRUE	Alu	UTR3
chr8:30678498:T:C	chr8:30678498:A:G	A:G	GSR	UTR3	unknown	T;C;-;A||R||D;ALU;-;SINE/AluJb;UTR3;GSR;-;-;UTR3;GSR;-;-;UTR3;GSR;-;-;-;1849;30;54	Name=AluJb	TRUE	Alu	UTR3
chr8:30678499:T:C	chr8:30678499:A:G	A:G	GSR	UTR3	unknown	T;C;-;A||R||D;ALU;-;SINE/AluJb;UTR3;GSR;-;-;UTR3;GSR;-;-;UTR3;GSR;-;-;-;1674;30;55	Name=AluJb	TRUE	Alu	UTR3
chr8:30678634:T:C	chr8:30678634:A:G	A:G	GSR	UTR3	unknown	T;C;-;A||R||D;ALU;-;SINE/AluJb;UTR3;GSR;-;-;UTR3;GSR;-;-;UTR3;GSR;-;-;-;2077;30;55	Name=AluJb	TRUE	Alu	UTR3
chr8:30679027:T:C	chr8:30679027:A:G	A:G	GSR	UTR3	unknown	T;C;-;A||R||D;ALU;-;SINE/AluSp;UTR3;GSR;-;-;UTR3;GSR;-;-;UTR3;GSR;-;-;-;2191;30;55	Name=AluSp	TRUE	Alu	UTR3
chr8:30679037:T:C	chr8:30679037:A:G	A:G	GSR	UTR3	unknown	T;C;-;A||R||D;ALU;-;SINE/AluSp;UTR3;GSR;-;-;UTR3;GSR;-;-;UTR3;GSR;-;-;-;2143;30;55	Name=AluSp	TRUE	Alu	UTR3
chr8:30679066:T:C	chr8:30679066:A:G	A:G	GSR	UTR3	unknown	T;C;-;A||R||D;ALU;-;SINE/AluSp;UTR3;GSR;-;-;UTR3;GSR;-;-;UTR3;GSR;-;-;-;1960;30;55	Name=AluSp	TRUE	Alu	UTR3
chr8:30679086:T:C	chr8:30679086:A:G	A:G	GSR	UTR3	unknown	T;C;-;A||R||D;ALU;-;SINE/AluSp;UTR3;GSR;-;-;UTR3;GSR;-;-;UTR3;GSR;-;-;-;1427;30;55	Name=AluSp	TRUE	Alu	UTR3
chr8:38219760:A:G	chr8:38219760:A:G	A:G	BAG4	downstream	unknown	A;G;+;A||R;ALU;-;SINE/AluJr4;intergenic;BAG4||DDHD2;-;-;intergenic;BAG4||DDHD2;-;-;intergenic;BAG4||DDHD2;-;-;-;318;26;40	Name=AluJr4	TRUE	Alu	downstream
chr8:38972218:A:G	chr8:38972218:A:G	A:G	PLEKHA2	UTR3	unknown	A;G;+;A||R;ALU;-;SINE/AluJr4;ncRNA_intronic;CTD-2544N14.3;-;-;UTR3;PLEKHA2;-;-;UTR3;PLEKHA2;-;-;-;1725;30;55	Name=AluJr4	TRUE	Alu	UTR3
chr8:38972235:A:G	chr8:38972235:A:G	A:G	PLEKHA2	UTR3	unknown	A;G;+;A||R||D;ALU;-;SINE/AluJr4;ncRNA_intronic;CTD-2544N14.3;-;-;UTR3;PLEKHA2;-;-;UTR3;PLEKHA2;-;-;-;2292;30;55	Name=AluJr4	TRUE	Alu	UTR3
chr8:38972320:A:G	chr8:38972320:A:G	A:G	PLEKHA2	UTR3	unknown	A;G;+;A||R||D;ALU;-;SINE/AluJr4;ncRNA_intronic;CTD-2544N14.3;-;-;UTR3;PLEKHA2;-;-;UTR3;PLEKHA2;-;-;-;2399;30;55	Name=AluJr4	TRUE	Alu	UTR3
chr8:38973017:A:G	chr8:38973017:A:G	A:G	PLEKHA2	UTR3	unknown	A;G;+;A||R||D;ALU;-;SINE/AluJb;UTR3;PLEKHA2;-;-;UTR3;PLEKHA2;-;-;UTR3;PLEKHA2;-;-;-;2318;30;55	Name=AluJb	TRUE	Alu	UTR3
chr8:38973067:A:G	chr8:38973067:A:G	A:G	PLEKHA2	UTR3	unknown	A;G;+;A||R||D;ALU;-;SINE/AluJb;UTR3;PLEKHA2;-;-;UTR3;PLEKHA2;-;-;UTR3;PLEKHA2;-;-;-;2338;30;54	Name=AluJb	TRUE	Alu	UTR3
chr8:43021403:A:G	chr8:43021403:A:G	A:G	HOOK3	UTR3	unknown	A;G;+;A||R||D;ALU;-;SINE/AluSg;UTR3;HOOK3;-;-;UTR3;HOOK3;-;-;UTR3;HOOK3;-;-;-;931;30;53	Name=AluSg	TRUE	Alu	UTR3
chr8:43021798:A:G	chr8:43021798:A:G	A:G	HOOK3	UTR3	unknown	A;G;+;A||R;ALU;-;SINE/AluY;UTR3;HOOK3;-;-;UTR3;HOOK3;-;-;UTR3;HOOK3;-;-;-;136;20;27	Name=AluY	TRUE	Alu	UTR3
chr8:43021943:A:G	chr8:43021943:A:G	A:G	HOOK3	UTR3	unknown	A;G;+;A||R||D;ALU;-;SINE/AluY;UTR3;HOOK3;-;-;UTR3;HOOK3;-;-;UTR3;HOOK3;-;-;-;926;30;52	Name=AluY	TRUE	Alu	UTR3
chr8:43023683:A:G	chr8:43023683:A:G	A:G	HOOK3	UTR3	unknown	A;G;+;A||R||D;ALU;-;SINE/AluSx1;UTR3;HOOK3;-;-;UTR3;HOOK3;-;-;UTR3;HOOK3;-;-;-;636;30;52	Name=AluSq	TRUE	Alu	UTR3
chr8:55890919:A:G	chr8:55890919:A:G	A:G	LYN	intronic	unknown	A;G;+;A;ALU;rs149138666;SINE/AluJb;intronic;LYN;-;-;intronic;LYN;-;-;intronic;LYN;-;-;-;4;2;2	Name=AluJb	TRUE	Alu	intronic
chr8:56013545:A:G	chr8:56013545:A:G	A:G	LYN	UTR3	unknown	A;G;+;A||R;ALU;-;SINE/AluSx;ncRNA_exonic;RP11-446E9.2;-;-;intergenic;LYN||RPS20;-;-;intergenic;LYN||RPS20;-;-;-;123;9;10	Name=AluSx	TRUE	Alu	UTR3
chr8:97729189:A:G	chr8:97729189:A:G	A:G	MTDH	UTR3	unknown	A;G;+;A||R||D;ALU;-;SINE/AluJo;downstream;MTDH;-;-;UTR3;MTDH;-;-;UTR3;MTDH;-;-;-;2093;30;55	Name=AluJo	TRUE	Alu	UTR3
chr8:11843787:T:C	chr8:11843787:A:G	A:G	CTSB	UTR3	unknown	T;C;-;A||R||D;ALU;-;SINE/AluSx1;UTR3;CTSB;-;-;UTR3;CTSB;-;-;UTR3;CTSB;-;-;-;1979;30;54	Name=AluSx1	TRUE	Alu	UTR3
chr8:11849677:T:C	chr8:11849677:A:G	A:G	CTSB	intronic	unknown	T;C;-;A||R;ALU;-;SINE/AluSq;intronic;CTSB;-;-;intronic;CTSB;-;-;intronic;CTSB;-;-;-;395;30;43	Name=AluSq	TRUE	Alu	intronic
chr8:11857162:T:C	chr8:11857162:A:G	A:G	CTSB	intronic	unknown	T;C;-;A||R;ALU;-;SINE/AluSz6;intronic;CTSB;-;-;intronic;CTSB;-;-;intronic;CTSB;-;-;-;202;25;36	Name=AluSz6	TRUE	Alu	intronic
chr8:130353949:T:C	chr8:130353949:A:G	A:G	ASAP1	intronic	unknown	T;C;-;A;ALU;-;SINE/AluY;intronic;ASAP1;-;-;intronic;ASAP1;-;-;intronic;ASAP1;-;-;-;7;5;5	Name=AluYm1	TRUE	Alu	intronic
chr8:1782325:A:G	chr8:1782325:A:G	A:G	CLN8	UTR3	unknown	A;G;+;A||R||D;ALU;-;SINE/AluSz;UTR3;CLN8;-;-;UTR3;CLN8;-;-;UTR3;CLN8;-;-;-;1708;30;54	Name=AluSz	TRUE	Alu	UTR3
chr8:38970719:A:G	chr8:38970719:A:G	A:G	PLEKHA2	UTR3	unknown	A;G;+;A||R||D;ALU;-;SINE/AluSq2;ncRNA_intronic;CTD-2544N14.3;-;-;UTR3;PLEKHA2;-;-;UTR3;PLEKHA2;-;-;-;1441;30;55	Name=AluSq2	TRUE	Alu	UTR3
chr8:38970748:A:G	chr8:38970748:A:G	A:G	PLEKHA2	UTR3	unknown	A;G;+;A||R||D;ALU;-;SINE/AluSq2;ncRNA_intronic;CTD-2544N14.3;-;-;UTR3;PLEKHA2;-;-;UTR3;PLEKHA2;-;-;-;1825;30;55	Name=AluSq2	TRUE	Alu	UTR3
chr8:38971692:A:G	chr8:38971692:A:G	A:G	PLEKHA2	UTR3	unknown	A;G;+;A||R||D;ALU;-;SINE/AluYc;ncRNA_intronic;CTD-2544N14.3;-;-;UTR3;PLEKHA2;-;-;UTR3;PLEKHA2;-;-;-;851;30;53	Name=AluYc	TRUE	Alu	UTR3
chr8:38972447:A:G	chr8:38972447:A:G	A:G	PLEKHA2	UTR3	unknown	A;G;+;A||R||D;ALU;-;SINE/AluJr4;ncRNA_exonic;CTD-2544N14.3;-;-;UTR3;PLEKHA2;-;-;UTR3;PLEKHA2;-;-;-;2169;30;55	Name=AluJr4	TRUE	Alu	UTR3
chr8:38973038:A:G	chr8:38973038:A:G	A:G	PLEKHA2	UTR3	unknown	A;G;+;A||R||D;ALU;-;SINE/AluJb;UTR3;PLEKHA2;-;-;UTR3;PLEKHA2;-;-;UTR3;PLEKHA2;-;-;-;2359;30;54	Name=AluJb	TRUE	Alu	UTR3
chr8:43021851:A:G	chr8:43021851:A:G	A:G	HOOK3	UTR3	unknown	A;G;+;A||R;ALU;-;SINE/AluY;UTR3;HOOK3;-;-;UTR3;HOOK3;-;-;UTR3;HOOK3;-;-;-;363;28;42	Name=AluY	TRUE	Alu	UTR3
chr8:56013437:A:G	chr8:56013437:A:G	A:G	LYN	UTR3	unknown	A;G;+;R;ALU;-;SINE/AluSx;upstream;RP11-446E9.2;-;-;downstream;LYN;-;-;downstream;LYN;-;-;-;86;4;5	Name=AluSx	TRUE	Alu	UTR3
chr8:56013505:A:G	chr8:56013505:A:G	A:G	LYN	UTR3	unknown	A;G;+;R;ALU;-;SINE/AluSx;ncRNA_exonic;RP11-446E9.2;-;-;intergenic;LYN||RPS20;-;-;intergenic;LYN||RPS20;-;-;-;107;6;7	Name=AluSx	TRUE	Alu	UTR3
chr8:56013532:A:G	chr8:56013532:A:G	A:G	LYN	UTR3	unknown	A;G;+;R;ALU;-;SINE/AluSx;ncRNA_exonic;RP11-446E9.2;-;-;intergenic;LYN||RPS20;-;-;intergenic;LYN||RPS20;-;-;-;87;5;7	Name=AluSx	TRUE	Alu	UTR3
chr8:56013548:A:G	chr8:56013548:A:G	A:G	LYN	UTR3	unknown	A;G;+;A;ALU;-;SINE/AluSx;ncRNA_exonic;RP11-446E9.2;-;-;intergenic;LYN||RPS20;-;-;intergenic;LYN||RPS20;-;-;-;111;5;6	Name=AluSx	TRUE	Alu	UTR3
chr8:97729162:A:G	chr8:97729162:A:G	A:G	MTDH	UTR3	unknown	A;G;+;A||R||D;ALU;-;SINE/AluJo;downstream;MTDH;-;-;UTR3;MTDH;-;-;UTR3;MTDH;-;-;-;1923;30;55	Name=AluJo	TRUE	Alu	UTR3
chr8:97729188:A:G	chr8:97729188:A:G	A:G	MTDH	UTR3	unknown	A;G;+;A||R||D;ALU;-;SINE/AluJo;downstream;MTDH;-;-;UTR3;MTDH;-;-;UTR3;MTDH;-;-;-;1268;30;54	Name=AluJo	TRUE	Alu	UTR3
chr8:97729201:A:G	chr8:97729201:A:G	A:G	MTDH	UTR3	unknown	A;G;+;A||R||D;ALU;-;SINE/AluJo;downstream;MTDH;-;-;UTR3;MTDH;-;-;UTR3;MTDH;-;-;-;1754;30;55	Name=AluJo	TRUE	Alu	UTR3
chr8:97729744:A:G	chr8:97729744:A:G	A:G	MTDH	UTR3	unknown	A;G;+;A||R||D;REP;-;SINE/FLAM_C;downstream;MTDH;-;-;UTR3;MTDH;-;-;UTR3;MTDH;-;-;-;2228;30;54	Name=FLAM_C	TRUE	Other	UTR3
chr8:133562348:T:C	chr8:133562348:A:G	A:G	ST3GAL1	intronic	unknown	T;C;-;A||R||D;ALU;-;SINE/AluSc;intronic;ST3GAL1;-;-;intronic;ST3GAL1;-;-;intronic;ST3GAL1;-;-;-;46;10;11	Name=AluSc	TRUE	Alu	intronic
chr8:38372621:T:C	chr8:38372621:A:G	A:G	NSD3	intronic	unknown	T;C;-;A||R||D;ALU;-;SINE/AluSq2;intronic;WHSC1L1;-;-;intronic;WHSC1L1;-;-;intronic;WHSC1L1;-;-;-;6;4;4	Name=AluSq2	TRUE	Alu	intronic
chr8:42533530:T:C	chr8:42533530:A:G	A:G	SLC20A2	intronic	unknown	T;C;-;A||R||D;ALU;-;SINE/AluSz6;intronic;SLC20A2;-;-;intronic;SLC20A2;-;-;intronic;SLC20A2;-;-;-;1970;30;55	Name=AluSz6	TRUE	Alu	intronic
chr8:42533534:T:C	chr8:42533534:A:G	A:G	SLC20A2	intronic	unknown	T;C;-;A||R;ALU;-;SINE/AluSz6;intronic;SLC20A2;-;-;intronic;SLC20A2;-;-;intronic;SLC20A2;-;-;-;1808;30;55	Name=AluSz6	TRUE	Alu	intronic
chr8:43130031:A:G	chr8:43130031:A:G	A:G	POMK	downstream	unknown	A;G;+;A;REP;-;LINE/L1M4;intergenic;POMK||HGSNAT;-;-;intergenic;POMK||HGSNAT;-;-;intergenic;SGK196||HGSNAT;-;-;-;1572;30;55	Name=L1M4	TRUE	LINE	downstream
chr8:96501434:A:G	chr8:96501434:A:G	A:G	SDC2	intronic	unknown	A;G;+;A||R;ALU;-;SINE/AluSz;intronic;SDC2;-;-;intronic;SDC2;-;-;intronic;SDC2;-;-;-;3;2;2	Name=AluSz	TRUE	Alu	intronic
chr8:23188638:T:C	chr8:23188638:A:G	A:G	TNFRSF10A	downstream	unknown	T;C;-;A||R;REP;-;LTR/MSTA;upstream;RP11-1149O23.2;-;-;intergenic;TNFRSF10D||TNFRSF10A;-;-;intergenic;TNFRSF10D||TNFRSF10A;-;-;-;1170;30;52	Name=MSTA	TRUE	Other	downstream
chr8:38972977:A:G	chr8:38972977:A:G	A:G	PLEKHA2	UTR3	unknown	A;G;+;A||R||D;ALU;-;SINE/AluJb;ncRNA_exonic;CTD-2544N14.3;-;-;UTR3;PLEKHA2;-;-;UTR3;PLEKHA2;-;-;-;1487;30;54	Name=AluJb	TRUE	Alu	UTR3
chr8:39966289:A:G	chr8:39966289:A:G	A:G	IDO2	intronic	unknown	A;G;+;A;ALU;-;SINE/AluSg4;ncRNA_intronic;RP11-44K6.3;-;-;intronic;IDO2;-;-;intronic;IDO2;-;-;-;1;1;1	Name=AluSg4	TRUE	Alu	intronic
chr8:42533859:T:C	chr8:42533859:A:G	A:G	SLC20A2	intronic	unknown	T;C;-;A||D;ALU;rs78373392;SINE/AluSg;intronic;SLC20A2;-;-;intronic;SLC20A2;-;-;intronic;SLC20A2;-;-;-;1673;30;55	Name=AluSg	TRUE	Alu	intronic
chr8:42534151:T:C	chr8:42534151:A:G	A:G	SLC20A2	intronic	unknown	T;C;-;A||R||D;ALU;-;SINE/AluSx;intronic;SLC20A2;-;-;intronic;SLC20A2;-;-;intronic;SLC20A2;-;-;-;2195;30;55	Name=AluSx	TRUE	Alu	intronic
chr8:43022974:A:G	chr8:43022974:A:G	A:G	HOOK3	UTR3	unknown	A;G;+;A||R||D;ALU;-;SINE/AluSx1;UTR3;HOOK3;-;-;UTR3;HOOK3;-;-;UTR3;HOOK3;-;-;-;192;23;35	Name=AluSx1	TRUE	Alu	UTR3
chr8:52708868:T:C	chr8:52708868:A:G	A:G	RB1CC1	intronic	unknown	T;C;-;A||R;NONREP;-;-/-;intronic;RB1CC1;-;-;intronic;RB1CC1;-;-;intronic;RB1CC1;-;-;-;19;8;10	.	TRUE	None	intronic
chr8:56004918:A:G	chr8:56004918:A:G	A:G	LYN	intronic	unknown	A;G;+;R||D;ALU;-;SINE/AluJr4;intronic;LYN;-;-;intronic;LYN;-;-;intronic;LYN;-;-;-;72;7;8	Name=AluJr4	TRUE	Alu	intronic
chr8:56012596:A:G	chr8:56012596:A:G	A:G	LYN	UTR3	unknown	A;G;+;A||R;ALU;-;SINE/AluJr;upstream;RP11-446E9.2;-;-;downstream;LYN;-;-;downstream;LYN;-;-;-;89;5;6	Name=AluJr	TRUE	Alu	UTR3
chr8:89782060:A:G	chr8:89782060:A:G	A:G	RIPK2	intronic	unknown	A;G;+;A||R||D;REP;-;DNA/MER44D;intronic;RIPK2;-;-;intronic;RIPK2;-;-;intronic;RIPK2;-;-;-;26;8;10	Name=AluJb	TRUE	Alu	intronic
chr8:97728672:A:G	chr8:97728672:A:G	A:G	MTDH	UTR3	unknown	A;G;+;A||R||D;REP;-;SINE/FLAM_C;UTR3;MTDH;-;-;UTR3;MTDH;-;-;UTR3;MTDH;-;-;-;1987;30;54	Name=FLAM_C	TRUE	Other	UTR3
chr8:117987843:T:C	chr8:117987843:A:G	A:G	EXT1	intronic	unknown	T;C;-;A||R||D;ALU;-;SINE/AluJb;intronic;EXT1;-;-;intronic;EXT1;-;-;intronic;EXT1;-;-;-;12;5;6	Name=AluJb	TRUE	Alu	intronic
chr8:18704420:T:C	chr8:18704420:A:G	A:G	PSD3	intronic	unknown	T;C;-;A||R;ALU;-;SINE/AluSg;intronic;PSD3;-;-;intronic;PSD3;-;-;intronic;PSD3;-;-;-;6;3;3	Name=AluSg	TRUE	Alu	intronic
chr8:23188340:T:C	chr8:23188340:A:G	A:G	TNFRSF10A	downstream	unknown	T;C;-;A||R;REP;-;LTR/MSTA;upstream;RP11-1149O23.2;-;-;intergenic;TNFRSF10D||TNFRSF10A;-;-;intergenic;TNFRSF10D||TNFRSF10A;-;-;-;1100;29;52	Name=MSTA	TRUE	Other	downstream
chr8:23188806:T:C	chr8:23188806:A:G	A:G	TNFRSF10A	downstream	unknown	T;C;-;A||R;REP;-;LTR/MSTA;upstream;RP11-1149O23.2;-;-;intergenic;TNFRSF10D||TNFRSF10A;-;-;intergenic;TNFRSF10D||TNFRSF10A;-;-;-;1015;30;50	Name=MSTA	TRUE	Other	downstream
chr8:23188810:T:C	chr8:23188810:A:G	A:G	TNFRSF10A	downstream	unknown	T;C;-;A||R;REP;-;LTR/MSTA;upstream;RP11-1149O23.2;-;-;intergenic;TNFRSF10D||TNFRSF10A;-;-;intergenic;TNFRSF10D||TNFRSF10A;-;-;-;1140;30;53	Name=MSTA	TRUE	Other	downstream
chr8:38971897:A:G	chr8:38971897:A:G	A:G	PLEKHA2	UTR3	unknown	A;G;+;A||R||D;ALU;-;SINE/AluYc;ncRNA_intronic;CTD-2544N14.3;-;-;UTR3;PLEKHA2;-;-;UTR3;PLEKHA2;-;-;-;1905;30;55	Name=AluYc	TRUE	Alu	UTR3
chr8:42534196:T:C	chr8:42534196:A:G	A:G	SLC20A2	intronic	unknown	T;C;-;A||R||D;ALU;-;SINE/AluSx;intronic;SLC20A2;-;-;intronic;SLC20A2;-;-;intronic;SLC20A2;-;-;-;2111;30;54	Name=AluSx	TRUE	Alu	intronic
chr8:55891133:A:G	chr8:55891133:A:G	A:G	LYN	intronic	unknown	A;G;+;A||R||D;ALU;-;SINE/AluSp;intronic;LYN;-;-;intronic;LYN;-;-;intronic;LYN;-;-;-;6;3;3	Name=AluSp	TRUE	Alu	intronic
chr8:56067574:T:C	chr8:56067574:A:G	A:G	RPS20	UTR3	unknown	T;C;-;A||R;ALU;-;SINE/AluY;UTR3;RPS20;-;-;downstream;RPS20;-;-;downstream;RPS20;-;-;-;1982;30;55	Name=AluY	TRUE	Alu	UTR3
chr8:86463976:A:G	chr8:86463976:A:G	A:G	WWP1	intronic	unknown	A;G;+;A||R||D;ALU;-;SINE/AluJb;intronic;WWP1;-;-;intronic;WWP1;-;-;intronic;WWP1;-;-;-;86;21;27	Name=AluJb	TRUE	Alu	intronic
chr8:23188354:T:C	chr8:23188354:A:G	A:G	TNFRSF10A	downstream	unknown	T;C;-;A||R;REP;-;LTR/MSTA;upstream;RP11-1149O23.2;-;-;intergenic;TNFRSF10D||TNFRSF10A;-;-;intergenic;TNFRSF10D||TNFRSF10A;-;-;-;822;29;51	Name=MSTA	TRUE	Other	downstream
chr8:23188805:T:C	chr8:23188805:A:G	A:G	TNFRSF10A	downstream	unknown	T;C;-;A||R;REP;-;LTR/MSTA;upstream;RP11-1149O23.2;-;-;intergenic;TNFRSF10D||TNFRSF10A;-;-;intergenic;TNFRSF10D||TNFRSF10A;-;-;-;658;29;46	Name=MSTA	TRUE	Other	downstream
chr8:56012660:A:G	chr8:56012660:A:G	A:G	LYN	UTR3	unknown	A;G;+;A||R;ALU;-;SINE/AluJr;upstream;RP11-446E9.2;-;-;downstream;LYN;-;-;downstream;LYN;-;-;-;90;6;7	Name=AluJr	TRUE	Alu	UTR3
chr8:70598133:C:T	chr8:70598133:G:A	C:T	TRAM1	splicing	unknown	.	.	FALSE	None	splicing
chr8:96506757:A:G	chr8:96506757:A:G	A:G	SDC2	intronic	unknown	A;G;+;A;ALU;-;SINE/AluY;intronic;SDC2;-;-;intronic;SDC2;-;-;intronic;SDC2;-;-;-;5;3;3	Name=AluY	TRUE	Alu	intronic
chr8:56012668:A:G	chr8:56012668:A:G	A:G	LYN	UTR3	unknown	A;G;+;A||R;ALU;rs552551333;SINE/AluJr;upstream;RP11-446E9.2;-;-;downstream;LYN;-;-;downstream;LYN;-;-;-;61;5;6	Name=AluJr	TRUE	Alu	UTR3
chr8:16108146:T:C	chr8:16108146:A:G	A:G	MSR1	UTR3	unknown	T;C;-;R;REP;-;Simple_repeat/(TAA)n;UTR3;MSR1;-;-;UTR3;MSR1;-;-;UTR3;MSR1;-;-;-;267;26;35	Name=(GTTAATA)n	TRUE	Simple
repeat	UTR3
chr8:16108193:T:C	chr8:16108193:A:G	A:G	MSR1	UTR3	unknown	T;C;-;R||D;REP;-;Simple_repeat/(TAA)n;UTR3;MSR1;-;-;UTR3;MSR1;-;-;UTR3;MSR1;-;-;-;240;21;34	Name=(TAGTAC)n	TRUE	Simple
repeat	UTR3
chr8:39966270:A:G	chr8:39966270:A:G	A:G	IDO2	intronic	unknown	A;G;+;A;ALU;-;SINE/AluSg4;ncRNA_intronic;RP11-44K6.3;-;-;intronic;IDO2;-;-;intronic;IDO2;-;-;-;2;1;1	Name=AluSg4	TRUE	Alu	intronic
chr8:39970906:A:G	chr8:39970906:A:G	A:G	IDO2	intronic	unknown	A;G;+;A;ALU;-;SINE/AluSc;ncRNA_intronic;RP11-44K6.3;-;-;intronic;IDO2;-;-;intronic;IDO2;-;-;-;2;2;2	Name=AluSc	TRUE	Alu	intronic
chr8:39970950:A:G	chr8:39970950:A:G	A:G	IDO2	intronic	unknown	A;G;+;A;ALU;rs753994453;SINE/AluSc;ncRNA_intronic;RP11-44K6.3;-;-;intronic;IDO2;-;-;intronic;IDO2;-;-;-;1;1;1	Name=AluSc	TRUE	Alu	intronic
chr8:39973975:A:G	chr8:39973975:A:G	A:G	IDO2	intronic	unknown	A;G;+;A;ALU;-;SINE/AluSx1;ncRNA_intronic;RP11-44K6.3;-;-;intronic;IDO2;-;-;intronic;IDO2;-;-;-;2;2;2	Name=AluSx1	TRUE	Alu	intronic
chr8:39977498:A:G	chr8:39977498:A:G	A:G	IDO2	intronic	unknown	A;G;+;A;ALU;-;SINE/AluJo;ncRNA_intronic;RP11-44K6.3;-;-;intronic;IDO2;-;-;intronic;IDO2;-;-;259;15;3;2;2	Name=AluJo	TRUE	Alu	intronic
chr8:39983609:A:G	chr8:39983609:A:G	A:G	IDO2	intronic	unknown	A;G;+;A||R;ALU;-;SINE/AluSx;ncRNA_intronic;RP11-44K6.3;-;-;intronic;IDO2;-;-;intronic;IDO2;-;-;-;4;2;2	Name=AluSx	TRUE	Alu	intronic
chr8:39985197:A:G	chr8:39985197:A:G	A:G	IDO2	intronic	unknown	A;G;+;A;ALU;-;SINE/AluSx1;ncRNA_intronic;RP11-44K6.3;-;-;intronic;IDO2;-;-;intronic;IDO2;-;-;-;17;5;5	Name=AluSx1	TRUE	Alu	intronic
chr8:39994431:A:G	chr8:39994431:A:G	A:G	IDO2	intronic	unknown	.	Name=AluSp	FALSE	Alu	intronic
chr8:118039498:T:C	chr8:118039498:A:G	A:G	EXT1	intronic	unknown	T;C;-;A||R||D;ALU;-;SINE/AluSx;intronic;EXT1;-;-;intronic;EXT1;-;-;intronic;EXT1;-;-;-;11;6;6	Name=AluSx	TRUE	Alu	intronic
chr8:39971909:A:G	chr8:39971909:A:G	A:G	IDO2	intronic	unknown	A;G;+;A;ALU;-;SINE/AluSq;ncRNA_intronic;RP11-44K6.3;-;-;intronic;IDO2;-;-;intronic;IDO2;-;-;-;4;2;2	Name=AluSq	TRUE	Alu	intronic
chr8:39971942:A:G	chr8:39971942:A:G	A:G	IDO2	intronic	unknown	A;G;+;A||R;ALU;-;SINE/AluSq;ncRNA_intronic;RP11-44K6.3;-;-;intronic;IDO2;-;-;intronic;IDO2;-;-;-;6;5;5	Name=AluSq	TRUE	Alu	intronic
chr8:39971974:A:G	chr8:39971974:A:G	A:G	IDO2	intronic	unknown	A;G;+;A;ALU;-;SINE/AluSq;ncRNA_intronic;RP11-44K6.3;-;-;intronic;IDO2;-;-;intronic;IDO2;-;-;-;3;1;1	Name=AluSq	TRUE	Alu	intronic
chr8:39972053:A:G	chr8:39972053:A:G	A:G	IDO2	intronic	unknown	A;G;+;A;ALU;-;SINE/AluSq;ncRNA_intronic;RP11-44K6.3;-;-;intronic;IDO2;-;-;intronic;IDO2;-;-;-;1;1;1	Name=AluSq	TRUE	Alu	intronic
chr8:39972463:A:G	chr8:39972463:A:G	A:G	IDO2	intronic	unknown	A;G;+;A;ALU;-;SINE/AluSx1;ncRNA_intronic;RP11-44K6.3;-;-;intronic;IDO2;-;-;intronic;IDO2;-;-;-;4;2;2	Name=AluSx1	TRUE	Alu	intronic
chr8:39972560:A:G	chr8:39972560:A:G	A:G	IDO2	intronic	unknown	A;G;+;A;ALU;-;SINE/AluSx1;ncRNA_intronic;RP11-44K6.3;-;-;intronic;IDO2;-;-;intronic;IDO2;-;-;-;3;1;1	Name=AluSx1	TRUE	Alu	intronic
chr8:39983608:A:G	chr8:39983608:A:G	A:G	IDO2	intronic	unknown	A;G;+;A;ALU;-;SINE/AluSx;ncRNA_intronic;RP11-44K6.3;-;-;intronic;IDO2;-;-;intronic;IDO2;-;-;-;4;2;2	Name=AluSx	TRUE	Alu	intronic
chr8:39983817:A:G	chr8:39983817:A:G	A:G	IDO2	intronic	unknown	A;G;+;A;ALU;-;SINE/AluSx;ncRNA_intronic;RP11-44K6.3;-;-;intronic;IDO2;-;-;intronic;IDO2;-;-;-;9;3;3	Name=AluSx	TRUE	Alu	intronic
chr8:39985035:A:G	chr8:39985035:A:G	A:G	IDO2	intronic	unknown	A;G;+;A||R||D;ALU;-;SINE/AluSx1;ncRNA_intronic;RP11-44K6.3;-;-;intronic;IDO2;-;-;intronic;IDO2;-;-;-;4;2;2	Name=AluSx1	TRUE	Alu	intronic
chr8:39985036:A:G	chr8:39985036:A:G	A:G	IDO2	intronic	unknown	A;G;+;A||R||D;ALU;-;SINE/AluSx1;ncRNA_intronic;RP11-44K6.3;-;-;intronic;IDO2;-;-;intronic;IDO2;-;-;-;4;2;2	Name=AluSx1	TRUE	Alu	intronic
chr8:39985061:A:G	chr8:39985061:A:G	A:G	IDO2	intronic	unknown	A;G;+;A||R||D;ALU;-;SINE/AluSx1;ncRNA_intronic;RP11-44K6.3;-;-;intronic;IDO2;-;-;intronic;IDO2;-;-;-;4;2;2	Name=AluSx1	TRUE	Alu	intronic
chr8:39985084:A:G	chr8:39985084:A:G	A:G	IDO2	intronic	unknown	A;G;+;A||R||D;ALU;-;SINE/AluSx1;ncRNA_intronic;RP11-44K6.3;-;-;intronic;IDO2;-;-;intronic;IDO2;-;-;-;4;2;2	Name=AluSx1	TRUE	Alu	intronic
chr8:39985112:A:G	chr8:39985112:A:G	A:G	IDO2	intronic	unknown	A;G;+;A||R||D;ALU;-;SINE/AluSx1;ncRNA_intronic;RP11-44K6.3;-;-;intronic;IDO2;-;-;intronic;IDO2;-;-;-;9;4;4	Name=AluSx1	TRUE	Alu	intronic
chr8:39985114:A:G	chr8:39985114:A:G	A:G	IDO2	intronic	unknown	A;G;+;A||R||D;ALU;-;SINE/AluSx1;ncRNA_intronic;RP11-44K6.3;-;-;intronic;IDO2;-;-;intronic;IDO2;-;-;-;7;2;2	Name=AluSx1	TRUE	Alu	intronic
chr8:39985167:A:G	chr8:39985167:A:G	A:G	IDO2	intronic	unknown	A;G;+;A||R||D;ALU;-;SINE/AluSx1;ncRNA_intronic;RP11-44K6.3;-;-;intronic;IDO2;-;-;intronic;IDO2;-;-;-;11;3;3	Name=AluSx1	TRUE	Alu	intronic
chr8:39986791:A:G	chr8:39986791:A:G	A:G	IDO2	intronic	unknown	A;G;+;A;REP;-;LTR/THE1D;ncRNA_intronic;RP11-44K6.3;-;-;intronic;IDO2;-;-;intronic;IDO2;-;-;-;35;7;7	Name=THE1D	TRUE	Other	intronic
chr8:39987319:A:G	chr8:39987319:A:G	A:G	IDO2	intronic	unknown	A;G;+;A;REP;-;LTR/THE1D;ncRNA_intronic;RP11-44K6.3;-;-;intronic;IDO2;-;-;intronic;IDO2;-;-;-;55;5;5	Name=THE1D	TRUE	Other	intronic
chr8:39988995:A:G	chr8:39988995:A:G	A:G	IDO2	intronic	unknown	A;G;+;A;REP;-;LTR/THE1D;ncRNA_intronic;RP11-44K6.3;-;-;intronic;IDO2;-;-;intronic;IDO2;-;-;-;26;3;3	Name=THE1D	TRUE	Other	intronic
chr8:39989016:A:G	chr8:39989016:A:G	A:G	IDO2	intronic	unknown	A;G;+;A;REP;-;LTR/THE1D;ncRNA_intronic;RP11-44K6.3;-;-;intronic;IDO2;-;-;intronic;IDO2;-;-;-;20;3;3	Name=THE1D	TRUE	Other	intronic
chr8:39989044:A:G	chr8:39989044:A:G	A:G	IDO2	intronic	unknown	A;G;+;A;REP;-;LTR/THE1D;ncRNA_intronic;RP11-44K6.3;-;-;intronic;IDO2;-;-;intronic;IDO2;-;-;-;17;3;3	Name=THE1D	TRUE	Other	intronic
chr8:39989047:A:G	chr8:39989047:A:G	A:G	IDO2	intronic	unknown	A;G;+;A;REP;-;LTR/THE1D;ncRNA_intronic;RP11-44K6.3;-;-;intronic;IDO2;-;-;intronic;IDO2;-;-;-;13;3;3	Name=THE1D	TRUE	Other	intronic
chr8:39989053:A:G	chr8:39989053:A:G	A:G	IDO2	intronic	unknown	A;G;+;A;REP;-;LTR/THE1D;ncRNA_intronic;RP11-44K6.3;-;-;intronic;IDO2;-;-;intronic;IDO2;-;-;-;27;5;5	Name=THE1D	TRUE	Other	intronic
chr8:39989195:A:G	chr8:39989195:A:G	A:G	IDO2	intronic	unknown	A;G;+;A;REP;-;LTR/THE1D;ncRNA_intronic;RP11-44K6.3;-;-;intronic;IDO2;-;-;intronic;IDO2;-;-;-;31;4;4	Name=THE1D	TRUE	Other	intronic
chr8:39989239:A:G	chr8:39989239:A:G	A:G	IDO2	intronic	unknown	A;G;+;A;REP;-;LTR/THE1D;ncRNA_intronic;RP11-44K6.3;-;-;intronic;IDO2;-;-;intronic;IDO2;-;-;-;31;4;4	Name=THE1D	TRUE	Other	intronic
chr8:39969755:A:G	chr8:39969755:A:G	A:G	IDO2	intronic	unknown	A;G;+;A;ALU;-;SINE/AluSq2;ncRNA_intronic;RP11-44K6.3;-;-;intronic;IDO2;-;-;intronic;IDO2;-;-;-;1;1;1	Name=AluSq2	TRUE	Alu	intronic
chr8:39972495:A:G	chr8:39972495:A:G	A:G	IDO2	intronic	unknown	A;G;+;A;ALU;-;SINE/AluSx1;ncRNA_intronic;RP11-44K6.3;-;-;intronic;IDO2;-;-;intronic;IDO2;-;-;-;4;2;2	Name=AluSx1	TRUE	Alu	intronic
chr8:39984217:A:G	chr8:39984217:A:G	A:G	IDO2	intronic	unknown	A;G;+;A||R;ALU;-;SINE/AluSx1;ncRNA_intronic;RP11-44K6.3;-;-;intronic;IDO2;-;-;intronic;IDO2;-;-;-;8;2;2	Name=AluSx1	TRUE	Alu	intronic
chr8:39985191:A:G	chr8:39985191:A:G	A:G	IDO2	intronic	unknown	A;G;+;A;ALU;-;SINE/AluSx1;ncRNA_intronic;RP11-44K6.3;-;-;intronic;IDO2;-;-;intronic;IDO2;-;-;-;12;3;3	Name=AluSx1	TRUE	Alu	intronic
chr8:130436693:T:C	chr8:130436693:A:G	A:G	ASAP1	intronic	unknown	T;C;-;R;ALU;-;SINE/AluJb;intronic;ASAP1;-;-;intronic;ASAP1;-;-;intronic;ASAP1;-;-;-;5;5;5	Name=AluJr	TRUE	Alu	intronic
chr8:130436702:T:C	chr8:130436702:A:G	A:G	ASAP1	intronic	unknown	T;C;-;A||R;ALU;-;SINE/AluJb;intronic;ASAP1;-;-;intronic;ASAP1;-;-;intronic;ASAP1;-;-;-;5;4;4	Name=AluJr	TRUE	Alu	intronic
chr8:39989262:A:G	chr8:39989262:A:G	A:G	IDO2	intronic	unknown	A;G;+;A;REP;-;LTR/THE1D;ncRNA_intronic;RP11-44K6.3;-;-;intronic;IDO2;-;-;intronic;IDO2;-;-;-;17;3;3	Name=THE1D	TRUE	Other	intronic
chr8:39989263:A:G	chr8:39989263:A:G	A:G	IDO2	intronic	unknown	A;G;+;A;REP;-;LTR/THE1D;ncRNA_intronic;RP11-44K6.3;-;-;intronic;IDO2;-;-;intronic;IDO2;-;-;-;16;3;3	Name=THE1D	TRUE	Other	intronic
chr8:39989281:A:G	chr8:39989281:A:G	A:G	IDO2	intronic	unknown	A;G;+;A;REP;-;LTR/THE1D;ncRNA_intronic;RP11-44K6.3;-;-;intronic;IDO2;-;-;intronic;IDO2;-;-;-;30;5;5	Name=THE1D	TRUE	Other	intronic
chr8:39977574:A:G	chr8:39977574:A:G	A:G	IDO2	intronic	unknown	A;G;+;A;ALU;-;SINE/AluJo;ncRNA_intronic;RP11-44K6.3;-;-;intronic;IDO2;-;-;intronic;IDO2;-;-;259;15;2;2;2	Name=AluJo	TRUE	Alu	intronic
chr8:144237047:A:G	chr8:144237047:A:G	A:G	MROH1	intronic	unknown	.	Name=AluY	FALSE	Alu	intronic
chr8:39969611:A:G	chr8:39969611:A:G	A:G	IDO2	intronic	unknown	A;G;+;A;ALU;-;SINE/AluSq2;ncRNA_intronic;RP11-44K6.3;-;-;intronic;IDO2;-;-;intronic;IDO2;-;-;-;3;2;2	Name=AluSq2	TRUE	Alu	intronic
chr9:121290879:A:G	chr9:121290879:A:G	A:G	GSN	intronic	unknown	A;G;+;A||R;ALU;-;SINE/AluJb;intronic;GSN;-;-;intronic;GSN;-;-;intronic;GSN;-;-;-;236;23;41	Name=AluJb	TRUE	Alu	intronic
chr9:121290929:A:G	chr9:121290929:A:G	A:G	GSN	intronic	unknown	A;G;+;A||R;ALU;-;SINE/AluJb;intronic;GSN;-;-;intronic;GSN;-;-;intronic;GSN;-;-;-;401;27;47	Name=AluJb	TRUE	Alu	intronic
chr9:121290938:A:G	chr9:121290938:A:G	A:G	GSN	intronic	unknown	A;G;+;A||R;ALU;-;SINE/AluJb;intronic;GSN;-;-;intronic;GSN;-;-;intronic;GSN;-;-;-;269;23;41	Name=AluJb	TRUE	Alu	intronic
chr9:129506758:A:G	chr9:129506758:A:G	A:G	LINC00963	ncRNA
intronic	unknown	A;G;+;A||R||D;ALU;-;SINE/AluY;ncRNA_exonic;LINC00963;-;-;ncRNA_intronic;LINC00963;-;-;ncRNA_intronic;LOC100506190;-;-;-;1904;30;54	Name=AluYf1	TRUE	Alu	ncRNA
chr9:134906200:T:C	chr9:134906200:A:G	A:G	FCN1	UTR3	unknown	T;C;-;R;ALU;-;SINE/AluSz;intergenic;FCN2||FCN1;-;-;intergenic;FCN2||FCN1;-;-;intergenic;FCN2||FCN1;-;-;-;172;7;8	Name=AluSz	TRUE	Alu	UTR3
chr9:32456318:T:C	chr9:32456318:A:G	A:G	DDX58	UTR3	unknown	T;C;-;A||R||D;NONREP;-;-/-;UTR3;DDX58;-;-;UTR3;DDX58;-;-;UTR3;DDX58;-;-;-;2179;30;55	.	TRUE	None	UTR3
chr9:87541482:A:G	chr9:87541482:A:G	A:G	DAPK1	intronic	unknown	A;G;+;A||R;ALU;-;SINE/AluSz6;intronic;DAPK1;-;-;intronic;DAPK1;-;-;intronic;DAPK1;-;-;-;16;7;7	Name=AluSz6	TRUE	Alu	intronic
chr9:98218323:T:C	chr9:98218323:A:G	A:G	TBC1D2	intronic	unknown	T;C;-;A||R;ALU;-;SINE/AluY;intronic;TBC1D2;-;-;intronic;TBC1D2;-;-;intronic;TBC1D2;-;-;-;122;14;27	Name=AluY	TRUE	Alu	intronic
chr9:110246029:T:C	chr9:110246029:A:G	A:G	TXN	intronic	unknown	T;C;-;A||R||D;ALU;-;SINE/AluSx;intronic;TXN;-;-;intronic;TXN;-;-;intronic;TXN;-;-;-;966;30;51	Name=AluSx	TRUE	Alu	intronic
chr9:111027444:T:C	chr9:111027444:A:G	A:G	LPAR1	intronic	unknown	T;C;-;A;ALU;-;SINE/AluJb;intronic;LPAR1;-;-;intronic;LPAR1;-;-;intronic;LPAR1;-;-;-;7;4;4	Name=AluJo	TRUE	Alu	intronic
chr9:112684441:T:C	chr9:112684441:A:G	A:G	INIP	UTR3	unknown	T;C;-;A||R||D;ALU;-;SINE/AluJr;UTR3;INIP;-;-;intergenic;KIAA1958||INIP;-;-;intergenic;KIAA1958||INIP;-;-;-;2221;30;54	Name=AluJr	TRUE	Alu	UTR3
chr9:112685300:T:C	chr9:112685300:A:G	A:G	INIP	UTR3	unknown	T;C;-;A||R;ALU;-;SINE/AluJb;UTR3;INIP;-;-;intergenic;KIAA1958||INIP;-;-;intergenic;KIAA1958||INIP;-;-;-;2127;30;55	Name=AluJb	TRUE	Alu	UTR3
chr9:121290912:A:G	chr9:121290912:A:G	A:G	GSN	intronic	unknown	A;G;+;A||R;ALU;-;SINE/AluJb;intronic;GSN;-;-;intronic;GSN;-;-;intronic;GSN;-;-;-;270;25;45	Name=AluJb	TRUE	Alu	intronic
chr9:128112049:T:C	chr9:128112049:A:G	A:G	SLC25A25-AS1	ncRNA
exonic	unknown	T;C;-;A||R||D;ALU;-;SINE/AluSc8;ncRNA_exonic;RP11-395P17.3;-;-;ncRNA_exonic;SLC25A25-AS1;-;-;ncRNA_exonic;LOC100289019;-;-;-;1468;30;54	Name=AluSc8	TRUE	Alu	ncRNA
chr9:130114114:A:G	chr9:130114114:A:G	A:G	GPR107	intronic	unknown	A;G;+;A||R;ALU;-;SINE/AluSz;intronic;GPR107;-;-;intronic;GPR107;-;-;intronic;GPR107;-;-;-;2;2;2	Name=AluSz	TRUE	Alu	intronic
chr9:32456367:T:C	chr9:32456367:A:G	A:G	DDX58	UTR3	unknown	T;C;-;A||R||D;NONREP;-;-/-;UTR3;DDX58;-;-;UTR3;DDX58;-;-;UTR3;DDX58;-;-;-;1855;30;55	.	TRUE	None	UTR3
chr9:33042260:T:C	chr9:33042260:A:G	A:G	SMU1	UTR3	unknown	T;C;-;A||R||D;NONREP;-;-/-;UTR3;SMU1;-;-;UTR3;SMU1;-;-;UTR3;SMU1;-;-;-;718;29;52	.	TRUE	None	UTR3
chr9:33042269:T:C	chr9:33042269:A:G	A:G	SMU1	UTR3	unknown	T;C;-;A||R||D;NONREP;-;-/-;UTR3;SMU1;-;-;UTR3;SMU1;-;-;UTR3;SMU1;-;-;-;897;29;53	.	TRUE	None	UTR3
chr9:33042301:T:C	chr9:33042301:A:G	A:G	SMU1	UTR3	unknown	T;C;-;A||R||D;NONREP;-;-/-;UTR3;SMU1;-;-;UTR3;SMU1;-;-;UTR3;SMU1;-;-;-;707;29;53	.	TRUE	None	UTR3
chr9:96015219:A:G	chr9:96015219:A:G	A:G	ERCC6L2	UTR3	unknown	A;G;+;A||R;ALU;-;SINE/AluSz;intergenic;ERCC6L2||LINC00092;-;-;UTR3;ERCC6L2;-;-;intronic;C9orf102;-;-;-;23;11;13	Name=AluSz	TRUE	Alu	UTR3
chr9:96015785:A:G	chr9:96015785:A:G	A:G	ERCC6L2	UTR3	unknown	A;G;+;A||R;ALU;-;SINE/AluY;intergenic;ERCC6L2||LINC00092;-;-;UTR3;ERCC6L2;-;-;intronic;C9orf102;-;-;-;434;29;50	Name=AluY	TRUE	Alu	UTR3
chr9:96015791:A:G	chr9:96015791:A:G	A:G	ERCC6L2	UTR3	unknown	A;G;+;A||R;ALU;-;SINE/AluY;intergenic;ERCC6L2||LINC00092;-;-;UTR3;ERCC6L2;-;-;intronic;C9orf102;-;-;-;676;30;54	Name=AluY	TRUE	Alu	UTR3
chr9:98068209:A:G	chr9:98068209:A:G	A:G	NANS	intronic	unknown	A;G;+;A||R||D;ALU;-;SINE/AluSz;intronic;NANS;-;-;intronic;NANS;-;-;intronic;NANS;-;-;-;16;10;11	Name=AluSz	TRUE	Alu	intronic
chr9:112685199:T:C	chr9:112685199:A:G	A:G	INIP	UTR3	unknown	T;C;-;A||R;ALU;-;SINE/AluJb;UTR3;INIP;-;-;intergenic;KIAA1958||INIP;-;-;intergenic;KIAA1958||INIP;-;-;-;1778;30;55	Name=AluJb	TRUE	Alu	UTR3
chr9:136895650:A:G	chr9:136895650:A:G	A:G	TRAF2	intronic	unknown	A;G;+;A||R;ALU;-;SINE/AluSx3;intronic;TRAF2;-;-;intronic;TRAF2;-;-;intronic;TRAF2;-;-;-;31;9;13	Name=AluSx1	TRUE	Alu	intronic
chr9:136895651:A:G	chr9:136895651:A:G	A:G	TRAF2	intronic	unknown	A;G;+;A||R;ALU;-;SINE/AluSx3;intronic;TRAF2;-;-;intronic;TRAF2;-;-;intronic;TRAF2;-;-;-;45;10;16	Name=AluSx1	TRUE	Alu	intronic
chr9:19373163:A:G	chr9:19373163:A:G	A:G	DENND4C	UTR3	unknown	A;G;+;R;REP;-;DNA/MADE1;UTR3;DENND4C;-;-;UTR3;DENND4C;-;-;UTR3;DENND4C;-;-;-;0;0;0	Name=MADE1	TRUE	Other	UTR3
chr9:32456382:T:C	chr9:32456382:A:G	A:G	DDX58	UTR3	unknown	T;C;-;A||R||D;NONREP;-;-/-;UTR3;DDX58;-;-;UTR3;DDX58;-;-;UTR3;DDX58;-;-;-;2061;30;55	.	TRUE	None	UTR3
chr9:112039463:T:C	chr9:112039463:A:G	A:G	SUSD1	downstream	unknown	T;C;-;A||R;ALU;-;SINE/AluYk4;intergenic;RP11-4O1.2||SUSD1;-;-;ncRNA_intronic;MIR3134;-;-;ncRNA_intronic;MIR3134;-;-;-;29;13;18	Name=AluYk3	TRUE	Alu	downstream
chr9:32456357:A:G	chr9:32456357:T:C	A:G	DDX58	UTR3	unknown	A;G;+;R;NONREP;-;-/-;UTR3;DDX58;-;-;UTR3;DDX58;-;-;UTR3;DDX58;-;-;-;838;30;51	.	TRUE	None	UTR3
chr9:32456488:T:C	chr9:32456488:A:G	A:G	DDX58	UTR3	unknown	T;C;-;R||D;REP;-;Simple_repeat/(TA)n;UTR3;DDX58;-;-;UTR3;DDX58;-;-;UTR3;DDX58;-;-;-;1514;30;53	.	TRUE	None	UTR3
chr9:37182871:A:G	chr9:37182871:A:G	A:G	ZCCHC7	intronic	unknown	A;G;+;A||R||D;REP;-;SINE/FAM;intronic;ZCCHC7;-;-;intronic;ZCCHC7;-;-;intronic;ZCCHC7;-;-;-;58;12;15	Name=FAM	TRUE	Other	intronic
chr9:5574705:A:G	chr9:5574705:A:G	A:G	PDCD1LG2	downstream	unknown	A;G;+;R;ALU;-;SINE/AluSp;intergenic;PDCD1LG2||RP11-574F11.3;-;-;intergenic;PDCD1LG2||RIC1;-;-;intronic;PLGRKT;-;-;-;29;6;6	Name=AluSp	TRUE	Alu	downstream
chr9:98218385:T:C	chr9:98218385:A:G	A:G	TBC1D2	intronic	unknown	T;C;-;A;ALU;-;SINE/AluY;intronic;TBC1D2;-;-;intronic;TBC1D2;-;-;intronic;TBC1D2;-;-;-;19;7;7	Name=AluY	TRUE	Alu	intronic
chr9:128675950:T:C	chr9:128675950:T:C	A:G	SET	upstream	unknown	T;C;-;A||R;ALU;rs544284151;SINE/AluJo;intergenic;HMGA1P4||SET;-;-;intergenic;MIR1268A||SET;-;-;intergenic;WDR34||SET;-;-;-;31;6;7	Name=AluJo	TRUE	Alu	upstream
chr9:123519575:T:C	chr9:123519575:A:G	A:G	DENND1A	intronic	unknown	T;C;-;A||R;ALU;-;SINE/AluSz6;intronic;DENND1A;-;-;intronic;DENND1A;-;-;intronic;DENND1A;-;-;-;8;5;5	Name=AluSz6	TRUE	Alu	intronic
chr9:123519576:T:C	chr9:123519576:A:G	A:G	DENND1A	intronic	unknown	T;C;-;A||R;ALU;-;SINE/AluSz6;intronic;DENND1A;-;-;intronic;DENND1A;-;-;intronic;DENND1A;-;-;-;10;5;5	Name=AluSz6	TRUE	Alu	intronic
chr9:15167509:T:C	chr9:15167509:A:G	A:G	TTC39B	UTR3	unknown	T;C;-;A||R;ALU;-;SINE/AluSp;UTR3;TTC39B;-;-;intergenic;LOC389705||TTC39B;-;-;intergenic;AK021570||TTC39B;-;-;-;818;30;53	Name=AluSp	TRUE	Alu	UTR3
chr9:33043866:T:C	chr9:33043866:A:G	A:G	SMU1	UTR3	unknown	T;C;-;A||R||D;NONREP;-;-/-;UTR3;SMU1;-;-;UTR3;SMU1;-;-;UTR3;SMU1;-;-;-;262;25;46	.	TRUE	None	UTR3
chr9:33043875:T:C	chr9:33043875:A:G	A:G	SMU1	UTR3	unknown	T;C;-;A||R||D;NONREP;-;-/-;UTR3;SMU1;-;-;UTR3;SMU1;-;-;UTR3;SMU1;-;-;-;204;26;49	.	TRUE	None	UTR3
chr9:33043914:T:C	chr9:33043914:A:G	A:G	SMU1	UTR3	unknown	T;C;-;A||R||D;NONREP;-;-/-;UTR3;SMU1;-;-;UTR3;SMU1;-;-;UTR3;SMU1;-;-;-;189;26;46	.	TRUE	None	UTR3
chr9:135912680:A:G	chr9:135912680:T:C	A:G	CAMSAP1	upstream	unknown	A;G;+;A||R||D;ALU;-;SINE/AluJb;ncRNA_intronic;RP11-432J22.2;-;-;intergenic;CAMSAP1||UBAC1;-;-;intergenic;CAMSAP1||UBAC1;-;-;-;238;29;46	Name=AluJb	TRUE	Alu	upstream
chr9:113217380:T:C	chr9:113217380:A:G	A:G	FKBP15	intronic	unknown	T;C;-;R||D;ALU;-;SINE/AluSx1;intronic;FKBP15;-;-;intronic;FKBP15;-;-;intronic;FKBP15;-;-;-;0;0;0	Name=AluSx1	TRUE	Alu	intronic
chr9:98112556:T:C	chr9:98112556:A:G	A:G	TRIM14	intronic	unknown	T;C;-;A||R;ALU;-;SINE/AluSg;intronic;TRIM14;-;-;intronic;TRIM14;-;-;intronic;TRIM14;-;-;-;125;19;23	Name=AluSg	TRUE	Alu	intronic
chr9:123626179:T:C	chr9:123626179:A:G	A:G	DENND1A	intronic	unknown	T;C;-;R;ALU;-;SINE/AluJb;intronic;DENND1A;-;-;intronic;DENND1A;-;-;intronic;DENND1A;-;-;-;1;1;1	Name=AluJb	TRUE	Alu	intronic
chr9:5573078:A:G	chr9:5573078:A:G	A:G	PDCD1LG2	downstream	unknown	A;G;+;A;ALU;-;SINE/AluSz;intergenic;PDCD1LG2||RP11-574F11.3;-;-;intergenic;PDCD1LG2||RIC1;-;-;intronic;PLGRKT;-;-;-;33;10;11	Name=AluSz	TRUE	Alu	downstream
chr9:69214106:A:G	chr9:69214106:A:G	A:G	TJP2	intronic	unknown	A;G;+;A||R;ALU;-;SINE/AluSz6;intronic;TJP2;-;-;intronic;TJP2;-;-;intronic;TJP2;-;-;-;7;5;5	Name=AluSz6	TRUE	Alu	intronic
chr9:69214107:A:G	chr9:69214107:A:G	A:G	TJP2	intronic	unknown	A;G;+;A||R;ALU;-;SINE/AluSz6;intronic;TJP2;-;-;intronic;TJP2;-;-;intronic;TJP2;-;-;-;7;5;5	Name=AluSz6	TRUE	Alu	intronic
chr9:10450144:C:T	chr9:10450144:G:A	C:T	PTPRD	intronic	unknown	.	Name=SVA_C	FALSE	Other	intronic
chr9:17355810:A:G	chr9:17355810:A:G	A:G	CNTLN	intronic	unknown	A;G;+;A;ALU;-;SINE/AluY;intronic;CNTLN;-;-;intronic;CNTLN;-;-;intronic;CNTLN;-;-;-;7;7;7	Name=AluY	TRUE	Alu	intronic
chr9:10450189:A:G	chr9:10450189:T:C	A:G	PTPRD	intronic	unknown	.	Name=SVA_C	FALSE	Other	intronic
chr9:69214211:A:G	chr9:69214211:A:G	A:G	TJP2	intronic	unknown	A;G;+;A||R;ALU;-;SINE/AluSz6;intronic;TJP2;-;-;intronic;TJP2;-;-;intronic;TJP2;-;-;-;8;5;5	Name=AluSz6	TRUE	Alu	intronic
chr9:5525265:A:G	chr9:5525265:A:G	A:G	PDCD1LG2	intronic	unknown	A;G;+;R||D;ALU;-;SINE/AluSx1;intronic;PDCD1LG2;-;-;intronic;PDCD1LG2;-;-;intronic;PDCD1LG2||PLGRKT;-;-;-;1;1;1	Name=AluSx1	TRUE	Alu	intronic
chr10:100232545:T:C	chr10:100232545:A:G	A:G	CWF19L1	UTR3	unknown	T;C;-;A||R||D;ALU;-;SINE/AluSq2;ncRNA_intronic;RP11-316M21.6;-;-;UTR3;CWF19L1;-;-;UTR3;CWF19L1;-;-;-;2479;30;55	Name=AluSq2	TRUE	Alu	UTR3
chr10:100232668:T:C	chr10:100232668:A:G	A:G	CWF19L1	UTR3	unknown	T;C;-;A||R||D;ALU;-;SINE/AluSq2;ncRNA_intronic;RP11-316M21.6;-;-;UTR3;CWF19L1;-;-;UTR3;CWF19L1;-;-;-;2495;30;55	Name=AluSq2	TRUE	Alu	UTR3
chr10:100233026:T:C	chr10:100233026:A:G	A:G	CWF19L1	UTR3	unknown	T;C;-;A||R||D;ALU;-;SINE/AluJo;ncRNA_intronic;RP11-316M21.6;-;-;UTR3;CWF19L1;-;-;UTR3;CWF19L1;-;-;-;2394;30;55	Name=AluJo	TRUE	Alu	UTR3
chr10:100233036:T:C	chr10:100233036:A:G	A:G	CWF19L1	UTR3	unknown	T;C;-;A||R||D;ALU;-;SINE/AluJo;ncRNA_intronic;RP11-316M21.6;-;-;UTR3;CWF19L1;-;-;UTR3;CWF19L1;-;-;-;2505;30;55	Name=AluJo	TRUE	Alu	UTR3
chr10:100233053:T:C	chr10:100233053:A:G	A:G	CWF19L1	UTR3	unknown	T;C;-;A||R||D;ALU;-;SINE/AluJo;ncRNA_intronic;RP11-316M21.6;-;-;UTR3;CWF19L1;-;-;UTR3;CWF19L1;-;-;-;2336;30;55	Name=AluJo	TRUE	Alu	UTR3
chr10:101811172:T:C	chr10:101811172:A:G	A:G	OGA	intronic	unknown	T;C;-;A||R||D;ALU;-;SINE/AluSx;intronic;MGEA5;-;-;intronic;MGEA5;-;-;intronic;MGEA5;-;-;-;1166;30;54	Name=AluSx	TRUE	Alu	intronic
chr10:110583397:A:G	chr10:110583397:A:G	A:G	SMC3	exonic	nonsynonymous SNV	.	.	FALSE	None	exonic
chr10:11555293:T:C	chr10:11555293:A:G	A:G	USP6NL	intronic	unknown	T;C;-;R;ALU;-;SINE/AluSq2;intronic;USP6NL;-;-;intronic;USP6NL;-;-;intronic;USP6NL;-;-;-;1;1;1	Name=AluSq2	TRUE	Alu	intronic
chr10:11555303:T:C	chr10:11555303:A:G	A:G	USP6NL	intronic	unknown	T;C;-;R||D;ALU;-;SINE/AluSq2;intronic;USP6NL;-;-;intronic;USP6NL;-;-;intronic;USP6NL;-;-;-;1;1;1	Name=AluSq2	TRUE	Alu	intronic
chr10:17687273:A:G	chr10:17687273:A:G	A:G	STAM	intronic	unknown	A;G;+;A||R;ALU;-;SINE/AluSz;intronic;STAM;-;-;intronic;STAM;-;-;intronic;STAM;-;-;-;12;7;8	Name=AluSz	TRUE	Alu	intronic
chr10:17687315:A:G	chr10:17687315:A:G	A:G	STAM	intronic	unknown	A;G;+;A||R;ALU;-;SINE/AluSz;intronic;STAM;-;-;intronic;STAM;-;-;intronic;STAM;-;-;-;13;6;7	Name=AluSz	TRUE	Alu	intronic
chr10:26761083:T:C	chr10:26761083:A:G	A:G	ABI1	intronic	unknown	T;C;-;A||R||D;ALU;-;SINE/AluJo;intronic;ABI1;-;-;intronic;ABI1;-;-;intronic;ABI1;-;-;-;734;29;45	Name=AluJo	TRUE	Alu	intronic
chr10:73248973:T:C	chr10:73248973:T:C	A:G	DNAJC9-AS1	ncRNA
intronic	unknown	T;C;-;A||R;ALU;-;SINE/AluJr;ncRNA_exonic;DNAJC9-AS1;-;-;ncRNA_intronic;DNAJC9-AS1;-;-;ncRNA_intronic;DNAJC9-AS1;-;-;-;2414;30;55	Name=AluJr	TRUE	Alu	ncRNA
chr10:73249057:T:C	chr10:73249057:T:C	A:G	DNAJC9-AS1	ncRNA
intronic	unknown	T;C;-;A||R;ALU;-;SINE/AluJr;ncRNA_exonic;DNAJC9-AS1;-;-;ncRNA_intronic;DNAJC9-AS1;-;-;ncRNA_intronic;DNAJC9-AS1;-;-;-;2533;30;55	Name=AluJr	TRUE	Alu	ncRNA
chr10:73249118:T:C	chr10:73249118:T:C	A:G	DNAJC9-AS1	ncRNA
intronic	unknown	T;C;-;A||R;ALU;-;SINE/AluJr;ncRNA_exonic;DNAJC9-AS1;-;-;ncRNA_intronic;DNAJC9-AS1;-;-;ncRNA_intronic;DNAJC9-AS1;-;-;-;2572;30;55	Name=AluJr	TRUE	Alu	ncRNA
chr10:73249197:T:C	chr10:73249197:T:C	A:G	DNAJC9-AS1	ncRNA
intronic	unknown	T;C;-;A||R||D;ALU;-;SINE/AluJr;ncRNA_exonic;DNAJC9-AS1;-;-;ncRNA_intronic;DNAJC9-AS1;-;-;ncRNA_intronic;DNAJC9-AS1;-;-;-;2551;30;55	Name=AluJr	TRUE	Alu	ncRNA
chr10:73249827:T:C	chr10:73249827:T:C	A:G	DNAJC9-AS1	ncRNA
intronic	unknown	T;C;-;A||R||D;ALU;-;SINE/AluY;ncRNA_intronic;DNAJC9-AS1;-;-;ncRNA_intronic;DNAJC9-AS1;-;-;ncRNA_intronic;DNAJC9-AS1;-;-;-;2437;30;55	Name=AluSc	TRUE	Alu	ncRNA
chr10:73249833:T:C	chr10:73249833:T:C	A:G	DNAJC9-AS1	ncRNA
intronic	unknown	T;C;-;A||R||D;ALU;-;SINE/AluY;ncRNA_intronic;DNAJC9-AS1;-;-;ncRNA_intronic;DNAJC9-AS1;-;-;ncRNA_intronic;DNAJC9-AS1;-;-;-;2288;30;55	Name=AluSc	TRUE	Alu	ncRNA
chr10:100232550:T:C	chr10:100232550:A:G	A:G	CWF19L1	UTR3	unknown	T;C;-;A||R||D;ALU;-;SINE/AluSq2;ncRNA_intronic;RP11-316M21.6;-;-;UTR3;CWF19L1;-;-;UTR3;CWF19L1;-;-;-;2227;30;55	Name=AluSq2	TRUE	Alu	UTR3
chr10:112807654:A:G	chr10:112807654:A:G	A:G	VTI1A	intronic	unknown	.	Name=AluSq2	FALSE	Alu	intronic
chr10:16693100:T:C	chr10:16693100:A:G	A:G	RSU1	intronic	unknown	T;C;-;A||R;ALU;-;SINE/AluSx1;intronic;RSU1;-;-;intronic;RSU1;-;-;intronic;RSU1;-;-;-;9;8;8	Name=AluSx1	TRUE	Alu	intronic
chr10:19823480:A:G	chr10:19823480:A:G	A:G	PLXDC2	intronic	unknown	A;G;+;A||R;ALU;-;SINE/AluSc8;intronic;PLXDC2;-;-;intronic;PLXDC2;-;-;intronic;PLXDC2;-;-;-;10;6;6	Name=AluSc8	TRUE	Alu	intronic
chr10:74535724:A:G	chr10:74535724:A:G	A:G	ADK	intronic	unknown	A;G;+;A||R||D;ALU;-;SINE/AluSz6;intronic;ADK;-;-;intronic;ADK;-;-;intronic;ADK;-;-;-;23;12;15	Name=AluSz6	TRUE	Alu	intronic
chr10:101801146:T:C	chr10:101801146:A:G	A:G	OGA	intronic	unknown	T;C;-;A||R||D;ALU;-;SINE/AluSq2;intronic;MGEA5;-;-;intronic;MGEA5;-;-;intronic;MGEA5;-;-;-;123;22;27	Name=AluSq2	TRUE	Alu	intronic
chr10:17217086:T:C	chr10:17217086:A:G	A:G	VIM-AS1	ncRNA
intronic	unknown	T;C;-;A||R||D;ALU;-;SINE/AluJb;ncRNA_intronic;VIM-AS1;-;-;ncRNA_intronic;VIM-AS1;-;-;ncRNA_intronic;BC078172;-;-;-;226;22;29	Name=AluJb	TRUE	Alu	ncRNA
chr10:20286904:A:G	chr10:20286904:A:G	A:G	PLXDC2	UTR3	unknown	A;G;+;A||R;ALU;-;SINE/AluSp;UTR3;PLXDC2;-;-;UTR3;PLXDC2;-;-;intergenic;PLXDC2||MIR4675;-;-;-;2023;30;55	Name=AluSp	TRUE	Alu	UTR3
chr10:73249962:T:C	chr10:73249962:T:C	A:G	DNAJC9-AS1	ncRNA
intronic	unknown	T;C;-;A||R||D;ALU;-;SINE/AluY;ncRNA_intronic;DNAJC9-AS1;-;-;ncRNA_intronic;DNAJC9-AS1;-;-;ncRNA_intronic;DNAJC9-AS1;-;-;-;2012;30;55	Name=AluY	TRUE	Alu	ncRNA
chr10:73250086:T:C	chr10:73250086:T:C	A:G	DNAJC9-AS1	ncRNA
intronic	unknown	T;C;-;A||R||D;ALU;-;SINE/AluY;ncRNA_intronic;DNAJC9-AS1;-;-;ncRNA_intronic;DNAJC9-AS1;-;-;ncRNA_intronic;DNAJC9-AS1;-;-;-;2047;30;55	Name=AluY	TRUE	Alu	ncRNA
chr10:87047971:T:C	chr10:87047971:A:G	A:G	GLUD1	downstream	unknown	T;C;-;A||R;ALU;-;SINE/AluSx;intergenic;RNU6-529P||GLUD1;-;-;intergenic;FAM25A||GLUD1;-;-;intergenic;FAM25A||GLUD1;-;-;-;81;10;22	Name=AluSx	TRUE	Alu	downstream
chr10:101801038:T:C	chr10:101801038:A:G	A:G	OGA	intronic	unknown	T;C;-;A||R;ALU;-;SINE/AluSg;intronic;MGEA5;-;-;intronic;MGEA5;-;-;intronic;MGEA5;-;-;-;124;22;31	Name=AluSg	TRUE	Alu	intronic
chr10:11458635:T:C	chr10:11458635:A:G	A:G	USP6NL	UTR3	unknown	T;C;-;R;ALU;-;SINE/AluSx1;UTR3;USP6NL;-;-;intergenic;CELF2-AS1||USP6NL;-;-;intergenic;CELF2||USP6NL;-;-;-;21;7;7	Name=AluSx1	TRUE	Alu	UTR3
chr10:15106274:T:C	chr10:15106274:A:G	A:G	NMT2	UTR3	unknown	T;C;-;A||R;ALU;-;SINE/AluSz;intergenic;RPP38||NMT2;-;-;UTR3;NMT2;-;-;UTR3;NMT2;-;-;-;1621;30;55	Name=AluSz	TRUE	Alu	UTR3
chr10:71366053:A:G	chr10:71366053:A:G	A:G	SLC29A3	downstream	unknown	A;G;+;A||R;ALU;-;SINE/AluJr;intergenic;SLC29A3||CDH23;-;-;intergenic;SLC29A3||CDH23;-;-;intergenic;SLC29A3||CDH23;-;-;-;44;16;22	Name=AluJb	TRUE	Alu	downstream
chr10:5953452:T:C	chr10:5953452:A:G	A:G	IL15RA	intronic	unknown	T;C;-;A||R||D;ALU;-;SINE/AluJo;intronic;IL15RA;-;-;intronic;IL15RA;-;-;intronic;IL15RA;-;-;-;260;25;36	Name=SVA_E,AluJo	TRUE	Alu	intronic
chr10:102826266:A:G	chr10:102826266:T:C	A:G	CYP17A1	downstream	unknown	A;G;+;R;ALU;-;SINE/AluSz;intergenic;WBP1L||CYP17A1;-;-;intergenic;WBP1L||CYP17A1;-;-;intergenic;WBP1L||CYP17A1;-;-;-;8;4;4	Name=AluSz	TRUE	Alu	downstream
chr10:102826275:A:G	chr10:102826275:T:C	A:G	CYP17A1	downstream	unknown	A;G;+;A;ALU;-;SINE/AluSz;intergenic;WBP1L||CYP17A1;-;-;intergenic;WBP1L||CYP17A1;-;-;intergenic;WBP1L||CYP17A1;-;-;-;15;8;8	Name=AluSz	TRUE	Alu	downstream
chr10:13674036:A:G	chr10:13674036:T:C	A:G	FRMD4A	intronic	unknown	A;G;+;R;ALU;-;SINE/AluJb;intronic;FRMD4A;-;-;intronic;FRMD4A;-;-;intronic;FRMD4A;-;-;-;305;28;41	Name=AluJb	TRUE	Alu	intronic
chr10:26773377:T:C	chr10:26773377:A:G	A:G	ABI1	intronic	unknown	T;C;-;A||R;ALU;-;SINE/AluSz;intronic;ABI1;-;-;intronic;ABI1;-;-;intronic;ABI1;-;-;-;1;1;1	Name=AluSz	TRUE	Alu	intronic
chr10:133296580:T:C	chr10:133296580:A:G	A:G	TUBGCP2	intronic	unknown	T;C;-;A||R;ALU;-;SINE/AluJb;intronic;TUBGCP2;-;-;intronic;TUBGCP2;-;-;intronic;TUBGCP2;-;-;-;721;30;49	Name=AluJb	TRUE	Alu	intronic
chr10:72526815:T:C	chr10:72526815:A:G	A:G	MICU1	intronic	unknown	T;C;-;A||R;NONREP;-;-/-;intronic;MICU1;-;-;intronic;MICU1;-;-;ncRNA_intronic;MIR1256;-;-;-;21;7;9	.	TRUE	None	intronic
chr10:74536960:A:G	chr10:74536960:A:G	A:G	ADK	intronic	unknown	A;G;+;A||R;REP;-;LINE/L1MB4;intronic;ADK;-;-;intronic;ADK;-;-;intronic;ADK;-;-;-;20;10;12	Name=L1MB4	TRUE	LINE	intronic
chr10:12177395:T:C	chr10:12177395:A:G	A:G	NUDT5	intronic	unknown	.	Name=AluSc8	FALSE	Alu	intronic
chr10:133296660:T:C	chr10:133296660:A:G	A:G	TUBGCP2	intronic	unknown	T;C;-;A||R||D;ALU;-;SINE/AluJb;intronic;TUBGCP2;-;-;intronic;TUBGCP2;-;-;intronic;TUBGCP2;-;-;-;1311;30;54	Name=AluJb	TRUE	Alu	intronic
chr10:15162136:T:C	chr10:15162136:A:G	A:G	NMT2	intronic	unknown	T;C;-;A||R;ALU;-;SINE/AluJo;intronic;NMT2;-;-;intronic;NMT2;-;-;intronic;NMT2;-;-;-;4;3;3	Name=AluJo	TRUE	Alu	intronic
chr10:89198687:G:A	chr10:89198687:C:T	C:T	CH25H	downstream	unknown	.	Name=AluSx	FALSE	Alu	downstream
chr10:74536904:A:G	chr10:74536904:A:G	A:G	ADK	intronic	unknown	A;G;+;A||R;REP;-;LINE/L1MB4;intronic;ADK;-;-;intronic;ADK;-;-;intronic;ADK;-;-;-;19;10;11	Name=L1MB4	TRUE	LINE	intronic
chr10:74719195:A:G	chr10:74719195:A:G	A:G	ADK	downstream	unknown	A;G;+;A||R;ALU;-;SINE/AluJo;intergenic;ADK||RP11-222G7.2;-;-;intergenic;ADK||KAT6B;-;-;intergenic;ADK||KAT6B;-;-;-;45;12;21	Name=AluJo	TRUE	Alu	downstream
chr10:17230642:T:C	chr10:17230642:T:C	A:G	VIM	intronic	unknown	.	.	FALSE	None	intronic
chr10:103666620:A:G	chr10:103666620:T:C	A:G	SH3PXD2A	intronic	unknown	A;G;+;A||R;REP;-;SINE/MIRc;intronic;SH3PXD2A;-;-;intronic;SH3PXD2A;-;-;intronic;SH3PXD2A;-;-;-;65;16;19	Name=MIRc	TRUE	Other	intronic
chr10:91174165:A:G	chr10:91174165:A:G	A:G	PCGF5	intronic	unknown	A;G;+;A||R;NONREP;-;-/-;intergenic;LINC00502||PCGF5;-;-;intronic;PCGF5;-;-;intronic;PCGF5;-;-;-;3;3;3	.	TRUE	None	intronic
chr10:62395764:A:G	chr10:62395764:A:G	A:G	ZNF365	intronic	unknown	A;G;+;A||R;REP;-;DNA/Tigger4a;intronic;ZNF365;-;-;intronic;ZNF365;-;-;intronic;ZNF365;-;-;-;16;5;10	Name=Tigger4a	TRUE	Other	intronic
chr10:72549259:T:C	chr10:72549259:A:G	A:G	MICU1	intronic	unknown	.	Name=AluJb	FALSE	Alu	intronic
chr10:35203113:A:G	chr10:35203113:A:G	A:G	CREM	intronic	unknown	A;G;+;A||R||D;ALU;-;SINE/AluJb;intronic;CREM;-;-;intronic;CREM;-;-;intronic;CREM;-;-;-;41;17;19	Name=AluJb	TRUE	Alu	intronic
chr10:84437846:A:G	chr10:84437846:A:G	A:G	CCSER2	intronic	unknown	A;G;+;A||R||D;ALU;-;SINE/AluSc8;intronic;CCSER2;-;-;intronic;CCSER2;-;-;intronic;CCSER2;-;-;-;16;9;9	Name=AluSc8	TRUE	Alu	intronic
chr10:35203545:A:G	chr10:35203545:A:G	A:G	CREM	intronic	unknown	A;G;+;R;ALU;-;SINE/AluSg4;intronic;CREM;-;-;intronic;CREM;-;-;intronic;CREM;-;-;-;19;9;10	Name=AluSg4	TRUE	Alu	intronic
chr11:10457675:A:G	chr11:10457675:A:G	A:G	AMPD3	intronic	unknown	A;G;+;A||R||D;ALU;-;SINE/AluJb;intronic;AMPD3;-;-;intronic;AMPD3;-;-;intronic;AMPD3;-;-;-;11;6;7	Name=AluJb	TRUE	Alu	intronic
chr11:119017529:T:C	chr11:119017529:A:G	A:G	RPS25	exonic	nonsynonymous SNV	.	.	FALSE	None	exonic
chr11:47229848:A:G	chr11:47229848:A:G	A:G	DDB2	intronic	unknown	A;G;+;A||R||D;ALU;-;SINE/AluJr;intronic;DDB2;-;-;intronic;DDB2;-;-;intronic;DDB2;-;-;-;26;12;15	Name=AluJr	TRUE	Alu	intronic
chr11:68755869:T:C	chr11:68755869:A:G	A:G	CPT1A	UTR3	unknown	T;C;-;A||R||D;ALU;-;SINE/AluSq;UTR3;CPT1A;-;-;UTR3;CPT1A;-;-;UTR3;CPT1A;-;-;-;1985;30;55	Name=AluSq	TRUE	Alu	UTR3
chr11:68755888:T:C	chr11:68755888:A:G	A:G	CPT1A	UTR3	unknown	T;C;-;A||R;ALU;-;SINE/AluSq;UTR3;CPT1A;-;-;UTR3;CPT1A;-;-;UTR3;CPT1A;-;-;-;1317;30;54	Name=AluSq	TRUE	Alu	UTR3
chr11:68756004:T:C	chr11:68756004:A:G	A:G	CPT1A	UTR3	unknown	T;C;-;A||R||D;ALU;-;SINE/AluSq;UTR3;CPT1A;-;-;UTR3;CPT1A;-;-;UTR3;CPT1A;-;-;-;1676;30;54	Name=AluSq	TRUE	Alu	UTR3
chr11:72289708:T:C	chr11:72289708:A:G	A:G	CLPB	UTR3	unknown	T;C;-;A||R;ALU;-;SINE/AluJo;intergenic;PHOX2A||CLPB;-;-;intergenic;PHOX2A||CLPB;-;-;intergenic;PHOX2A||CLPB;-;-;-;1370;30;54	Name=AluJo	TRUE	Alu	UTR3
chr11:72289731:T:C	chr11:72289731:A:G	A:G	CLPB	UTR3	unknown	T;C;-;A||R;ALU;-;SINE/AluJo;intergenic;PHOX2A||CLPB;-;-;intergenic;PHOX2A||CLPB;-;-;intergenic;PHOX2A||CLPB;-;-;-;1586;30;54	Name=AluJo	TRUE	Alu	UTR3
chr11:72291787:T:C	chr11:72291787:A:G	A:G	CLPB	UTR3	unknown	T;C;-;A||R;ALU;-;SINE/AluY;downstream;CLPB;-;-;downstream;CLPB;-;-;downstream;CLPB;-;-;-;340;27;48	Name=AluY	TRUE	Alu	UTR3
chr11:72291799:T:C	chr11:72291799:A:G	A:G	CLPB	UTR3	unknown	T;C;-;A||R||D;ALU;-;SINE/AluY;downstream;CLPB;-;-;downstream;CLPB;-;-;downstream;CLPB;-;-;-;393;27;47	Name=AluY	TRUE	Alu	UTR3
chr11:72291800:T:C	chr11:72291800:A:G	A:G	CLPB	UTR3	unknown	T;C;-;A||R;ALU;-;SINE/AluY;downstream;CLPB;-;-;downstream;CLPB;-;-;downstream;CLPB;-;-;-;226;26;44	Name=AluY	TRUE	Alu	UTR3
chr11:74455795:T:C	chr11:74455795:A:G	A:G	KCNE3	UTR3	unknown	T;C;-;A||R||D;ALU;-;SINE/AluSx1;ncRNA_intronic;RP11-702H23.4||RP11-702H23.6;-;-;UTR3;KCNE3;-;-;UTR3;KCNE3;-;-;-;992;30;51	Name=AluSx1	TRUE	Alu	UTR3
chr11:74455856:T:C	chr11:74455856:A:G	A:G	KCNE3	UTR3	unknown	T;C;-;A;ALU;rs181492231;SINE/AluSx1;ncRNA_intronic;RP11-702H23.4||RP11-702H23.6;-;-;UTR3;KCNE3;-;-;UTR3;KCNE3;-;-;-;781;30;51	Name=AluSx1	TRUE	Alu	UTR3
chr11:74456220:T:C	chr11:74456220:A:G	A:G	KCNE3	UTR3	unknown	T;C;-;A||R||D;ALU;-;SINE/AluSx;ncRNA_intronic;RP11-702H23.4||RP11-702H23.6;-;-;UTR3;KCNE3;-;-;UTR3;KCNE3;-;-;-;412;29;45	Name=AluSx1	TRUE	Alu	UTR3
chr11:74456245:T:C	chr11:74456245:A:G	A:G	KCNE3	UTR3	unknown	T;C;-;A||R;ALU;-;SINE/AluSx;ncRNA_intronic;RP11-702H23.4||RP11-702H23.6;-;-;UTR3;KCNE3;-;-;UTR3;KCNE3;-;-;-;485;30;47	Name=AluSx1	TRUE	Alu	UTR3
chr11:74456249:T:C	chr11:74456249:A:G	A:G	KCNE3	UTR3	unknown	T;C;-;A||R;ALU;-;SINE/AluSx;ncRNA_intronic;RP11-702H23.4||RP11-702H23.6;-;-;UTR3;KCNE3;-;-;UTR3;KCNE3;-;-;-;578;29;46	Name=AluSx1	TRUE	Alu	UTR3
chr11:74456275:T:C	chr11:74456275:A:G	A:G	KCNE3	UTR3	unknown	T;C;-;A||R||D;ALU;-;SINE/AluSx;ncRNA_intronic;RP11-702H23.4||RP11-702H23.6;-;-;UTR3;KCNE3;-;-;UTR3;KCNE3;-;-;-;451;27;46	Name=AluSx1	TRUE	Alu	UTR3
chr11:9173098:T:C	chr11:9173098:A:G	A:G	DENND5A	intronic	unknown	T;C;-;R;ALU;-;SINE/AluSz;intronic;DENND5A;-;-;intronic;DENND5A;-;-;intronic;DENND5A;-;-;-;14;4;5	Name=AluSz	TRUE	Alu	intronic
chr11:9230796:T:C	chr11:9230796:A:G	A:G	DENND5A	intronic	unknown	T;C;-;A||R;ALU;-;SINE/AluJb;intronic;DENND5A;-;-;intronic;DENND5A;-;-;intronic;DENND5A;-;-;-;12;6;7	Name=AluJb	TRUE	Alu	intronic
chr11:9230889:T:C	chr11:9230889:A:G	A:G	DENND5A	intronic	unknown	T;C;-;A||R;ALU;-;SINE/AluJb;intronic;DENND5A;-;-;intronic;DENND5A;-;-;intronic;DENND5A;-;-;-;17;6;7	Name=AluJb	TRUE	Alu	intronic
chr11:107946824:A:G	chr11:107946824:A:G	A:G	RAB39A	intronic	unknown	A;G;+;R;ALU;-;SINE/AluSz;intronic;RAB39A;-;-;intronic;RAB39A;-;-;intronic;RAB39A;-;-;-;0;0;0	Name=AluSx	TRUE	Alu	intronic
chr11:107966954:A:G	chr11:107966954:A:G	A:G	RAB39A	downstream	unknown	A;G;+;A||R;ALU;-;SINE/AluY;intergenic;RAB39A||CUL5;-;-;intergenic;RAB39A||CUL5;-;-;intergenic;RAB39A||CUL5;-;-;-;331;19;35	Name=AluY	TRUE	Alu	downstream
chr11:107966964:A:G	chr11:107966964:A:G	A:G	RAB39A	downstream	unknown	A;G;+;A||R;ALU;-;SINE/AluY;intergenic;RAB39A||CUL5;-;-;intergenic;RAB39A||CUL5;-;-;intergenic;RAB39A||CUL5;-;-;-;204;12;27	Name=AluY	TRUE	Alu	downstream
chr11:107966996:A:G	chr11:107966996:A:G	A:G	RAB39A	downstream	unknown	A;G;+;A||R;ALU;-;SINE/AluY;intergenic;RAB39A||CUL5;-;-;intergenic;RAB39A||CUL5;-;-;intergenic;RAB39A||CUL5;-;-;-;64;7;20	Name=AluY	TRUE	Alu	downstream
chr11:107967317:A:G	chr11:107967317:A:G	A:G	RAB39A	downstream	unknown	A;G;+;A||R;ALU;-;SINE/AluJr;intergenic;RAB39A||CUL5;-;-;intergenic;RAB39A||CUL5;-;-;intergenic;RAB39A||CUL5;-;-;-;380;20;38	Name=AluJr	TRUE	Alu	downstream
chr11:16756339:A:G	chr11:16756339:A:G	A:G	C11orf58	UTR3	unknown	A;G;+;A||R||D;ALU;-;SINE/AluSc8;downstream;C11orf58;-;-;UTR3;C11orf58;-;-;UTR3;C11orf58;-;-;-;1712;30;55	Name=AluSc8	TRUE	Alu	UTR3
chr11:16756451:A:G	chr11:16756451:A:G	A:G	C11orf58	UTR3	unknown	A;G;+;A||R||D;ALU;-;SINE/AluSc8;downstream;C11orf58;-;-;UTR3;C11orf58;-;-;UTR3;C11orf58;-;-;-;2164;30;54	Name=AluSc8	TRUE	Alu	UTR3
chr11:16756476:A:G	chr11:16756476:A:G	A:G	C11orf58	UTR3	unknown	A;G;+;A||R||D;ALU;-;SINE/AluSc8;downstream;C11orf58;-;-;UTR3;C11orf58;-;-;UTR3;C11orf58;-;-;-;2169;30;55	Name=AluSc8	TRUE	Alu	UTR3
chr11:16756530:A:G	chr11:16756530:A:G	A:G	C11orf58	UTR3	unknown	A;G;+;A||R||D;ALU;-;SINE/AluSc8;downstream;C11orf58;-;-;UTR3;C11orf58;-;-;UTR3;C11orf58;-;-;-;1150;30;54	Name=AluSc8	TRUE	Alu	UTR3
chr11:16756531:A:G	chr11:16756531:A:G	A:G	C11orf58	UTR3	unknown	A;G;+;A||R||D;ALU;-;SINE/AluSc8;downstream;C11orf58;-;-;UTR3;C11orf58;-;-;UTR3;C11orf58;-;-;-;2122;30;54	Name=AluSc8	TRUE	Alu	UTR3
chr11:16756647:A:G	chr11:16756647:A:G	A:G	C11orf58	UTR3	unknown	A;G;+;A||R||D;ALU;-;SINE/AluSp;downstream;C11orf58;-;-;UTR3;C11orf58;-;-;UTR3;C11orf58;-;-;-;2023;30;54	Name=AluSp	TRUE	Alu	UTR3
chr11:16756653:A:G	chr11:16756653:A:G	A:G	C11orf58	UTR3	unknown	A;G;+;A||R;ALU;-;SINE/AluSp;downstream;C11orf58;-;-;UTR3;C11orf58;-;-;UTR3;C11orf58;-;-;-;470;27;50	Name=AluSp	TRUE	Alu	UTR3
chr11:16756863:A:G	chr11:16756863:A:G	A:G	C11orf58	UTR3	unknown	A;G;+;A||R;ALU;-;SINE/AluSp;downstream;C11orf58;-;-;UTR3;C11orf58;-;-;UTR3;C11orf58;-;-;-;692;30;54	Name=AluSp	TRUE	Alu	UTR3
chr11:63735132:A:G	chr11:63735132:A:G	A:G	RTN3	intronic	unknown	A;G;+;A||R;ALU;-;SINE/AluSz;intronic;RTN3;-;-;intronic;RTN3;-;-;intronic;RTN3;-;-;-;12;6;7	Name=AluSz	TRUE	Alu	intronic
chr11:65772804:T:C	chr11:65772804:A:G	A:G	AP5B1	downstream	unknown	T;C;-;A||R;ALU;-;SINE/AluJr4;intergenic;RP11-770G2.2||AP5B1;-;-;intergenic;RNASEH2C||AP5B1;-;-;intergenic;RNASEH2C||AP5B1;-;-;-;973;30;54	Name=AluJr4	TRUE	Alu	downstream
chr11:68755548:T:C	chr11:68755548:A:G	A:G	CPT1A	UTR3	unknown	T;C;-;A||R;ALU;-;SINE/AluY;UTR3;CPT1A;-;-;UTR3;CPT1A;-;-;UTR3;CPT1A;-;-;-;1939;30;54	Name=AluY	TRUE	Alu	UTR3
chr11:68755965:T:C	chr11:68755965:A:G	A:G	CPT1A	UTR3	unknown	T;C;-;A||R||D;ALU;-;SINE/AluSq;UTR3;CPT1A;-;-;UTR3;CPT1A;-;-;UTR3;CPT1A;-;-;-;1260;30;53	Name=AluSq	TRUE	Alu	UTR3
chr11:72288228:T:C	chr11:72288228:A:G	A:G	CLPB	UTR3	unknown	T;C;-;A||R;ALU;-;SINE/AluSz6;intergenic;PHOX2A||CLPB;-;-;intergenic;PHOX2A||CLPB;-;-;intergenic;PHOX2A||CLPB;-;-;-;445;29;52	Name=AluSz6	TRUE	Alu	UTR3
chr11:72291580:T:C	chr11:72291580:A:G	A:G	CLPB	UTR3	unknown	T;C;-;A||R;ALU;-;SINE/AluSx;downstream;CLPB;-;-;downstream;CLPB;-;-;downstream;CLPB;-;-;-;168;25;43	Name=AluSx	TRUE	Alu	UTR3
chr11:72291581:T:C	chr11:72291581:A:G	A:G	CLPB	UTR3	unknown	T;C;-;A||R||D;ALU;-;SINE/AluSx;downstream;CLPB;-;-;downstream;CLPB;-;-;downstream;CLPB;-;-;-;195;25;43	Name=AluSx	TRUE	Alu	UTR3
chr11:72291885:T:C	chr11:72291885:A:G	A:G	CLPB	UTR3	unknown	T;C;-;A||R;ALU;-;SINE/AluY;downstream;CLPB;-;-;downstream;CLPB;-;-;downstream;CLPB;-;-;-;106;25;40	Name=AluY	TRUE	Alu	UTR3
chr11:75318288:T:C	chr11:75318288:A:G	A:G	ARRB1	intronic	unknown	T;C;-;A||R;ALU;-;SINE/AluJb;intronic;ARRB1;-;-;intronic;ARRB1;-;-;intronic;ARRB1;-;-;-;16;5;7	Name=AluJo	TRUE	Alu	intronic
chr11:75326843:T:C	chr11:75326843:A:G	A:G	ARRB1	intronic	unknown	T;C;-;A||R;ALU;-;SINE/AluJb;intronic;ARRB1;-;-;intronic;ARRB1;-;-;intronic;ARRB1;-;-;-;18;5;6	Name=AluJb	TRUE	Alu	intronic
chr11:768030:T:C	chr11:768030:A:G	A:G	GATD1	UTR3	unknown	T;C;-;A||R||D;ALU;-;SINE/AluSx1;UTR3;PDDC1;-;-;UTR3;PDDC1;-;-;UTR3;PDDC1;-;-;-;8;5;5	Name=AluSx1	TRUE	Alu	UTR3
chr11:768033:T:C	chr11:768033:A:G	A:G	GATD1	UTR3	unknown	T;C;-;A||R||D;ALU;-;SINE/AluSx1;UTR3;PDDC1;-;-;UTR3;PDDC1;-;-;UTR3;PDDC1;-;-;-;1486;30;54	Name=AluSx1	TRUE	Alu	UTR3
chr11:9253139:T:C	chr11:9253139:A:G	A:G	DENND5A	intronic	unknown	T;C;-;A||R;ALU;-;SINE/AluJr;intronic;DENND5A;-;-;intronic;DENND5A;-;-;intronic;DENND5A;-;-;-;16;5;7	Name=AluJr	TRUE	Alu	intronic
chr11:61384070:A:G	chr11:61384070:A:G	A:G	TMEM216	upstream	unknown	A;G;+;A||R;ALU;-;SINE/AluJo;intergenic;TMEM138||TMEM216;-;-;intergenic;TMEM138||TMEM216;-;-;intergenic;TMEM138||TMEM216;-;-;-;11;5;9	Name=AluJo	TRUE	Alu	upstream
chr11:72288285:T:C	chr11:72288285:A:G	A:G	CLPB	UTR3	unknown	T;C;-;A||R;ALU;-;SINE/AluSz6;intergenic;PHOX2A||CLPB;-;-;intergenic;PHOX2A||CLPB;-;-;intergenic;PHOX2A||CLPB;-;-;-;187;20;37	Name=AluSz6	TRUE	Alu	UTR3
chr11:75002079:A:G	chr11:75002079:A:G	A:G	NEU3	intronic	unknown	A;G;+;A||R||D;ALU;-;SINE/AluJr4;intronic;NEU3;-;-;intronic;NEU3;-;-;intronic;NEU3;-;-;-;81;19;24	Name=AluJr4	TRUE	Alu	intronic
chr11:34306519:T:C	chr11:34306519:A:G	A:G	ABTB2	intronic	unknown	T;C;-;A||R;ALU;-;SINE/AluSx;intronic;ABTB2;-;-;intronic;ABTB2;-;-;intronic;ABTB2;-;-;-;2;1;1	Name=AluSx	TRUE	Alu	intronic
chr11:34306718:T:C	chr11:34306718:A:G	A:G	ABTB2	intronic	unknown	T;C;-;A||R;ALU;-;SINE/AluJr;intronic;ABTB2;-;-;intronic;ABTB2;-;-;intronic;ABTB2;-;-;-;1;1;1	Name=AluJr	TRUE	Alu	intronic
chr11:3885750:A:G	chr11:3885750:A:G	A:G	STIM1	intronic	unknown	A;G;+;A||R;ALU;-;SINE/AluJo;intronic;STIM1;-;-;intronic;STIM1;-;-;intronic;STIM1;-;-;-;10;7;7	Name=AluJo	TRUE	Alu	intronic
chr11:47987155:A:G	chr11:47987155:A:G	A:G	PTPRJ	intronic	unknown	A;G;+;A||R;ALU;-;SINE/AluJb;intronic;PTPRJ;-;-;intronic;PTPRJ;-;-;intronic;PTPRJ;-;-;-;10;5;5	Name=AluJb	TRUE	Alu	intronic
chr11:48023620:A:G	chr11:48023620:A:G	A:G	PTPRJ	intronic	unknown	A;G;+;A||R||D;ALU;-;SINE/AluSg;intronic;PTPRJ;-;-;intronic;PTPRJ;-;-;intronic;PTPRJ;-;-;-;2;2;2	Name=AluSx4	TRUE	Alu	intronic
chr11:48038592:A:G	chr11:48038592:A:G	A:G	PTPRJ	intronic	unknown	A;G;+;A;ALU;rs138063871;SINE/AluSx4;intronic;PTPRJ;-;-;intronic;PTPRJ;-;-;intronic;PTPRJ;-;-;-;4;3;3	Name=AluSx4	TRUE	Alu	intronic
chr11:48038621:A:G	chr11:48038621:A:G	A:G	PTPRJ	intronic	unknown	A;G;+;A||R;ALU;-;SINE/AluSx4;intronic;PTPRJ;-;-;intronic;PTPRJ;-;-;intronic;PTPRJ;-;-;-;2;2;2	Name=AluSx4	TRUE	Alu	intronic
chr11:65320392:A:G	chr11:65320392:A:G	A:G	CDC42EP2	intronic	unknown	.	Name=AluSz	FALSE	Alu	intronic
chr11:66635249:A:G	chr11:66635249:A:G	A:G	RBM14-RBM4	intronic	unknown	A;G;+;A||R;ALU;-;SINE/AluSp;intronic;RBM14-RBM4||RBM4;-;-;intronic;RBM14-RBM4;-;-;intronic;RBM14-RBM4;-;-;-;1276;30;54	Name=AluSp	TRUE	Alu	intronic
chr11:96296560:T:C	chr11:96296560:A:G	A:G	MAML2	intronic	unknown	T;C;-;A||R;ALU;-;SINE/AluSx3;intronic;MAML2;-;-;intronic;MAML2;-;-;intronic;MAML2;-;-;-;9;7;7	Name=AluSx3	TRUE	Alu	intronic
chr11:10457107:A:G	chr11:10457107:A:G	A:G	AMPD3	intronic	unknown	A;G;+;A||R;ALU;-;SINE/AluJr;intronic;AMPD3;-;-;intronic;AMPD3;-;-;intronic;AMPD3;-;-;-;8;5;5	Name=AluJr	TRUE	Alu	intronic
chr11:107951671:A:G	chr11:107951671:A:G	A:G	RAB39A	intronic	unknown	.	Name=FRAM	FALSE	Other	intronic
chr11:4208459:C:T	chr11:4208459:C:T	C:T	LINC02749	downstream	unknown	.	.	FALSE	None	downstream
chr11:57555715:T:C	chr11:57555715:A:G	A:G	UBE2L6	intronic	unknown	T;C;-;A||R||D;ALU;-;SINE/AluJr4;intronic;UBE2L6;-;-;intronic;UBE2L6;-;-;intronic;UBE2L6;-;-;-;32;11;11	Name=AluJr4	TRUE	Alu	intronic
chr11:72291343:T:C	chr11:72291343:A:G	A:G	CLPB	UTR3	unknown	T;C;-;A||R;ALU;-;SINE/AluSx;intergenic;PHOX2A||CLPB;-;-;intergenic;PHOX2A||CLPB;-;-;intergenic;PHOX2A||CLPB;-;-;-;440;30;54	Name=AluSx	TRUE	Alu	UTR3
chr11:75326998:T:C	chr11:75326998:A:G	A:G	ARRB1	intronic	unknown	.	Name=AluJb	FALSE	Alu	intronic
chr11:94416656:T:C	chr11:94416656:A:G	A:G	MRE11	UTR3	unknown	T;C;-;A||R;ALU;-;SINE/AluY;upstream;AP000765.1;-;-;downstream;MRE11A;-;-;downstream;MRE11A;-;-;-;144;26;37	Name=AluYm1	TRUE	Alu	UTR3
chr11:72291535:T:C	chr11:72291535:A:G	A:G	CLPB	UTR3	unknown	T;C;-;A||R;ALU;-;SINE/AluSx;downstream;CLPB;-;-;downstream;CLPB;-;-;downstream;CLPB;-;-;-;24;8;13	Name=AluSx	TRUE	Alu	UTR3
chr11:47740198:T:C	chr11:47740198:A:G	A:G	FNBP4	intronic	unknown	T;C;-;A||R||D;ALU;-;SINE/AluSx;intronic;FNBP4;-;-;intronic;FNBP4;-;-;intronic;FNBP4;-;-;-;20;12;14	Name=AluSx	TRUE	Alu	intronic
chr11:47986996:A:G	chr11:47986996:A:G	A:G	PTPRJ	intronic	unknown	A;G;+;A||R;ALU;-;SINE/AluJb;intronic;PTPRJ;-;-;intronic;PTPRJ;-;-;intronic;PTPRJ;-;-;-;15;7;7	Name=AluJb	TRUE	Alu	intronic
chr11:61376229:A:G	chr11:61376229:A:G	A:G	TMEM138	downstream	unknown	A;G;+;A||R;ALU;-;SINE/AluSx;intergenic;TMEM138||TMEM216;-;-;intergenic;TMEM138||TMEM216;-;-;intergenic;TMEM138||TMEM216;-;-;-;39;17;18	Name=AluSx	TRUE	Alu	downstream
chr11:72051568:T:C	chr11:72051568:A:G	A:G	NUMA1	intronic	unknown	T;C;-;R;ALU;-;SINE/AluJb;intronic;NUMA1;-;-;intronic;NUMA1;-;-;intronic;NUMA1;-;-;-;0;0;0	Name=AluJb	TRUE	Alu	intronic
chr11:16756654:A:G	chr11:16756654:A:G	A:G	C11orf58	UTR3	unknown	A;G;+;A||R;ALU;-;SINE/AluSp;downstream;C11orf58;-;-;UTR3;C11orf58;-;-;UTR3;C11orf58;-;-;-;645;30;53	Name=AluSp	TRUE	Alu	UTR3
chr11:48062173:A:G	chr11:48062173:A:G	A:G	PTPRJ	intronic	unknown	A;G;+;A||R;ALU;-;SINE/AluJr;intronic;PTPRJ;-;-;intronic;PTPRJ;-;-;intronic;PTPRJ;-;-;-;7;4;4	Name=AluJr	TRUE	Alu	intronic
chr11:85483981:A:G	chr11:85483981:T:C	A:G	DLG2	intronic	unknown	.	Name=LSU-rRNA_Hsa	FALSE	Other	intronic
chr11:112154053:A:G	chr11:112154053:T:C	A:G	IL18	intronic	unknown	.	Name=AluJo	FALSE	Alu	intronic
chr11:72291512:T:C	chr11:72291512:A:G	A:G	CLPB	UTR3	unknown	T;C;-;A||R;ALU;-;SINE/AluSx;downstream;CLPB;-;-;downstream;CLPB;-;-;downstream;CLPB;-;-;-;56;17;27	Name=AluSx	TRUE	Alu	UTR3
chr11:108016468:A:G	chr11:108016468:A:G	A:G	CUL5	intronic	unknown	A;G;+;A||R;ALU;-;SINE/AluJb;intronic;CUL5;-;-;intronic;CUL5;-;-;intronic;CUL5;-;-;-;4;4;4	Name=AluJb	TRUE	Alu	intronic
chr11:48062419:A:G	chr11:48062419:A:G	A:G	PTPRJ	intronic	unknown	.	Name=AluYa5	FALSE	Alu	intronic
chr11:72291374:T:C	chr11:72291374:A:G	A:G	CLPB	UTR3	unknown	T;C;-;A||R;ALU;-;SINE/AluSx;intergenic;PHOX2A||CLPB;-;-;intergenic;PHOX2A||CLPB;-;-;intergenic;PHOX2A||CLPB;-;-;-;194;27;47	Name=AluSx	TRUE	Alu	UTR3
chr11:72291400:T:C	chr11:72291400:A:G	A:G	CLPB	UTR3	unknown	T;C;-;A||R;ALU;-;SINE/AluSx;intergenic;PHOX2A||CLPB;-;-;intergenic;PHOX2A||CLPB;-;-;intergenic;PHOX2A||CLPB;-;-;-;28;16;23	Name=AluSx	TRUE	Alu	UTR3
chr11:32959901:A:G	chr11:32959901:A:G	A:G	QSER1	intronic	unknown	A;G;+;A||R;ALU;-;SINE/AluJb;intronic;QSER1;-;-;intronic;QSER1;-;-;intronic;QSER1;-;-;-;3;3;3	Name=AluJb	TRUE	Alu	intronic
chr11:72811704:T:C	chr11:72811704:T:C	A:G	ATG16L2	upstream	unknown	T;C;-;A||R;ALU;-;SINE/AluJb;intergenic;STARD10||ATG16L2;-;-;intergenic;STARD10||ATG16L2;-;-;intergenic;ARAP1||ATG16L2;-;-;-;52;10;12	Name=AluJr	TRUE	Alu	upstream
chr11:72811771:T:C	chr11:72811771:T:C	A:G	ATG16L2	upstream	unknown	T;C;-;A||R;ALU;-;SINE/AluJb;intergenic;STARD10||ATG16L2;-;-;intergenic;STARD10||ATG16L2;-;-;intergenic;ARAP1||ATG16L2;-;-;-;19;4;5	Name=AluJr	TRUE	Alu	upstream
chr11:16756409:A:G	chr11:16756409:A:G	A:G	C11orf58	UTR3	unknown	A;G;+;A||R||D;ALU;-;SINE/AluSc8;downstream;C11orf58;-;-;UTR3;C11orf58;-;-;UTR3;C11orf58;-;-;-;1617;30;55	Name=AluSc8	TRUE	Alu	UTR3
chr11:57622160:A:G	chr11:57622160:A:G	A:G	SERPING1	downstream	unknown	A;G;+;A||R;ALU;-;SINE/AluJb;intergenic;SERPING1||AP000662.4;-;-;intergenic;SERPING1||MIR130A;-;-;intergenic;SERPING1||AK096335;-;-;-;13;7;9	Name=AluJb	TRUE	Alu	downstream
chr11:63539546:A:G	chr11:63539546:A:G	A:G	PLAAT4	exonic	nonsynonymous SNV	.	.	FALSE	None	exonic
chr11:7962332:T:C	chr11:7962332:A:G	A:G	NLRP10	intronic	unknown	.	Name=AluYg6	FALSE	Alu	intronic
chr11:18346923:A:G	chr11:18346923:A:G	A:G	GTF2H1	intronic	unknown	A;G;+;A||R||D;ALU;-;SINE/AluSx;intronic;GTF2H1;-;-;intronic;GTF2H1;-;-;intronic;GTF2H1;-;-;-;9;6;6	Name=AluSx	TRUE	Alu	intronic
chr11:18347172:A:G	chr11:18347172:A:G	A:G	GTF2H1	intronic	unknown	A;G;+;A||R;ALU;-;SINE/AluSx1;UTR5;GTF2H1;-;-;intronic;GTF2H1;-;-;intronic;GTF2H1;-;-;-;4;4;4	Name=AluSx1	TRUE	Alu	intronic
chr11:34271573:T:C	chr11:34271573:A:G	A:G	ABTB2	intronic	unknown	T;C;-;A||R;ALU;-;SINE/AluJo;intronic;ABTB2;-;-;intronic;ABTB2;-;-;intronic;ABTB2;-;-;-;3;3;3	Name=AluJo	TRUE	Alu	intronic
chr11:34271651:T:C	chr11:34271651:A:G	A:G	ABTB2	intronic	unknown	T;C;-;A||R;ALU;-;SINE/AluJo;intronic;ABTB2;-;-;intronic;ABTB2;-;-;intronic;ABTB2;-;-;-;3;3;3	Name=AluJo	TRUE	Alu	intronic
chr11:65319209:A:G	chr11:65319209:A:G	A:G	CDC42EP2	intronic	unknown	A;G;+;A||R;ALU;-;SINE/AluSc8;intronic;CDC42EP2;-;-;intronic;CDC42EP2;-;-;intronic;CDC42EP2;-;-;-;2;2;2	Name=AluSc8	TRUE	Alu	intronic
chr11:57621905:A:G	chr11:57621905:A:G	A:G	SERPING1	downstream	unknown	A;G;+;A||R;ALU;-;SINE/AluSg;intergenic;SERPING1||AP000662.4;-;-;intergenic;SERPING1||MIR130A;-;-;intergenic;SERPING1||AK096335;-;-;-;7;5;5	Name=AluSx4	TRUE	Alu	downstream
chr11:34271639:T:C	chr11:34271639:A:G	A:G	ABTB2	intronic	unknown	T;C;-;A||R;ALU;-;SINE/AluJo;intronic;ABTB2;-;-;intronic;ABTB2;-;-;intronic;ABTB2;-;-;-;4;4;4	Name=AluJo	TRUE	Alu	intronic
chr11:65320350:A:G	chr11:65320350:A:G	A:G	CDC42EP2	intronic	unknown	A;G;+;R;ALU;-;SINE/AluSz;intronic;CDC42EP2;-;-;intronic;CDC42EP2;-;-;intronic;CDC42EP2;-;-;-;2;2;2	Name=AluSz	TRUE	Alu	intronic
chr11:57622165:A:G	chr11:57622165:A:G	A:G	SERPING1	downstream	unknown	A;G;+;R;ALU;-;SINE/AluJb;intergenic;SERPING1||AP000662.4;-;-;intergenic;SERPING1||MIR130A;-;-;intergenic;SERPING1||AK096335;-;-;-;18;8;11	Name=AluJb	TRUE	Alu	downstream
chr11:6713328:T:C	chr11:6713328:A:G	A:G	GVINP1	ncRNA
exonic	unknown	T;C;-;A||R||D;ALU;-;SINE/AluSx1;downstream;GVINP1;-;-;ncRNA_exonic;GVINP1;-;-;UTR3;GVINP1;-;-;-;116;19;21	Name=AluSx1	TRUE	Alu	ncRNA
chr11:57621824:A:G	chr11:57621824:A:G	A:G	SERPING1	downstream	unknown	A;G;+;A||R;ALU;-;SINE/AluSg;intergenic;SERPING1||AP000662.4;-;-;intergenic;SERPING1||MIR130A;-;-;intergenic;SERPING1||AK096335;-;-;-;3;3;3	Name=AluSx4	TRUE	Alu	downstream
chr11:57621825:A:G	chr11:57621825:A:G	A:G	SERPING1	downstream	unknown	A;G;+;A||R;ALU;-;SINE/AluSg;intergenic;SERPING1||AP000662.4;-;-;intergenic;SERPING1||MIR130A;-;-;intergenic;SERPING1||AK096335;-;-;-;5;3;3	Name=AluSx4	TRUE	Alu	downstream
chr11:57621864:A:G	chr11:57621864:A:G	A:G	SERPING1	downstream	unknown	A;G;+;A;ALU;-;SINE/AluSg;intergenic;SERPING1||AP000662.4;-;-;intergenic;SERPING1||MIR130A;-;-;intergenic;SERPING1||AK096335;-;-;-;6;3;4	Name=AluSx4	TRUE	Alu	downstream
chr11:57621984:A:G	chr11:57621984:A:G	A:G	SERPING1	downstream	unknown	A;G;+;A||R;ALU;-;SINE/AluSg;intergenic;SERPING1||AP000662.4;-;-;intergenic;SERPING1||MIR130A;-;-;intergenic;SERPING1||AK096335;-;-;-;9;4;4	Name=AluSx4	TRUE	Alu	downstream
chr11:57621985:A:G	chr11:57621985:A:G	A:G	SERPING1	downstream	unknown	A;G;+;A||R;ALU;-;SINE/AluSg;intergenic;SERPING1||AP000662.4;-;-;intergenic;SERPING1||MIR130A;-;-;intergenic;SERPING1||AK096335;-;-;-;9;3;3	Name=AluSx4	TRUE	Alu	downstream
chr11:6713976:T:C	chr11:6713976:A:G	A:G	GVINP1	ncRNA
exonic	unknown	T;C;-;A||R||D;ALU;-;SINE/AluSz;ncRNA_exonic;GVINP1;-;-;ncRNA_exonic;GVINP1;-;-;UTR3;GVINP1;-;-;-;355;23;33	Name=AluSz	TRUE	Alu	ncRNA
chr11:6713977:T:C	chr11:6713977:A:G	A:G	GVINP1	ncRNA
exonic	unknown	T;C;-;A||R||D;ALU;-;SINE/AluSz;ncRNA_exonic;GVINP1;-;-;ncRNA_exonic;GVINP1;-;-;UTR3;GVINP1;-;-;-;289;24;31	Name=AluSz	TRUE	Alu	ncRNA
chr11:7962383:A:G	chr11:7962383:T:C	A:G	NLRP10	intronic	unknown	.	Name=AluYg6	FALSE	Alu	intronic
chr11:18346954:A:G	chr11:18346954:A:G	A:G	GTF2H1	intronic	unknown	A;G;+;A||R;ALU;-;SINE/AluSx;intronic;GTF2H1;-;-;intronic;GTF2H1;-;-;intronic;GTF2H1;-;-;-;5;5;5	Name=AluSx	TRUE	Alu	intronic
chr12:113390111:A:G	chr12:113390111:A:G	A:G	PLBD2	UTR3	unknown	A;G;+;A||D;NONREP;rs112693280;-/-;downstream;PLBD2;-;-;downstream;PLBD2;-;-;downstream;PLBD2;-;-;-;2158;30;53	Name=(CCAT)n	TRUE	Simple
repeat	UTR3
chr12:113391119:A:G	chr12:113391119:A:G	A:G	PLBD2	UTR3	unknown	A;G;+;A||R;NONREP;-;-/-;intergenic;PLBD2||SDS;-;-;intergenic;PLBD2||SDS;-;-;intergenic;PLBD2||SDS;-;-;-;1995;30;53	.	TRUE	None	UTR3
chr12:113391120:A:G	chr12:113391120:A:G	A:G	PLBD2	UTR3	unknown	A;G;+;A||R||D;NONREP;-;-/-;intergenic;PLBD2||SDS;-;-;intergenic;PLBD2||SDS;-;-;intergenic;PLBD2||SDS;-;-;-;2515;30;54	.	TRUE	None	UTR3
chr12:121215801:A:G	chr12:121215801:A:G	A:G	P2RX4	intronic	unknown	A;G;+;A||R;ALU;-;SINE/AluJb;intronic;P2RX4;-;-;intronic;P2RX4;-;-;intronic;P2RX4;-;-;-;64;13;18	Name=AluJb	TRUE	Alu	intronic
chr12:15903338:A:G	chr12:15903338:A:G	A:G	STRAP	UTR3	unknown	.	.	FALSE	None	UTR3
chr12:50931497:A:G	chr12:50931497:A:G	A:G	METTL7A	UTR3	unknown	A;G;+;A||R||D;ALU;-;SINE/AluSq2;UTR3;METTL7A;-;-;UTR3;METTL7A;-;-;UTR3;METTL7A;-;-;-;1756;30;55	Name=AluSq2	TRUE	Alu	UTR3
chr12:56358383:T:C	chr12:56358383:A:G	A:G	STAT2	intronic	unknown	T;C;-;A||R;ALU;-;SINE/AluSx1;intronic;STAT2;-;-;intronic;STAT2;-;-;intronic;STAT2;-;-;-;14;4;8	Name=AluSx1	TRUE	Alu	intronic
chr12:56681349:T:C	chr12:56681349:A:G	A:G	PTGES3	intronic	unknown	T;C;-;A||R||D;ALU;-;SINE/AluY;intronic;PTGES3;-;-;intronic;PTGES3;-;-;intronic;PTGES3;-;-;-;19;7;7	Name=AluYf1	TRUE	Alu	intronic
chr12:6537133:C:T	chr12:6537133:C:T	C:T	GAPDH	exonic	synonymous SNV	.	.	FALSE	None	exonic
chr12:68843243:A:G	chr12:68843243:A:G	A:G	MDM2	UTR3	unknown	A;G;+;A||R;NONREP;-;-/-;UTR3;MDM2;-;-;UTR3;MDM2;-;-;UTR3;MDM2;-;-;-;2141;30;55	.	TRUE	None	UTR3
chr12:68843273:A:G	chr12:68843273:A:G	A:G	MDM2	UTR3	unknown	A;G;+;A||R||D;NONREP;-;-/-;UTR3;MDM2;-;-;UTR3;MDM2;-;-;UTR3;MDM2;-;-;-;2274;30;55	.	TRUE	None	UTR3
chr12:68843276:A:G	chr12:68843276:A:G	A:G	MDM2	UTR3	unknown	A;G;+;A||R||D;NONREP;-;-/-;UTR3;MDM2;-;-;UTR3;MDM2;-;-;UTR3;MDM2;-;-;-;2056;30;55	.	TRUE	None	UTR3
chr12:68843749:A:G	chr12:68843749:A:G	A:G	MDM2	UTR3	unknown	A;G;+;A||R;NONREP;-;-/-;UTR3;MDM2;-;-;UTR3;MDM2;-;-;UTR3;MDM2;-;-;-;2584;30;54	.	TRUE	None	UTR3
chr12:68843772:A:G	chr12:68843772:A:G	A:G	MDM2	UTR3	unknown	A;G;+;A||R||D;NONREP;-;-/-;UTR3;MDM2;-;-;UTR3;MDM2;-;-;UTR3;MDM2;-;-;-;2494;30;54	.	TRUE	None	UTR3
chr12:68848092:A:G	chr12:68848092:A:G	A:G	MDM2	UTR3	unknown	A;G;+;A||R;ALU;-;SINE/AluJr4;intergenic;MDM2||CPM;-;-;intergenic;MDM2||CPM;-;-;intergenic;MDM2||CPM;-;-;-;1079;30;53	Name=AluJr4	TRUE	Alu	UTR3
chr12:71703062:A:G	chr12:71703062:A:G	A:G	TMEM19	UTR3	unknown	A;G;+;A||R||D;ALU;-;SINE/AluSz;UTR3;TMEM19;-;-;UTR3;TMEM19;-;-;UTR3;TMEM19;-;-;-;1604;30;55	Name=AluSz	TRUE	Alu	UTR3
chr12:8469204:A:G	chr12:8469204:A:G	A:G	CLEC6A	intronic	unknown	.	Name=L1PA3	FALSE	LINE	intronic
chr12:8469206:A:G	chr12:8469206:A:G	A:G	CLEC6A	intronic	unknown	.	Name=L1PA3	FALSE	LINE	intronic
chr12:8469210:A:G	chr12:8469210:A:G	A:G	CLEC6A	intronic	unknown	A;G;+;A;REP;-;LINE/L1PA7;intronic;CLEC6A;-;-;intronic;CLEC6A;-;-;intronic;CLEC6A;-;-;-;2;2;2	Name=L1PA3	TRUE	LINE	intronic
chr12:8469273:A:G	chr12:8469273:A:G	A:G	CLEC6A	intronic	unknown	A;G;+;A;REP;rs186202138;LINE/L1PA7;intronic;CLEC6A;-;-;intronic;CLEC6A;-;-;intronic;CLEC6A;-;-;-;3;2;2	Name=L1PA3	TRUE	LINE	intronic
chr12:113124136:T:C	chr12:113124136:A:G	A:G	RASAL1	intronic	unknown	T;C;-;A||R;ALU;-;SINE/AluSz6;intronic;RASAL1;-;-;intronic;RASAL1;-;-;intronic;RASAL1;-;-;-;20;7;8	Name=AluSz6	TRUE	Alu	intronic
chr12:121189202:A:G	chr12:121189202:A:G	A:G	P2RX7	downstream	unknown	A;G;+;A||R||D;ALU;-;SINE/AluSp;intergenic;RP11-340F14.5||P2RX4;-;-;intergenic;P2RX7||P2RX4;-;-;intergenic;P2RX7||P2RX4;-;-;-;178;10;23	Name=AluSp	TRUE	Alu	downstream
chr12:121224428:A:G	chr12:121224428:A:G	A:G	P2RX4	intronic	unknown	A;G;+;A||R;ALU;-;SINE/AluSx;intronic;P2RX4;-;-;intronic;P2RX4;-;-;intronic;P2RX4;-;-;-;25;7;10	Name=AluSx	TRUE	Alu	intronic
chr12:132769978:T:C	chr12:132769978:A:G	A:G	GOLGA3	UTR3	unknown	T;C;-;A||R||D;ALU;-;SINE/AluSx1;UTR3;GOLGA3;-;-;UTR3;GOLGA3;-;-;UTR3;GOLGA3;-;-;-;2385;30;54	Name=AluSx1	TRUE	Alu	UTR3
chr12:132770000:T:C	chr12:132770000:A:G	A:G	GOLGA3	UTR3	unknown	T;C;-;A||R||D;ALU;-;SINE/AluSx1;UTR3;GOLGA3;-;-;UTR3;GOLGA3;-;-;UTR3;GOLGA3;-;-;-;2495;30;55	Name=AluSx1	TRUE	Alu	UTR3
chr12:27421290:A:G	chr12:27421290:T:C	A:G	ARNTL2-AS1	ncRNA
intronic	unknown	A;G;+;A||R||D;ALU;-;SINE/AluSz;ncRNA_intronic;RP11-165P7.1;-;-;ncRNA_intronic;ARNTL2-AS1;-;-;ncRNA_intronic;BC043511;-;-;-;327;20;39	Name=AluSz	TRUE	Alu	ncRNA
chr12:27421321:A:G	chr12:27421321:T:C	A:G	ARNTL2-AS1	ncRNA
intronic	unknown	A;G;+;A||R||D;ALU;-;SINE/AluSz;ncRNA_intronic;RP11-165P7.1;-;-;ncRNA_intronic;ARNTL2-AS1;-;-;ncRNA_intronic;BC043511;-;-;-;461;24;40	Name=AluSz	TRUE	Alu	ncRNA
chr12:27423444:A:G	chr12:27423444:T:C	A:G	ARNTL2-AS1	ncRNA
intronic	unknown	A;G;+;A||R||D;ALU;-;SINE/AluY;ncRNA_intronic;RP11-165P7.1;-;-;ncRNA_intronic;ARNTL2-AS1;-;-;ncRNA_intronic;BC043511;-;-;-;600;26;47	Name=AluY	TRUE	Alu	ncRNA
chr12:27423514:A:G	chr12:27423514:T:C	A:G	ARNTL2-AS1	ncRNA
intronic	unknown	A;G;+;A||R||D;ALU;-;SINE/AluY;ncRNA_intronic;RP11-165P7.1;-;-;ncRNA_intronic;ARNTL2-AS1;-;-;ncRNA_intronic;BC043511;-;-;-;799;29;51	Name=AluY	TRUE	Alu	ncRNA
chr12:27423536:A:G	chr12:27423536:T:C	A:G	ARNTL2-AS1	ncRNA
intronic	unknown	A;G;+;A||R||D;ALU;-;SINE/AluY;ncRNA_intronic;RP11-165P7.1;-;-;ncRNA_intronic;ARNTL2-AS1;-;-;ncRNA_intronic;BC043511;-;-;-;852;26;46	Name=AluY	TRUE	Alu	ncRNA
chr12:27423591:A:G	chr12:27423591:T:C	A:G	ARNTL2-AS1	ncRNA
intronic	unknown	A;G;+;A||R||D;ALU;-;SINE/AluY;ncRNA_intronic;RP11-165P7.1;-;-;ncRNA_intronic;ARNTL2-AS1;-;-;ncRNA_intronic;BC043511;-;-;-;774;26;47	Name=AluY	TRUE	Alu	ncRNA
chr12:27423603:A:G	chr12:27423603:T:C	A:G	ARNTL2-AS1	ncRNA
intronic	unknown	A;G;+;A||R||D;ALU;-;SINE/AluY;ncRNA_intronic;RP11-165P7.1;-;-;ncRNA_intronic;ARNTL2-AS1;-;-;ncRNA_intronic;BC043511;-;-;-;786;28;50	Name=AluY	TRUE	Alu	ncRNA
chr12:27423609:A:G	chr12:27423609:T:C	A:G	ARNTL2-AS1	ncRNA
intronic	unknown	A;G;+;A||R||D;ALU;-;SINE/AluY;ncRNA_intronic;RP11-165P7.1;-;-;ncRNA_intronic;ARNTL2-AS1;-;-;ncRNA_intronic;BC043511;-;-;-;889;28;50	Name=AluY	TRUE	Alu	ncRNA
chr12:50930844:A:G	chr12:50930844:A:G	A:G	METTL7A	UTR3	unknown	A;G;+;A||R||D;ALU;-;SINE/AluSp;UTR3;METTL7A;-;-;UTR3;METTL7A;-;-;UTR3;METTL7A;-;-;-;2499;30;55	Name=AluSp	TRUE	Alu	UTR3
chr12:56202035:T:C	chr12:56202035:A:G	A:G	RNF41	downstream	unknown	T;C;-;R;ALU;-;SINE/AluJb;intergenic;RN7SL770P||RNF41;-;-;downstream;RNF41;-;-;downstream;RNF41;-;-;-;14;8;8	Name=AluJb	TRUE	Alu	downstream
chr12:68832673:T:C	chr12:68832673:T:C	A:G	MDM2	intronic	unknown	T;C;-;A||R;ALU;-;SINE/AluJb;intronic;MDM2;-;-;intronic;MDM2;-;-;intronic;MDM2;-;-;-;213;22;35	Name=AluJb	TRUE	Alu	intronic
chr12:68851349:T:C	chr12:68851349:A:G	A:G	CPM	UTR3	unknown	T;C;-;A||R;ALU;-;SINE/AluSc8;UTR3;CPM;-;-;UTR3;CPM;-;-;UTR3;CPM;-;-;-;904;29;50	Name=AluSc8	TRUE	Alu	UTR3
chr12:71703083:A:G	chr12:71703083:A:G	A:G	TMEM19	UTR3	unknown	A;G;+;A||R||D;ALU;-;SINE/AluSz;UTR3;TMEM19;-;-;UTR3;TMEM19;-;-;UTR3;TMEM19;-;-;-;1391;30;54	Name=AluSz	TRUE	Alu	UTR3
chr12:75496101:T:C	chr12:75496101:A:G	A:G	KRR1	UTR3	unknown	T;C;-;A||R||D;ALU;-;SINE/AluSx;intronic;GLIPR1;-;-;intronic;GLIPR1;-;-;intronic;GLIPR1;-;-;-;1071;30;55	Name=AluSx	TRUE	Alu	UTR3
chr12:764513:A:G	chr12:764513:A:G	A:G	WNK1	intronic	unknown	A;G;+;A||R||D;ALU;-;SINE/AluSp;intronic;WNK1;-;-;intronic;WNK1;-;-;intronic;WNK1;-;-;-;84;19;30	Name=AluSp	TRUE	Alu	intronic
chr12:9688517:A:G	chr12:9688517:A:G	A:G	CLEC2D	intronic	unknown	A;G;+;A||R||D;ALU;-;SINE/AluSz;intronic;CLEC2D;-;-;intronic;CLEC2D;-;-;intronic;CLEC2D;-;-;-;71;15;17	Name=AluSz	TRUE	Alu	intronic
chr12:98451115:T:C	chr12:98451115:A:G	A:G	SLC9A7P1	downstream	unknown	T;C;-;A||R;ALU;-;SINE/AluJb;intergenic;RNU4-41P||SLC9A7P1;-;-;intergenic;MIR4303||SLC9A7P1;-;-;intergenic;Mir_548||SLC9A7P1;-;-;-;258;16;32	Name=AluJb	TRUE	Alu	downstream
chr12:98451282:T:C	chr12:98451282:A:G	A:G	SLC9A7P1	downstream	unknown	T;C;-;A||R;ALU;-;SINE/AluJb;intergenic;RNU4-41P||SLC9A7P1;-;-;intergenic;MIR4303||SLC9A7P1;-;-;intergenic;Mir_548||SLC9A7P1;-;-;-;189;17;31	Name=AluJb	TRUE	Alu	downstream
chr12:98451905:T:C	chr12:98451905:A:G	A:G	SLC9A7P1	downstream	unknown	T;C;-;A||R;ALU;-;SINE/AluSx1;intergenic;RNU4-41P||SLC9A7P1;-;-;intergenic;MIR4303||SLC9A7P1;-;-;intergenic;Mir_548||SLC9A7P1;-;-;-;211;17;29	Name=AluSx1	TRUE	Alu	downstream
chr12:98451909:T:C	chr12:98451909:A:G	A:G	SLC9A7P1	downstream	unknown	T;C;-;A||R;ALU;-;SINE/AluSx1;intergenic;RNU4-41P||SLC9A7P1;-;-;intergenic;MIR4303||SLC9A7P1;-;-;intergenic;Mir_548||SLC9A7P1;-;-;-;170;14;26	Name=AluSx1	TRUE	Alu	downstream
chr12:98451911:T:C	chr12:98451911:A:G	A:G	SLC9A7P1	downstream	unknown	T;C;-;A||R;ALU;-;SINE/AluSx1;intergenic;RNU4-41P||SLC9A7P1;-;-;intergenic;MIR4303||SLC9A7P1;-;-;intergenic;Mir_548||SLC9A7P1;-;-;-;131;14;24	Name=AluSx1	TRUE	Alu	downstream
chr12:98451965:T:C	chr12:98451965:A:G	A:G	SLC9A7P1	downstream	unknown	T;C;-;R;ALU;-;SINE/AluSx1;intergenic;RNU4-41P||SLC9A7P1;-;-;intergenic;MIR4303||SLC9A7P1;-;-;intergenic;Mir_548||SLC9A7P1;-;-;-;78;12;21	Name=AluSx1	TRUE	Alu	downstream
chr12:98451976:T:C	chr12:98451976:A:G	A:G	SLC9A7P1	downstream	unknown	T;C;-;A||R;ALU;-;SINE/AluSx1;intergenic;RNU4-41P||SLC9A7P1;-;-;intergenic;MIR4303||SLC9A7P1;-;-;intergenic;Mir_548||SLC9A7P1;-;-;-;101;13;23	Name=AluSx1	TRUE	Alu	downstream
chr12:98452011:T:C	chr12:98452011:A:G	A:G	SLC9A7P1	downstream	unknown	T;C;-;A||R;ALU;-;SINE/AluSx1;intergenic;RNU4-41P||SLC9A7P1;-;-;intergenic;MIR4303||SLC9A7P1;-;-;intergenic;Mir_548||SLC9A7P1;-;-;-;54;8;14	Name=AluSx1	TRUE	Alu	downstream
chr12:111815280:A:G	chr12:111815280:A:G	A:G	ALDH2	UTR3	unknown	A;G;+;A||R;ALU;-;SINE/AluJr;intergenic;RP3-462E2.3||MAPKAPK5-AS1;-;-;intergenic;ALDH2||MAPKAPK5-AS1;-;-;intergenic;ALDH2||MAPKAPK5-AS1;-;-;-;309;27;44	Name=AluJb	TRUE	Alu	UTR3
chr12:120863964:T:C	chr12:120863964:A:G	A:G	SPPL3	intronic	unknown	T;C;-;A||R||D;ALU;-;SINE/AluJr4;intronic;SPPL3;-;-;intronic;SPPL3;-;-;intronic;SPPL3;-;-;-;87;15;28	Name=AluJr4	TRUE	Alu	intronic
chr12:125027396:A:G	chr12:125027396:T:C	A:G	THRIL	ncRNA
exonic	unknown	A;G;+;A;ALU;rs111457986;SINE/AluSx1;UTR3;BRI3BP;-;-;ncRNA_exonic;THRIL;-;-;downstream;DL490908;-;-;-;565;25;48	Name=AluSx1	TRUE	Alu	ncRNA
chr12:125027949:A:G	chr12:125027949:A:G	A:G	BRI3BP	UTR3	unknown	A;G;+;A||R||D;ALU;-;SINE/AluY;UTR3;BRI3BP;-;-;upstream;THRIL;-;-;downstream;DL490908;-;-;-;653;26;48	Name=AluY	TRUE	Alu	UTR3
chr12:27423511:A:G	chr12:27423511:T:C	A:G	ARNTL2-AS1	ncRNA
intronic	unknown	A;G;+;A||R||D;ALU;-;SINE/AluY;ncRNA_intronic;RP11-165P7.1;-;-;ncRNA_intronic;ARNTL2-AS1;-;-;ncRNA_intronic;BC043511;-;-;-;587;26;47	Name=AluY	TRUE	Alu	ncRNA
chr12:50930713:A:G	chr12:50930713:A:G	A:G	METTL7A	UTR3	unknown	A;G;+;A||R||D;ALU;-;SINE/AluSp;UTR3;METTL7A;-;-;UTR3;METTL7A;-;-;UTR3;METTL7A;-;-;-;2533;30;55	Name=AluSp	TRUE	Alu	UTR3
chr12:50930723:A:G	chr12:50930723:A:G	A:G	METTL7A	UTR3	unknown	A;G;+;A||R||D;ALU;-;SINE/AluSp;UTR3;METTL7A;-;-;UTR3;METTL7A;-;-;UTR3;METTL7A;-;-;-;2406;30;55	Name=AluSp	TRUE	Alu	UTR3
chr12:68766837:A:G	chr12:68766837:A:G	A:G	SLC35E3	UTR3	unknown	A;G;+;A||R;ALU;-;SINE/AluJb;UTR3;SLC35E3;-;-;downstream;SLC35E3;-;-;downstream;SLC35E3;-;-;-;1311;29;53	Name=AluJb	TRUE	Alu	UTR3
chr12:75496272:T:C	chr12:75496272:A:G	A:G	KRR1	UTR3	unknown	T;C;-;A||R||D;ALU;-;SINE/AluSx1;intronic;GLIPR1;-;-;intronic;GLIPR1;-;-;intronic;GLIPR1;-;-;-;2139;30;55	Name=AluSx1	TRUE	Alu	UTR3
chr12:98451923:T:C	chr12:98451923:A:G	A:G	SLC9A7P1	downstream	unknown	T;C;-;A||R;ALU;-;SINE/AluSx1;intergenic;RNU4-41P||SLC9A7P1;-;-;intergenic;MIR4303||SLC9A7P1;-;-;intergenic;Mir_548||SLC9A7P1;-;-;-;155;16;28	Name=AluSx1	TRUE	Alu	downstream
chr12:101881226:A:G	chr12:101881226:A:G	A:G	DRAM1	intronic	unknown	A;G;+;A||R||D;ALU;-;SINE/AluSz6;intronic;DRAM1;-;-;intronic;DRAM1;-;-;intronic;DRAM1;-;-;-;4;1;1	Name=AluSz6	TRUE	Alu	intronic
chr12:101889859:A:G	chr12:101889859:A:G	A:G	DRAM1	intronic	unknown	A;G;+;A||R||D;ALU;-;SINE/AluSq2;intronic;DRAM1;-;-;intronic;DRAM1;-;-;intronic;DRAM1;-;-;-;3;3;3	Name=AluSq2	TRUE	Alu	intronic
chr12:101889860:A:G	chr12:101889860:A:G	A:G	DRAM1	intronic	unknown	A;G;+;A||R||D;ALU;-;SINE/AluSq2;intronic;DRAM1;-;-;intronic;DRAM1;-;-;intronic;DRAM1;-;-;-;2;2;2	Name=AluSq2	TRUE	Alu	intronic
chr12:103947374:C:T	chr12:103947374:C:T	C:T	HSP90B1	exonic	stopgain	.	Name=GA-rich	FALSE	Other	exonic
chr12:121172511:A:G	chr12:121172511:A:G	A:G	P2RX7	intronic	unknown	A;G;+;A||R;ALU;-;SINE/AluJb;intronic;P2RX7;-;-;intronic;P2RX7;-;-;intronic;P2RX7;-;-;-;17;7;10	Name=AluJb	TRUE	Alu	intronic
chr12:121189099:A:G	chr12:121189099:A:G	A:G	P2RX7	downstream	unknown	A;G;+;A||R;ALU;-;SINE/AluSp;intergenic;RP11-340F14.5||P2RX4;-;-;intergenic;P2RX7||P2RX4;-;-;intergenic;P2RX7||P2RX4;-;-;-;126;10;24	Name=AluSp	TRUE	Alu	downstream
chr12:121189150:A:G	chr12:121189150:A:G	A:G	P2RX7	downstream	unknown	A;G;+;A||R||D;ALU;-;SINE/AluSp;intergenic;RP11-340F14.5||P2RX4;-;-;intergenic;P2RX7||P2RX4;-;-;intergenic;P2RX7||P2RX4;-;-;-;129;9;23	Name=AluSp	TRUE	Alu	downstream
chr12:121226423:A:G	chr12:121226423:A:G	A:G	P2RX4	intronic	unknown	A;G;+;A||R||D;ALU;-;SINE/AluSz6;intronic;P2RX4;-;-;intronic;P2RX4;-;-;intronic;P2RX4;-;-;-;177;23;29	Name=AluSz6	TRUE	Alu	intronic
chr12:121226424:A:G	chr12:121226424:A:G	A:G	P2RX4	intronic	unknown	A;G;+;A||R||D;ALU;-;SINE/AluSz6;intronic;P2RX4;-;-;intronic;P2RX4;-;-;intronic;P2RX4;-;-;-;150;24;28	Name=AluSz6	TRUE	Alu	intronic
chr12:27421494:A:G	chr12:27421494:T:C	A:G	ARNTL2-AS1	ncRNA
intronic	unknown	A;G;+;A||R||D;ALU;-;SINE/AluSz;ncRNA_intronic;RP11-165P7.1;-;-;ncRNA_intronic;ARNTL2-AS1;-;-;ncRNA_intronic;BC043511;-;-;-;641;25;43	Name=AluSz	TRUE	Alu	ncRNA
chr12:27421500:A:G	chr12:27421500:T:C	A:G	ARNTL2-AS1	ncRNA
intronic	unknown	A;G;+;A||D;ALU;rs113632419;SINE/AluSz;ncRNA_intronic;RP11-165P7.1;-;-;ncRNA_intronic;ARNTL2-AS1;-;-;ncRNA_intronic;BC043511;-;-;-;676;25;45	Name=AluSz	TRUE	Alu	ncRNA
chr12:27421501:A:G	chr12:27421501:T:C	A:G	ARNTL2-AS1	ncRNA
intronic	unknown	A;G;+;A||R||D;ALU;-;SINE/AluSz;ncRNA_intronic;RP11-165P7.1;-;-;ncRNA_intronic;ARNTL2-AS1;-;-;ncRNA_intronic;BC043511;-;-;-;537;25;43	Name=AluSz	TRUE	Alu	ncRNA
chr12:50931454:A:G	chr12:50931454:A:G	A:G	METTL7A	UTR3	unknown	A;G;+;A||R||D;ALU;-;SINE/AluSq2;UTR3;METTL7A;-;-;UTR3;METTL7A;-;-;UTR3;METTL7A;-;-;-;1876;30;55	Name=AluSq2	TRUE	Alu	UTR3
chr12:64191830:T:C	chr12:64191830:A:G	A:G	C12orf66	UTR3	unknown	T;C;-;A||R;ALU;-;SINE/AluJb;intronic;C12orf66;-;-;intronic;C12orf66;-;-;downstream;C12orf66;-;-;-;307;29;44	Name=AluJb	TRUE	Alu	UTR3
chr12:64191831:T:C	chr12:64191831:A:G	A:G	C12orf66	UTR3	unknown	T;C;-;A||R;ALU;-;SINE/AluJb;intronic;C12orf66;-;-;intronic;C12orf66;-;-;downstream;C12orf66;-;-;-;182;24;37	Name=AluJb	TRUE	Alu	UTR3
chr12:67317703:A:G	chr12:67317703:A:G	A:G	CAND1	UTR3	unknown	A;G;+;A||R;ALU;-;SINE/AluSx;UTR3;CAND1;-;-;intergenic;CAND1||LOC100507175;-;-;intergenic;CAND1||AK055974;-;-;-;202;23;40	Name=AluSx	TRUE	Alu	UTR3
chr12:67318130:A:G	chr12:67318130:A:G	A:G	CAND1	UTR3	unknown	A;G;+;A||R||D;ALU;-;SINE/AluSz;UTR3;CAND1;-;-;intergenic;CAND1||LOC100507175;-;-;intergenic;CAND1||AK055974;-;-;-;673;29;53	Name=AluSz	TRUE	Alu	UTR3
chr12:67318134:A:G	chr12:67318134:A:G	A:G	CAND1	UTR3	unknown	A;G;+;A||R||D;ALU;-;SINE/AluSz;UTR3;CAND1;-;-;intergenic;CAND1||LOC100507175;-;-;intergenic;CAND1||AK055974;-;-;-;653;30;54	Name=AluSz	TRUE	Alu	UTR3
chr12:101883876:A:G	chr12:101883876:A:G	A:G	DRAM1	intronic	unknown	A;G;+;A||R||D;ALU;-;SINE/AluSc;intronic;DRAM1;-;-;intronic;DRAM1;-;-;intronic;DRAM1;-;-;-;2;2;2	Name=AluSc	TRUE	Alu	intronic
chr12:105196661:A:G	chr12:105196661:T:C	A:G	APPL2	intronic	unknown	.	Name=AluSp	FALSE	Alu	intronic
chr12:105229976:C:T	chr12:105229976:G:A	C:T	APPL2	intronic	unknown	.	Name=AluSq2	FALSE	Alu	intronic
chr12:108795414:T:C	chr12:108795414:A:G	A:G	SSH1	intronic	unknown	T;C;-;A||R||D;ALU;-;SINE/AluSx;intronic;SSH1;-;-;intronic;SSH1;-;-;intronic;SSH1;-;-;-;66;15;20	Name=AluSx	TRUE	Alu	intronic
chr12:112018177:A:G	chr12:112018177:A:G	A:G	ERP29	intronic	unknown	A;G;+;A||R;ALU;-;SINE/AluJr4;intronic;ERP29;-;-;intronic;ERP29;-;-;intronic;ERP29;-;-;-;299;23;37	Name=AluJr4	TRUE	Alu	intronic
chr12:112018185:A:G	chr12:112018185:A:G	A:G	ERP29	intronic	unknown	A;G;+;A||R||D;ALU;-;SINE/AluJr4;intronic;ERP29;-;-;intronic;ERP29;-;-;intronic;ERP29;-;-;-;364;26;42	Name=AluJr4	TRUE	Alu	intronic
chr12:121178528:A:G	chr12:121178528:A:G	A:G	P2RX7	intronic	unknown	A;G;+;R;ALU;-;SINE/AluSz;intronic;P2RX7;-;-;intronic;P2RX7;-;-;intronic;P2RX7;-;-;-;5;3;3	Name=AluSz	TRUE	Alu	intronic
chr12:19457111:T:C	chr12:19457111:T:C	A:G	AEBP2	intronic	unknown	.	.	FALSE	None	intronic
chr12:53012286:A:G	chr12:53012286:A:G	A:G	EIF4B	intronic	unknown	A;G;+;A||R||D;ALU;-;SINE/AluSp;ncRNA_intronic;RP11-983P16.2;-;-;intronic;EIF4B;-;-;intronic;EIF4B;-;-;-;13;10;10	Name=AluSp	TRUE	Alu	intronic
chr12:111815310:A:G	chr12:111815310:A:G	A:G	ALDH2	UTR3	unknown	A;G;+;A||R;ALU;-;SINE/AluJr;intergenic;RP3-462E2.3||MAPKAPK5-AS1;-;-;intergenic;ALDH2||MAPKAPK5-AS1;-;-;intergenic;ALDH2||MAPKAPK5-AS1;-;-;-;399;29;47	Name=AluJb	TRUE	Alu	UTR3
chr12:111815894:A:G	chr12:111815894:A:G	A:G	ALDH2	UTR3	unknown	A;G;+;A||R;ALU;-;SINE/AluJr;intergenic;RP3-462E2.3||MAPKAPK5-AS1;-;-;intergenic;ALDH2||MAPKAPK5-AS1;-;-;intergenic;ALDH2||MAPKAPK5-AS1;-;-;-;1132;30;53	Name=AluJr	TRUE	Alu	UTR3
chr12:125027948:A:G	chr12:125027948:A:G	A:G	BRI3BP	UTR3	unknown	A;G;+;A||R||D;ALU;-;SINE/AluY;UTR3;BRI3BP;-;-;upstream;THRIL;-;-;downstream;DL490908;-;-;-;420;24;46	Name=AluY	TRUE	Alu	UTR3
chr12:125027961:A:G	chr12:125027961:A:G	A:G	BRI3BP	UTR3	unknown	A;G;+;A||R||D;ALU;-;SINE/AluY;UTR3;BRI3BP;-;-;upstream;THRIL;-;-;downstream;DL490908;-;-;-;730;28;50	Name=AluY	TRUE	Alu	UTR3
chr12:43788669:A:G	chr12:43788669:A:G	A:G	IRAK4	UTR3	unknown	A;G;+;A||R||D;ALU;-;SINE/AluY;UTR3;IRAK4;-;-;UTR3;IRAK4;-;-;UTR3;IRAK4;-;-;-;1459;30;55	Name=AluY	TRUE	Alu	UTR3
chr12:64449075:A:G	chr12:64449075:A:G	A:G	XPOT	UTR3	unknown	A;G;+;A||R||D;ALU;-;SINE/AluSz;UTR3;XPOT;-;-;downstream;XPOT;-;-;downstream;XPOT;-;-;-;1529;30;55	Name=AluSz	TRUE	Alu	UTR3
chr12:27421344:A:G	chr12:27421344:T:C	A:G	ARNTL2-AS1	ncRNA
intronic	unknown	A;G;+;A||R||D;ALU;-;SINE/AluSz;ncRNA_intronic;RP11-165P7.1;-;-;ncRNA_intronic;ARNTL2-AS1;-;-;ncRNA_intronic;BC043511;-;-;-;365;24;43	Name=AluSz	TRUE	Alu	ncRNA
chr12:68847715:A:G	chr12:68847715:A:G	A:G	MDM2	UTR3	unknown	A;G;+;A;ALU;-;SINE/AluYk11;intergenic;MDM2||CPM;-;-;intergenic;MDM2||CPM;-;-;intergenic;MDM2||CPM;-;-;-;202;24;37	Name=AluYk11	TRUE	Alu	UTR3
chr12:71702441:A:G	chr12:71702441:A:G	A:G	TMEM19	UTR3	unknown	A;G;+;A||R||D;ALU;-;SINE/AluSz6;UTR3;TMEM19;-;-;UTR3;TMEM19;-;-;UTR3;TMEM19;-;-;-;1823;30;55	Name=AluSz6	TRUE	Alu	UTR3
chr12:71702442:A:G	chr12:71702442:A:G	A:G	TMEM19	UTR3	unknown	A;G;+;A||R||D;ALU;-;SINE/AluSz6;UTR3;TMEM19;-;-;UTR3;TMEM19;-;-;UTR3;TMEM19;-;-;-;1917;30;55	Name=AluSz6	TRUE	Alu	UTR3
chr12:71702445:A:G	chr12:71702445:A:G	A:G	TMEM19	UTR3	unknown	A;G;+;A||R||D;ALU;-;SINE/AluSz6;UTR3;TMEM19;-;-;UTR3;TMEM19;-;-;UTR3;TMEM19;-;-;-;1943;30;55	Name=AluSz6	TRUE	Alu	UTR3
chr12:108795784:T:C	chr12:108795784:A:G	A:G	SSH1	intronic	unknown	T;C;-;A||R||D;ALU;-;SINE/AluJb;intronic;SSH1;-;-;intronic;SSH1;-;-;intronic;SSH1;-;-;-;45;12;16	Name=AluJb	TRUE	Alu	intronic
chr12:121499247:T:C	chr12:121499247:A:G	A:G	KDM2B	intronic	unknown	T;C;-;A||R||D;ALU;-;SINE/AluSx;intronic;KDM2B;-;-;intronic;KDM2B;-;-;intronic;KDM2B;-;-;-;2;2;2	Name=AluSx	TRUE	Alu	intronic
chr12:123662022:A:G	chr12:123662022:A:G	A:G	GTF2H3	UTR3	unknown	A;G;+;A||R;ALU;-;SINE/AluSq2;UTR3;GTF2H3;-;-;UTR3;GTF2H3;-;-;UTR3;GTF2H3;-;-;-;1461;30;53	Name=AluSq2	TRUE	Alu	UTR3
chr12:101883815:A:G	chr12:101883815:A:G	A:G	DRAM1	intronic	unknown	A;G;+;A||R||D;ALU;-;SINE/AluSc;intronic;DRAM1;-;-;intronic;DRAM1;-;-;intronic;DRAM1;-;-;-;1;1;1	Name=AluSc	TRUE	Alu	intronic
chr12:121188996:A:G	chr12:121188996:A:G	A:G	P2RX7	downstream	unknown	A;G;+;R;ALU;-;SINE/AluSp;downstream;RP11-340F14.5;-;-;intergenic;P2RX7||P2RX4;-;-;intergenic;P2RX7||P2RX4;-;-;-;32;3;15	Name=AluSp	TRUE	Alu	downstream
chr12:49137992:A:G	chr12:49137992:T:C	A:G	TUBA1B	upstream	unknown	A;G;+;R||D;ALU;-;SINE/AluSz6;ncRNA_intronic;RP11-386G11.10;-;-;intergenic;TUBA1B||TUBA1A;-;-;intergenic;TUBA1B||TUBA1A;-;-;-;6;3;3	Name=AluSz6	TRUE	Alu	upstream
chr12:64191989:T:C	chr12:64191989:A:G	A:G	C12orf66	UTR3	unknown	T;C;-;A||R||D;ALU;-;SINE/AluJb;intronic;C12orf66;-;-;intronic;C12orf66;-;-;downstream;C12orf66;-;-;-;85;20;30	Name=AluJb	TRUE	Alu	UTR3
chr12:108796080:T:C	chr12:108796080:A:G	A:G	SSH1	intronic	unknown	T;C;-;A||R;ALU;-;SINE/AluSz;intronic;SSH1;-;-;intronic;SSH1;-;-;intronic;SSH1;-;-;-;62;16;22	Name=AluSz	TRUE	Alu	intronic
chr12:42377514:A:G	chr12:42377514:A:G	A:G	PPHLN1	intronic	unknown	A;G;+;A||R||D;ALU;-;SINE/AluSz;intronic;PPHLN1;-;-;intronic;PPHLN1;-;-;intronic;PPHLN1;-;-;-;18;12;12	Name=AluSz	TRUE	Alu	intronic
chr12:65245346:A:G	chr12:65245346:A:G	A:G	LEMD3	intronic	unknown	A;G;+;A||R||D;ALU;-;SINE/AluY;intronic;LEMD3;-;-;intronic;LEMD3;-;-;intronic;LEMD3;-;-;-;63;22;27	Name=AluY	TRUE	Alu	intronic
chr12:8468544:A:G	chr12:8468544:A:G	A:G	CLEC6A	intronic	unknown	A;G;+;A;REP;-;LINE/L1MB2;intronic;CLEC6A;-;-;intronic;CLEC6A;-;-;intronic;CLEC6A;-;-;-;1;1;1	Name=L1MB2	TRUE	LINE	intronic
chr12:102015165:A:G	chr12:102015165:T:C	A:G	WASHC3	intronic	unknown	A;G;+;R||D;ALU;-;SINE/AluJb;intronic;CCDC53;-;-;intronic;CCDC53;-;-;intronic;CCDC53;-;-;-;51;19;28	Name=AluJb	TRUE	Alu	intronic
chr12:121567866:T:C	chr12:121567866:A:G	A:G	KDM2B	intronic	unknown	T;C;-;A||R;ALU;-;SINE/AluSx;intronic;KDM2B;-;-;intronic;KDM2B;-;-;intronic;KDM2B;-;-;-;1;1;1	Name=AluSx	TRUE	Alu	intronic
chr12:102015235:A:G	chr12:102015235:T:C	A:G	WASHC3	intronic	unknown	A;G;+;R||D;ALU;-;SINE/AluJb;intronic;CCDC53;-;-;intronic;CCDC53;-;-;intronic;CCDC53;-;-;-;48;14;20	Name=AluJb	TRUE	Alu	intronic
chr12:121025662:T:C	chr12:121025662:A:G	A:G	OASL	intronic	unknown	T;C;-;R||D;ALU;-;SINE/AluSx1;intronic;OASL;-;-;intronic;OASL;-;-;intronic;OASL;-;-;-;46;8;9	Name=AluSx1	TRUE	Alu	intronic
chr12:49788571:T:C	chr12:49788571:A:G	A:G	NCKAP5L	downstream	unknown	T;C;-;A||R||D;ALU;-;SINE/AluSp;intergenic;TMBIM6||NCKAP5L;-;-;intergenic;TMBIM6||NCKAP5L;-;-;intergenic;TMBIM6||NCKAP5L;-;-;-;3;2;3	Name=AluSp	TRUE	Alu	downstream
chr12:71702960:A:G	chr12:71702960:A:G	A:G	TMEM19	UTR3	unknown	A;G;+;A||R||D;ALU;-;SINE/AluSz;UTR3;TMEM19;-;-;UTR3;TMEM19;-;-;UTR3;TMEM19;-;-;-;892;30;53	Name=AluSz	TRUE	Alu	UTR3
chr12:32426010:C:T	chr12:32426010:C:T	C:T	FGD4	intronic	unknown	.	Name=L1PA7	FALSE	LINE	intronic
chr12:125027894:A:G	chr12:125027894:A:G	A:G	BRI3BP	UTR3	unknown	A;G;+;A||R||D;ALU;-;SINE/AluY;UTR3;BRI3BP;-;-;upstream;THRIL;-;-;downstream;DL490908;-;-;-;80;9;17	Name=AluY	TRUE	Alu	UTR3
chr12:27421384:A:G	chr12:27421384:T:C	A:G	ARNTL2-AS1	ncRNA
intronic	unknown	A;G;+;A||R||D;ALU;-;SINE/AluSz;ncRNA_intronic;RP11-165P7.1;-;-;ncRNA_intronic;ARNTL2-AS1;-;-;ncRNA_intronic;BC043511;-;-;-;3;3;3	Name=AluSz	TRUE	Alu	ncRNA
chr12:27421566:A:G	chr12:27421566:T:C	A:G	ARNTL2-AS1	ncRNA
intronic	unknown	A;G;+;A||R||D;ALU;-;SINE/AluSz;ncRNA_intronic;RP11-165P7.1;-;-;ncRNA_intronic;ARNTL2-AS1;-;-;ncRNA_intronic;BC043511;-;-;-;300;21;36	Name=AluSz	TRUE	Alu	ncRNA
chr12:27421578:A:G	chr12:27421578:T:C	A:G	ARNTL2-AS1	ncRNA
intronic	unknown	A;G;+;A||R||D;ALU;-;SINE/AluSz;ncRNA_intronic;RP11-165P7.1;-;-;ncRNA_intronic;ARNTL2-AS1;-;-;ncRNA_intronic;BC043511;-;-;-;271;18;32	Name=AluSz	TRUE	Alu	ncRNA
chr12:121224427:A:G	chr12:121224427:A:G	A:G	P2RX4	intronic	unknown	A;G;+;A||R;ALU;-;SINE/AluSx;intronic;P2RX4;-;-;intronic;P2RX4;-;-;intronic;P2RX4;-;-;-;32;8;11	Name=AluSx	TRUE	Alu	intronic
chr12:121225596:A:G	chr12:121225596:A:G	A:G	P2RX4	intronic	unknown	A;G;+;R;ALU;-;SINE/AluY;intronic;P2RX4;-;-;intronic;P2RX4;-;-;intronic;P2RX4;-;-;-;39;10;11	Name=AluY	TRUE	Alu	intronic
chr12:112943040:A:G	chr12:112943040:A:G	A:G	OAS3	intronic	unknown	A;G;+;A||R||D;ALU;-;SINE/AluJb;ncRNA_intronic;RP1-71H24.1;-;-;intronic;OAS3;-;-;intronic;OAS3;-;-;-;32;9;11	Name=AluJb	TRUE	Alu	intronic
chr12:121144310:A:G	chr12:121144310:A:G	A:G	P2RX7	intronic	unknown	A;G;+;A||R;ALU;-;SINE/AluSz;intronic;P2RX7;-;-;intronic;P2RX7;-;-;intronic;P2RX7;-;-;-;4;2;2	Name=AluSz	TRUE	Alu	intronic
chr12:27421603:A:G	chr12:27421603:T:C	A:G	ARNTL2-AS1	ncRNA
intronic	unknown	A;G;+;A||R||D;ALU;-;SINE/AluSz;ncRNA_intronic;RP11-165P7.1;-;-;ncRNA_intronic;ARNTL2-AS1;-;-;ncRNA_intronic;BC043511;-;-;-;209;16;29	Name=AluSz	TRUE	Alu	ncRNA
chr12:27501221:C:T	chr12:27501221:C:T	C:T	SMCO2	intronic	unknown	.	Name=AluYk12	FALSE	Alu	intronic
chr12:109050764:T:C	chr12:109050764:T:C	A:G	USP30	intronic	unknown	T;C;-;A||R||D;ALU;-;SINE/AluSx3;intronic;USP30;-;-;intronic;USP30;-;-;intronic;USP30;-;-;-;77;10;12	Name=AluSx3	TRUE	Alu	intronic
chr12:112097373:T:C	chr12:112097373:A:G	A:G	NAA25	intronic	unknown	T;C;-;A;ALU;-;SINE/AluY;intronic;NAA25;-;-;intronic;NAA25;-;-;UTR5;NAA25;-;-;-;12;9;9	Name=AluY	TRUE	Alu	intronic
chr12:110035633:A:G	chr12:110035633:A:G	A:G	ANKRD13A	intronic	unknown	A;G;+;A||R||D;ALU;-;SINE/AluSz6;intronic;ANKRD13A||C12orf76;-;-;intronic;ANKRD13A;-;-;intronic;ANKRD13A;-;-;-;126;19;31	Name=AluSz6	TRUE	Alu	intronic
chr12:48839083:T:C	chr12:48839083:A:G	A:G	DDX23	intronic	unknown	T;C;-;A;ALU;rs58986447;SINE/AluJb;intronic;DDX23;-;-;intronic;DDX23;-;-;intronic;DDX23;-;-;-;4;4;4	Name=AluJb	TRUE	Alu	intronic
chr13:110899029:T:C	chr13:110899029:A:G	A:G	ANKRD10	intronic	unknown	T;C;-;A||R||D;ALU;-;SINE/AluSq;ncRNA_intronic;ANKRD10-IT1;-;-;intronic;ANKRD10;-;-;ncRNA_exonic;AK124233;-;-;-;1606;30;54	Name=AluSq2	TRUE	Alu	intronic
chr13:110900009:T:C	chr13:110900009:A:G	A:G	ANKRD10	intronic	unknown	T;C;-;A||R||D;ALU;-;SINE/AluJr;intronic;ANKRD10;-;-;intronic;ANKRD10;-;-;ncRNA_exonic;AK124233;-;-;-;1971;30;53	Name=AluJr	TRUE	Alu	intronic
chr13:19672883:A:G	chr13:19672883:A:G	A:G	MPHOSPH8	UTR3	unknown	A;G;+;A||R||D;ALU;-;SINE/AluJb;UTR3;MPHOSPH8;-;-;UTR3;MPHOSPH8;-;-;UTR3;MPHOSPH8;-;-;-;2063;30;55	Name=AluJb	TRUE	Alu	UTR3
chr13:19672935:A:G	chr13:19672935:A:G	A:G	MPHOSPH8	UTR3	unknown	A;G;+;A||R||D;ALU;-;SINE/AluJb;UTR3;MPHOSPH8;-;-;UTR3;MPHOSPH8;-;-;UTR3;MPHOSPH8;-;-;-;2563;30;55	Name=AluJb	TRUE	Alu	UTR3
chr13:32525669:T:C	chr13:32525669:A:G	A:G	N4BP2L2	intronic	unknown	T;C;-;A||R||D;ALU;-;SINE/AluJo;intronic;N4BP2L2;-;-;intronic;N4BP2L2;-;-;intronic;N4BP2L2;-;-;-;2253;30;55	Name=AluJb	TRUE	Alu	intronic
chr13:41012072:T:C	chr13:41012072:A:G	A:G	ELF1	intronic	unknown	T;C;-;A||R||D;ALU;-;SINE/AluSx1;intronic;ELF1;-;-;intronic;ELF1;-;-;intronic;ELF1;-;-;-;9;5;6	Name=AluSx1	TRUE	Alu	intronic
chr13:50971618:A:G	chr13:50971618:A:G	A:G	RNASEH2B	downstream	unknown	A;G;+;R;ALU;-;SINE/AluSz;intergenic;RNASEH2B||GUCY1B2;-;-;intergenic;RNASEH2B||GUCY1B2;-;-;intergenic;RNASEH2B||GUCY1B2;-;-;-;84;17;30	Name=AluSz	TRUE	Alu	downstream
chr13:50971645:A:G	chr13:50971645:A:G	A:G	RNASEH2B	downstream	unknown	A;G;+;A||R;ALU;-;SINE/AluSz;intergenic;RNASEH2B||GUCY1B2;-;-;intergenic;RNASEH2B||GUCY1B2;-;-;intergenic;RNASEH2B||GUCY1B2;-;-;-;188;26;46	Name=AluSz	TRUE	Alu	downstream
chr13:110899024:T:C	chr13:110899024:A:G	A:G	ANKRD10	intronic	unknown	T;C;-;A||R||D;ALU;-;SINE/AluSq;ncRNA_intronic;ANKRD10-IT1;-;-;intronic;ANKRD10;-;-;ncRNA_exonic;AK124233;-;-;-;1880;30;54	Name=AluSq2	TRUE	Alu	intronic
chr13:43902440:A:G	chr13:43902440:A:G	A:G	LACC1	downstream	unknown	A;G;+;R;ALU;-;SINE/AluY;intergenic;LACC1||LINC00284;-;-;intergenic;LACC1||LINC00284;-;-;intergenic;LACC1||LINC00284;-;-;-;0;0;0	Name=AluY	TRUE	Alu	downstream
chr13:50972440:A:G	chr13:50972440:A:G	A:G	RNASEH2B	downstream	unknown	A;G;+;R;ALU;-;SINE/AluJb;intergenic;RNASEH2B||GUCY1B2;-;-;intergenic;RNASEH2B||GUCY1B2;-;-;intergenic;RNASEH2B||GUCY1B2;-;-;-;39;14;21	Name=AluJb	TRUE	Alu	downstream
chr13:43902024:A:G	chr13:43902024:A:G	A:G	LACC1	downstream	unknown	A;G;+;A||R;ALU;-;SINE/AluSx1;intergenic;LACC1||LINC00284;-;-;intergenic;LACC1||LINC00284;-;-;intergenic;LACC1||LINC00284;-;-;-;2;2;2	Name=AluSx1	TRUE	Alu	downstream
chr13:50972361:A:G	chr13:50972361:A:G	A:G	RNASEH2B	downstream	unknown	A;G;+;A||R;ALU;-;SINE/AluJb;intergenic;RNASEH2B||GUCY1B2;-;-;intergenic;RNASEH2B||GUCY1B2;-;-;intergenic;RNASEH2B||GUCY1B2;-;-;-;265;27;47	Name=AluJb	TRUE	Alu	downstream
chr13:21374317:T:C	chr13:21374317:T:C	A:G	MIPEPP3	ncRNA
intronic	unknown	T;C;-;A||R||D;ALU;-;SINE/AluSx;intergenic;RNA5SP25||ZDHHC20;-;-;ncRNA_intronic;MIPEPP3;-;-;ncRNA_intronic;MIPEPP3;-;-;-;2231;30;55	Name=AluSx	TRUE	Alu	ncRNA
chr13:21374356:T:C	chr13:21374356:T:C	A:G	MIPEPP3	ncRNA
intronic	unknown	T;C;-;A||R||D;ALU;-;SINE/AluSx;intergenic;RNA5SP25||ZDHHC20;-;-;ncRNA_intronic;MIPEPP3;-;-;ncRNA_intronic;MIPEPP3;-;-;-;1882;30;55	Name=AluSx	TRUE	Alu	ncRNA
chr13:21374431:T:C	chr13:21374431:T:C	A:G	MIPEPP3	ncRNA
intronic	unknown	T;C;-;A||R;ALU;-;SINE/AluSx;intergenic;RNA5SP25||ZDHHC20;-;-;ncRNA_intronic;MIPEPP3;-;-;ncRNA_intronic;MIPEPP3;-;-;-;2071;30;55	Name=AluSx	TRUE	Alu	ncRNA
chr13:21374438:T:C	chr13:21374438:T:C	A:G	MIPEPP3	ncRNA
intronic	unknown	T;C;-;A||R||D;ALU;-;SINE/AluSx;intergenic;RNA5SP25||ZDHHC20;-;-;ncRNA_intronic;MIPEPP3;-;-;ncRNA_intronic;MIPEPP3;-;-;-;1658;30;54	Name=AluSx	TRUE	Alu	ncRNA
chr13:21374485:T:C	chr13:21374485:T:C	A:G	MIPEPP3	ncRNA
intronic	unknown	T;C;-;A||R;ALU;-;SINE/AluSx;intergenic;RNA5SP25||ZDHHC20;-;-;ncRNA_intronic;MIPEPP3;-;-;ncRNA_intronic;MIPEPP3;-;-;-;1909;30;55	Name=AluSx	TRUE	Alu	ncRNA
chr13:21374486:T:C	chr13:21374486:T:C	A:G	MIPEPP3	ncRNA
intronic	unknown	T;C;-;A||R||D;ALU;-;SINE/AluSx;intergenic;RNA5SP25||ZDHHC20;-;-;ncRNA_intronic;MIPEPP3;-;-;ncRNA_intronic;MIPEPP3;-;-;-;1992;30;55	Name=AluSx	TRUE	Alu	ncRNA
chr13:21374507:T:C	chr13:21374507:T:C	A:G	MIPEPP3	ncRNA
intronic	unknown	T;C;-;A||R;ALU;-;SINE/AluSx;intergenic;RNA5SP25||ZDHHC20;-;-;ncRNA_intronic;MIPEPP3;-;-;ncRNA_intronic;MIPEPP3;-;-;-;1469;30;54	Name=AluSx	TRUE	Alu	ncRNA
chr13:21374508:T:C	chr13:21374508:T:C	A:G	MIPEPP3	ncRNA
intronic	unknown	T;C;-;A||R;ALU;-;SINE/AluSx;intergenic;RNA5SP25||ZDHHC20;-;-;ncRNA_intronic;MIPEPP3;-;-;ncRNA_intronic;MIPEPP3;-;-;-;1708;30;55	Name=AluSx	TRUE	Alu	ncRNA
chr13:21375058:T:C	chr13:21375058:T:C	A:G	MIPEPP3	ncRNA
intronic	unknown	T;C;-;A||R;ALU;-;SINE/AluSz;intergenic;RNA5SP25||ZDHHC20;-;-;ncRNA_intronic;MIPEPP3;-;-;ncRNA_intronic;MIPEPP3;-;-;-;2177;30;54	Name=AluSz	TRUE	Alu	ncRNA
chr13:21375072:T:C	chr13:21375072:T:C	A:G	MIPEPP3	ncRNA
intronic	unknown	T;C;-;A||R;ALU;-;SINE/AluSz;intergenic;RNA5SP25||ZDHHC20;-;-;ncRNA_intronic;MIPEPP3;-;-;ncRNA_intronic;MIPEPP3;-;-;-;1687;30;55	Name=AluSz	TRUE	Alu	ncRNA
chr13:50971563:A:G	chr13:50971563:A:G	A:G	RNASEH2B	downstream	unknown	A;G;+;A||R;ALU;-;SINE/AluSz;intergenic;RNASEH2B||GUCY1B2;-;-;intergenic;RNASEH2B||GUCY1B2;-;-;intergenic;RNASEH2B||GUCY1B2;-;-;-;36;11;18	Name=AluSz	TRUE	Alu	downstream
chr13:21374321:T:C	chr13:21374321:T:C	A:G	MIPEPP3	ncRNA
intronic	unknown	T;C;-;A||R;ALU;-;SINE/AluSx;intergenic;RNA5SP25||ZDHHC20;-;-;ncRNA_intronic;MIPEPP3;-;-;ncRNA_intronic;MIPEPP3;-;-;-;967;30;53	Name=AluSx	TRUE	Alu	ncRNA
chr13:21374877:T:C	chr13:21374877:T:C	A:G	MIPEPP3	ncRNA
intronic	unknown	T;C;-;A||R;ALU;-;SINE/AluSz;intergenic;RNA5SP25||ZDHHC20;-;-;ncRNA_intronic;MIPEPP3;-;-;ncRNA_intronic;MIPEPP3;-;-;-;1784;30;55	Name=AluSz	TRUE	Alu	ncRNA
chr13:21374889:T:C	chr13:21374889:T:C	A:G	MIPEPP3	ncRNA
intronic	unknown	T;C;-;A||R;ALU;-;SINE/AluSz;intergenic;RNA5SP25||ZDHHC20;-;-;ncRNA_intronic;MIPEPP3;-;-;ncRNA_intronic;MIPEPP3;-;-;-;1817;30;55	Name=AluSz	TRUE	Alu	ncRNA
chr13:21374899:T:C	chr13:21374899:T:C	A:G	MIPEPP3	ncRNA
intronic	unknown	T;C;-;A||R;ALU;-;SINE/AluSz;intergenic;RNA5SP25||ZDHHC20;-;-;ncRNA_intronic;MIPEPP3;-;-;ncRNA_intronic;MIPEPP3;-;-;-;2022;30;55	Name=AluSz	TRUE	Alu	ncRNA
chr13:21374954:T:C	chr13:21374954:T:C	A:G	MIPEPP3	ncRNA
intronic	unknown	T;C;-;A||R||D;ALU;rs755582559;SINE/AluSz;intergenic;RNA5SP25||ZDHHC20;-;-;ncRNA_intronic;MIPEPP3;-;-;ncRNA_intronic;MIPEPP3;-;-;-;2220;30;55	Name=AluSz	TRUE	Alu	ncRNA
chr13:32055245:A:G	chr13:32055245:A:G	A:G	FRY	intronic	unknown	A;G;+;A||R;ALU;rs761089989;SINE/AluJo;intronic;FRY;-;-;intronic;FRY;-;-;intronic;FRY;-;-;-;5;4;4	Name=AluJb	TRUE	Alu	intronic
chr13:50008819:T:C	chr13:50008819:A:G	A:G	DLEU2	ncRNA
intronic	unknown	T;C;-;R;ALU;-;SINE/AluJb;intronic;TRIM13;-;-;ncRNA_intronic;DLEU2;-;-;ncRNA_intronic;DLEU2;-;-;-;26;12;16	Name=AluJb	TRUE	Alu	ncRNA
chr13:32399063:A:G	chr13:32399063:A:G	A:G	BRCA2	UTR3	unknown	A;G;+;A||R||D;ALU;-;SINE/AluJr;UTR3;BRCA2;-;-;UTR3;BRCA2;-;-;UTR3;BRCA2;-;-;-;407;25;33	Name=FLAM_C	TRUE	Other	UTR3
chr13:32055234:A:G	chr13:32055234:A:G	A:G	FRY	intronic	unknown	A;G;+;A;ALU;-;SINE/AluJo;intronic;FRY;-;-;intronic;FRY;-;-;intronic;FRY;-;-;-;6;5;5	Name=AluJb	TRUE	Alu	intronic
chr13:32484172:T:C	chr13:32484172:A:G	A:G	N4BP2L2	intronic	unknown	T;C;-;A||R;ALU;-;SINE/AluJb;intronic;N4BP2L2;-;-;intronic;N4BP2L2;-;-;intronic;N4BP2L2;-;-;-;10;6;8	Name=AluJb	TRUE	Alu	intronic
chr14:101971498:A:G	chr14:101971498:A:G	A:G	DYNC1H1	intronic	unknown	A;G;+;R;ALU;-;SINE/AluJb;intronic;DYNC1H1;-;-;intronic;DYNC1H1;-;-;intronic;DYNC1H1;-;-;-;0;0;0	Name=AluJb	TRUE	Alu	intronic
chr14:21460342:T:C	chr14:21460342:A:G	A:G	RAB2B	UTR3	unknown	T;C;-;A||R||D;ALU;-;SINE/AluSc;UTR3;RAB2B;-;-;UTR3;RAB2B;-;-;UTR3;RAB2B;-;-;-;1974;30;55	Name=AluSc	TRUE	Alu	UTR3
chr14:21460343:T:C	chr14:21460343:A:G	A:G	RAB2B	UTR3	unknown	T;C;-;A||R||D;ALU;rs538348521;SINE/AluSc;UTR3;RAB2B;-;-;UTR3;RAB2B;-;-;UTR3;RAB2B;-;-;-;1150;30;55	Name=AluSc	TRUE	Alu	UTR3
chr14:21460463:T:C	chr14:21460463:A:G	A:G	RAB2B	UTR3	unknown	T;C;-;A||R||D;ALU;-;SINE/AluSc;UTR3;RAB2B;-;-;UTR3;RAB2B;-;-;UTR3;RAB2B;-;-;-;1529;30;54	Name=AluSc	TRUE	Alu	UTR3
chr14:21460499:T:C	chr14:21460499:A:G	A:G	RAB2B	UTR3	unknown	T;C;-;A||R||D;ALU;-;SINE/AluSc;UTR3;RAB2B;-;-;UTR3;RAB2B;-;-;UTR3;RAB2B;-;-;-;1664;30;54	Name=AluSc	TRUE	Alu	UTR3
chr14:21460523:T:C	chr14:21460523:A:G	A:G	RAB2B	UTR3	unknown	T;C;-;A||R||D;ALU;-;SINE/AluSc;UTR3;RAB2B;-;-;UTR3;RAB2B;-;-;UTR3;RAB2B;-;-;-;1030;29;53	Name=AluSc	TRUE	Alu	UTR3
chr14:45131466:T:C	chr14:45131466:A:G	A:G	FKBP3	intronic	unknown	T;C;-;A||R||D;ALU;-;SINE/AluSx;intronic;FKBP3;-;-;intronic;FKBP3;-;-;intronic;FKBP3;-;-;-;1673;30;55	Name=AluSx	TRUE	Alu	intronic
chr14:74058071:T:C	chr14:74058071:A:G	A:G	ALDH6A1	UTR3	unknown	T;C;-;A||R||D;ALU;-;SINE/AluSc8;ncRNA_intronic;AC005484.5;-;-;UTR3;ALDH6A1;-;-;intronic;CCDC176;-;-;-;2297;30;55	Name=AluSc8	TRUE	Alu	UTR3
chr14:74058083:T:C	chr14:74058083:A:G	A:G	ALDH6A1	UTR3	unknown	T;C;-;A||R||D;ALU;-;SINE/AluSc8;ncRNA_intronic;AC005484.5;-;-;UTR3;ALDH6A1;-;-;intronic;CCDC176;-;-;-;2299;30;55	Name=AluSc8	TRUE	Alu	UTR3
chr14:74058084:T:C	chr14:74058084:A:G	A:G	ALDH6A1	UTR3	unknown	T;C;-;A||R||D;ALU;-;SINE/AluSc8;ncRNA_intronic;AC005484.5;-;-;UTR3;ALDH6A1;-;-;intronic;CCDC176;-;-;-;1757;30;55	Name=AluSc8	TRUE	Alu	UTR3
chr14:88013313:A:G	chr14:88013313:A:G	A:G	GPR65	UTR3	unknown	A;G;+;A||R;ALU;-;SINE/AluSx1;ncRNA_intronic;RP11-300J18.2;-;-;UTR3;GPR65;-;-;UTR3;GPR65;-;-;-;178;15;21	Name=AluSx1	TRUE	Alu	UTR3
chr14:88013686:A:G	chr14:88013686:A:G	A:G	GPR65	UTR3	unknown	A;G;+;A||R;ALU;-;SINE/AluSx;ncRNA_intronic;RP11-300J18.2;-;-;UTR3;GPR65;-;-;UTR3;GPR65;-;-;-;183;14;21	Name=AluSx	TRUE	Alu	UTR3
chr14:101971257:A:G	chr14:101971257:A:G	A:G	DYNC1H1	intronic	unknown	A;G;+;A||R;ALU;-;SINE/AluJb;intronic;DYNC1H1;-;-;intronic;DYNC1H1;-;-;intronic;DYNC1H1;-;-;-;2;2;2	Name=AluJb	TRUE	Alu	intronic
chr14:103484326:A:G	chr14:103484326:A:G	A:G	MARK3	intronic	unknown	A;G;+;A||R||D;ALU;-;SINE/AluSz;intronic;MARK3;-;-;intronic;MARK3;-;-;intronic;MARK3;-;-;-;270;28;42	Name=AluSz	TRUE	Alu	intronic
chr14:21460331:T:C	chr14:21460331:A:G	A:G	RAB2B	UTR3	unknown	T;C;-;A||R||D;ALU;-;SINE/AluSc;UTR3;RAB2B;-;-;UTR3;RAB2B;-;-;UTR3;RAB2B;-;-;-;1595;30;55	Name=AluSc	TRUE	Alu	UTR3
chr14:21460419:T:C	chr14:21460419:A:G	A:G	RAB2B	UTR3	unknown	T;C;-;A||R||D;ALU;-;SINE/AluSc;UTR3;RAB2B;-;-;UTR3;RAB2B;-;-;UTR3;RAB2B;-;-;-;1858;30;54	Name=AluSc	TRUE	Alu	UTR3
chr14:31095938:A:G	chr14:31095938:A:G	A:G	AP4S1	UTR3	unknown	A;G;+;A||R||D;ALU;-;SINE/AluSz;intergenic;AP4S1||HECTD1;-;-;UTR3;AP4S1;-;-;UTR3;AP4S1;-;-;-;1251;30;55	Name=AluSz	TRUE	Alu	UTR3
chr14:55135839:A:G	chr14:55135839:A:G	A:G	LGALS3	intronic	unknown	A;G;+;A||R||D;ALU;-;SINE/AluJb;intronic;LGALS3;-;-;intronic;LGALS3;-;-;intronic;LGALS3;-;-;-;1580;30;52	Name=AluJb	TRUE	Alu	intronic
chr14:71419828:A:G	chr14:71419828:A:G	A:G	SIPA1L1	intronic	unknown	A;G;+;A||R;ALU;-;SINE/AluJr;intergenic;SNORD56B||RN7SL683P;-;-;intergenic;SNORD56B||LOC145474;-;-;intergenic;SNORD56B||Metazoa_SRP;-;-;-;6;3;3	Name=AluJr	TRUE	Alu	intronic
chr14:92059696:T:C	chr14:92059696:A:G	A:G	ATXN3	UTR3	unknown	T;C;-;A||R||D;ALU;-;SINE/AluSx1;UTR3;ATXN3;-;-;UTR3;ATXN3;-;-;UTR3;ATXN3;-;-;-;170;28;43	Name=AluSx1	TRUE	Alu	UTR3
chr14:94378482:G:A	chr14:94378482:C:T	C:T	SERPINA1	exonic	synonymous SNV	.	.	FALSE	None	exonic
chr14:74058841:T:C	chr14:74058841:A:G	A:G	ALDH6A1	UTR3	unknown	T;C;-;A||R||D;ALU;-;SINE/AluSp;ncRNA_intronic;AC005484.5;-;-;UTR3;ALDH6A1;-;-;intronic;CCDC176;-;-;-;1402;30;55	Name=AluSp	TRUE	Alu	UTR3
chr14:74737827:A:G	chr14:74737827:A:G	A:G	FCF1	UTR3	unknown	A;G;+;A||R;ALU;-;SINE/AluSp;intergenic;FCF1||YLPM1;-;-;intergenic;FCF1||YLPM1;-;-;intergenic;FCF1||YLPM1;-;-;-;247;26;39	Name=AluSp	TRUE	Alu	UTR3
chr14:88013230:A:G	chr14:88013230:A:G	A:G	GPR65	UTR3	unknown	A;G;+;A;ALU;-;SINE/AluSx1;ncRNA_intronic;RP11-300J18.2;-;-;UTR3;GPR65;-;-;UTR3;GPR65;-;-;-;68;8;10	Name=AluSx1	TRUE	Alu	UTR3
chr14:88013286:A:G	chr14:88013286:A:G	A:G	GPR65	UTR3	unknown	A;G;+;A||R;ALU;-;SINE/AluSx1;ncRNA_intronic;RP11-300J18.2;-;-;UTR3;GPR65;-;-;UTR3;GPR65;-;-;-;174;14;19	Name=AluSx1	TRUE	Alu	UTR3
chr14:88013751:A:G	chr14:88013751:A:G	A:G	GPR65	UTR3	unknown	A;G;+;A||R||D;ALU;-;SINE/AluSx;ncRNA_intronic;RP11-300J18.2;-;-;UTR3;GPR65;-;-;UTR3;GPR65;-;-;-;164;12;16	Name=AluSx	TRUE	Alu	UTR3
chr14:92726049:T:C	chr14:92726049:A:G	A:G	LGMN	intronic	unknown	T;C;-;A||R;ALU;-;SINE/AluSq2;intronic;LGMN;-;-;intronic;LGMN;-;-;intronic;LGMN;-;-;-;9;6;6	Name=AluSq2	TRUE	Alu	intronic
chr14:92726071:T:C	chr14:92726071:A:G	A:G	LGMN	intronic	unknown	T;C;-;A||R;ALU;-;SINE/AluSq2;intronic;LGMN;-;-;intronic;LGMN;-;-;intronic;LGMN;-;-;-;3;3;3	Name=AluSq2	TRUE	Alu	intronic
chr14:92799869:A:G	chr14:92799869:A:G	A:G	GOLGA5	intronic	unknown	A;G;+;A||R;ALU;-;SINE/AluSz;intronic;GOLGA5;-;-;intronic;GOLGA5;-;-;intronic;GOLGA5;-;-;-;19;10;10	Name=AluSz	TRUE	Alu	intronic
chr14:102846534:A:G	chr14:102846534:A:G	A:G	TRAF3	intronic	unknown	A;G;+;R;ALU;-;SINE/AluJb;intronic;TRAF3;-;-;intronic;TRAF3;-;-;intronic;TRAF3;-;-;-;10;3;8	Name=AluJb	TRUE	Alu	intronic
chr14:105049680:T:C	chr14:105049680:A:G	A:G	GPR132	UTR3	unknown	T;C;-;A||R||D;ALU;-;SINE/AluJr;UTR3;GPR132;-;-;UTR3;GPR132;-;-;UTR3;GPR132;-;-;-;810;29;50	Name=AluJr	TRUE	Alu	UTR3
chr14:73145987:A:G	chr14:73145987:A:G	A:G	PSEN1	intronic	unknown	A;G;+;A||R||D;ALU;-;SINE/AluSz;intronic;PSEN1;-;-;intronic;PSEN1;-;-;intronic;PSEN1;-;-;-;47;12;17	Name=AluSz	TRUE	Alu	intronic
chr14:73215423:A:G	chr14:73215423:A:G	A:G	PSEN1	intronic	unknown	A;G;+;R||D;ALU;-;SINE/AluSx;intronic;PSEN1;-;-;intronic;PSEN1;-;-;intronic;PSEN1;-;-;-;0;0;0	Name=AluSx	TRUE	Alu	intronic
chr14:92799868:A:G	chr14:92799868:A:G	A:G	GOLGA5	intronic	unknown	A;G;+;R;ALU;-;SINE/AluSz;intronic;GOLGA5;-;-;intronic;GOLGA5;-;-;intronic;GOLGA5;-;-;-;11;6;6	Name=AluSz	TRUE	Alu	intronic
chr14:105046375:T:C	chr14:105046375:A:G	A:G	GPR132	downstream	unknown	.	Name=AluJr	FALSE	Alu	downstream
chr14:20480337:A:G	chr14:20480337:A:G	A:G	PNP	downstream	unknown	A;G;+;A||R;ALU;-;SINE/AluJb;intergenic;PNP||RNASE10;-;-;intergenic;PNP||RNASE10;-;-;intergenic;PNP||RNASE10;-;-;-;98;17;23	Name=AluJb	TRUE	Alu	downstream
chr14:71440050:A:G	chr14:71440050:A:G	A:G	SIPA1L1	intronic	unknown	A;G;+;A||R||D;ALU;-;SINE/AluSx;intergenic;SNORD56B||RN7SL683P;-;-;intergenic;SNORD56B||LOC145474;-;-;intergenic;SNORD56B||Metazoa_SRP;-;-;-;64;11;19	Name=AluSx	TRUE	Alu	intronic
chr14:85939218:A:G	chr14:85939218:A:G	A:G	LINC02328	ncRNA
intronic	unknown	A;G;+;A||R||D;ALU;-;SINE/AluSg;intergenic;FLRT2||CTD-2341M24.1;-;-;ncRNA_intronic;LOC101928767;-;-;intergenic;FLRT2||LOC283585;-;-;-;5;4;4	Name=AluSg	TRUE	Alu	ncRNA
chr14:92169875:A:G	chr14:92169875:A:G	A:G	CPSF2	UTR3	unknown	A;G;+;A||R;ALU;-;SINE/AluJo;intergenic;CPSF2||RP11-472N19.3;-;-;intergenic;CPSF2||SLC24A4;-;-;intergenic;CPSF2||SLC24A4;-;-;-;13;9;9	Name=AluJo	TRUE	Alu	UTR3
chr14:92169956:A:G	chr14:92169956:A:G	A:G	CPSF2	UTR3	unknown	A;G;+;A||R;ALU;-;SINE/AluJo;intergenic;CPSF2||RP11-472N19.3;-;-;intergenic;CPSF2||SLC24A4;-;-;intergenic;CPSF2||SLC24A4;-;-;-;13;6;8	Name=AluJo	TRUE	Alu	UTR3
chr14:35005259:A:G	chr14:35005259:A:G	A:G	SRP54	intronic	unknown	A;G;+;A||R||D;ALU;-;SINE/AluJr;intronic;SRP54;-;-;intronic;SRP54;-;-;intronic;SRP54;-;-;-;53;17;20	Name=AluJr	TRUE	Alu	intronic
chr14:71440295:A:G	chr14:71440295:A:G	A:G	SIPA1L1	intronic	unknown	A;G;+;A||R;ALU;-;SINE/AluSx;intergenic;SNORD56B||RN7SL683P;-;-;intergenic;SNORD56B||LOC145474;-;-;intergenic;SNORD56B||Metazoa_SRP;-;-;-;78;11;22	Name=AluSx	TRUE	Alu	intronic
chr14:88013298:A:G	chr14:88013298:A:G	A:G	GPR65	UTR3	unknown	.	Name=AluSx1	FALSE	Alu	UTR3
chr14:92119964:T:C	chr14:92119964:A:G	A:G	NDUFB1	intronic	unknown	T;C;-;A||R||D;ALU;-;SINE/AluJr;intronic;NDUFB1;-;-;intronic;NDUFB1;-;-;intronic;NDUFB1;-;-;-;1397;30;53	Name=AluJr	TRUE	Alu	intronic
chr14:50197899:T:C	chr14:50197899:A:G	A:G	SOS2	intronic	unknown	T;C;-;A||R||D;ALU;-;SINE/AluSz6;intronic;SOS2;-;-;intronic;SOS2;-;-;intronic;SOS2;-;-;-;27;8;9	Name=AluSz6	TRUE	Alu	intronic
chr14:60099990:A:G	chr14:60099990:A:G	A:G	PCNX4	intronic	unknown	A;G;+;A||R||D;ALU;-;SINE/AluSz;intronic;PCNXL4;-;-;intronic;PCNXL4;-;-;intronic;PCNXL4;-;-;-;51;14;18	Name=AluSz	TRUE	Alu	intronic
chr14:71419874:A:G	chr14:71419874:A:G	A:G	SIPA1L1	intronic	unknown	A;G;+;A;ALU;-;SINE/AluJr;intergenic;SNORD56B||RN7SL683P;-;-;intergenic;SNORD56B||LOC145474;-;-;intergenic;SNORD56B||Metazoa_SRP;-;-;-;5;3;4	Name=AluJr	TRUE	Alu	intronic
chr14:71440289:A:G	chr14:71440289:A:G	A:G	SIPA1L1	intronic	unknown	A;G;+;A||R;ALU;-;SINE/AluSx;intergenic;SNORD56B||RN7SL683P;-;-;intergenic;SNORD56B||LOC145474;-;-;intergenic;SNORD56B||Metazoa_SRP;-;-;-;80;10;21	Name=AluSx	TRUE	Alu	intronic
chr14:76799809:T:C	chr14:76799809:A:G	A:G	ANGEL1	intronic	unknown	T;C;-;A||R;ALU;-;SINE/AluJb;intronic;ANGEL1;-;-;intronic;ANGEL1;-;-;intronic;ANGEL1;-;-;-;6;5;5	Name=AluJb	TRUE	Alu	intronic
chr14:92690877:A:G	chr14:92690877:A:G	A:G	RIN3	downstream	unknown	A;G;+;A;NONREP;-;-/-;intergenic;RIN3||LGMN;-;-;intergenic;RIN3||LGMN;-;-;intergenic;RIN3||LGMN;-;-;-;20;4;4	.	TRUE	None	downstream
chr14:45207591:T:C	chr14:45207591:A:G	A:G	MIS18BP1	intronic	unknown	T;C;-;A||R||D;ALU;-;SINE/AluSx;intronic;MIS18BP1;-;-;intronic;MIS18BP1;-;-;intronic;MIS18BP1;-;-;-;666;30;46	Name=AluSx	TRUE	Alu	intronic
chr14:24249195:C:T	chr14:24249195:G:A	C:T	TGM1	UTR3	unknown	.	.	FALSE	None	UTR3
chr14:54863310:T:C	chr14:54863310:A:G	A:G	GCH1	intronic	unknown	T;C;-;R;ALU;-;SINE/AluY;intronic;GCH1;-;-;intronic;GCH1;-;-;intronic;GCH1;-;-;-;0;0;0	Name=AluY	TRUE	Alu	intronic
chr14:54607896:A:G	chr14:54607896:A:G	A:G	SAMD4A	intronic	unknown	A;G;+;A||R;ALU;-;SINE/AluSz;intronic;SAMD4A;-;-;intronic;SAMD4A;-;-;intronic;SAMD4A;-;-;-;23;11;14	Name=AluSx	TRUE	Alu	intronic
chr14:54675116:A:G	chr14:54675116:A:G	A:G	SAMD4A	intronic	unknown	A;G;+;A||R;ALU;-;SINE/AluSq2;intronic;SAMD4A;-;-;intronic;SAMD4A;-;-;intronic;SAMD4A;-;-;-;6;5;5	Name=AluSq2	TRUE	Alu	intronic
chr14:54607937:A:G	chr14:54607937:A:G	A:G	SAMD4A	intronic	unknown	A;G;+;A||R;ALU;-;SINE/AluSz;intronic;SAMD4A;-;-;intronic;SAMD4A;-;-;intronic;SAMD4A;-;-;-;17;8;9	Name=AluSx	TRUE	Alu	intronic
chr15:101070748:A:G	chr15:101070748:A:G	A:G	LRRK1	UTR3	unknown	A;G;+;A||R;ALU;-;SINE/AluJr4;ncRNA_intronic;RP11-505E24.2;-;-;downstream;LRRK1;-;-;downstream;LRRK1;-;-;-;276;26;42	Name=AluJr4	TRUE	Alu	UTR3
chr15:50703590:T:C	chr15:50703590:A:G	A:G	SPPL2A	UTR3	unknown	T;C;-;A||R;ALU;-;SINE/AluSg;intergenic;RN7SL354P||SPPL2A;-;-;intergenic;TRPM7||SPPL2A;-;-;intergenic;TRPM7||SPPL2A;-;-;-;681;30;50	Name=AluSg	TRUE	Alu	UTR3
chr15:50704080:T:C	chr15:50704080:A:G	A:G	SPPL2A	UTR3	unknown	T;C;-;A||R;ALU;-;SINE/AluSp;intergenic;RN7SL354P||SPPL2A;-;-;intergenic;TRPM7||SPPL2A;-;-;intergenic;TRPM7||SPPL2A;-;-;-;1729;30;54	Name=AluSp	TRUE	Alu	UTR3
chr15:50704098:T:C	chr15:50704098:A:G	A:G	SPPL2A	UTR3	unknown	T;C;-;A||R;ALU;-;SINE/AluSp;intergenic;RN7SL354P||SPPL2A;-;-;intergenic;TRPM7||SPPL2A;-;-;intergenic;TRPM7||SPPL2A;-;-;-;1572;30;55	Name=AluSp	TRUE	Alu	UTR3
chr15:50705080:T:C	chr15:50705080:A:G	A:G	SPPL2A	UTR3	unknown	T;C;-;A||R;ALU;-;SINE/AluSg;intergenic;RN7SL354P||SPPL2A;-;-;intergenic;TRPM7||SPPL2A;-;-;intergenic;TRPM7||SPPL2A;-;-;-;1166;30;55	Name=AluSg	TRUE	Alu	UTR3
chr15:50705098:T:C	chr15:50705098:A:G	A:G	SPPL2A	UTR3	unknown	T;C;-;A||R;ALU;-;SINE/AluSg;intergenic;RN7SL354P||SPPL2A;-;-;intergenic;TRPM7||SPPL2A;-;-;intergenic;TRPM7||SPPL2A;-;-;-;927;30;55	Name=AluSg	TRUE	Alu	UTR3
chr15:84641599:T:C	chr15:84641599:T:C	A:G	SCAND2P	ncRNA
exonic	unknown	T;C;-;A||R||D;ALU;-;SINE/AluSz;ncRNA_exonic;SCAND2P;-;-;ncRNA_exonic;SCAND2P;-;-;intergenic;SCAND2P||WDR73;-;-;-;2217;30;54	Name=AluSz	TRUE	Alu	ncRNA
chr15:88642890:A:G	chr15:88642890:A:G	A:G	ISG20	intronic	unknown	A;G;+;A||R||D;ALU;-;SINE/AluSz;intronic;ISG20;-;-;intronic;ISG20;-;-;intronic;ISG20;-;-;-;325;25;36	Name=AluSz	TRUE	Alu	intronic
chr15:90542296:A:G	chr15:90542296:A:G	A:G	CRTC3	intronic	unknown	A;G;+;A||R;ALU;-;SINE/AluSx;intronic;CRTC3;-;-;intronic;CRTC3;-;-;intronic;CRTC3;-;-;-;3;3;3	Name=AluSx	TRUE	Alu	intronic
chr15:41299219:A:G	chr15:41299219:A:G	A:G	OIP5-AS1	ncRNA
exonic	unknown	A;G;+;A||R||D;ALU;-;SINE/AluSx;ncRNA_exonic;OIP5-AS1;-;-;ncRNA_exonic;OIP5-AS1;-;-;ncRNA_exonic;OIP5-AS1;-;-;-;2076;30;55	Name=AluSx	TRUE	Alu	ncRNA
chr15:50704086:T:C	chr15:50704086:A:G	A:G	SPPL2A	UTR3	unknown	T;C;-;A||R;ALU;-;SINE/AluSp;intergenic;RN7SL354P||SPPL2A;-;-;intergenic;TRPM7||SPPL2A;-;-;intergenic;TRPM7||SPPL2A;-;-;-;1666;30;53	Name=AluSp	TRUE	Alu	UTR3
chr15:50704099:T:C	chr15:50704099:A:G	A:G	SPPL2A	UTR3	unknown	T;C;-;A||R;ALU;-;SINE/AluSp;intergenic;RN7SL354P||SPPL2A;-;-;intergenic;TRPM7||SPPL2A;-;-;intergenic;TRPM7||SPPL2A;-;-;-;780;30;54	Name=AluSp	TRUE	Alu	UTR3
chr15:50705280:T:C	chr15:50705280:A:G	A:G	SPPL2A	UTR3	unknown	T;C;-;A||R;ALU;-;SINE/AluSg;intergenic;RN7SL354P||SPPL2A;-;-;intergenic;TRPM7||SPPL2A;-;-;intergenic;TRPM7||SPPL2A;-;-;-;1185;30;55	Name=AluSg	TRUE	Alu	UTR3
chr15:50706135:T:C	chr15:50706135:A:G	A:G	SPPL2A	UTR3	unknown	T;C;-;A||R;ALU;-;SINE/AluYa8;intergenic;RN7SL354P||SPPL2A;-;-;intergenic;TRPM7||SPPL2A;-;-;intergenic;TRPM7||SPPL2A;-;-;-;251;27;40	Name=AluYa8	TRUE	Alu	UTR3
chr15:50706147:T:C	chr15:50706147:A:G	A:G	SPPL2A	UTR3	unknown	T;C;-;A||R;ALU;-;SINE/AluYa8;intergenic;RN7SL354P||SPPL2A;-;-;intergenic;TRPM7||SPPL2A;-;-;intergenic;TRPM7||SPPL2A;-;-;-;120;23;34	Name=AluYa8	TRUE	Alu	UTR3
chr15:50706148:T:C	chr15:50706148:A:G	A:G	SPPL2A	UTR3	unknown	T;C;-;A||R;ALU;-;SINE/AluYa8;intergenic;RN7SL354P||SPPL2A;-;-;intergenic;TRPM7||SPPL2A;-;-;intergenic;TRPM7||SPPL2A;-;-;-;76;20;27	Name=AluYa8	TRUE	Alu	UTR3
chr15:64642673:A:G	chr15:64642673:A:G	A:G	ZNF609	intronic	unknown	A;G;+;A||R||D;ALU;-;SINE/AluJb;intronic;ZNF609;-;-;intronic;ZNF609;-;-;intronic;ZNF609;-;-;-;7;4;4	Name=AluJb	TRUE	Alu	intronic
chr15:85096374:A:G	chr15:85096374:A:G	A:G	PDE8A	intronic	unknown	A;G;+;A||R||D;ALU;-;SINE/AluJb;intronic;PDE8A;-;-;intronic;PDE8A;-;-;intronic;PDE8A;-;-;-;530;30;49	Name=AluJb	TRUE	Alu	intronic
chr15:88642825:A:G	chr15:88642825:A:G	A:G	ISG20	intronic	unknown	A;G;+;A||R||D;ALU;-;SINE/AluSz;intronic;ISG20;-;-;intronic;ISG20;-;-;intronic;ISG20;-;-;-;501;29;41	Name=AluSz	TRUE	Alu	intronic
chr15:90027618:A:G	chr15:90027618:A:G	A:G	ZNF710	intronic	unknown	A;G;+;A||R||D;ALU;-;SINE/AluSz6;intronic;ZNF710;-;-;intronic;ZNF710;-;-;intronic;ZNF710;-;-;-;9;6;6	Name=AluSz6	TRUE	Alu	intronic
chr15:90468274:A:G	chr15:90468274:A:G	A:G	IQGAP1	intronic	unknown	A;G;+;A||R;ALU;-;SINE/AluSz6;intronic;IQGAP1;-;-;intronic;IQGAP1;-;-;intronic;IQGAP1;-;-;-;20;9;9	Name=AluSz6	TRUE	Alu	intronic
chr15:51915004:A:G	chr15:51915004:A:G	A:G	TMOD3	UTR3	unknown	A;G;+;A||R||D;ALU;-;SINE/AluSq2;intergenic;TMOD3||LEO1;-;-;intergenic;TMOD3||LOC100422556;-;-;intergenic;AF188711||LEO1;-;-;-;1525;30;55	Name=AluSq2	TRUE	Alu	UTR3
chr15:64642333:A:G	chr15:64642333:A:G	A:G	ZNF609	intronic	unknown	A;G;+;A;ALU;rs186381229;SINE/AluJr;intronic;ZNF609;-;-;intronic;ZNF609;-;-;intronic;ZNF609;-;-;-;4;3;3	Name=AluJr	TRUE	Alu	intronic
chr15:64642663:A:G	chr15:64642663:A:G	A:G	ZNF609	intronic	unknown	A;G;+;A||R||D;ALU;-;SINE/AluJb;intronic;ZNF609;-;-;intronic;ZNF609;-;-;intronic;ZNF609;-;-;-;5;4;4	Name=AluJb	TRUE	Alu	intronic
chr15:89897250:T:C	chr15:89897250:A:G	A:G	ARPIN	UTR3	unknown	T;C;-;A||R||D;ALU;-;SINE/AluSq2;intronic;C15orf38-AP3S2;-;-;UTR3;ARPIN;-;-;intronic;C15orf38-AP3S2;-;-;-;2292;30;54	Name=AluSq2	TRUE	Alu	UTR3
chr15:45509285:A:G	chr15:45509285:T:C	A:G	SLC30A4	intronic	unknown	.	Name=AluSx	FALSE	Alu	intronic
chr15:45509357:A:G	chr15:45509357:T:C	A:G	SLC30A4	intronic	unknown	.	Name=AluSx	FALSE	Alu	intronic
chr15:50706126:T:C	chr15:50706126:A:G	A:G	SPPL2A	UTR3	unknown	T;C;-;R;ALU;-;SINE/AluYa8;intergenic;RN7SL354P||SPPL2A;-;-;intergenic;TRPM7||SPPL2A;-;-;intergenic;TRPM7||SPPL2A;-;-;-;178;25;34	Name=AluYa8	TRUE	Alu	UTR3
chr15:50706170:T:C	chr15:50706170:A:G	A:G	SPPL2A	UTR3	unknown	T;C;-;A||R;ALU;-;SINE/AluYa8;intergenic;RN7SL354P||SPPL2A;-;-;intergenic;TRPM7||SPPL2A;-;-;intergenic;TRPM7||SPPL2A;-;-;-;16;10;14	Name=AluYa8	TRUE	Alu	UTR3
chr15:50706202:T:C	chr15:50706202:A:G	A:G	SPPL2A	UTR3	unknown	T;C;-;A||R;ALU;-;SINE/AluYa8;intergenic;RN7SL354P||SPPL2A;-;-;intergenic;TRPM7||SPPL2A;-;-;intergenic;TRPM7||SPPL2A;-;-;-;17;10;11	Name=AluYa8	TRUE	Alu	UTR3
chr15:50706224:T:C	chr15:50706224:A:G	A:G	SPPL2A	UTR3	unknown	T;C;-;A;ALU;-;SINE/AluYa8;intergenic;RN7SL354P||SPPL2A;-;-;intergenic;TRPM7||SPPL2A;-;-;intergenic;TRPM7||SPPL2A;-;-;-;12;7;7	Name=AluYa8	TRUE	Alu	UTR3
chr15:72352385:T:C	chr15:72352385:A:G	A:G	HEXA	intronic	unknown	T;C;-;A||R;ALU;-;SINE/AluJo;ncRNA_intronic;RP11-106M3.2;-;-;intronic;HEXA;-;-;intronic;HEXA;-;-;-;9;6;6	Name=AluJo	TRUE	Alu	intronic
chr15:74001457:A:G	chr15:74001457:A:G	A:G	PML	intronic	unknown	A;G;+;R;ALU;-;SINE/AluSx1;intronic;PML;-;-;intronic;PML;-;-;intronic;PML;-;-;-;0;0;0	Name=AluSx1	TRUE	Alu	intronic
chr15:74001817:A:G	chr15:74001817:A:G	A:G	PML	intronic	unknown	A;G;+;R;ALU;-;SINE/AluJr;intronic;PML;-;-;intronic;PML;-;-;intronic;PML;-;-;-;0;0;0	Name=AluJr	TRUE	Alu	intronic
chr15:74026725:A:G	chr15:74026725:A:G	A:G	PML	intronic	unknown	A;G;+;A||R;ALU;-;SINE/AluSz6;intronic;PML;-;-;intronic;PML;-;-;UTR3;PML;-;-;-;602;30;42	Name=AluSz6	TRUE	Alu	intronic
chr15:74026832:A:G	chr15:74026832:A:G	A:G	PML	intronic	unknown	A;G;+;A||R||D;ALU;-;SINE/AluSz6;intronic;PML;-;-;intronic;PML;-;-;UTR3;PML;-;-;-;638;29;41	Name=AluSz6	TRUE	Alu	intronic
chr15:74027453:A:G	chr15:74027453:A:G	A:G	PML	intronic	unknown	A;G;+;A||R||D;ALU;-;SINE/AluJr;intronic;PML;-;-;intronic;PML;-;-;UTR3;PML;-;-;-;794;30;45	Name=AluJr	TRUE	Alu	intronic
chr15:74027472:A:G	chr15:74027472:A:G	A:G	PML	intronic	unknown	A;G;+;A||R||D;ALU;-;SINE/AluJr;intronic;PML;-;-;intronic;PML;-;-;UTR3;PML;-;-;-;793;30;48	Name=AluJr	TRUE	Alu	intronic
chr15:88642968:A:G	chr15:88642968:A:G	A:G	ISG20	intronic	unknown	A;G;+;A||R||D;ALU;-;SINE/AluJo;intronic;ISG20;-;-;intronic;ISG20;-;-;intronic;ISG20;-;-;-;265;22;31	Name=AluJo	TRUE	Alu	intronic
chr15:88642969:A:G	chr15:88642969:A:G	A:G	ISG20	intronic	unknown	A;G;+;A||R;ALU;-;SINE/AluJo;intronic;ISG20;-;-;intronic;ISG20;-;-;intronic;ISG20;-;-;-;178;21;27	Name=AluJo	TRUE	Alu	intronic
chr15:88643190:A:G	chr15:88643190:A:G	A:G	ISG20	intronic	unknown	A;G;+;A||R||D;ALU;-;SINE/AluJo;intronic;ISG20;-;-;intronic;ISG20;-;-;intronic;ISG20;-;-;-;360;27;36	Name=AluJo	TRUE	Alu	intronic
chr15:45474009:A:G	chr15:45474009:T:C	A:G	SLC30A4	downstream	unknown	.	Name=AluJb	FALSE	Alu	downstream
chr15:50706327:T:C	chr15:50706327:A:G	A:G	SPPL2A	UTR3	unknown	T;C;-;R;ALU;-;SINE/AluYa8;downstream;SPPL2A;-;-;intergenic;TRPM7||SPPL2A;-;-;intergenic;TRPM7||SPPL2A;-;-;-;0;0;0	Name=AluYa8	TRUE	Alu	UTR3
chr15:51912172:A:G	chr15:51912172:A:G	A:G	TMOD3	UTR3	unknown	A;G;+;A||R||D;ALU;-;SINE/AluSp;downstream;TMOD3;-;-;downstream;TMOD3;-;-;downstream;AF188711||TMOD3;-;-;-;608;30;49	Name=AluSp	TRUE	Alu	UTR3
chr15:51912173:A:G	chr15:51912173:A:G	A:G	TMOD3	UTR3	unknown	A;G;+;A||R;ALU;-;SINE/AluSp;downstream;TMOD3;-;-;downstream;TMOD3;-;-;downstream;AF188711||TMOD3;-;-;-;560;29;48	Name=AluSp	TRUE	Alu	UTR3
chr15:90027393:A:G	chr15:90027393:A:G	A:G	ZNF710	intronic	unknown	A;G;+;A||R;ALU;-;SINE/AluSz;intronic;ZNF710;-;-;intronic;ZNF710;-;-;intronic;ZNF710;-;-;-;9;5;5	Name=AluSz	TRUE	Alu	intronic
chr15:42527614:A:G	chr15:42527614:A:G	A:G	SNAP23	intronic	unknown	A;G;+;A||R||D;ALU;-;SINE/AluSz;intronic;SNAP23;-;-;intronic;SNAP23;-;-;intronic;SNAP23;-;-;-;673;29;48	Name=AluSz	TRUE	Alu	intronic
chr15:72599275:A:G	chr15:72599275:A:G	A:G	ARIH1	UTR3	unknown	A;G;+;A||R;ALU;-;SINE/AluSx1;intergenic;RP11-1006G14.4||RP11-1006G14.2;-;-;intergenic;MIR630||GOLGA6B;-;-;intergenic;MIR630||DQ578838;-;-;-;28;10;14	Name=AluSx1	TRUE	Alu	UTR3
chr15:51913206:A:G	chr15:51913206:A:G	A:G	TMOD3	UTR3	unknown	A;G;+;A||R||D;ALU;-;SINE/AluSx1;intergenic;TMOD3||LEO1;-;-;intergenic;TMOD3||LOC100422556;-;-;intergenic;AF188711||LEO1;-;-;-;809;30;53	Name=AluSx1	TRUE	Alu	UTR3
chr15:59270821:T:C	chr15:59270821:A:G	A:G	MYO1E	intronic	unknown	T;C;-;A||R||D;ALU;-;SINE/AluSz;ncRNA_intronic;RP11-429D19.1;-;-;intronic;MYO1E;-;-;intronic;MYO1E;-;-;-;43;12;14	Name=AluSz	TRUE	Alu	intronic
chr15:64642687:A:G	chr15:64642687:A:G	A:G	ZNF609	intronic	unknown	A;G;+;A||R||D;ALU;-;SINE/AluJb;intronic;ZNF609;-;-;intronic;ZNF609;-;-;intronic;ZNF609;-;-;-;8;4;4	Name=AluJb	TRUE	Alu	intronic
chr15:41305449:A:G	chr15:41305449:A:G	A:G	OIP5-AS1	ncRNA
exonic	unknown	A;G;+;A||R||D;ALU;-;SINE/AluSz6;ncRNA_exonic;OIP5-AS1;-;-;intergenic;OIP5-AS1||OIP5;-;-;ncRNA_exonic;BC067230;-;-;-;2527;30;54	Name=AluSz6	TRUE	Alu	ncRNA
chr15:83129012:A:G	chr15:83129012:T:C	A:G	HDGFL3	UTR3	unknown	A;G;+;A||R;ALU;-;SINE/AluJr;intronic;TM6SF1;-;-;intronic;TM6SF1;-;-;intronic;TM6SF1;-;-;-;95;15;27	Name=AluJr	TRUE	Alu	UTR3
chr15:83131012:A:G	chr15:83131012:T:C	A:G	HDGFL3	UTR3	unknown	A;G;+;A||R||D;ALU;-;SINE/AluSz;intronic;TM6SF1;-;-;intronic;TM6SF1;-;-;intronic;TM6SF1;-;-;-;127;19;31	Name=AluSz	TRUE	Alu	UTR3
chr15:85415719:T:C	chr15:85415719:T:C	A:G	AKAP13	intronic	unknown	.	Name=(T)n	FALSE	Simple
repeat	intronic
chr15:90027390:A:G	chr15:90027390:A:G	A:G	ZNF710	intronic	unknown	A;G;+;A||R;ALU;-;SINE/AluSz;intronic;ZNF710;-;-;intronic;ZNF710;-;-;intronic;ZNF710;-;-;-;8;5;5	Name=AluSz	TRUE	Alu	intronic
chr15:80714224:A:G	chr15:80714224:A:G	A:G	ABHD17C	intronic	unknown	A;G;+;A||R;ALU;-;SINE/AluJb;intronic;ABHD17C;-;-;intronic;ABHD17C;-;-;intronic;ABHD17C;-;-;-;1;1;1	Name=AluJb	TRUE	Alu	intronic
chr15:42985529:T:C	chr15:42985529:A:G	A:G	UBR1	intronic	unknown	T;C;-;A||R||D;ALU;-;SINE/AluSq2;intronic;UBR1;-;-;intronic;UBR1;-;-;intronic;UBR1;-;-;-;4;3;3	Name=AluSq2	TRUE	Alu	intronic
chr15:80482146:A:G	chr15:80482146:A:G	A:G	ARNT2	intronic	unknown	A;G;+;A;ALU;-;SINE/AluJr;intronic;ARNT2;-;-;intronic;ARNT2;-;-;intronic;ARNT2;-;-;-;4;2;3	Name=AluJr	TRUE	Alu	intronic
chr15:65718891:T:C	chr15:65718891:A:G	A:G	DENND4A	intronic	unknown	T;C;-;A||R;ALU;-;SINE/AluSx1;intronic;DENND4A;-;-;intronic;DENND4A;-;-;intronic;DENND4A;-;-;-;6;3;5	Name=AluSx1	TRUE	Alu	intronic
chr16:11555599:T:C	chr16:11555599:A:G	A:G	LITAF	intronic	unknown	T;C;-;A||R||D;ALU;-;SINE/AluJr;intronic;LITAF;-;-;intronic;LITAF;-;-;intronic;LITAF;-;-;-;175;24;29	Name=AluJr	TRUE	Alu	intronic
chr16:11575954:T:C	chr16:11575954:A:G	A:G	LITAF	intronic	unknown	T;C;-;A||R;ALU;-;SINE/AluJr;intronic;LITAF;-;-;intronic;LITAF;-;-;intronic;LITAF;-;-;-;33;4;4	Name=AluJr	TRUE	Alu	intronic
chr16:11580984:T:C	chr16:11580984:A:G	A:G	LITAF	intronic	unknown	T;C;-;A||R;ALU;-;SINE/AluJb;intronic;LITAF;-;-;intronic;LITAF;-;-;intronic;LITAF;-;-;-;32;7;7	Name=AluJb	TRUE	Alu	intronic
chr16:11581403:T:C	chr16:11581403:A:G	A:G	LITAF	intronic	unknown	T;C;-;A||R||D;ALU;-;SINE/AluJb;intronic;LITAF;-;-;intronic;LITAF;-;-;intronic;LITAF;-;-;-;32;8;8	Name=AluJb	TRUE	Alu	intronic
chr16:21640001:T:C	chr16:21640001:A:G	A:G	IGSF6	UTR3	unknown	T;C;-;A||R;ALU;-;SINE/AluSx3;intronic;METTL9;-;-;intronic;METTL9;-;-;intronic;METTL9;-;-;-;239;16;27	Name=AluSx	TRUE	Alu	UTR3
chr16:21640015:T:C	chr16:21640015:A:G	A:G	IGSF6	UTR3	unknown	T;C;-;A||R;ALU;-;SINE/AluSx3;intronic;METTL9;-;-;intronic;METTL9;-;-;intronic;METTL9;-;-;-;323;21;35	Name=AluSx	TRUE	Alu	UTR3
chr16:21640031:T:C	chr16:21640031:A:G	A:G	IGSF6	UTR3	unknown	T;C;-;A||R;ALU;-;SINE/AluSx3;intronic;METTL9;-;-;intronic;METTL9;-;-;intronic;METTL9;-;-;-;504;24;42	Name=AluSx	TRUE	Alu	UTR3
chr16:21640035:T:C	chr16:21640035:A:G	A:G	IGSF6	UTR3	unknown	T;C;-;A||R;ALU;-;SINE/AluSx3;intronic;METTL9;-;-;intronic;METTL9;-;-;intronic;METTL9;-;-;-;271;22;37	Name=AluSx	TRUE	Alu	UTR3
chr16:21640075:T:C	chr16:21640075:A:G	A:G	IGSF6	UTR3	unknown	T;C;-;A||R;ALU;-;SINE/AluSx3;intronic;METTL9;-;-;intronic;METTL9;-;-;intronic;METTL9;-;-;-;517;26;43	Name=AluSx	TRUE	Alu	UTR3
chr16:21640135:T:C	chr16:21640135:A:G	A:G	IGSF6	UTR3	unknown	T;C;-;A||R;ALU;-;SINE/AluSx3;intronic;METTL9;-;-;intronic;METTL9;-;-;intronic;METTL9;-;-;-;355;24;40	Name=AluSx	TRUE	Alu	UTR3
chr16:21640138:T:C	chr16:21640138:A:G	A:G	IGSF6	UTR3	unknown	T;C;-;A||R;ALU;rs559891156;SINE/AluSx3;intronic;METTL9;-;-;intronic;METTL9;-;-;intronic;METTL9;-;-;-;538;25;44	Name=AluSx	TRUE	Alu	UTR3
chr16:21640143:T:C	chr16:21640143:A:G	A:G	IGSF6	UTR3	unknown	T;C;-;A||R;ALU;-;SINE/AluSx3;intronic;METTL9;-;-;intronic;METTL9;-;-;intronic;METTL9;-;-;-;391;24;42	Name=AluSx	TRUE	Alu	UTR3
chr16:21640210:T:C	chr16:21640210:A:G	A:G	IGSF6	UTR3	unknown	T;C;-;A||R;ALU;-;SINE/AluSx3;intronic;METTL9;-;-;intronic;METTL9;-;-;intronic;METTL9;-;-;-;375;23;39	Name=AluSx	TRUE	Alu	UTR3
chr16:21640211:T:C	chr16:21640211:A:G	A:G	IGSF6	UTR3	unknown	T;C;-;A||R;ALU;-;SINE/AluSx3;intronic;METTL9;-;-;intronic;METTL9;-;-;intronic;METTL9;-;-;-;588;24;43	Name=AluSx	TRUE	Alu	UTR3
chr16:21640219:T:C	chr16:21640219:A:G	A:G	IGSF6	UTR3	unknown	T;C;-;A||R;ALU;-;SINE/AluSx3;intronic;METTL9;-;-;intronic;METTL9;-;-;intronic;METTL9;-;-;-;770;26;46	Name=AluSx	TRUE	Alu	UTR3
chr16:21640494:T:C	chr16:21640494:A:G	A:G	IGSF6	UTR3	unknown	T;C;-;A||R;ALU;-;SINE/AluSx;intronic;METTL9;-;-;intronic;METTL9;-;-;intronic;METTL9;-;-;-;396;21;39	Name=AluSx	TRUE	Alu	UTR3
chr16:21640506:T:C	chr16:21640506:A:G	A:G	IGSF6	UTR3	unknown	T;C;-;A||R;ALU;-;SINE/AluSx;intronic;METTL9;-;-;intronic;METTL9;-;-;intronic;METTL9;-;-;-;403;26;44	Name=AluSx	TRUE	Alu	UTR3
chr16:21640507:T:C	chr16:21640507:A:G	A:G	IGSF6	UTR3	unknown	T;C;-;A||R;ALU;-;SINE/AluSx;intronic;METTL9;-;-;intronic;METTL9;-;-;intronic;METTL9;-;-;-;287;23;40	Name=AluSx	TRUE	Alu	UTR3
chr16:21640568:T:C	chr16:21640568:A:G	A:G	IGSF6	UTR3	unknown	T;C;-;A||R;ALU;-;SINE/AluSx;intronic;METTL9;-;-;intronic;METTL9;-;-;intronic;METTL9;-;-;-;184;16;29	Name=AluSx	TRUE	Alu	UTR3
chr16:21640585:T:C	chr16:21640585:A:G	A:G	IGSF6	UTR3	unknown	T;C;-;A||R;ALU;-;SINE/AluSx;intronic;METTL9;-;-;intronic;METTL9;-;-;intronic;METTL9;-;-;-;86;9;13	Name=AluSx	TRUE	Alu	UTR3
chr16:21640645:T:C	chr16:21640645:A:G	A:G	IGSF6	UTR3	unknown	T;C;-;A||R;ALU;-;SINE/AluSx;intronic;METTL9;-;-;intronic;METTL9;-;-;intronic;METTL9;-;-;-;149;11;22	Name=AluSx	TRUE	Alu	UTR3
chr16:21640707:T:C	chr16:21640707:A:G	A:G	IGSF6	UTR3	unknown	T;C;-;A||R;ALU;-;SINE/AluSx;intronic;METTL9;-;-;intronic;METTL9;-;-;intronic;METTL9;-;-;-;272;19;35	Name=AluSx	TRUE	Alu	UTR3
chr16:21640710:T:C	chr16:21640710:A:G	A:G	IGSF6	UTR3	unknown	T;C;-;A||R;ALU;-;SINE/AluSx;intronic;METTL9;-;-;intronic;METTL9;-;-;intronic;METTL9;-;-;-;200;15;27	Name=AluSx	TRUE	Alu	UTR3
chr16:22285539:A:G	chr16:22285539:A:G	A:G	EEF2K	UTR3	unknown	A;G;+;A||R||D;ALU;-;SINE/AluJo;UTR3;EEF2K;-;-;UTR3;EEF2K;-;-;UTR3;EEF2K;-;-;-;2409;30;55	Name=AluJo	TRUE	Alu	UTR3
chr16:31123721:A:G	chr16:31123721:A:G	A:G	KAT8	intronic	unknown	A;G;+;A||R||D;ALU;-;SINE/AluSz6;intronic;KAT8;-;-;intronic;KAT8;-;-;intronic;KAT8;-;-;-;2425;30;55	Name=AluSz6	TRUE	Alu	intronic
chr16:31368247:A:G	chr16:31368247:A:G	A:G	ITGAX	intronic	unknown	A;G;+;A||R||D;ALU;-;SINE/AluSx1;intronic;ITGAX;-;-;intronic;ITGAX;-;-;intronic;ITGAX;-;-;-;219;10;17	Name=AluSx1	TRUE	Alu	intronic
chr16:31368251:A:G	chr16:31368251:A:G	A:G	ITGAX	intronic	unknown	A;G;+;A||R;ALU;-;SINE/AluSx1;intronic;ITGAX;-;-;intronic;ITGAX;-;-;intronic;ITGAX;-;-;-;292;15;22	Name=AluSx1	TRUE	Alu	intronic
chr16:48354469:A:G	chr16:48354469:A:G	A:G	LONP2	UTR3	unknown	A;G;+;A||R||D;ALU;-;SINE/AluSz;UTR3;LONP2;-;-;ncRNA_intronic;MIR5095||MIR548AE2;-;-;ncRNA_intronic;MIR548AE2;-;-;-;2252;30;55	Name=AluSz	TRUE	Alu	UTR3
chr16:48354470:A:G	chr16:48354470:A:G	A:G	LONP2	UTR3	unknown	A;G;+;A||R||D;ALU;-;SINE/AluSz;UTR3;LONP2;-;-;ncRNA_intronic;MIR5095||MIR548AE2;-;-;ncRNA_intronic;MIR548AE2;-;-;-;1575;30;55	Name=AluSz	TRUE	Alu	UTR3
chr16:50105652:A:G	chr16:50105652:A:G	A:G	HEATR3	UTR3	unknown	A;G;+;A||R||D;ALU;-;SINE/AluSx1;ncRNA_intronic;RP11-429P3.5;-;-;downstream;HEATR3;-;-;upstream;AF086132;-;-;-;2105;30;54	Name=AluSx1	TRUE	Alu	UTR3
chr16:50105669:A:G	chr16:50105669:A:G	A:G	HEATR3	UTR3	unknown	A;G;+;A||R||D;ALU;-;SINE/AluSx1;ncRNA_intronic;RP11-429P3.5;-;-;downstream;HEATR3;-;-;upstream;AF086132;-;-;-;2103;30;54	Name=AluSx1	TRUE	Alu	UTR3
chr16:50105806:A:G	chr16:50105806:A:G	A:G	HEATR3	UTR3	unknown	A;G;+;A||R||D;ALU;-;SINE/AluSx1;ncRNA_intronic;RP11-429P3.5;-;-;downstream;HEATR3;-;-;upstream;AF086132;-;-;-;931;29;52	Name=AluSx1	TRUE	Alu	UTR3
chr16:50105845:A:G	chr16:50105845:A:G	A:G	HEATR3	UTR3	unknown	A;G;+;A||R||D;ALU;-;SINE/AluSx1;ncRNA_intronic;RP11-429P3.5;-;-;downstream;HEATR3;-;-;ncRNA_exonic;AF086132;-;-;-;1764;30;53	Name=AluSx1	TRUE	Alu	UTR3
chr16:57064012:A:G	chr16:57064012:A:G	A:G	NLRC5	intronic	unknown	A;G;+;A||R||D;ALU;-;SINE/AluY;intronic;NLRC5;-;-;intronic;NLRC5;-;-;intronic;NLRC5;-;-;-;108;15;21	Name=AluY	TRUE	Alu	intronic
chr16:57792718:T:C	chr16:57792718:A:G	A:G	KIFC3	intronic	unknown	T;C;-;A||R;ALU;-;SINE/AluJb;intronic;KIFC3;-;-;intronic;KIFC3;-;-;intronic;KIFC3;-;-;-;29;12;12	Name=AluJb	TRUE	Alu	intronic
chr16:69210948:A:G	chr16:69210948:A:G	A:G	SNTB2	intronic	unknown	A;G;+;A;ALU;-;SINE/AluSx;intronic;SNTB2;-;-;intronic;SNTB2;-;-;intronic;SNTB2;-;-;-;1;1;1	Name=AluSx	TRUE	Alu	intronic
chr16:70248674:T:C	chr16:70248674:A:G	A:G	EXOSC6	UTR3	unknown	T;C;-;A||R||D;ALU;-;SINE/AluJb;intergenic;snoU13||EXOSC6;-;-;intergenic;SMG1P7||EXOSC6;-;-;intergenic;AK308867||EXOSC6;-;-;-;2132;30;55	Name=AluJb	TRUE	Alu	UTR3
chr16:70248733:T:C	chr16:70248733:A:G	A:G	EXOSC6	UTR3	unknown	T;C;-;A||R;ALU;-;SINE/AluJb;intergenic;snoU13||EXOSC6;-;-;intergenic;SMG1P7||EXOSC6;-;-;intergenic;AK308867||EXOSC6;-;-;-;1633;30;54	Name=AluJb	TRUE	Alu	UTR3
chr16:70249181:T:C	chr16:70249181:A:G	A:G	EXOSC6	UTR3	unknown	T;C;-;A||R;ALU;-;SINE/AluSz;intergenic;snoU13||EXOSC6;-;-;intergenic;SMG1P7||EXOSC6;-;-;intergenic;AK308867||EXOSC6;-;-;-;2117;30;54	Name=AluSz	TRUE	Alu	UTR3
chr16:70249315:T:C	chr16:70249315:A:G	A:G	EXOSC6	UTR3	unknown	T;C;-;A||R||D;ALU;-;SINE/AluSz;downstream;EXOSC6;-;-;downstream;EXOSC6;-;-;downstream;EXOSC6;-;-;-;2035;30;55	Name=AluSz	TRUE	Alu	UTR3
chr16:70249336:T:C	chr16:70249336:A:G	A:G	EXOSC6	UTR3	unknown	T;C;-;A||R||D;ALU;-;SINE/AluSz;downstream;EXOSC6;-;-;downstream;EXOSC6;-;-;downstream;EXOSC6;-;-;-;1742;30;55	Name=AluSz	TRUE	Alu	UTR3
chr16:70376772:T:C	chr16:70376772:A:G	A:G	ST3GAL2	UTR3	unknown	T;C;-;A||R;ALU;-;SINE/AluSg7;intergenic;DDX19A||ST3GAL2;-;-;intergenic;DDX19A||ST3GAL2;-;-;intergenic;DDX19A||ST3GAL2;-;-;-;987;30;53	Name=AluSg7	TRUE	Alu	UTR3
chr16:75445496:T:C	chr16:75445496:A:G	A:G	TMEM170A	UTR3	unknown	T;C;-;A||R||D;ALU;-;SINE/AluJb;UTR3;TMEM170A;-;-;UTR3;TMEM170A;-;-;UTR3;TMEM170A;-;-;-;1919;30;55	Name=AluJb	TRUE	Alu	UTR3
chr16:75445919:T:C	chr16:75445919:A:G	A:G	TMEM170A	UTR3	unknown	T;C;-;A||R||D;ALU;-;SINE/AluSg4;UTR3;TMEM170A;-;-;UTR3;TMEM170A;-;-;UTR3;TMEM170A;-;-;-;1003;30;55	Name=AluSg4	TRUE	Alu	UTR3
chr16:15701100:A:G	chr16:15701100:A:G	A:G	NDE1	intronic	unknown	A;G;+;A||R||D;ALU;-;SINE/AluSx;intronic;NDE1;-;-;intronic;NDE1;-;-;intronic;NDE1;-;-;-;1651;30;54	Name=AluSx	TRUE	Alu	intronic
chr16:15727240:A:G	chr16:15727240:T:C	A:G	MYH11	intronic	unknown	A;G;+;R||D;ALU;-;SINE/AluSx1;ncRNA_intronic;AF001548.5;-;-;intronic;MYH11;-;-;intronic;MYH11;-;-;-;150;20;28	Name=AluSx1	TRUE	Alu	intronic
chr16:15727275:A:G	chr16:15727275:T:C	A:G	MYH11	intronic	unknown	A;G;+;R;ALU;-;SINE/AluSx1;ncRNA_intronic;AF001548.5;-;-;intronic;MYH11;-;-;intronic;MYH11;-;-;-;159;20;27	Name=AluSx1	TRUE	Alu	intronic
chr16:15727398:A:G	chr16:15727398:T:C	A:G	MYH11	intronic	unknown	A;G;+;R;ALU;-;SINE/AluSx1;ncRNA_intronic;AF001548.5;-;-;intronic;MYH11;-;-;intronic;MYH11;-;-;-;241;23;29	Name=AluSx1	TRUE	Alu	intronic
chr16:20856196:T:C	chr16:20856196:A:G	A:G	DCUN1D3	UTR3	unknown	T;C;-;A||R;REP;-;DNA/MADE1;UTR3;DCUN1D3;-;-;intergenic;LOC81691||DCUN1D3;-;-;intronic;ERI2;-;-;-;1278;30;53	Name=MADE1	TRUE	Other	UTR3
chr16:21639981:T:C	chr16:21639981:A:G	A:G	IGSF6	UTR3	unknown	T;C;-;A||R;ALU;-;SINE/AluSx3;intronic;METTL9;-;-;intronic;METTL9;-;-;intronic;METTL9;-;-;-;305;21;34	Name=AluSx	TRUE	Alu	UTR3
chr16:21640635:T:C	chr16:21640635:A:G	A:G	IGSF6	UTR3	unknown	T;C;-;A||R;ALU;-;SINE/AluSx;intronic;METTL9;-;-;intronic;METTL9;-;-;intronic;METTL9;-;-;-;54;8;10	Name=AluSx	TRUE	Alu	UTR3
chr16:21640655:T:C	chr16:21640655:A:G	A:G	IGSF6	UTR3	unknown	T;C;-;A||R;ALU;-;SINE/AluSx;intronic;METTL9;-;-;intronic;METTL9;-;-;intronic;METTL9;-;-;-;128;10;12	Name=AluSx	TRUE	Alu	UTR3
chr16:21640658:T:C	chr16:21640658:A:G	A:G	IGSF6	UTR3	unknown	T;C;-;A||R;ALU;-;SINE/AluSx;intronic;METTL9;-;-;intronic;METTL9;-;-;intronic;METTL9;-;-;-;226;14;26	Name=AluSx	TRUE	Alu	UTR3
chr16:31363547:A:G	chr16:31363547:A:G	A:G	ITGAX	intronic	unknown	A;G;+;A||R;ALU;-;SINE/AluSx;intronic;ITGAX;-;-;intronic;ITGAX;-;-;intronic;ITGAX;-;-;-;184;8;10	Name=AluSx	TRUE	Alu	intronic
chr16:31456213:T:C	chr16:31456213:T:C	A:G	ARMC5	upstream	unknown	T;C;-;A||R||D;ALU;-;SINE/AluSz;downstream;RP11-452L6.5;-;-;intergenic;ZNF843||ARMC5;-;-;intergenic;ZNF843||ARMC5;-;-;-;1058;30;51	Name=AluSz	TRUE	Alu	upstream
chr16:57063937:A:G	chr16:57063937:A:G	A:G	NLRC5	intronic	unknown	A;G;+;A||R;ALU;-;SINE/AluY;intronic;NLRC5;-;-;intronic;NLRC5;-;-;intronic;NLRC5;-;-;-;88;11;15	Name=AluY	TRUE	Alu	intronic
chr16:57774644:T:C	chr16:57774644:A:G	A:G	KIFC3	intronic	unknown	T;C;-;A||R||D;ALU;-;SINE/AluJr;intronic;KIFC3;-;-;intronic;KIFC3;-;-;intronic;KIFC3;-;-;-;603;28;38	Name=AluJr	TRUE	Alu	intronic
chr16:57781055:T:C	chr16:57781055:A:G	A:G	KIFC3	intronic	unknown	T;C;-;A||R;ALU;-;SINE/AluJo;intronic;KIFC3;-;-;intronic;KIFC3;-;-;intronic;KIFC3;-;-;-;231;19;25	Name=AluJo	TRUE	Alu	intronic
chr16:57794507:T:C	chr16:57794507:A:G	A:G	KIFC3	intronic	unknown	T;C;-;A||R;ALU;-;SINE/AluJo;intronic;KIFC3;-;-;intronic;KIFC3;-;-;intronic;KIFC3;-;-;-;129;21;29	Name=AluJo	TRUE	Alu	intronic
chr16:70248678:T:C	chr16:70248678:A:G	A:G	EXOSC6	UTR3	unknown	T;C;-;A||R;ALU;-;SINE/AluJb;intergenic;snoU13||EXOSC6;-;-;intergenic;SMG1P7||EXOSC6;-;-;intergenic;AK308867||EXOSC6;-;-;-;1516;30;53	Name=AluJb	TRUE	Alu	UTR3
chr16:70249335:T:C	chr16:70249335:A:G	A:G	EXOSC6	UTR3	unknown	T;C;-;A||R||D;ALU;-;SINE/AluSz;downstream;EXOSC6;-;-;downstream;EXOSC6;-;-;downstream;EXOSC6;-;-;-;1315;30;54	Name=AluSz	TRUE	Alu	UTR3
chr16:70377069:T:C	chr16:70377069:A:G	A:G	ST3GAL2	UTR3	unknown	T;C;-;R;NONREP;-;-/-;intergenic;DDX19A||ST3GAL2;-;-;intergenic;DDX19A||ST3GAL2;-;-;intergenic;DDX19A||ST3GAL2;-;-;-;372;26;47	.	TRUE	None	UTR3
chr16:75445426:T:C	chr16:75445426:A:G	A:G	TMEM170A	UTR3	unknown	T;C;-;A||R||D;ALU;-;SINE/AluJb;UTR3;TMEM170A;-;-;UTR3;TMEM170A;-;-;UTR3;TMEM170A;-;-;-;1769;30;55	Name=AluJb	TRUE	Alu	UTR3
chr16:75445433:T:C	chr16:75445433:A:G	A:G	TMEM170A	UTR3	unknown	T;C;-;A||R||D;ALU;-;SINE/AluJb;UTR3;TMEM170A;-;-;UTR3;TMEM170A;-;-;UTR3;TMEM170A;-;-;-;1932;30;55	Name=AluJb	TRUE	Alu	UTR3
chr16:75445523:T:C	chr16:75445523:A:G	A:G	TMEM170A	UTR3	unknown	T;C;-;A||R||D;ALU;-;SINE/AluJb;UTR3;TMEM170A;-;-;UTR3;TMEM170A;-;-;UTR3;TMEM170A;-;-;-;1815;30;55	Name=AluJb	TRUE	Alu	UTR3
chr16:75445569:T:C	chr16:75445569:A:G	A:G	TMEM170A	UTR3	unknown	T;C;-;A||R||D;ALU;-;SINE/AluJb;UTR3;TMEM170A;-;-;UTR3;TMEM170A;-;-;UTR3;TMEM170A;-;-;-;1142;30;55	Name=AluJb	TRUE	Alu	UTR3
chr16:75445570:T:C	chr16:75445570:A:G	A:G	TMEM170A	UTR3	unknown	T;C;-;A||R||D;ALU;-;SINE/AluJb;UTR3;TMEM170A;-;-;UTR3;TMEM170A;-;-;UTR3;TMEM170A;-;-;-;1042;30;55	Name=AluJb	TRUE	Alu	UTR3
chr16:75445576:T:C	chr16:75445576:A:G	A:G	TMEM170A	UTR3	unknown	T;C;-;A||R||D;ALU;-;SINE/AluJb;UTR3;TMEM170A;-;-;UTR3;TMEM170A;-;-;UTR3;TMEM170A;-;-;-;1860;30;54	Name=AluJb	TRUE	Alu	UTR3
chr16:75445586:T:C	chr16:75445586:A:G	A:G	TMEM170A	UTR3	unknown	T;C;-;A||R||D;ALU;-;SINE/AluJb;UTR3;TMEM170A;-;-;UTR3;TMEM170A;-;-;UTR3;TMEM170A;-;-;-;1469;30;55	Name=AluJb	TRUE	Alu	UTR3
chr16:75445933:T:C	chr16:75445933:A:G	A:G	TMEM170A	UTR3	unknown	T;C;-;A||R||D;ALU;-;SINE/AluSg4;UTR3;TMEM170A;-;-;UTR3;TMEM170A;-;-;UTR3;TMEM170A;-;-;-;1217;30;55	Name=AluSg4	TRUE	Alu	UTR3
chr16:75445993:T:C	chr16:75445993:A:G	A:G	TMEM170A	UTR3	unknown	T;C;-;A||R||D;ALU;-;SINE/AluSg4;UTR3;TMEM170A;-;-;UTR3;TMEM170A;-;-;UTR3;TMEM170A;-;-;-;1531;30;54	Name=AluSg4	TRUE	Alu	UTR3
chr16:75446009:T:C	chr16:75446009:A:G	A:G	TMEM170A	UTR3	unknown	T;C;-;A||R||D;ALU;-;SINE/AluSg4;UTR3;TMEM170A;-;-;UTR3;TMEM170A;-;-;UTR3;TMEM170A;-;-;-;1869;30;55	Name=AluSg4	TRUE	Alu	UTR3
chr16:75446112:T:C	chr16:75446112:A:G	A:G	TMEM170A	UTR3	unknown	T;C;-;A||R||D;ALU;-;SINE/AluSg4;UTR3;TMEM170A;-;-;UTR3;TMEM170A;-;-;UTR3;TMEM170A;-;-;-;958;30;55	Name=AluSg4	TRUE	Alu	UTR3
chr16:15727264:A:G	chr16:15727264:T:C	A:G	MYH11	intronic	unknown	A;G;+;R;ALU;-;SINE/AluSx1;ncRNA_intronic;AF001548.5;-;-;intronic;MYH11;-;-;intronic;MYH11;-;-;-;175;22;29	Name=AluSx1	TRUE	Alu	intronic
chr16:15727265:A:G	chr16:15727265:T:C	A:G	MYH11	intronic	unknown	A;G;+;R;ALU;-;SINE/AluSx1;ncRNA_intronic;AF001548.5;-;-;intronic;MYH11;-;-;intronic;MYH11;-;-;-;150;22;30	Name=AluSx1	TRUE	Alu	intronic
chr16:15727705:A:G	chr16:15727705:T:C	A:G	MYH11	intronic	unknown	A;G;+;R||D;ALU;-;SINE/AluJr;ncRNA_intronic;AF001548.5;-;-;intronic;MYH11;-;-;intronic;MYH11;-;-;-;323;25;37	Name=AluJr	TRUE	Alu	intronic
chr16:15728184:A:G	chr16:15728184:T:C	A:G	MYH11	intronic	unknown	A;G;+;R;ALU;-;SINE/AluSz;ncRNA_intronic;AF001548.5;-;-;intronic;MYH11;-;-;intronic;MYH11;-;-;-;227;21;30	Name=AluSz	TRUE	Alu	intronic
chr16:21640084:T:C	chr16:21640084:A:G	A:G	IGSF6	UTR3	unknown	T;C;-;A||R;ALU;-;SINE/AluSx3;intronic;METTL9;-;-;intronic;METTL9;-;-;intronic;METTL9;-;-;-;503;25;43	Name=AluSx	TRUE	Alu	UTR3
chr16:21640086:T:C	chr16:21640086:A:G	A:G	IGSF6	UTR3	unknown	T;C;-;A||R;ALU;-;SINE/AluSx3;intronic;METTL9;-;-;intronic;METTL9;-;-;intronic;METTL9;-;-;-;558;26;44	Name=AluSx	TRUE	Alu	UTR3
chr16:21640134:T:C	chr16:21640134:A:G	A:G	IGSF6	UTR3	unknown	T;C;-;A||R;ALU;-;SINE/AluSx3;intronic;METTL9;-;-;intronic;METTL9;-;-;intronic;METTL9;-;-;-;301;22;37	Name=AluSx	TRUE	Alu	UTR3
chr16:23420898:T:C	chr16:23420898:A:G	A:G	COG7	intronic	unknown	T;C;-;A||R;ALU;-;SINE/AluJb;intronic;COG7;-;-;intronic;COG7;-;-;intronic;COG7;-;-;-;17;12;13	Name=AluJb	TRUE	Alu	intronic
chr16:3647413:A:G	chr16:3647413:A:G	A:G	DNASE1	upstream	unknown	A;G;+;A||R;ALU;-;SINE/AluJb;intronic;DNASE1;-;-;intergenic;SLX4||DNASE1;-;-;intergenic;SLX4||DNASE1;-;-;-;7;7;7	Name=AluJb	TRUE	Alu	upstream
chr16:67995771:T:C	chr16:67995771:A:G	A:G	DPEP2	intronic	unknown	T;C;-;R;ALU;-;SINE/AluSx;intronic;DPEP2;-;-;intronic;DPEP2;-;-;intronic;DPEP2;-;-;-;97;8;8	Name=AluSx	TRUE	Alu	intronic
chr16:67995842:T:C	chr16:67995842:A:G	A:G	DPEP2	intronic	unknown	T;C;-;A||R;ALU;-;SINE/AluSx;intronic;DPEP2;-;-;intronic;DPEP2;-;-;intronic;DPEP2;-;-;-;184;12;17	Name=AluSx	TRUE	Alu	intronic
chr16:70247172:T:C	chr16:70247172:A:G	A:G	EXOSC6	UTR3	unknown	T;C;-;A||R||D;ALU;-;SINE/AluSz6;intergenic;snoU13||EXOSC6;-;-;intergenic;SMG1P7||EXOSC6;-;-;intergenic;AK308867||EXOSC6;-;-;-;1502;30;53	Name=AluSz6	TRUE	Alu	UTR3
chr16:70376902:T:C	chr16:70376902:A:G	A:G	ST3GAL2	UTR3	unknown	T;C;-;A||R;ALU;-;SINE/AluSg7;intergenic;DDX19A||ST3GAL2;-;-;intergenic;DDX19A||ST3GAL2;-;-;intergenic;DDX19A||ST3GAL2;-;-;-;299;28;49	Name=AluSg7	TRUE	Alu	UTR3
chr16:73005451:T:C	chr16:73005451:A:G	A:G	ZFHX3	intronic	unknown	T;C;-;A||R;ALU;-;SINE/AluSg;intronic;ZFHX3;-;-;intronic;ZFHX3;-;-;intronic;ZFHX3;-;-;-;8;7;7	Name=AluSg	TRUE	Alu	intronic
chr16:15728067:A:G	chr16:15728067:T:C	A:G	MYH11	intronic	unknown	A;G;+;R;ALU;-;SINE/AluSz;ncRNA_intronic;AF001548.5;-;-;intronic;MYH11;-;-;intronic;MYH11;-;-;-;0;0;0	Name=AluSz	TRUE	Alu	intronic
chr16:21640167:T:C	chr16:21640167:A:G	A:G	IGSF6	UTR3	unknown	T;C;-;A||R;ALU;-;SINE/AluSx3;intronic;METTL9;-;-;intronic;METTL9;-;-;intronic;METTL9;-;-;-;644;25;44	Name=AluSx	TRUE	Alu	UTR3
chr16:28510981:A:G	chr16:28510981:T:C	A:G	IL27	upstream	unknown	.	Name=AluJr	FALSE	Alu	upstream
chr16:28510982:A:G	chr16:28510982:T:C	A:G	IL27	upstream	unknown	.	Name=AluJr	FALSE	Alu	upstream
chr16:28515303:A:G	chr16:28515303:T:C	A:G	IL27	upstream	unknown	.	Name=AluJb	FALSE	Alu	upstream
chr16:28515391:A:G	chr16:28515391:T:C	A:G	IL27	upstream	unknown	.	Name=AluJb	FALSE	Alu	upstream
chr16:28515433:A:G	chr16:28515433:T:C	A:G	IL27	upstream	unknown	.	Name=AluJb	FALSE	Alu	upstream
chr16:29829227:A:G	chr16:29829227:A:G	A:G	MVP	intronic	unknown	A;G;+;A||R;ALU;-;SINE/AluJr;intronic;MVP;-;-;intronic;MVP;-;-;intronic;MVP;-;-;-;68;17;21	Name=AluJr	TRUE	Alu	intronic
chr16:57063213:A:G	chr16:57063213:A:G	A:G	NLRC5	intronic	unknown	A;G;+;R||D;ALU;-;SINE/AluSq2;intronic;NLRC5;-;-;intronic;NLRC5;-;-;intronic;NLRC5;-;-;-;31;7;9	Name=AluSq2	TRUE	Alu	intronic
chr16:57063242:A:G	chr16:57063242:A:G	A:G	NLRC5	intronic	unknown	A;G;+;R;ALU;-;SINE/AluSq2;intronic;NLRC5;-;-;intronic;NLRC5;-;-;intronic;NLRC5;-;-;-;15;4;5	Name=AluSq2	TRUE	Alu	intronic
chr16:57064907:A:G	chr16:57064907:A:G	A:G	NLRC5	intronic	unknown	A;G;+;R;ALU;-;SINE/AluSq2;intronic;NLRC5;-;-;intronic;NLRC5;-;-;intronic;NLRC5;-;-;-;111;15;18	Name=AluSq2	TRUE	Alu	intronic
chr16:67589078:A:G	chr16:67589078:A:G	A:G	CTCF	intronic	unknown	A;G;+;A||R;ALU;-;SINE/AluJr;intronic;CTCF;-;-;intronic;CTCF;-;-;intronic;CTCF;-;-;-;3;3;3	Name=AluJr	TRUE	Alu	intronic
chr16:75446012:T:C	chr16:75446012:A:G	A:G	TMEM170A	UTR3	unknown	T;C;-;A||R||D;ALU;-;SINE/AluSg4;UTR3;TMEM170A;-;-;UTR3;TMEM170A;-;-;UTR3;TMEM170A;-;-;-;1656;30;55	Name=AluSg4	TRUE	Alu	UTR3
chr16:8915479:C:T	chr16:8915479:G:A	C:T	USP7	exonic	nonsynonymous SNV	.	.	FALSE	None	exonic
chr16:11555130:T:C	chr16:11555130:A:G	A:G	LITAF	intronic	unknown	T;C;-;A||R;ALU;-;SINE/AluJr;intronic;LITAF;-;-;intronic;LITAF;-;-;intronic;LITAF;-;-;-;73;15;16	Name=AluJr	TRUE	Alu	intronic
chr16:11555131:T:C	chr16:11555131:A:G	A:G	LITAF	intronic	unknown	T;C;-;A||R;ALU;-;SINE/AluJr;intronic;LITAF;-;-;intronic;LITAF;-;-;intronic;LITAF;-;-;-;72;14;17	Name=AluJr	TRUE	Alu	intronic
chr16:1462513:T:C	chr16:1462513:A:G	A:G	CLCN7	intronic	unknown	.	Name=AluSz	FALSE	Alu	intronic
chr16:15727436:A:G	chr16:15727436:T:C	A:G	MYH11	intronic	unknown	A;G;+;R;ALU;-;SINE/AluSx1;ncRNA_intronic;AF001548.5;-;-;intronic;MYH11;-;-;intronic;MYH11;-;-;-;232;22;33	Name=AluSx1	TRUE	Alu	intronic
chr16:28523558:A:G	chr16:28523558:T:C	A:G	NUPR1	downstream	unknown	.	Name=AluJr	FALSE	Alu	downstream
chr16:28523570:A:G	chr16:28523570:T:C	A:G	NUPR1	downstream	unknown	.	Name=AluJr	FALSE	Alu	downstream
chr16:57781301:T:C	chr16:57781301:A:G	A:G	KIFC3	intronic	unknown	T;C;-;A||R;ALU;-;SINE/AluJo;intronic;KIFC3;-;-;intronic;KIFC3;-;-;intronic;KIFC3;-;-;-;304;22;29	Name=AluJo	TRUE	Alu	intronic
chr16:70378275:T:C	chr16:70378275:A:G	A:G	ST3GAL2	UTR3	unknown	T;C;-;A||R;ALU;-;SINE/AluSx;intergenic;DDX19A||ST3GAL2;-;-;intergenic;DDX19A||ST3GAL2;-;-;intergenic;DDX19A||ST3GAL2;-;-;-;103;20;33	Name=AluSx	TRUE	Alu	UTR3
chr16:14008155:T:C	chr16:14008155:A:G	A:G	LINC02185	downstream	unknown	T;C;-;A||R;REP;-;SINE/FLAM_A;intergenic;CTD-2135D7.3||CTD-2135D7.5;-;-;intergenic;ERCC4||LOC101927311;-;-;intergenic;ERCC4||BC039386;-;-;-;602;25;45	Name=FLAM_A	TRUE	Other	downstream
chr16:30550010:T:C	chr16:30550010:A:G	A:G	ZNF764	downstream	unknown	T;C;-;A||R;ALU;-;SINE/AluJb;intronic;AC002310.13;-;-;intergenic;ZNF747||ZNF764;-;-;intergenic;AK056973||ZNF764;-;-;-;581;29;53	Name=AluJb	TRUE	Alu	downstream
chr16:15084681:C:T	chr16:15084681:G:A	C:T	RRN3	exonic	nonsynonymous SNV	.	.	FALSE	None	exonic
chr16:21810027:T:C	chr16:21810027:A:G	A:G	RRN3P1	ncRNA
intronic	unknown	T;C;-;R;ALU;-;SINE/AluSp;intergenic;RRN3P1||NPIPB4;-;-;ncRNA_intronic;RRN3P1;-;-;intronic;RRN3P1;-;-;-;0;0;0	Name=AluSp	TRUE	Alu	ncRNA
chr16:89415338:T:C	chr16:89415338:A:G	A:G	ANKRD11	intronic	unknown	T;C;-;A||R;ALU;-;SINE/AluY;intronic;ANKRD11;-;-;intronic;ANKRD11;-;-;intronic;ANKRD11;-;-;635;507;3;2;2	Name=AluY	TRUE	Alu	intronic
chr16:73004466:T:C	chr16:73004466:A:G	A:G	ZFHX3	intronic	unknown	T;C;-;A||R;ALU;-;SINE/AluSq4;intronic;ZFHX3;-;-;intronic;ZFHX3;-;-;intronic;ZFHX3;-;-;-;33;12;15	Name=AluSq4	TRUE	Alu	intronic
chr16:57780345:T:C	chr16:57780345:A:G	A:G	KIFC3	intronic	unknown	T;C;-;A||R;ALU;-;SINE/AluSx;intronic;KIFC3;-;-;intronic;KIFC3;-;-;intronic;KIFC3;-;-;-;105;18;21	Name=AluSx	TRUE	Alu	intronic
chr16:57773619:T:C	chr16:57773619:A:G	A:G	KIFC3	intronic	unknown	T;C;-;A||R;ALU;-;SINE/AluJr;intronic;KIFC3;-;-;intronic;KIFC3;-;-;intronic;KIFC3;-;-;-;714;28;44	Name=AluJr	TRUE	Alu	intronic
chr16:22493425:A:G	chr16:22493425:A:G	A:G	SMG1P1	downstream	unknown	A;G;+;R;ALU;-;SINE/AluY;intergenic;SMG1P1||NPIPB5;-;-;intergenic;SMG1P1||NPIPB5;-;-;intronic;LOC100132247;-;-;-;12;8;8	Name=AluY	TRUE	Alu	downstream
chr16:89546269:A:G	chr16:89546269:A:G	A:G	SPG7	intronic	unknown	A;G;+;A||R;ALU;-;SINE/AluSx1;intronic;SPG7;-;-;intronic;SPG7;-;-;intronic;SPG7;-;-;-;774;29;52	Name=AluSx1	TRUE	Alu	intronic
chr16:73006511:T:C	chr16:73006511:A:G	A:G	ZFHX3	intronic	unknown	T;C;-;A||R;ALU;-;SINE/AluJb;intronic;ZFHX3;-;-;intronic;ZFHX3;-;-;intronic;ZFHX3;-;-;-;6;5;5	Name=AluJb	TRUE	Alu	intronic
chr16:81030902:A:G	chr16:81030902:A:G	A:G	CENPN	UTR3	unknown	A;G;+;A||R||D;ALU;-;SINE/AluSg;ncRNA_exonic;RP11-303E16.2;-;-;UTR3;CENPN;-;-;UTR3;CENPN;-;-;-;988;28;51	Name=AluSg	TRUE	Alu	UTR3
chr16:28511504:A:G	chr16:28511504:T:C	A:G	IL27	upstream	unknown	A;G;+;A;ALU;-;SINE/AluJo;intergenic;IL27||NUPR1;-;-;intergenic;IL27||NUPR1;-;-;intronic;NPIPL1;-;-;-;7;3;3	Name=AluJo	TRUE	Alu	upstream
chr16:28511511:A:G	chr16:28511511:T:C	A:G	IL27	upstream	unknown	A;G;+;A;ALU;-;SINE/AluJo;intergenic;IL27||NUPR1;-;-;intergenic;IL27||NUPR1;-;-;intronic;NPIPL1;-;-;-;6;3;3	Name=AluJo	TRUE	Alu	upstream
chr16:29348192:A:G	chr16:29348192:A:G	A:G	SNX29P2	ncRNA
intronic	unknown	.	Name=AluJr	FALSE	Alu	ncRNA
chr16:90146264:A:G	chr16:90146264:A:G	A:G	FAM157C	ncRNA
intronic	unknown	.	Name=AluJo	FALSE	Alu	ncRNA
chr16:28512548:A:G	chr16:28512548:T:C	A:G	IL27	upstream	unknown	.	Name=AluSx	FALSE	Alu	upstream
chr16:57064738:A:G	chr16:57064738:A:G	A:G	NLRC5	intronic	unknown	A;G;+;R;ALU;-;SINE/AluSq2;intronic;NLRC5;-;-;intronic;NLRC5;-;-;intronic;NLRC5;-;-;-;8;4;4	Name=AluSq2	TRUE	Alu	intronic
chr16:69815332:A:G	chr16:69815332:A:G	A:G	WWP2	intronic	unknown	A;G;+;R;ALU;-;SINE/AluJr4;intronic;WWP2;-;-;intronic;WWP2;-;-;intronic;WWP2;-;-;-;0;0;0	Name=AluJb	TRUE	Alu	intronic
chr16:11248635:T:C	chr16:11248635:A:G	A:G	SOCS1	downstream	unknown	T;C;-;R;ALU;-;SINE/AluJb;intergenic;RP11-396B14.2||RMI2;-;-;intergenic;CLEC16A||SOCS1;-;-;intergenic;CLEC16A||SOCS1;-;-;-;1;1;1	Name=AluJr	TRUE	Alu	downstream
chr16:11248823:T:C	chr16:11248823:A:G	A:G	SOCS1	downstream	unknown	T;C;-;R;ALU;-;SINE/AluSz;upstream;RMI2;-;-;intergenic;CLEC16A||SOCS1;-;-;intergenic;CLEC16A||SOCS1;-;-;-;2;2;2	Name=AluSz	TRUE	Alu	downstream
chr16:28511603:A:G	chr16:28511603:T:C	A:G	IL27	upstream	unknown	.	Name=AluJo	FALSE	Alu	upstream
chr16:29346673:A:G	chr16:29346673:A:G	A:G	SNX29P2	ncRNA
intronic	unknown	A;G;+;A;ALU;-;SINE/AluSx;ncRNA_intronic;SNX29P2;-;-;ncRNA_intronic;SNX29P2;-;-;intronic;NPIPL1||SNX29P2;-;-;-;5;5;5	Name=AluSx	TRUE	Alu	ncRNA
chr16:29346683:A:G	chr16:29346683:A:G	A:G	SNX29P2	ncRNA
intronic	unknown	A;G;+;A;ALU;-;SINE/AluSx;ncRNA_intronic;SNX29P2;-;-;ncRNA_intronic;SNX29P2;-;-;intronic;NPIPL1||SNX29P2;-;-;-;5;5;5	Name=AluSx	TRUE	Alu	ncRNA
chr16:89988057:A:G	chr16:89988057:A:G	A:G	AFG3L1P	ncRNA
intronic	unknown	A;G;+;A||R;ALU;-;SINE/AluJr4;ncRNA_intronic;AFG3L1P;-;-;ncRNA_intronic;AFG3L1P;-;-;intergenic;AFG3L1P||DBNDD1;-;-;-;1831;30;53	Name=AluJr4	TRUE	Alu	ncRNA
chr16:18887418:T:C	chr16:18887418:A:G	A:G	SMG1	intronic	unknown	T;C;-;A||R;ALU;-;SINE/AluJb;intronic;SMG1;-;-;intronic;SMG1;-;-;intronic;SMG1;-;-;-;22;10;15	Name=AluJb	TRUE	Alu	intronic
chr17:10158286:T:C	chr17:10158286:A:G	A:G	GAS7	intronic	unknown	.	Name=AluY	FALSE	Alu	intronic
chr17:1175967:T:C	chr17:1175967:A:G	A:G	ABR	intronic	unknown	.	Name=AluYk3	FALSE	Alu	intronic
chr17:1528621:T:C	chr17:1528621:A:G	A:G	PITPNA	intronic	unknown	T;C;-;A||R;ALU;-;SINE/AluJr;intronic;PITPNA;-;-;intronic;PITPNA;-;-;intronic;PITPNA;-;-;-;283;27;42	Name=AluJr	TRUE	Alu	intronic
chr17:1572928:T:C	chr17:1572928:A:G	A:G	SLC43A2	UTR3	unknown	T;C;-;A||R;ALU;-;SINE/AluJo;UTR3;SLC43A2;-;-;UTR3;SLC43A2;-;-;intergenic;PITPNA||SLC43A2;-;-;-;354;24;42	Name=AluJo	TRUE	Alu	UTR3
chr17:1573051:T:C	chr17:1573051:A:G	A:G	SLC43A2	UTR3	unknown	T;C;-;A||R;ALU;-;SINE/AluJo;UTR3;SLC43A2;-;-;UTR3;SLC43A2;-;-;intergenic;PITPNA||SLC43A2;-;-;-;313;19;37	Name=AluJo	TRUE	Alu	UTR3
chr17:1573081:T:C	chr17:1573081:A:G	A:G	SLC43A2	UTR3	unknown	T;C;-;A||R;ALU;-;SINE/AluJo;UTR3;SLC43A2;-;-;UTR3;SLC43A2;-;-;intergenic;PITPNA||SLC43A2;-;-;-;190;15;28	Name=AluJo	TRUE	Alu	UTR3
chr17:18271896:T:C	chr17:18271896:A:G	A:G	TOP3A	UTR3	unknown	T;C;-;R||D;ALU;-;SINE/AluSq;intergenic;RP1-178F10.1||TOP3A;-;-;intergenic;MIEF2||TOP3A;-;-;intergenic;SMCR7||TOP3A;-;-;-;1163;30;53	Name=AluSq	TRUE	Alu	UTR3
chr17:18271944:T:C	chr17:18271944:A:G	A:G	TOP3A	UTR3	unknown	T;C;-;A||R;ALU;-;SINE/AluSq;intergenic;RP1-178F10.1||TOP3A;-;-;intergenic;MIEF2||TOP3A;-;-;intergenic;SMCR7||TOP3A;-;-;-;1233;30;53	Name=AluSq	TRUE	Alu	UTR3
chr17:30959867:A:G	chr17:30959867:A:G	A:G	ADAP2	downstream	unknown	A;G;+;A||R;NONREP;-;-/-;downstream;ADAP2||RN7SL138P;-;-;downstream;ADAP2;-;-;downstream;ADAP2;-;-;-;243;22;37	.	TRUE	None	downstream
chr17:39256199:T:C	chr17:39256199:A:G	A:G	FBXL20	UTR3	unknown	T;C;-;A||R||D;ALU;-;SINE/AluSx1;intergenic;RP11-690G19.3||FBXL20;-;-;UTR3;FBXL20;-;-;UTR3;FBXL20;-;-;-;865;30;52	Name=AluSx1	TRUE	Alu	UTR3
chr17:42319023:T:C	chr17:42319023:A:G	A:G	STAT3	intronic	unknown	T;C;-;A||R||D;ALU;-;SINE/AluSz;intronic;STAT3;-;-;intronic;STAT3;-;-;intronic;STAT3;-;-;-;1792;30;54	Name=AluSz	TRUE	Alu	intronic
chr17:43218441:A:G	chr17:43218441:A:G	A:G	TMEM106A	UTR3	unknown	A;G;+;A||R||D;ALU;-;SINE/AluSq4;ncRNA_intronic;LINC00854;-;-;UTR3;TMEM106A;-;-;UTR3;TMEM106A;-;-;-;1025;30;51	Name=AluSz	TRUE	Alu	UTR3
chr17:50671851:A:G	chr17:50671851:A:G	A:G	ABCC3	intronic	unknown	A;G;+;R;ALU;-;SINE/AluSz;intronic;ABCC3;-;-;intronic;ABCC3;-;-;intronic;ABCC3;-;-;-;62;10;12	Name=AluSz	TRUE	Alu	intronic
chr17:67338609:T:C	chr17:67338609:A:G	A:G	PSMD12	UTR3	unknown	T;C;-;A||R;ALU;-;SINE/AluSq;UTR3;PSMD12;-;-;UTR3;PSMD12;-;-;intergenic;HELZ||PSMD12;-;-;-;2194;30;55	Name=AluSq	TRUE	Alu	UTR3
chr17:67338610:T:C	chr17:67338610:A:G	A:G	PSMD12	UTR3	unknown	T;C;-;A||R;ALU;-;SINE/AluSq;UTR3;PSMD12;-;-;UTR3;PSMD12;-;-;intergenic;HELZ||PSMD12;-;-;-;1736;30;55	Name=AluSq	TRUE	Alu	UTR3
chr17:67338651:T:C	chr17:67338651:A:G	A:G	PSMD12	UTR3	unknown	T;C;-;A||R||D;ALU;-;SINE/AluSq;UTR3;PSMD12;-;-;UTR3;PSMD12;-;-;intergenic;HELZ||PSMD12;-;-;-;2245;30;55	Name=AluSq	TRUE	Alu	UTR3
chr17:67338770:T:C	chr17:67338770:A:G	A:G	PSMD12	UTR3	unknown	T;C;-;A||R||D;ALU;-;SINE/AluSq;UTR3;PSMD12;-;-;UTR3;PSMD12;-;-;intergenic;HELZ||PSMD12;-;-;-;1898;30;55	Name=AluSq	TRUE	Alu	UTR3
chr17:67339343:T:C	chr17:67339343:A:G	A:G	PSMD12	UTR3	unknown	T;C;-;A||R||D;ALU;-;SINE/AluSx;UTR3;PSMD12;-;-;UTR3;PSMD12;-;-;intergenic;HELZ||PSMD12;-;-;-;2181;30;55	Name=AluSx	TRUE	Alu	UTR3
chr17:75943060:T:C	chr17:75943060:A:G	A:G	ACOX1	UTR3	unknown	T;C;-;A||R;ALU;-;SINE/AluSx1;UTR3;ACOX1;-;-;UTR3;ACOX1;-;-;UTR3;ACOX1;-;-;-;2311;30;55	Name=AluSx1	TRUE	Alu	UTR3
chr17:80263669:C:T	chr17:80263669:C:T	C:T	RNF213	UTR5	unknown	.	.	FALSE	None	UTR5
chr17:10158285:T:C	chr17:10158285:A:G	A:G	GAS7	intronic	unknown	.	Name=AluY	FALSE	Alu	intronic
chr17:1205006:T:C	chr17:1205006:A:G	A:G	ABR	intronic	unknown	T;C;-;A||R;ALU;-;SINE/AluSx;intergenic;ABR||AC144836.1;-;-;intergenic;ABR||BHLHA9;-;-;intergenic;ABR||BHLHA9;-;-;-;5;3;4	Name=AluSx	TRUE	Alu	intronic
chr17:28667186:A:G	chr17:28667186:A:G	A:G	SUPT6H	intronic	unknown	A;G;+;R;ALU;-;SINE/AluY;intronic;SUPT6H;-;-;intronic;SUPT6H;-;-;intronic;SUPT6H;-;-;-;5;5;5	Name=AluYj4	TRUE	Alu	intronic
chr17:28672744:A:G	chr17:28672744:A:G	A:G	SUPT6H	intronic	unknown	A;G;+;A||R||D;ALU;-;SINE/AluSc;ncRNA_exonic;AC010761.13;-;-;intronic;SUPT6H;-;-;intronic;SUPT6H;-;-;-;447;29;45	Name=AluSc	TRUE	Alu	intronic
chr17:30781633:A:G	chr17:30781633:A:G	A:G	SUZ12P1	ncRNA
intronic	unknown	A;G;+;A||R||D;ALU;-;SINE/AluSq2;ncRNA_intronic;CTD-2349P21.10;-;-;intergenic;SUZ12P1||CRLF3;-;-;intergenic;SUZ12P1||CRLF3;-;-;378;46;178;26;43	Name=AluSq2	TRUE	Alu	ncRNA
chr17:30785675:A:G	chr17:30785675:A:G	A:G	SUZ12P1	ncRNA
intronic	unknown	A;G;+;A||R||D;ALU;-;SINE/AluJr;intronic;CRLF3;-;-;intronic;CRLF3;-;-;intronic;CRLF3;-;-;-;211;28;44	Name=AluJr	TRUE	Alu	ncRNA
chr17:30960341:A:G	chr17:30960341:A:G	A:G	ADAP2	downstream	unknown	A;G;+;R;ALU;-;SINE/AluSc;downstream;RN7SL138P;-;-;intergenic;ADAP2||RNF135;-;-;intergenic;ADAP2||RNF135;-;-;-;26;11;14	Name=AluSc	TRUE	Alu	downstream
chr17:30975248:A:G	chr17:30975248:A:G	A:G	RNF135	intronic	unknown	A;G;+;A||R;ALU;rs540491977;SINE/AluJb;intronic;RNF135;-;-;intronic;RNF135;-;-;intronic;RNF135;-;-;-;174;27;37	Name=AluJb	TRUE	Alu	intronic
chr17:32037181:A:G	chr17:32037181:A:G	A:G	LRRC37B	intronic	unknown	A;G;+;A||R;ALU;-;SINE/AluSx1;intronic;LRRC37B;-;-;intronic;LRRC37B;-;-;intronic;LRRC37B;-;-;-;27;15;17	Name=AluSx1	TRUE	Alu	intronic
chr17:39296371:T:C	chr17:39296371:A:G	A:G	FBXL20	intronic	unknown	T;C;-;A||R;ALU;-;SINE/AluSc8;intronic;FBXL20;-;-;intronic;FBXL20;-;-;intronic;FBXL20;-;-;-;6;5;5	Name=AluSc8	TRUE	Alu	intronic
chr17:43218405:A:G	chr17:43218405:A:G	A:G	TMEM106A	UTR3	unknown	A;G;+;A||R||D;ALU;-;SINE/AluSq4;ncRNA_intronic;LINC00854;-;-;UTR3;TMEM106A;-;-;UTR3;TMEM106A;-;-;-;745;30;48	Name=AluSz	TRUE	Alu	UTR3
chr17:43218485:A:G	chr17:43218485:A:G	A:G	TMEM106A	UTR3	unknown	A;G;+;A||R||D;ALU;-;SINE/AluSq4;ncRNA_intronic;LINC00854;-;-;UTR3;TMEM106A;-;-;UTR3;TMEM106A;-;-;-;556;29;45	Name=AluSz	TRUE	Alu	UTR3
chr17:49341196:T:C	chr17:49341196:A:G	A:G	ZNF652	intronic	unknown	T;C;-;A||R;ALU;-;SINE/AluSx1;intronic;ZNF652;-;-;intronic;ZNF652;-;-;intronic;ZNF652;-;-;-;6;3;3	Name=AluSx1	TRUE	Alu	intronic
chr17:50641864:A:G	chr17:50641864:A:G	A:G	ABCC3	intronic	unknown	A;G;+;A||R||D;ALU;-;SINE/AluJb;intronic;ABCC3;-;-;intronic;ABCC3;-;-;intronic;ABCC3;-;-;-;50;11;13	Name=AluJb	TRUE	Alu	intronic
chr17:50645789:A:G	chr17:50645789:A:G	A:G	ABCC3	intronic	unknown	A;G;+;A||R||D;ALU;-;SINE/AluJr;intronic;ABCC3;-;-;intronic;ABCC3;-;-;intronic;ABCC3;-;-;-;177;17;22	Name=AluJr	TRUE	Alu	intronic
chr17:50671839:A:G	chr17:50671839:A:G	A:G	ABCC3	intronic	unknown	A;G;+;A||R;ALU;-;SINE/AluSz;intronic;ABCC3;-;-;intronic;ABCC3;-;-;intronic;ABCC3;-;-;-;57;10;11	Name=AluSz	TRUE	Alu	intronic
chr17:50964371:T:C	chr17:50964371:A:G	A:G	SPAG9	UTR3	unknown	T;C;-;A||R||D;ALU;-;SINE/AluSx;UTR3;SPAG9;-;-;UTR3;SPAG9;-;-;UTR3;SPAG9;-;-;-;2285;30;55	Name=AluSx	TRUE	Alu	UTR3
chr17:51109998:T:C	chr17:51109998:A:G	A:G	SPAG9	intronic	unknown	T;C;-;A||R;ALU;-;SINE/AluJb;intronic;SPAG9;-;-;intronic;SPAG9;-;-;intronic;SPAG9;-;-;-;16;6;8	Name=AluJb	TRUE	Alu	intronic
chr17:51116718:T:C	chr17:51116718:A:G	A:G	SPAG9	intronic	unknown	T;C;-;A||R;ALU;-;SINE/AluJo;intronic;SPAG9;-;-;intronic;SPAG9;-;-;intronic;SPAG9;-;-;-;13;6;6	Name=AluJo	TRUE	Alu	intronic
chr17:61271971:A:G	chr17:61271971:A:G	A:G	BCAS3	intronic	unknown	A;G;+;A||R||D;ALU;-;SINE/AluJr;intronic;BCAS3;-;-;intronic;BCAS3;-;-;intronic;BCAS3;-;-;-;5;5;5	Name=AluJr	TRUE	Alu	intronic
chr17:64340035:T:C	chr17:64340035:A:G	A:G	PECAM1	intronic	unknown	.	Name=AluJb	FALSE	Alu	intronic
chr17:67338740:T:C	chr17:67338740:A:G	A:G	PSMD12	UTR3	unknown	T;C;-;A||R||D;ALU;-;SINE/AluSq;UTR3;PSMD12;-;-;UTR3;PSMD12;-;-;intergenic;HELZ||PSMD12;-;-;-;2315;30;55	Name=AluSq	TRUE	Alu	UTR3
chr17:67339338:T:C	chr17:67339338:A:G	A:G	PSMD12	UTR3	unknown	T;C;-;A||R||D;ALU;rs569866149;SINE/AluSx;UTR3;PSMD12;-;-;UTR3;PSMD12;-;-;intergenic;HELZ||PSMD12;-;-;-;1979;30;55	Name=AluSx	TRUE	Alu	UTR3
chr17:67339361:T:C	chr17:67339361:A:G	A:G	PSMD12	UTR3	unknown	T;C;-;A||R||D;ALU;-;SINE/AluSx;UTR3;PSMD12;-;-;UTR3;PSMD12;-;-;intergenic;HELZ||PSMD12;-;-;-;2016;30;55	Name=AluSx	TRUE	Alu	UTR3
chr17:75373958:T:C	chr17:75373958:A:G	A:G	GRB2	intronic	unknown	T;C;-;A||R||D;ALU;-;SINE/AluY;intronic;GRB2;-;-;intronic;GRB2;-;-;intronic;GRB2;-;-;-;3;3;3	Name=AluYj4	TRUE	Alu	intronic
chr17:80263655:A:G	chr17:80263655:A:G	A:G	RNF213	UTR5	unknown	.	.	FALSE	None	UTR5
chr17:28666591:A:G	chr17:28666591:A:G	A:G	SUPT6H	intronic	unknown	A;G;+;A||R||D;ALU;-;SINE/AluSz;intronic;SUPT6H;-;-;intronic;SUPT6H;-;-;intronic;SUPT6H;-;-;-;12;10;10	Name=AluSz	TRUE	Alu	intronic
chr17:30975238:A:G	chr17:30975238:A:G	A:G	RNF135	intronic	unknown	A;G;+;A||R||D;ALU;-;SINE/AluJb;intronic;RNF135;-;-;intronic;RNF135;-;-;intronic;RNF135;-;-;-;162;23;32	Name=AluJb	TRUE	Alu	intronic
chr17:32037164:A:G	chr17:32037164:A:G	A:G	LRRC37B	intronic	unknown	A;G;+;A||R;ALU;-;SINE/AluSx1;intronic;LRRC37B;-;-;intronic;LRRC37B;-;-;intronic;LRRC37B;-;-;-;16;9;12	Name=AluSx1	TRUE	Alu	intronic
chr17:50641926:A:G	chr17:50641926:A:G	A:G	ABCC3	intronic	unknown	A;G;+;R;ALU;-;SINE/AluJb;intronic;ABCC3;-;-;intronic;ABCC3;-;-;intronic;ABCC3;-;-;-;31;9;9	Name=AluJb	TRUE	Alu	intronic
chr17:50645649:A:G	chr17:50645649:A:G	A:G	ABCC3	intronic	unknown	A;G;+;A||R||D;ALU;-;SINE/AluJr;intronic;ABCC3;-;-;intronic;ABCC3;-;-;intronic;ABCC3;-;-;-;180;19;22	Name=AluJr	TRUE	Alu	intronic
chr17:50648689:A:G	chr17:50648689:A:G	A:G	ABCC3	intronic	unknown	A;G;+;A||R||D;NONREP;rs533172003;-/-;intronic;ABCC3;-;-;intronic;ABCC3;-;-;intronic;ABCC3;-;-;-;211;17;23	Name=(CTCGGTC)n	TRUE	Simple
repeat	intronic
chr17:50651650:A:G	chr17:50651650:A:G	A:G	ABCC3	intronic	unknown	A;G;+;A||R;ALU;-;SINE/AluJb;intronic;ABCC3;-;-;intronic;ABCC3;-;-;intronic;ABCC3;-;-;-;126;14;19	Name=AluJb	TRUE	Alu	intronic
chr17:50651657:A:G	chr17:50651657:A:G	A:G	ABCC3	intronic	unknown	A;G;+;R;ALU;-;SINE/AluJb;intronic;ABCC3;-;-;intronic;ABCC3;-;-;intronic;ABCC3;-;-;-;109;15;20	Name=AluJb	TRUE	Alu	intronic
chr17:10188863:T:C	chr17:10188863:A:G	A:G	GAS7	intronic	unknown	T;C;-;A||R;ALU;-;SINE/AluJb;intronic;GAS7;-;-;intronic;GAS7;-;-;intronic;GAS7;-;-;-;4;3;3	Name=AluJb	TRUE	Alu	intronic
chr17:1175971:G:A	chr17:1175971:C:T	C:T	ABR	intronic	unknown	.	Name=AluYk3	FALSE	Alu	intronic
chr17:15972716:T:C	chr17:15972716:T:C	A:G	ADORA2B	intronic	unknown	T;C;-;A||R;REP;-;LINE/L2c;intronic;ADORA2B;-;-;intronic;ADORA2B;-;-;intronic;ADORA2B;-;-;-;356;29;51	Name=L2c	TRUE	Other	intronic
chr17:18014049:T:C	chr17:18014049:T:C	A:G	DRC3	intronic	unknown	T;C;-;R;ALU;-;SINE/AluSq;intronic;LRRC48;-;-;intronic;DRC3;-;-;intronic;LRRC48;-;-;-;33;13;20	Name=AluSq	TRUE	Alu	intronic
chr17:42350573:T:C	chr17:42350573:A:G	A:G	STAT3	intronic	unknown	T;C;-;A||R;ALU;-;SINE/AluJo;intronic;STAT3;-;-;intronic;STAT3;-;-;intronic;STAT3;-;-;-;8;7;7	Name=AluJo	TRUE	Alu	intronic
chr17:50964331:T:C	chr17:50964331:A:G	A:G	SPAG9	UTR3	unknown	T;C;-;A||R||D;ALU;-;SINE/AluSx;UTR3;SPAG9;-;-;UTR3;SPAG9;-;-;UTR3;SPAG9;-;-;-;2128;30;55	Name=AluSx	TRUE	Alu	UTR3
chr17:57837805:T:C	chr17:57837805:A:G	A:G	MRPS23	UTR3	unknown	T;C;-;A||R;ALU;-;SINE/AluJr;intergenic;RP11-60A24.3||MRPS23;-;-;intergenic;CCDC182||MRPS23;-;-;intergenic;7SK||MRPS23;-;-;-;107;16;30	Name=AluJr	TRUE	Alu	UTR3
chr17:18014048:T:C	chr17:18014048:T:C	A:G	DRC3	intronic	unknown	T;C;-;A||R;ALU;-;SINE/AluSq;intronic;LRRC48;-;-;intronic;DRC3;-;-;intronic;LRRC48;-;-;-;36;13;20	Name=AluSq	TRUE	Alu	intronic
chr17:18306165:T:C	chr17:18306165:A:G	A:G	TOP3A	intronic	unknown	T;C;-;A||R;ALU;-;SINE/AluSx;intronic;TOP3A;-;-;intronic;TOP3A;-;-;intronic;TOP3A;-;-;-;154;23;31	Name=AluSq10	TRUE	Alu	intronic
chr17:28831266:T:C	chr17:28831266:A:G	A:G	FAM222B	intronic	unknown	T;C;-;A||R||D;ALU;-;SINE/AluSz;intronic;FAM222B;-;-;intronic;FAM222B;-;-;intronic;FAM222B;-;-;-;4;4;4	Name=AluSz	TRUE	Alu	intronic
chr17:30960215:A:G	chr17:30960215:A:G	A:G	ADAP2	downstream	unknown	.	Name=AluSc	FALSE	Alu	downstream
chr17:32449176:A:G	chr17:32449176:A:G	A:G	PSMD11	intronic	unknown	A;G;+;A||R||D;ALU;-;SINE/AluJo;intronic;PSMD11;-;-;intronic;PSMD11;-;-;intronic;PSMD11;-;-;-;225;23;31	Name=AluJo	TRUE	Alu	intronic
chr17:39326505:T:C	chr17:39326505:A:G	A:G	FBXL20	intronic	unknown	T;C;-;A||R;ALU;-;SINE/AluJb;intronic;FBXL20;-;-;intronic;FBXL20;-;-;intronic;FBXL20;-;-;593;344;5;3;3	Name=AluJb	TRUE	Alu	intronic
chr17:39760597:T:C	chr17:39760597:A:G	A:G	IKZF3	UTR3	unknown	T;C;-;A||R||D;ALU;-;SINE/AluSp;ncRNA_exonic;RP11-94L15.2;-;-;UTR3;IKZF3;-;-;UTR3;IKZF3;-;-;-;306;19;26	Name=AluSp	TRUE	Alu	UTR3
chr17:39760933:T:C	chr17:39760933:A:G	A:G	IKZF3	UTR3	unknown	T;C;-;A||R||D;ALU;-;SINE/AluJo;ncRNA_exonic;RP11-94L15.2;-;-;UTR3;IKZF3;-;-;UTR3;IKZF3;-;-;-;317;20;26	Name=AluJo	TRUE	Alu	UTR3
chr17:47629484:T:C	chr17:47629484:T:C	A:G	NPEPPS	downstream	unknown	T;C;-;A;ALU;-;SINE/AluJb;ncRNA_intronic;RP11-580I16.2;-;-;intergenic;NPEPPS||KPNB1;-;-;intergenic;NPEPPS||KPNB1;-;-;-;14;8;9	Name=AluJb	TRUE	Alu	downstream
chr17:56818094:T:C	chr17:56818094:A:G	A:G	C17orf67	intronic	unknown	T;C;-;A||R;ALU;-;SINE/AluJb;intronic;C17orf67;-;-;intronic;C17orf67;-;-;intronic;C17orf67;-;-;-;116;24;34	Name=AluJb	TRUE	Alu	intronic
chr17:61790718:T:C	chr17:61790718:A:G	A:G	BRIP1	intronic	unknown	T;C;-;A||R;ALU;-;SINE/AluJo;intronic;BRIP1;-;-;intronic;BRIP1;-;-;intronic;BRIP1;-;-;-;4;3;3	Name=AluJo	TRUE	Alu	intronic
chr17:61790778:T:C	chr17:61790778:A:G	A:G	BRIP1	intronic	unknown	T;C;-;R;ALU;-;SINE/AluJo;intronic;BRIP1;-;-;intronic;BRIP1;-;-;intronic;BRIP1;-;-;-;6;3;4	Name=AluJo	TRUE	Alu	intronic
chr17:62005167:T:C	chr17:62005167:A:G	A:G	MED13	intronic	unknown	T;C;-;A||R;ALU;-;SINE/AluSx;intronic;MED13;-;-;intronic;MED13;-;-;intronic;MED13;-;-;-;12;9;9	Name=AluSx	TRUE	Alu	intronic
chr17:67339278:T:C	chr17:67339278:A:G	A:G	PSMD12	UTR3	unknown	T;C;-;A||R||D;ALU;-;SINE/AluSx;UTR3;PSMD12;-;-;UTR3;PSMD12;-;-;intergenic;HELZ||PSMD12;-;-;-;6;3;3	Name=AluSx	TRUE	Alu	UTR3
chr17:30770810:A:G	chr17:30770810:A:G	A:G	SUZ12P1	ncRNA
intronic	unknown	A;G;+;A||R;ALU;-;SINE/AluSc8;downstream;SUZ12P;-;-;downstream;SUZ12P1;-;-;downstream;SUZ12P1;-;-;-;60;17;28	Name=AluSc8	TRUE	Alu	ncRNA
chr17:39294846:T:C	chr17:39294846:A:G	A:G	FBXL20	intronic	unknown	T;C;-;R;ALU;-;SINE/AluSx;intronic;FBXL20;-;-;intronic;FBXL20;-;-;intronic;FBXL20;-;-;-;3;3;3	Name=AluSx	TRUE	Alu	intronic
chr17:64322223:T:C	chr17:64322223:A:G	A:G	PECAM1	UTR3	unknown	T;C;-;A||R;ALU;-;SINE/AluSq;intergenic;TEX2||MILR1;-;-;UTR3;PECAM1;-;-;ncRNA_exonic;PECAM1;-;-;-;982;29;48	Name=AluSq	TRUE	Alu	UTR3
chr17:64322237:T:C	chr17:64322237:A:G	A:G	PECAM1	UTR3	unknown	T;C;-;A||R;ALU;-;SINE/AluSq;intergenic;TEX2||MILR1;-;-;UTR3;PECAM1;-;-;ncRNA_exonic;PECAM1;-;-;-;760;29;47	Name=AluSq	TRUE	Alu	UTR3
chr17:64322238:T:C	chr17:64322238:A:G	A:G	PECAM1	UTR3	unknown	T;C;-;A||R;ALU;-;SINE/AluSq;intergenic;TEX2||MILR1;-;-;UTR3;PECAM1;-;-;ncRNA_exonic;PECAM1;-;-;-;763;29;49	Name=AluSq	TRUE	Alu	UTR3
chr17:64469019:A:G	chr17:64469019:A:G	A:G	MILR1	intronic	unknown	A;G;+;A||R;ALU;-;SINE/AluSx1;downstream;MILR1;-;-;downstream;MILR1;-;-;downstream;MILR1;-;-;-;65;14;18	Name=AluSx1	TRUE	Alu	intronic
chr17:67677944:A:G	chr17:67677944:A:G	A:G	PITPNC1	intronic	unknown	A;G;+;A||R;ALU;-;SINE/AluJo;intronic;PITPNC1;-;-;intronic;PITPNC1;-;-;intronic;PITPNC1;-;-;-;25;15;18	Name=AluJo	TRUE	Alu	intronic
chr17:10078932:T:C	chr17:10078932:A:G	A:G	GAS7	intronic	unknown	T;C;-;A||R;ALU;-;SINE/AluJr;intronic;GAS7;-;-;intronic;GAS7;-;-;intronic;GAS7;-;-;-;3;2;2	Name=AluJr	TRUE	Alu	intronic
chr17:1205072:T:C	chr17:1205072:A:G	A:G	ABR	intronic	unknown	T;C;-;R;ALU;-;SINE/AluSx;intergenic;ABR||AC144836.1;-;-;intergenic;ABR||BHLHA9;-;-;intergenic;ABR||BHLHA9;-;-;-;0;0;0	Name=AluSx	TRUE	Alu	intronic
chr17:1587823:G:A	chr17:1587823:C:T	C:T	SLC43A2	intronic	unknown	.	.	FALSE	None	intronic
chr17:39178496:T:C	chr17:39178496:A:G	A:G	CACNB1	intronic	unknown	T;C;-;A||R||D;ALU;-;SINE/AluJr4;intronic;CACNB1;-;-;intronic;CACNB1;-;-;intronic;CACNB1;-;-;-;434;24;40	Name=AluJr4	TRUE	Alu	intronic
chr17:39760596:T:C	chr17:39760596:A:G	A:G	IKZF3	UTR3	unknown	T;C;-;A||R||D;ALU;-;SINE/AluSp;ncRNA_exonic;RP11-94L15.2;-;-;UTR3;IKZF3;-;-;UTR3;IKZF3;-;-;-;319;21;28	Name=AluSp	TRUE	Alu	UTR3
chr17:49843674:A:G	chr17:49843674:T:C	A:G	TAC4	intronic	unknown	A;G;+;A||R;ALU;-;SINE/AluSz;intronic;TAC4;-;-;intronic;TAC4;-;-;intronic;TAC4;-;-;-;8;6;6	Name=AluSz	TRUE	Alu	intronic
chr17:75889858:T:C	chr17:75889858:A:G	A:G	TRIM65	UTR3	unknown	T;C;-;A||R||D;ALU;-;SINE/AluJo;UTR3;TRIM65;-;-;UTR3;TRIM65;-;-;UTR3;TRIM65;-;-;-;2200;30;55	Name=AluJo	TRUE	Alu	UTR3
chr17:1132672:T:C	chr17:1132672:A:G	A:G	ABR	intronic	unknown	T;C;-;A||R;ALU;-;SINE/AluSg;intronic;ABR;-;-;intronic;ABR;-;-;intronic;ABR;-;-;-;8;7;8	Name=AluSg	TRUE	Alu	intronic
chr17:29908019:T:C	chr17:29908019:A:G	A:G	SSH2	intronic	unknown	T;C;-;A||R;ALU;-;SINE/AluJr;intronic;SSH2;-;-;intronic;SSH2;-;-;intronic;SSH2;-;-;-;6;4;4	Name=AluJr	TRUE	Alu	intronic
chr17:39761978:T:C	chr17:39761978:A:G	A:G	IKZF3	UTR3	unknown	T;C;-;A||R||D;ALU;-;SINE/AluSp;ncRNA_exonic;RP11-94L15.2;-;-;UTR3;IKZF3;-;-;UTR3;IKZF3;-;-;-;257;19;25	Name=AluSp	TRUE	Alu	UTR3
chr17:10149306:T:C	chr17:10149306:A:G	A:G	GAS7	intronic	unknown	T;C;-;A||R;ALU;-;SINE/AluSx1;intronic;GAS7;-;-;intronic;GAS7;-;-;intronic;GAS7;-;-;-;2;2;2	Name=AluSx1	TRUE	Alu	intronic
chr17:28388910:A:G	chr17:28388910:A:G	A:G	SARM1	intronic	unknown	A;G;+;A||R;ALU;-;SINE/AluY;intronic;SARM1;-;-;intronic;SARM1;-;-;intronic;SARM1;-;-;-;5;4;4	Name=AluY	TRUE	Alu	intronic
chr17:80390633:A:G	chr17:80390633:T:C	A:G	RNF213-AS1	ncRNA
intronic	unknown	A;G;+;A||R;ALU;-;SINE/AluSz6;ncRNA_intronic;CTD-2047H16.4;-;-;ncRNA_intronic;LOC100294362;-;-;intronic;LOC100294362||RNF213;-;-;-;48;16;19	Name=AluSz6	TRUE	Alu	ncRNA
chr17:1587824:G:A	chr17:1587824:C:T	C:T	SLC43A2	intronic	unknown	.	.	FALSE	None	intronic
chr17:1587831:C:T	chr17:1587831:G:A	C:T	SLC43A2	intronic	unknown	.	.	FALSE	None	intronic
chr17:1587837:G:A	chr17:1587837:C:T	C:T	SLC43A2	intronic	unknown	.	.	FALSE	None	intronic
chr17:30787738:A:G	chr17:30787738:A:G	A:G	SUZ12P1	ncRNA
intronic	unknown	A;G;+;A||R||D;ALU;-;SINE/AluSx;intronic;CRLF3;-;-;intronic;CRLF3;-;-;intronic;CRLF3;-;-;-;168;22;41	Name=AluSx	TRUE	Alu	ncRNA
chr17:30787867:A:G	chr17:30787867:A:G	A:G	SUZ12P1	ncRNA
intronic	unknown	A;G;+;A||R||D;ALU;-;SINE/AluSx;intronic;CRLF3;-;-;intronic;CRLF3;-;-;intronic;CRLF3;-;-;-;255;26;45	Name=AluSx	TRUE	Alu	ncRNA
chr17:40283065:A:G	chr17:40283065:A:G	A:G	WIPF2	UTR3	unknown	A;G;+;A||R||D;ALU;-;SINE/AluSz;UTR3;WIPF2;-;-;downstream;WIPF2;-;-;downstream;WIPF2;-;-;-;1370;30;54	Name=AluSz	TRUE	Alu	UTR3
chr17:50641881:A:G	chr17:50641881:A:G	A:G	ABCC3	intronic	unknown	A;G;+;A||R;ALU;-;SINE/AluJb;intronic;ABCC3;-;-;intronic;ABCC3;-;-;intronic;ABCC3;-;-;-;25;8;9	Name=AluJb	TRUE	Alu	intronic
chr17:10078364:T:C	chr17:10078364:A:G	A:G	GAS7	intronic	unknown	.	Name=AluJb	FALSE	Alu	intronic
chr17:10149299:T:C	chr17:10149299:A:G	A:G	GAS7	intronic	unknown	T;C;-;A;ALU;-;SINE/AluSx1;intronic;GAS7;-;-;intronic;GAS7;-;-;intronic;GAS7;-;-;-;1;1;1	Name=AluSx1	TRUE	Alu	intronic
chr17:28153194:A:G	chr17:28153194:A:G	A:G	NLK	intronic	unknown	A;G;+;A||R;ALU;-;SINE/AluSp;intronic;NLK;-;-;intronic;NLK;-;-;intronic;NLK;-;-;-;3;3;3	Name=AluSp	TRUE	Alu	intronic
chr17:39326616:T:C	chr17:39326616:A:G	A:G	FBXL20	intronic	unknown	.	Name=AluJb	FALSE	Alu	intronic
chr17:5026488:A:G	chr17:5026488:A:G	A:G	KIF1C	UTR3	unknown	A;G;+;A||R||D;ALU;-;SINE/AluJb;UTR3;KIF1C;-;-;UTR3;KIF1C;-;-;UTR3;KIF1C;-;-;-;1955;30;55	Name=AluJb	TRUE	Alu	UTR3
chr17:59201921:A:G	chr17:59201921:A:G	A:G	PRR11	UTR3	unknown	A;G;+;A||R||D;ALU;-;SINE/AluSq2;UTR3;PRR11;-;-;UTR3;PRR11;-;-;UTR3;PRR11;-;-;-;246;18;33	Name=AluSq2	TRUE	Alu	UTR3
chr17:67417959:A:G	chr17:67417959:A:G	A:G	PITPNC1	intronic	unknown	A;G;+;A||R;ALU;-;SINE/AluJb;intronic;PITPNC1;-;-;intronic;PITPNC1;-;-;intronic;PITPNC1;-;-;-;15;8;10	Name=AluJb	TRUE	Alu	intronic
chr17:67677686:A:G	chr17:67677686:A:G	A:G	PITPNC1	intronic	unknown	A;G;+;A||R;ALU;-;SINE/AluSx3;intronic;PITPNC1;-;-;intronic;PITPNC1;-;-;intronic;PITPNC1;-;-;-;5;3;3	Name=AluSx3	TRUE	Alu	intronic
chr17:28153195:A:G	chr17:28153195:A:G	A:G	NLK	intronic	unknown	A;G;+;A||R;ALU;-;SINE/AluSp;intronic;NLK;-;-;intronic;NLK;-;-;intronic;NLK;-;-;-;6;5;5	Name=AluSp	TRUE	Alu	intronic
chr17:80320928:A:G	chr17:80320928:A:G	A:G	RNF213	UTR3	unknown	A;G;+;A||R||D;ALU;-;SINE/AluJo;UTR3;RNF213;-;-;UTR3;RNF213;-;-;UTR3;RNF213;-;-;-;1006;30;54	Name=AluJr	TRUE	Alu	UTR3
chr17:80320942:A:G	chr17:80320942:A:G	A:G	RNF213	UTR3	unknown	A;G;+;A||R||D;ALU;-;SINE/AluJo;UTR3;RNF213;-;-;UTR3;RNF213;-;-;UTR3;RNF213;-;-;-;1049;30;54	Name=AluJr	TRUE	Alu	UTR3
chr17:49339244:T:C	chr17:49339244:A:G	A:G	ZNF652	intronic	unknown	T;C;-;A||R||D;ALU;-;SINE/AluSx4;intronic;ZNF652;-;-;intronic;ZNF652;-;-;intronic;ZNF652;-;-;-;5;5;5	Name=AluSx	TRUE	Alu	intronic
chr17:82143052:T:C	chr17:82143052:A:G	A:G	CCDC57	intronic	unknown	T;C;-;A||R;ALU;-;SINE/AluSp;intronic;CCDC57;-;-;intronic;CCDC57;-;-;intronic;CCDC57;-;-;-;8;7;7	Name=AluSp	TRUE	Alu	intronic
chr17:3823066:T:C	chr17:3823066:A:G	A:G	NCBP3	intronic	unknown	T;C;-;A||R||D;ALU;-;SINE/AluSc;intronic;C17orf85;-;-;intronic;NCBP3;-;-;intronic;C17orf85;-;-;-;1472;30;53	Name=AluSc	TRUE	Alu	intronic
chr17:35511627:T:C	chr17:35511627:A:G	A:G	SLFN12L	intronic	unknown	T;C;-;A||R;ALU;-;SINE/AluJb;intronic;SLFN12L;-;-;intergenic;SLFN12L||SLFN14;-;-;intronic;SLFN12L;-;-;-;135;12;14	Name=AluJo	TRUE	Alu	intronic
chr17:39761991:T:C	chr17:39761991:A:G	A:G	IKZF3	UTR3	unknown	T;C;-;A||R||D;ALU;-;SINE/AluSp;ncRNA_exonic;RP11-94L15.2;-;-;UTR3;IKZF3;-;-;UTR3;IKZF3;-;-;-;281;16;22	Name=AluSp	TRUE	Alu	UTR3
chr17:73175569:A:G	chr17:73175569:A:G	A:G	SSTR2	UTR3	unknown	A;G;+;A||R;ALU;-;SINE/AluSx;ncRNA_exonic;RP11-143K11.1;-;-;intergenic;SSTR2||COG1;-;-;intergenic;SSTR2||COG1;-;-;-;509;24;41	Name=AluSx	TRUE	Alu	UTR3
chr17:39760561:T:C	chr17:39760561:A:G	A:G	IKZF3	UTR3	unknown	T;C;-;A||R||D;ALU;-;SINE/AluSp;ncRNA_exonic;RP11-94L15.2;-;-;UTR3;IKZF3;-;-;UTR3;IKZF3;-;-;-;251;19;24	Name=AluSp	TRUE	Alu	UTR3
chr17:73175434:A:G	chr17:73175434:A:G	A:G	SSTR2	UTR3	unknown	A;G;+;A||R;ALU;-;SINE/AluSx;ncRNA_intronic;RP11-143K11.5;-;-;intergenic;SSTR2||COG1;-;-;intergenic;SSTR2||COG1;-;-;-;213;16;28	Name=AluSx	TRUE	Alu	UTR3
chr17:73175557:A:G	chr17:73175557:A:G	A:G	SSTR2	UTR3	unknown	A;G;+;A||R;ALU;-;SINE/AluSx;ncRNA_exonic;RP11-143K11.1;-;-;intergenic;SSTR2||COG1;-;-;intergenic;SSTR2||COG1;-;-;-;391;23;41	Name=AluSx	TRUE	Alu	UTR3
chr17:76482544:T:C	chr17:76482544:A:G	A:G	RHBDF2	intronic	unknown	T;C;-;R;ALU;-;SINE/AluSz6;intronic;RHBDF2;-;-;intronic;RHBDF2;-;-;intronic;RHBDF2;-;-;-;50;12;13	Name=AluSz6	TRUE	Alu	intronic
chr17:80320744:A:G	chr17:80320744:A:G	A:G	RNF213	UTR3	unknown	A;G;+;A||R||D;ALU;-;SINE/AluJo;UTR3;RNF213;-;-;UTR3;RNF213;-;-;UTR3;RNF213;-;-;-;732;30;54	Name=AluJr	TRUE	Alu	UTR3
chr17:80322455:A:G	chr17:80322455:A:G	A:G	RNF213	intronic	unknown	A;G;+;A||R;ALU;-;SINE/AluSc8;intronic;RNF213;-;-;intronic;RNF213;-;-;intronic;RNF213;-;-;548;225;20;8;9	Name=AluSc8	TRUE	Alu	intronic
chr17:81563212:T:C	chr17:81563212:A:G	A:G	NPLOC4	intronic	unknown	T;C;-;A||R||D;ALU;-;SINE/AluSc;UTR3;NPLOC4;-;-;intronic;NPLOC4;-;-;intronic;NPLOC4;-;-;-;734;29;44	Name=AluSc	TRUE	Alu	intronic
chr17:81563213:T:C	chr17:81563213:A:G	A:G	NPLOC4	intronic	unknown	T;C;-;A||R||D;ALU;-;SINE/AluSc;UTR3;NPLOC4;-;-;intronic;NPLOC4;-;-;intronic;NPLOC4;-;-;-;813;29;45	Name=AluSc	TRUE	Alu	intronic
chr17:35438045:T:C	chr17:35438045:A:G	A:G	SLFN13	UTR3	unknown	T;C;-;A||R||D;ALU;-;SINE/AluJo;UTR3;SLFN13;-;-;UTR3;SLFN13;-;-;UTR3;SLFN13;-;-;-;166;20;26	Name=AluJo	TRUE	Alu	UTR3
chr17:1175979:T:C	chr17:1175979:A:G	A:G	ABR	intronic	unknown	.	Name=AluYk3	FALSE	Alu	intronic
chr17:80266988:A:G	chr17:80266988:A:G	A:G	RNF213	intronic	unknown	A;G;+;R;ALU;-;SINE/AluSx;intronic;RNF213;-;-;intronic;RNF213;-;-;intronic;RNF213;-;-;-;2;2;2	Name=AluSx	TRUE	Alu	intronic
chr17:35512477:T:C	chr17:35512477:A:G	A:G	SLFN12L	intronic	unknown	T;C;-;A||R||D;ALU;-;SINE/AluY;intronic;SLFN12L;-;-;intergenic;SLFN12L||SLFN14;-;-;intronic;SLFN12L;-;-;-;93;6;7	Name=AluY	TRUE	Alu	intronic
chr18:35247904:A:G	chr18:35247904:A:G	A:G	ZNF397	UTR3	unknown	A;G;+;A||R||D;ALU;-;SINE/AluSp;intronic;ZNF397;-;-;intronic;ZNF397;-;-;intronic;ZNF397;-;-;-;657;29;54	Name=AluSp	TRUE	Alu	UTR3
chr18:58752693:A:G	chr18:58752693:A:G	A:G	MALT1	UTR3	unknown	A;G;+;A||R||D;ALU;-;SINE/AluJb;ncRNA_exonic;RP11-108P20.1||RP11-126O1.4;-;-;intergenic;MALT1||ZNF532;-;-;intergenic;MALT1||Metazoa_SRP;-;-;-;1242;30;55	Name=AluJb	TRUE	Alu	UTR3
chr18:58752739:A:G	chr18:58752739:A:G	A:G	MALT1	UTR3	unknown	A;G;+;A||R||D;ALU;-;SINE/AluJb;ncRNA_exonic;RP11-108P20.1;-;-;intergenic;MALT1||ZNF532;-;-;intergenic;MALT1||Metazoa_SRP;-;-;-;1223;30;55	Name=AluJb	TRUE	Alu	UTR3
chr18:58753226:A:G	chr18:58753226:A:G	A:G	MALT1	UTR3	unknown	A;G;+;A||R;ALU;-;SINE/AluSz;ncRNA_exonic;RP11-108P20.1;-;-;intergenic;MALT1||ZNF532;-;-;intergenic;MALT1||Metazoa_SRP;-;-;-;1084;30;54	Name=AluSz	TRUE	Alu	UTR3
chr18:58753294:A:G	chr18:58753294:A:G	A:G	MALT1	UTR3	unknown	A;G;+;A||R||D;ALU;-;SINE/AluSz;ncRNA_exonic;RP11-108P20.1;-;-;intergenic;MALT1||ZNF532;-;-;intergenic;MALT1||Metazoa_SRP;-;-;-;1611;30;55	Name=AluSz	TRUE	Alu	UTR3
chr18:58753442:A:G	chr18:58753442:A:G	A:G	MALT1	UTR3	unknown	A;G;+;A||R;ALU;-;SINE/AluSz;ncRNA_exonic;RP11-108P20.1;-;-;intergenic;MALT1||ZNF532;-;-;intergenic;MALT1||Metazoa_SRP;-;-;-;668;30;53	Name=AluSz	TRUE	Alu	UTR3
chr18:58753467:A:G	chr18:58753467:A:G	A:G	MALT1	UTR3	unknown	A;G;+;A||R||D;ALU;-;SINE/AluSz;ncRNA_exonic;RP11-108P20.1;-;-;intergenic;MALT1||ZNF532;-;-;intergenic;MALT1||Metazoa_SRP;-;-;-;1325;30;54	Name=AluSz	TRUE	Alu	UTR3
chr18:58753469:A:G	chr18:58753469:A:G	A:G	MALT1	UTR3	unknown	A;G;+;A||R||D;ALU;-;SINE/AluSz;ncRNA_exonic;RP11-108P20.1;-;-;intergenic;MALT1||ZNF532;-;-;intergenic;MALT1||Metazoa_SRP;-;-;-;1313;30;54	Name=AluSz	TRUE	Alu	UTR3
chr18:58753481:A:G	chr18:58753481:A:G	A:G	MALT1	UTR3	unknown	A;G;+;A||R||D;ALU;rs540521830;SINE/AluSz;ncRNA_exonic;RP11-108P20.1;-;-;intergenic;MALT1||ZNF532;-;-;intergenic;MALT1||Metazoa_SRP;-;-;-;1574;30;54	Name=AluSz	TRUE	Alu	UTR3
chr18:691474:T:C	chr18:691474:A:G	A:G	ENOSF1	intronic	unknown	T;C;-;A||R||D;ALU;-;SINE/AluJr;intronic;ENOSF1;-;-;intronic;ENOSF1;-;-;intronic;ENOSF1;-;-;340;32;1813;30;54	Name=AluJr	TRUE	Alu	intronic
chr18:691500:T:C	chr18:691500:A:G	A:G	ENOSF1	intronic	unknown	T;C;-;A||R||D;ALU;-;SINE/AluJr;intronic;ENOSF1;-;-;intronic;ENOSF1;-;-;intronic;ENOSF1;-;-;340;32;1830;30;53	Name=AluJr	TRUE	Alu	intronic
chr18:691578:T:C	chr18:691578:A:G	A:G	ENOSF1	intronic	unknown	T;C;-;A||R||D;ALU;-;SINE/AluJr;intronic;ENOSF1;-;-;intronic;ENOSF1;-;-;intronic;ENOSF1;-;-;-;2019;30;54	Name=AluJr	TRUE	Alu	intronic
chr18:35247932:A:G	chr18:35247932:A:G	A:G	ZNF397	UTR3	unknown	A;G;+;A||R||D;ALU;-;SINE/AluSp;intronic;ZNF397;-;-;intronic;ZNF397;-;-;intronic;ZNF397;-;-;-;900;30;53	Name=AluSp	TRUE	Alu	UTR3
chr18:58752517:A:G	chr18:58752517:A:G	A:G	MALT1	UTR3	unknown	A;G;+;A||R||D;ALU;-;SINE/AluJb;ncRNA_exonic;RP11-108P20.1;-;-;intergenic;MALT1||ZNF532;-;-;intergenic;MALT1||Metazoa_SRP;-;-;-;1112;30;54	Name=AluJb	TRUE	Alu	UTR3
chr18:58752523:A:G	chr18:58752523:A:G	A:G	MALT1	UTR3	unknown	A;G;+;A||R||D;ALU;-;SINE/AluJb;ncRNA_exonic;RP11-108P20.1;-;-;intergenic;MALT1||ZNF532;-;-;intergenic;MALT1||Metazoa_SRP;-;-;-;552;30;54	Name=AluJb	TRUE	Alu	UTR3
chr18:58752551:A:G	chr18:58752551:A:G	A:G	MALT1	UTR3	unknown	A;G;+;A||R||D;ALU;-;SINE/AluJb;ncRNA_exonic;RP11-108P20.1;-;-;intergenic;MALT1||ZNF532;-;-;intergenic;MALT1||Metazoa_SRP;-;-;-;1132;30;55	Name=AluJb	TRUE	Alu	UTR3
chr18:58753273:A:G	chr18:58753273:A:G	A:G	MALT1	UTR3	unknown	A;G;+;A||R||D;ALU;-;SINE/AluSz;ncRNA_exonic;RP11-108P20.1;-;-;intergenic;MALT1||ZNF532;-;-;intergenic;MALT1||Metazoa_SRP;-;-;-;1077;30;54	Name=AluSz	TRUE	Alu	UTR3
chr18:58753274:A:G	chr18:58753274:A:G	A:G	MALT1	UTR3	unknown	A;G;+;A||R||D;ALU;-;SINE/AluSz;ncRNA_exonic;RP11-108P20.1;-;-;intergenic;MALT1||ZNF532;-;-;intergenic;MALT1||Metazoa_SRP;-;-;-;712;30;55	Name=AluSz	TRUE	Alu	UTR3
chr18:58753468:A:G	chr18:58753468:A:G	A:G	MALT1	UTR3	unknown	A;G;+;A||R||D;ALU;-;SINE/AluSz;ncRNA_exonic;RP11-108P20.1;-;-;intergenic;MALT1||ZNF532;-;-;intergenic;MALT1||Metazoa_SRP;-;-;-;793;30;53	Name=AluSz	TRUE	Alu	UTR3
chr18:69945790:T:C	chr18:69945790:A:G	A:G	CD226	intronic	unknown	T;C;-;R||D;REP;-;LTR/THE1B;intronic;CD226;-;-;intronic;CD226;-;-;intronic;CD226;-;-;-;32;1;2	Name=THE1B	TRUE	Other	intronic
chr18:76807906:T:C	chr18:76807906:A:G	A:G	ZNF236-DT	ncRNA
intronic	unknown	.	Name=AluSx	FALSE	Alu	ncRNA
chr18:76807907:T:C	chr18:76807907:A:G	A:G	ZNF236-DT	ncRNA
intronic	unknown	T;C;-;A||R;ALU;-;SINE/AluSx;intronic;RP11-162A12.2;-;-;ncRNA_intronic;LOC100131655;-;-;ncRNA_intronic;LOC100131655;-;-;-;119;26;37	Name=AluSx	TRUE	Alu	ncRNA
chr18:76808321:T:C	chr18:76808321:A:G	A:G	ZNF236-DT	ncRNA
intronic	unknown	T;C;-;A||R;ALU;-;SINE/AluJb;intronic;RP11-162A12.2;-;-;ncRNA_intronic;LOC100131655;-;-;ncRNA_intronic;LOC100131655;-;-;-;231;27;47	Name=AluJb	TRUE	Alu	ncRNA
chr18:79118530:A:G	chr18:79118530:A:G	A:G	ATP9B	intronic	unknown	A;G;+;A||R;ALU;-;SINE/AluY;intronic;ATP9B;-;-;intronic;ATP9B;-;-;intronic;ATP9B;-;-;-;8;5;5	Name=AluY	TRUE	Alu	intronic
chr18:2922460:A:G	chr18:2922460:T:C	A:G	LPIN2	intronic	unknown	A;G;+;R;ALU;-;SINE/AluSx;intronic;LPIN2;-;-;intronic;LPIN2;-;-;intronic;LPIN2;-;-;-;114;17;22	Name=AluSx	TRUE	Alu	intronic
chr18:2922497:A:G	chr18:2922497:T:C	A:G	LPIN2	intronic	unknown	A;G;+;A;ALU;-;SINE/AluSx;intronic;LPIN2;-;-;intronic;LPIN2;-;-;intronic;LPIN2;-;-;-;139;19;26	Name=AluSx	TRUE	Alu	intronic
chr18:50950751:A:G	chr18:50950751:A:G	A:G	ME2	UTR3	unknown	A;G;+;A;ALU;-;SINE/AluSz6;intergenic;ME2||Y_RNA;-;-;downstream;ME2;-;-;downstream;ME2;-;-;-;43;10;18	Name=AluSz	TRUE	Alu	UTR3
chr18:79118582:A:G	chr18:79118582:A:G	A:G	ATP9B	intronic	unknown	A;G;+;A||R;ALU;-;SINE/AluY;intronic;ATP9B;-;-;intronic;ATP9B;-;-;intronic;ATP9B;-;-;-;4;4;4	Name=AluY	TRUE	Alu	intronic
chr18:79118884:A:G	chr18:79118884:A:G	A:G	ATP9B	intronic	unknown	A;G;+;A||R;ALU;rs531983576;SINE/AluJb;intronic;ATP9B;-;-;intronic;ATP9B;-;-;intronic;ATP9B;-;-;-;13;9;10	Name=AluJb	TRUE	Alu	intronic
chr18:24347363:T:C	chr18:24347363:A:G	A:G	OSBPL1A	intronic	unknown	T;C;-;R;ALU;-;SINE/AluSx1;intronic;OSBPL1A;-;-;intronic;OSBPL1A;-;-;intronic;OSBPL1A;-;-;-;14;6;7	Name=AluSx1	TRUE	Alu	intronic
chr18:57687960:A:G	chr18:57687960:T:C	A:G	ATP8B1	intronic	unknown	A;G;+;R;ALU;-;SINE/AluSz6;ncRNA_intronic;RP11-35G9.3||RP11-35G9.5;-;-;intronic;ATP8B1;-;-;intronic;ATP8B1;-;-;-;1;1;1	Name=AluSz6	TRUE	Alu	intronic
chr18:57738360:A:G	chr18:57738360:T:C	A:G	ATP8B1	intronic	unknown	A;G;+;A||R||D;ALU;-;SINE/AluSq2;intronic;ATP8B1;-;-;intronic;ATP8B1;-;-;intronic;ATP8B1;-;-;-;850;30;53	Name=AluSq2	TRUE	Alu	intronic
chr18:76808309:T:C	chr18:76808309:A:G	A:G	ZNF236-DT	ncRNA
intronic	unknown	T;C;-;A||R;ALU;-;SINE/AluJb;intronic;RP11-162A12.2;-;-;ncRNA_intronic;LOC100131655;-;-;ncRNA_intronic;LOC100131655;-;-;-;266;25;46	Name=AluJb	TRUE	Alu	ncRNA
chr18:76808348:T:C	chr18:76808348:A:G	A:G	ZNF236-DT	ncRNA
intronic	unknown	T;C;-;A||R;ALU;-;SINE/AluJb;intronic;RP11-162A12.2;-;-;ncRNA_intronic;LOC100131655;-;-;ncRNA_intronic;LOC100131655;-;-;-;397;30;51	Name=AluJb	TRUE	Alu	ncRNA
chr18:2922408:A:G	chr18:2922408:T:C	A:G	LPIN2	intronic	unknown	A;G;+;R;ALU;-;SINE/AluSx;intronic;LPIN2;-;-;intronic;LPIN2;-;-;intronic;LPIN2;-;-;-;139;23;30	Name=AluSx	TRUE	Alu	intronic
chr18:2923305:A:G	chr18:2923305:T:C	A:G	LPIN2	intronic	unknown	A;G;+;R;ALU;-;SINE/AluSq2;intronic;LPIN2;-;-;intronic;LPIN2;-;-;intronic;LPIN2;-;-;-;106;14;18	Name=AluSq2	TRUE	Alu	intronic
chr18:46023795:T:C	chr18:46023795:A:G	A:G	PSTPIP2	intronic	unknown	T;C;-;R;NONREP;-;-/-;intronic;PSTPIP2;-;-;intronic;PSTPIP2;-;-;intronic;PSTPIP2;-;-;-;44;11;12	.	TRUE	None	intronic
chr18:46023829:T:C	chr18:46023829:A:G	A:G	PSTPIP2	intronic	unknown	T;C;-;R;NONREP;-;-/-;intronic;PSTPIP2;-;-;intronic;PSTPIP2;-;-;intronic;PSTPIP2;-;-;-;7;2;3	.	TRUE	None	intronic
chr18:46023830:T:C	chr18:46023830:A:G	A:G	PSTPIP2	intronic	unknown	T;C;-;R;NONREP;-;-/-;intronic;PSTPIP2;-;-;intronic;PSTPIP2;-;-;intronic;PSTPIP2;-;-;-;7;3;4	.	TRUE	None	intronic
chr18:69922536:T:C	chr18:69922536:A:G	A:G	CD226	intronic	unknown	T;C;-;R||D;ALU;-;SINE/AluJo;intronic;CD226;-;-;intronic;CD226;-;-;intronic;CD226;-;-;-;0;0;0	Name=AluJo	TRUE	Alu	intronic
chr18:2922414:A:G	chr18:2922414:T:C	A:G	LPIN2	intronic	unknown	A;G;+;R;ALU;-;SINE/AluSx;intronic;LPIN2;-;-;intronic;LPIN2;-;-;intronic;LPIN2;-;-;-;91;19;26	Name=AluSx	TRUE	Alu	intronic
chr18:32068979:A:G	chr18:32068979:A:G	A:G	RNF125	UTR3	unknown	A;G;+;A||R||D;ALU;-;SINE/AluSg;ncRNA_intronic;RP11-53I6.2;-;-;UTR3;RNF125;-;-;UTR3;RNF125;-;-;-;779;29;52	Name=AluSg	TRUE	Alu	UTR3
chr18:74359902:T:C	chr18:74359902:T:C	A:G	C18orf63	downstream	unknown	.	Name=AluSc5	FALSE	Alu	downstream
chr18:74359978:T:C	chr18:74359978:T:C	A:G	C18orf63	downstream	unknown	.	Name=AluSc5	FALSE	Alu	downstream
chr18:57692670:A:G	chr18:57692670:T:C	A:G	ATP8B1	intronic	unknown	A;G;+;A||R;ALU;-;SINE/AluSz;ncRNA_intronic;RP11-35G9.3||RP11-35G9.5;-;-;intronic;ATP8B1;-;-;intronic;ATP8B1;-;-;-;2;2;2	Name=AluSz	TRUE	Alu	intronic
chr18:697651:T:C	chr18:697651:A:G	A:G	ENOSF1	intronic	unknown	T;C;-;A||R;ALU;-;SINE/AluSz6;intronic;ENOSF1;-;-;intronic;ENOSF1;-;-;intronic;ENOSF1;-;-;-;36;15;16	Name=AluSz6	TRUE	Alu	intronic
chr18:70317954:A:G	chr18:70317954:A:G	A:G	SOCS6	intronic	unknown	A;G;+;A||R;ALU;-;SINE/AluSz;intronic;SOCS6;-;-;intronic;SOCS6;-;-;intronic;SOCS6;-;-;-;1;1;1	Name=AluSz	TRUE	Alu	intronic
chr18:46023828:T:C	chr18:46023828:A:G	A:G	PSTPIP2	intronic	unknown	T;C;-;R;NONREP;-;-/-;intronic;PSTPIP2;-;-;intronic;PSTPIP2;-;-;intronic;PSTPIP2;-;-;-;17;4;5	.	TRUE	None	intronic
chr18:74359889:T:C	chr18:74359889:T:C	A:G	C18orf63	downstream	unknown	.	Name=AluSc5	FALSE	Alu	downstream
chr18:45996713:T:C	chr18:45996713:A:G	A:G	PSTPIP2	intronic	unknown	T;C;-;A||R;ALU;-;SINE/AluJo;intronic;PSTPIP2;-;-;intronic;PSTPIP2;-;-;intronic;PSTPIP2;-;-;-;68;9;10	Name=AluJo	TRUE	Alu	intronic
chr18:46022352:T:C	chr18:46022352:A:G	A:G	PSTPIP2	intronic	unknown	T;C;-;A||R;NONREP;-;-/-;intronic;PSTPIP2;-;-;intronic;PSTPIP2;-;-;intronic;PSTPIP2;-;-;-;156;18;23	.	TRUE	None	intronic
chr18:46022362:T:C	chr18:46022362:A:G	A:G	PSTPIP2	intronic	unknown	T;C;-;A||R;NONREP;-;-/-;intronic;PSTPIP2;-;-;intronic;PSTPIP2;-;-;intronic;PSTPIP2;-;-;-;162;17;23	.	TRUE	None	intronic
chr18:39715871:A:G	chr18:39715871:T:C	A:G	MIR924HG	ncRNA
intronic	unknown	.	Name=AluYg6	FALSE	Alu	ncRNA
chr19:10273097:A:G	chr19:10273097:A:G	A:G	ICAM1	intronic	unknown	A;G;+;A||R;ALU;-;SINE/AluJb;ncRNA_intronic;CTD-2369P2.5;-;-;intronic;ICAM1;-;-;intronic;ICAM1;-;-;-;41;6;8	Name=AluJr4	TRUE	Alu	intronic
chr19:16550486:T:C	chr19:16550486:A:G	A:G	SLC35E1	UTR3	unknown	T;C;-;A||R||D;ALU;-;SINE/AluSz;UTR3;SLC35E1;-;-;UTR3;SLC35E1;-;-;UTR3;SLC35E1;-;-;-;2440;30;55	Name=AluSz	TRUE	Alu	UTR3
chr19:16550487:T:C	chr19:16550487:A:G	A:G	SLC35E1	UTR3	unknown	T;C;-;A||R;ALU;-;SINE/AluSz;UTR3;SLC35E1;-;-;UTR3;SLC35E1;-;-;UTR3;SLC35E1;-;-;-;1621;30;55	Name=AluSz	TRUE	Alu	UTR3
chr19:16634542:T:C	chr19:16634542:A:G	A:G	MED26	upstream	unknown	T;C;-;A||R;ALU;-;SINE/AluSx1;ncRNA_exonic;CTC-429P9.3;-;-;intergenic;MED26||SMIM7;-;-;intergenic;MED26||SMIM7;-;-;-;2342;30;54	Name=AluSx1	TRUE	Alu	upstream
chr19:16634574:T:C	chr19:16634574:A:G	A:G	MED26	upstream	unknown	T;C;-;A||R||D;ALU;-;SINE/AluSx1;ncRNA_exonic;CTC-429P9.3;-;-;intergenic;MED26||SMIM7;-;-;intergenic;MED26||SMIM7;-;-;-;2053;30;55	Name=AluSx1	TRUE	Alu	upstream
chr19:17084231:A:G	chr19:17084231:A:G	A:G	MYO9B	intronic	unknown	A;G;+;A||R;ALU;-;SINE/AluJb;intronic;MYO9B;-;-;intronic;MYO9B;-;-;intronic;MYO9B;-;-;-;6;5;5	Name=AluJb	TRUE	Alu	intronic
chr19:18366898:A:G	chr19:18366898:A:G	A:G	PGPEP1	UTR3	unknown	A;G;+;A||R||D;ALU;-;SINE/AluJo;UTR3;PGPEP1;-;-;UTR3;PGPEP1;-;-;UTR3;PGPEP1;-;-;-;1752;30;55	Name=AluJo	TRUE	Alu	UTR3
chr19:18367009:A:G	chr19:18367009:A:G	A:G	PGPEP1	UTR3	unknown	A;G;+;A||R||D;ALU;-;SINE/AluJo;UTR3;PGPEP1;-;-;UTR3;PGPEP1;-;-;UTR3;PGPEP1;-;-;-;1988;30;55	Name=AluJo	TRUE	Alu	UTR3
chr19:18367091:A:G	chr19:18367091:A:G	A:G	PGPEP1	UTR3	unknown	A;G;+;A||R||D;ALU;-;SINE/AluJo;UTR3;PGPEP1;-;-;UTR3;PGPEP1;-;-;UTR3;PGPEP1;-;-;-;1617;30;55	Name=AluJo	TRUE	Alu	UTR3
chr19:18367113:A:G	chr19:18367113:A:G	A:G	PGPEP1	UTR3	unknown	A;G;+;A||R||D;ALU;-;SINE/AluJo;UTR3;PGPEP1;-;-;UTR3;PGPEP1;-;-;UTR3;PGPEP1;-;-;-;1001;30;55	Name=AluJo	TRUE	Alu	UTR3
chr19:29699224:T:C	chr19:29699224:A:G	A:G	C19orf12	UTR3	unknown	T;C;-;A||R;ALU;-;SINE/AluY;intergenic;PLEKHF1||C19orf12;-;-;UTR3;C19orf12;-;-;UTR3;C19orf12;-;-;-;529;28;51	Name=AluY	TRUE	Alu	UTR3
chr19:29699278:T:C	chr19:29699278:A:G	A:G	C19orf12	UTR3	unknown	T;C;-;A||R;ALU;-;SINE/AluY;intergenic;PLEKHF1||C19orf12;-;-;UTR3;C19orf12;-;-;UTR3;C19orf12;-;-;-;1255;30;54	Name=AluY	TRUE	Alu	UTR3
chr19:38406548:A:G	chr19:38406548:A:G	A:G	FAM98C	intronic	unknown	A;G;+;A||R||D;ALU;-;SINE/AluJo;intronic;FAM98C;-;-;intronic;FAM98C;-;-;intronic;FAM98C;-;-;-;1738;30;53	Name=AluJo	TRUE	Alu	intronic
chr19:51133363:A:G	chr19:51133363:A:G	A:G	SIGLEC9	intronic	unknown	A;G;+;A||R;ALU;-;SINE/AluSx1;intronic;SIGLEC9;-;-;intronic;SIGLEC9;-;-;intronic;SIGLEC9;-;-;-;217;15;22	Name=AluSx1	TRUE	Alu	intronic
chr19:52702219:T:C	chr19:52702219:A:G	A:G	ZNF611	downstream	unknown	T;C;-;A||R;ALU;-;SINE/AluSq2;downstream;ZNF611;-;-;downstream;ZNF611;-;-;downstream;ZNF611;-;-;-;1030;30;55	Name=AluSq2	TRUE	Alu	downstream
chr19:54237215:T:C	chr19:54237215:A:G	A:G	LILRA6	downstream	unknown	T;C;-;A||R;ALU;-;SINE/AluSx;intronic;LILRA6||LILRB3;-;-;intronic;LILRB3;-;-;UTR3;LILRA6;-;-;-;438;25;32	Name=AluSx	TRUE	Alu	downstream
chr19:54237223:T:C	chr19:54237223:A:G	A:G	LILRA6	downstream	unknown	T;C;-;A||R;ALU;-;SINE/AluSx;intronic;LILRA6||LILRB3;-;-;intronic;LILRB3;-;-;UTR3;LILRA6;-;-;-;449;25;32	Name=AluSx	TRUE	Alu	downstream
chr19:54237247:T:C	chr19:54237247:A:G	A:G	LILRA6	downstream	unknown	T;C;-;A||R;ALU;-;SINE/AluSx;intronic;LILRA6||LILRB3;-;-;intronic;LILRB3;-;-;UTR3;LILRA6;-;-;-;681;28;40	Name=AluSx	TRUE	Alu	downstream
chr19:54237277:T:C	chr19:54237277:A:G	A:G	LILRA6	downstream	unknown	T;C;-;A||R;ALU;-;SINE/AluSx;intronic;LILRA6||LILRB3;-;-;intronic;LILRB3;-;-;UTR3;LILRA6;-;-;-;660;28;40	Name=AluSx	TRUE	Alu	downstream
chr19:54237280:T:C	chr19:54237280:A:G	A:G	LILRA6	downstream	unknown	T;C;-;A||R;ALU;-;SINE/AluSx;intronic;LILRA6||LILRB3;-;-;intronic;LILRB3;-;-;UTR3;LILRA6;-;-;-;548;27;37	Name=AluSx	TRUE	Alu	downstream
chr19:54237281:T:C	chr19:54237281:A:G	A:G	LILRA6	downstream	unknown	T;C;-;A||R;ALU;-;SINE/AluSx;intronic;LILRA6||LILRB3;-;-;intronic;LILRB3;-;-;UTR3;LILRA6;-;-;-;543;27;38	Name=AluSx	TRUE	Alu	downstream
chr19:54238153:T:C	chr19:54238153:A:G	A:G	LILRA6	downstream	unknown	T;C;-;A||R;ALU;-;SINE/AluSx3;intronic;LILRA6||LILRB3;-;-;intronic;LILRB3;-;-;UTR3;LILRA6;-;-;-;465;24;31	Name=AluSx3	TRUE	Alu	downstream
chr19:54238175:T:C	chr19:54238175:A:G	A:G	LILRA6	downstream	unknown	T;C;-;R;ALU;-;SINE/AluSx3;intronic;LILRA6||LILRB3;-;-;intronic;LILRB3;-;-;UTR3;LILRA6;-;-;-;335;16;23	Name=AluSx3	TRUE	Alu	downstream
chr19:54238242:T:C	chr19:54238242:A:G	A:G	LILRA6	downstream	unknown	T;C;-;A||R;ALU;-;SINE/AluSx3;intronic;LILRA6||LILRB3;-;-;intronic;LILRB3;-;-;UTR3;LILRA6;-;-;-;200;17;21	Name=AluSx3	TRUE	Alu	downstream
chr19:54238262:T:C	chr19:54238262:A:G	A:G	LILRA6	downstream	unknown	T;C;-;A||R;ALU;-;SINE/AluSx3;intronic;LILRA6||LILRB3;-;-;intronic;LILRB3;-;-;UTR3;LILRA6;-;-;-;242;13;17	Name=AluSx3	TRUE	Alu	downstream
chr19:57844245:A:G	chr19:57844245:A:G	A:G	ZNF587B	intronic	unknown	A;G;+;A||R||D;ALU;-;SINE/AluSg;intronic;CTD-2583A14.10||ZNF587B;-;-;intronic;ZNF587B;-;-;intronic;ZNF587||ZNF587B;-;-;-;964;30;47	Name=AluSx4	TRUE	Alu	intronic
chr19:57844302:A:G	chr19:57844302:A:G	A:G	ZNF587B	exonic	nonsynonymous SNV	A;G;+;A||R||D;ALU;-;SINE/AluSg;exonic;ZNF587B;nonsynonymous	Name=AluSx4	TRUE	Alu	exonic
chr19:57845888:A:G	chr19:57845888:A:G	A:G	ZNF587B	UTR3	unknown	A;G;+;A||R||D;ALU;-;SINE/AluJb;UTR3;ZNF587B;-;-;UTR3;ZNF587B;-;-;UTR3;ZNF587B;-;-;-;1793;30;55	Name=AluJb	TRUE	Alu	UTR3
chr19:57845903:A:G	chr19:57845903:A:G	A:G	ZNF587B	UTR3	unknown	A;G;+;A||R||D;ALU;-;SINE/AluJb;UTR3;ZNF587B;-;-;UTR3;ZNF587B;-;-;UTR3;ZNF587B;-;-;-;1611;30;54	Name=AluJb	TRUE	Alu	UTR3
chr19:57845918:A:G	chr19:57845918:A:G	A:G	ZNF587B	UTR3	unknown	A;G;+;A||R||D;ALU;-;SINE/AluJb;UTR3;ZNF587B;-;-;UTR3;ZNF587B;-;-;UTR3;ZNF587B;-;-;-;1450;30;55	Name=AluJb	TRUE	Alu	UTR3
chr19:7087420:A:G	chr19:7087420:A:G	A:G	ZNF557	UTR3	unknown	A;G;+;A||R||D;ALU;-;SINE/AluSp;ncRNA_exonic;CTB-25J19.9;-;-;UTR3;ZNF557;-;-;UTR3;ZNF557;-;-;-;676;30;53	Name=AluSp	TRUE	Alu	UTR3
chr19:8492991:T:C	chr19:8492991:A:G	A:G	PRAM1	intronic	unknown	T;C;-;A||R;ALU;-;SINE/AluSx1;intronic;PRAM1;-;-;intronic;PRAM1;-;-;intronic;PRAM1;-;-;-;449;28;47	Name=AluSx1	TRUE	Alu	intronic
chr19:8495526:T:C	chr19:8495526:A:G	A:G	PRAM1	intronic	unknown	T;C;-;A||R;ALU;-;SINE/AluSx;intronic;PRAM1;-;-;intronic;PRAM1;-;-;intronic;PRAM1;-;-;-;407;23;39	Name=AluSz6	TRUE	Alu	intronic
chr19:9647650:T:C	chr19:9647650:A:G	A:G	ZNF562	UTR3	unknown	T;C;-;A||R;ALU;-;SINE/AluSq2;intergenic;C19orf82||ZNF562;-;-;intergenic;ZNF561-AS1||ZNF562;-;-;intergenic;LOC284385||ZNF562;-;-;-;530;30;54	Name=AluSq2	TRUE	Alu	UTR3
chr19:9650786:T:C	chr19:9650786:A:G	A:G	ZNF562	UTR3	unknown	T;C;-;A||R||D;ALU;-;SINE/AluSp;UTR3;ZNF562;-;-;UTR3;ZNF562;-;-;UTR3;ZNF562;-;-;-;1300;30;54	Name=AluSp	TRUE	Alu	UTR3
chr19:10363439:T:C	chr19:10363439:A:G	A:G	TYK2	intronic	unknown	T;C;-;A||R||D;ALU;-;SINE/AluJb;intronic;TYK2;-;-;intronic;TYK2;-;-;intronic;TYK2;-;-;-;915;30;49	Name=AluJb	TRUE	Alu	intronic
chr19:10435360:A:G	chr19:10435360:A:G	A:G	PDE4A	intronic	unknown	A;G;+;A||R;ALU;-;SINE/AluJb;intronic;PDE4A;-;-;intronic;PDE4A;-;-;intronic;PDE4A;-;-;-;3;3;3	Name=AluJb	TRUE	Alu	intronic
chr19:10442965:A:G	chr19:10442965:A:G	A:G	PDE4A	intronic	unknown	.	.	FALSE	None	intronic
chr19:10448226:A:G	chr19:10448226:A:G	A:G	PDE4A	intronic	unknown	A;G;+;R;ALU;-;SINE/AluSc;intronic;PDE4A;-;-;intronic;PDE4A;-;-;intronic;PDE4A;-;-;-;5;1;1	Name=AluSc	TRUE	Alu	intronic
chr19:11450409:A:G	chr19:11450409:A:G	A:G	PRKCSH	intronic	unknown	A;G;+;A||R||D;ALU;-;SINE/AluSx1;intronic;PRKCSH;-;-;intronic;PRKCSH;-;-;intronic;PRKCSH;-;-;-;2264;30;55	Name=AluSx1	TRUE	Alu	intronic
chr19:11927269:A:G	chr19:11927269:A:G	A:G	ZNF700	intronic	unknown	A;G;+;A||R||D;ALU;-;SINE/AluSz;intronic;ZNF700||ZNF763;-;-;intronic;ZNF700;-;-;intronic;ZNF700||ZNF763;-;-;-;168;24;31	Name=AluSz	TRUE	Alu	intronic
chr19:13760054:A:G	chr19:13760054:A:G	A:G	CCDC130	intronic	unknown	A;G;+;A||R||D;ALU;-;SINE/AluSp;intronic;CCDC130;-;-;intronic;CCDC130;-;-;intronic;CCDC130;-;-;-;2103;30;54	Name=AluSp	TRUE	Alu	intronic
chr19:13772662:A:G	chr19:13772662:A:G	A:G	MRI1	UTR3	unknown	A;G;+;A||R||D;ALU;-;SINE/AluY;ncRNA_intronic;CTB-5E10.3;-;-;UTR3;MRI1;-;-;UTR3;MRI1;-;-;-;1641;30;54	Name=AluY	TRUE	Alu	UTR3
chr19:14762781:T:C	chr19:14762781:A:G	A:G	ADGRE2	intronic	unknown	T;C;-;R;ALU;-;SINE/AluSz;intronic;EMR2;-;-;intronic;ADGRE2;-;-;intronic;EMR2;-;-;-;46;6;8	Name=AluSz	TRUE	Alu	intronic
chr19:16550474:T:C	chr19:16550474:A:G	A:G	SLC35E1	UTR3	unknown	T;C;-;A||R;ALU;-;SINE/AluSz;UTR3;SLC35E1;-;-;UTR3;SLC35E1;-;-;UTR3;SLC35E1;-;-;-;1887;30;54	Name=AluSz	TRUE	Alu	UTR3
chr19:16550680:T:C	chr19:16550680:A:G	A:G	SLC35E1	UTR3	unknown	T;C;-;A||R||D;ALU;-;SINE/AluSz;UTR3;SLC35E1;-;-;UTR3;SLC35E1;-;-;UTR3;SLC35E1;-;-;-;2375;30;55	Name=AluSz	TRUE	Alu	UTR3
chr19:16643656:T:C	chr19:16643656:A:G	A:G	SMIM7	downstream	unknown	T;C;-;A||R||D;ALU;-;SINE/AluSx4;ncRNA_intronic;CTC-429P9.1;-;-;intergenic;MED26||SMIM7;-;-;intergenic;MED26||SMIM7;-;-;-;702;30;51	Name=AluSz	TRUE	Alu	downstream
chr19:17179760:A:G	chr19:17179760:A:G	A:G	MYO9B	intronic	unknown	A;G;+;A||R||D;ALU;-;SINE/AluSx;intronic;MYO9B;-;-;intronic;MYO9B;-;-;intronic;MYO9B;-;-;-;64;14;23	Name=AluSx	TRUE	Alu	intronic
chr19:18365606:A:G	chr19:18365606:A:G	A:G	PGPEP1	UTR3	unknown	A;G;+;A||R||D;ALU;-;SINE/AluJb;UTR3;PGPEP1;-;-;UTR3;PGPEP1;-;-;UTR3;PGPEP1;-;-;-;1790;30;54	Name=AluJb	TRUE	Alu	UTR3
chr19:19683067:A:G	chr19:19683067:A:G	A:G	ZNF101	UTR3	unknown	A;G;+;A||R||D;ALU;-;SINE/AluSc8;UTR3;ZNF101;-;-;UTR3;ZNF101;-;-;intergenic;ZNF101||ZNF14;-;-;-;1620;30;54	Name=AluSc8	TRUE	Alu	UTR3
chr19:36952261:A:G	chr19:36952261:A:G	A:G	ZNF568	UTR3	unknown	A;G;+;A||R||D;REP;-;SINE/FLAM_A;UTR3;ZNF568;-;-;UTR3;ZNF568;-;-;UTR3;ZNF568;-;-;-;768;29;52	Name=FLAM_A	TRUE	Other	UTR3
chr19:42097592:T:C	chr19:42097592:A:G	A:G	POU2F2	intronic	unknown	T;C;-;A||R||D;ALU;-;SINE/AluJb;intronic;POU2F2;-;-;intronic;POU2F2;-;-;intronic;POU2F2;-;-;-;19;4;6	Name=AluJb	TRUE	Alu	intronic
chr19:42097613:T:C	chr19:42097613:A:G	A:G	POU2F2	intronic	unknown	T;C;-;A||R||D;ALU;-;SINE/AluJb;intronic;POU2F2;-;-;intronic;POU2F2;-;-;intronic;POU2F2;-;-;-;14;3;4	Name=AluJb	TRUE	Alu	intronic
chr19:42097638:T:C	chr19:42097638:A:G	A:G	POU2F2	intronic	unknown	T;C;-;R||D;ALU;-;SINE/AluJb;intronic;POU2F2;-;-;intronic;POU2F2;-;-;intronic;POU2F2;-;-;-;28;2;3	Name=AluJb	TRUE	Alu	intronic
chr19:44665513:A:G	chr19:44665513:A:G	A:G	PVR	UTR3	unknown	A;G;+;A||R||D;ALU;-;SINE/AluSz;ncRNA_intronic;CTB-171A8.1;-;-;UTR3;PVR;-;-;UTR3;PVR;-;-;-;1414;30;53	Name=AluSz	TRUE	Alu	UTR3
chr19:4654532:A:G	chr19:4654532:A:G	A:G	TNFAIP8L1	UTR3	unknown	A;G;+;A||R||D;ALU;rs571750715;SINE/AluJb;UTR3;TNFAIP8L1;-;-;UTR3;TNFAIP8L1;-;-;UTR3;TNFAIP8L1;-;-;-;1873;30;54	Name=AluJb	TRUE	Alu	UTR3
chr19:4654589:A:G	chr19:4654589:A:G	A:G	TNFAIP8L1	UTR3	unknown	A;G;+;A||R||D;ALU;-;SINE/AluJb;UTR3;TNFAIP8L1;-;-;UTR3;TNFAIP8L1;-;-;UTR3;TNFAIP8L1;-;-;-;1862;30;54	Name=AluJb	TRUE	Alu	UTR3
chr19:48068119:T:C	chr19:48068119:A:G	A:G	PLA2G4C	intronic	unknown	T;C;-;A||R;ALU;rs371035971;SINE/AluSc;intronic;PLA2G4C;-;-;intronic;PLA2G4C;-;-;intronic;PLA2G4C;-;-;-;172;22;39	Name=AluSc	TRUE	Alu	intronic
chr19:4906178:T:C	chr19:4906178:T:C	A:G	UHRF1	intronic	unknown	T;C;-;R;ALU;-;SINE/AluJo;ncRNA_intronic;UHRF1;-;-;intronic;UHRF1;-;-;intergenic;ARRDC5||C19orf31;-;-;-;17;5;6	Name=AluJo	TRUE	Alu	intronic
chr19:49804934:A:G	chr19:49804934:A:G	A:G	AP2A1	intronic	unknown	A;G;+;A||R||D;ALU;-;SINE/AluJo;intronic;AP2A1;-;-;intronic;AP2A1;-;-;intronic;AP2A1;-;-;-;2160;30;54	Name=AluJo	TRUE	Alu	intronic
chr19:51134179:A:G	chr19:51134179:A:G	A:G	SIGLEC9	intronic	unknown	A;G;+;A||R;ALU;-;SINE/AluSc;intronic;SIGLEC9;-;-;intronic;SIGLEC9;-;-;intronic;SIGLEC9;-;-;-;77;7;8	Name=AluSc	TRUE	Alu	intronic
chr19:52839008:T:C	chr19:52839008:A:G	A:G	ZNF468	UTR3	unknown	T;C;-;A||R;ALU;-;SINE/AluSc8;UTR3;ZNF468;-;-;UTR3;ZNF468;-;-;UTR3;ZNF468;-;-;272;17;1300;30;54	Name=AluSc8	TRUE	Alu	UTR3
chr19:53411554:A:G	chr19:53411554:A:G	A:G	ZNF765	UTR3	unknown	A;G;+;A||R||D;ALU;-;SINE/AluSp;UTR3;ZNF765;-;-;UTR3;ZNF765;-;-;UTR3;ZNF765;-;-;571;278;1004;30;54	Name=AluSp	TRUE	Alu	UTR3
chr19:54237180:T:C	chr19:54237180:A:G	A:G	LILRA6	downstream	unknown	T;C;-;A||R;ALU;-;SINE/AluSx;intronic;LILRA6||LILRB3;-;-;intronic;LILRB3;-;-;UTR3;LILRA6;-;-;-;998;29;48	Name=AluSx	TRUE	Alu	downstream
chr19:54237241:T:C	chr19:54237241:A:G	A:G	LILRA6	downstream	unknown	T;C;-;A||R;ALU;-;SINE/AluSx;intronic;LILRA6||LILRB3;-;-;intronic;LILRB3;-;-;UTR3;LILRA6;-;-;-;465;25;33	Name=AluSx	TRUE	Alu	downstream
chr19:54237251:T:C	chr19:54237251:A:G	A:G	LILRA6	downstream	unknown	T;C;-;A||R;ALU;-;SINE/AluSx;intronic;LILRA6||LILRB3;-;-;intronic;LILRB3;-;-;UTR3;LILRA6;-;-;-;552;25;35	Name=AluSx	TRUE	Alu	downstream
chr19:54238053:T:C	chr19:54238053:A:G	A:G	LILRA6	downstream	unknown	T;C;-;A||R;ALU;-;SINE/AluSx3;intronic;LILRA6||LILRB3;-;-;intronic;LILRB3;-;-;UTR3;LILRA6;-;-;-;301;19;24	Name=AluSx3	TRUE	Alu	downstream
chr19:54238176:T:C	chr19:54238176:A:G	A:G	LILRA6	downstream	unknown	T;C;-;A||R;ALU;rs564193531;SINE/AluSx3;intronic;LILRA6||LILRB3;-;-;intronic;LILRB3;-;-;UTR3;LILRA6;-;-;-;323;16;22	Name=AluSx3	TRUE	Alu	downstream
chr19:54238218:T:C	chr19:54238218:A:G	A:G	LILRA6	downstream	unknown	T;C;-;A||R;ALU;-;SINE/AluSx3;intronic;LILRA6||LILRB3;-;-;intronic;LILRB3;-;-;UTR3;LILRA6;-;-;-;1;1;1	Name=AluSx3	TRUE	Alu	downstream
chr19:54238240:T:C	chr19:54238240:A:G	A:G	LILRA6	downstream	unknown	T;C;-;A||R;ALU;-;SINE/AluSx3;intronic;LILRA6||LILRB3;-;-;intronic;LILRB3;-;-;UTR3;LILRA6;-;-;-;283;17;24	Name=AluSx3	TRUE	Alu	downstream
chr19:57843782:A:G	chr19:57843782:A:G	A:G	ZNF587B	intronic	unknown	A;G;+;A||R||D;ALU;-;SINE/AluSg7;intronic;CTD-2583A14.10||ZNF587B;-;-;intronic;ZNF587B;-;-;intronic;ZNF587||ZNF587B;-;-;-;815;30;51	Name=AluSg7	TRUE	Alu	intronic
chr19:57844443:A:G	chr19:57844443:A:G	A:G	ZNF587B	UTR3	unknown	A;G;+;A||R;ALU;-;SINE/AluSg;UTR3;ZNF587B;-;-;UTR3;ZNF587B;-;-;UTR3;ZNF587B;-;-;-;813;29;49	Name=AluSx4	TRUE	Alu	UTR3
chr19:6477807:T:C	chr19:6477807:A:G	A:G	DENND1C	intronic	unknown	T;C;-;R;ALU;-;SINE/AluSx;intronic;DENND1C;-;-;intronic;DENND1C;-;-;intronic;DENND1C;-;-;-;0;0;0	Name=AluSx	TRUE	Alu	intronic
chr19:6951115:T:C	chr19:6951115:A:G	A:G	ADGRE4P	downstream	unknown	T;C;-;A||R||D;ALU;-;SINE/AluJr;intergenic;EMR1||EMR4P;-;-;intergenic;ADGRE1||ADGRE4P;-;-;intergenic;EMR1||EMR4P;-;-;-;91;10;13	Name=AluJr	TRUE	Alu	downstream
chr19:6951218:T:C	chr19:6951218:A:G	A:G	ADGRE4P	downstream	unknown	T;C;-;A||R||D;ALU;-;SINE/AluJr;intergenic;EMR1||EMR4P;-;-;intergenic;ADGRE1||ADGRE4P;-;-;intergenic;EMR1||EMR4P;-;-;-;170;16;24	Name=AluJr	TRUE	Alu	downstream
chr19:6951264:T:C	chr19:6951264:A:G	A:G	ADGRE4P	downstream	unknown	T;C;-;A||R||D;ALU;-;SINE/AluJr;intergenic;EMR1||EMR4P;-;-;intergenic;ADGRE1||ADGRE4P;-;-;intergenic;EMR1||EMR4P;-;-;-;172;17;23	Name=AluJr	TRUE	Alu	downstream
chr19:6951690:T:C	chr19:6951690:A:G	A:G	ADGRE4P	downstream	unknown	T;C;-;A||R;ALU;rs777498878;SINE/AluSq;downstream;EMR4P;-;-;downstream;ADGRE4P;-;-;downstream;EMR4P;-;-;-;216;19;29	Name=AluSq	TRUE	Alu	downstream
chr19:6951744:T:C	chr19:6951744:A:G	A:G	ADGRE4P	downstream	unknown	T;C;-;A||R||D;ALU;-;SINE/AluSq;downstream;EMR4P;-;-;downstream;ADGRE4P;-;-;downstream;EMR4P;-;-;-;253;23;37	Name=AluSq	TRUE	Alu	downstream
chr19:6951874:T:C	chr19:6951874:A:G	A:G	ADGRE4P	downstream	unknown	T;C;-;A||R;ALU;-;SINE/AluSq;downstream;EMR4P;-;-;downstream;ADGRE4P;-;-;downstream;EMR4P;-;-;-;112;15;21	Name=AluSq	TRUE	Alu	downstream
chr19:8492831:T:C	chr19:8492831:A:G	A:G	PRAM1	intronic	unknown	T;C;-;R;ALU;-;SINE/AluSx1;intronic;PRAM1;-;-;intronic;PRAM1;-;-;intronic;PRAM1;-;-;-;294;18;26	Name=AluSx1	TRUE	Alu	intronic
chr19:8492834:T:C	chr19:8492834:A:G	A:G	PRAM1	intronic	unknown	T;C;-;R;ALU;-;SINE/AluSx1;intronic;PRAM1;-;-;intronic;PRAM1;-;-;intronic;PRAM1;-;-;-;294;18;29	Name=AluSx1	TRUE	Alu	intronic
chr19:8494832:T:C	chr19:8494832:A:G	A:G	PRAM1	intronic	unknown	T;C;-;R;ALU;-;SINE/AluSx1;intronic;PRAM1;-;-;intronic;PRAM1;-;-;intronic;PRAM1;-;-;-;217;16;22	Name=AluSx1	TRUE	Alu	intronic
chr19:8495220:T:C	chr19:8495220:A:G	A:G	PRAM1	intronic	unknown	T;C;-;A||R;ALU;-;SINE/AluSx;intronic;PRAM1;-;-;intronic;PRAM1;-;-;intronic;PRAM1;-;-;-;375;24;39	Name=AluSx	TRUE	Alu	intronic
chr19:9524705:T:C	chr19:9524705:A:G	A:G	ZNF426	UTR3	unknown	T;C;-;A||R;ALU;-;SINE/AluSp;intergenic;CTC-543D15.3||ZNF426;-;-;intergenic;ZNF560||ZNF426;-;-;intergenic;ZNF560||ZNF426;-;-;-;1115;30;55	Name=AluSp	TRUE	Alu	UTR3
chr19:9647605:T:C	chr19:9647605:A:G	A:G	ZNF562	UTR3	unknown	T;C;-;A||R;ALU;-;SINE/AluSq2;intergenic;C19orf82||ZNF562;-;-;intergenic;ZNF561-AS1||ZNF562;-;-;intergenic;LOC284385||ZNF562;-;-;-;264;28;46	Name=AluSq2	TRUE	Alu	UTR3
chr19:9647729:T:C	chr19:9647729:A:G	A:G	ZNF562	UTR3	unknown	T;C;-;A||R;ALU;-;SINE/AluSq2;downstream;ZNF562;-;-;downstream;ZNF562;-;-;downstream;ZNF562;-;-;-;791;30;54	Name=AluSq2	TRUE	Alu	UTR3
chr19:9753390:T:C	chr19:9753390:A:G	A:G	ZNF846	intronic	unknown	T;C;-;A||R;ALU;-;SINE/AluY;intronic;ZNF846;-;-;intergenic;ZNF812||ZNF846;-;-;intronic;ZNF846;-;-;-;562;30;53	Name=AluY	TRUE	Alu	intronic
chr19:13772574:A:G	chr19:13772574:A:G	A:G	MRI1	UTR3	unknown	A;G;+;A||R||D;ALU;-;SINE/AluY;ncRNA_exonic;CTB-5E10.3;-;-;UTR3;MRI1;-;-;UTR3;MRI1;-;-;-;2023;30;55	Name=AluY	TRUE	Alu	UTR3
chr19:14734257:T:C	chr19:14734257:A:G	A:G	ADGRE2	UTR3	unknown	T;C;-;A||R||D;ALU;-;SINE/AluJb;UTR3;EMR2;-;-;UTR3;ADGRE2;-;-;UTR3;EMR2;-;-;-;560;27;49	Name=AluJb	TRUE	Alu	UTR3
chr19:14734660:T:C	chr19:14734660:A:G	A:G	ADGRE2	UTR3	unknown	T;C;-;A||R;ALU;-;SINE/AluSx;UTR3;EMR2;-;-;UTR3;ADGRE2;-;-;UTR3;EMR2;-;-;-;325;21;35	Name=AluSx	TRUE	Alu	UTR3
chr19:14734664:T:C	chr19:14734664:A:G	A:G	ADGRE2	UTR3	unknown	T;C;-;A||R;ALU;-;SINE/AluSx;UTR3;EMR2;-;-;UTR3;ADGRE2;-;-;UTR3;EMR2;-;-;-;308;22;34	Name=AluSx	TRUE	Alu	UTR3
chr19:14734700:T:C	chr19:14734700:A:G	A:G	ADGRE2	UTR3	unknown	T;C;-;A||R;ALU;-;SINE/AluSx;UTR3;EMR2;-;-;UTR3;ADGRE2;-;-;UTR3;EMR2;-;-;-;340;20;33	Name=AluSx	TRUE	Alu	UTR3
chr19:16643499:T:C	chr19:16643499:A:G	A:G	SMIM7	downstream	unknown	T;C;-;A||R||D;ALU;-;SINE/AluSx4;ncRNA_intronic;CTC-429P9.1;-;-;intergenic;MED26||SMIM7;-;-;intergenic;MED26||SMIM7;-;-;-;1068;30;55	Name=AluSz	TRUE	Alu	downstream
chr19:19683066:A:G	chr19:19683066:A:G	A:G	ZNF101	UTR3	unknown	A;G;+;A||R||D;ALU;-;SINE/AluSc8;UTR3;ZNF101;-;-;UTR3;ZNF101;-;-;intergenic;ZNF101||ZNF14;-;-;-;1056;30;54	Name=AluSc8	TRUE	Alu	UTR3
chr19:2292590:A:G	chr19:2292590:T:C	A:G	LINGO3	intronic	unknown	A;G;+;R;ALU;-;SINE/AluSx1;intronic;LINGO3;-;-;intronic;LINGO3;-;-;intronic;LINGO3||SPPL2B;-;-;-;159;12;16	Name=AluSx1	TRUE	Alu	intronic
chr19:2293942:A:G	chr19:2293942:T:C	A:G	LINGO3	intronic	unknown	A;G;+;A||R;ALU;-;SINE/AluJr;intronic;LINGO3;-;-;intronic;LINGO3;-;-;intronic;LINGO3||SPPL2B;-;-;-;561;28;44	Name=AluJr	TRUE	Alu	intronic
chr19:45021674:A:G	chr19:45021674:A:G	A:G	RELB	intronic	unknown	A;G;+;R;ALU;-;SINE/AluSx;intronic;RELB;-;-;intronic;RELB;-;-;intronic;RELB;-;-;-;47;12;16	Name=AluSx	TRUE	Alu	intronic
chr19:45021775:A:G	chr19:45021775:A:G	A:G	RELB	intronic	unknown	A;G;+;R||D;ALU;-;SINE/AluSx;intronic;RELB;-;-;intronic;RELB;-;-;intronic;RELB;-;-;-;70;13;18	Name=AluSx	TRUE	Alu	intronic
chr19:4653226:A:G	chr19:4653226:A:G	A:G	TNFAIP8L1	UTR3	unknown	A;G;+;A||R||D;ALU;-;SINE/AluSc8;UTR3;TNFAIP8L1;-;-;UTR3;TNFAIP8L1;-;-;UTR3;TNFAIP8L1;-;-;-;1157;30;54	Name=AluSc8	TRUE	Alu	UTR3
chr19:4654585:A:G	chr19:4654585:A:G	A:G	TNFAIP8L1	UTR3	unknown	A;G;+;A||R||D;ALU;-;SINE/AluJb;UTR3;TNFAIP8L1;-;-;UTR3;TNFAIP8L1;-;-;UTR3;TNFAIP8L1;-;-;-;1797;30;54	Name=AluJb	TRUE	Alu	UTR3
chr19:52643649:T:C	chr19:52643649:A:G	A:G	ZNF83	intronic	unknown	T;C;-;A||R;ALU;-;SINE/AluSc8;intronic;ZNF83;-;-;intronic;ZNF83;-;-;intronic;ZNF83;-;-;-;184;24;36	Name=AluSc8	TRUE	Alu	intronic
chr19:57844246:A:G	chr19:57844246:A:G	A:G	ZNF587B	intronic	unknown	A;G;+;A||R||D;ALU;-;SINE/AluSg;intronic;CTD-2583A14.10||ZNF587B;-;-;intronic;ZNF587B;-;-;intronic;ZNF587||ZNF587B;-;-;-;1018;30;47	Name=AluSx4	TRUE	Alu	intronic
chr19:57845110:A:G	chr19:57845110:A:G	A:G	ZNF587B	UTR3	unknown	A;G;+;A||R||D;ALU;-;SINE/AluSx;UTR3;ZNF587B;-;-;UTR3;ZNF587B;-;-;UTR3;ZNF587B;-;-;-;1568;30;53	Name=AluSx	TRUE	Alu	UTR3
chr19:8540647:T:C	chr19:8540647:A:G	A:G	MYO1F	intronic	unknown	T;C;-;R;ALU;-;SINE/AluSx1;intronic;MYO1F;-;-;intronic;MYO1F;-;-;intronic;MYO1F;-;-;-;130;10;12	Name=AluSx1	TRUE	Alu	intronic
chr19:9562267:T:C	chr19:9562267:A:G	A:G	ZNF121	UTR3	unknown	T;C;-;A||R||D;ALU;-;SINE/AluSx3;intergenic;ZNF426||ZNF121;-;-;intergenic;ZNF426||ZNF121;-;-;ncRNA_exonic;AK297919;-;-;-;1347;30;54	Name=AluSx3	TRUE	Alu	UTR3
chr19:12081018:A:G	chr19:12081018:A:G	A:G	ZNF844	UTR3	unknown	A;G;+;A||R||D;ALU;-;SINE/AluSz;UTR3;ZNF844;-;-;intergenic;ZNF844||ZNF788;-;-;intergenic;ZNF844||ZNF788;-;-;-;1700;30;54	Name=AluSz	TRUE	Alu	UTR3
chr19:14734297:T:C	chr19:14734297:A:G	A:G	ADGRE2	UTR3	unknown	T;C;-;A||R;ALU;-;SINE/AluJb;UTR3;EMR2;-;-;UTR3;ADGRE2;-;-;UTR3;EMR2;-;-;-;356;21;34	Name=AluJb	TRUE	Alu	UTR3
chr19:14734699:T:C	chr19:14734699:A:G	A:G	ADGRE2	UTR3	unknown	T;C;-;A||R;ALU;-;SINE/AluSx;UTR3;EMR2;-;-;UTR3;ADGRE2;-;-;UTR3;EMR2;-;-;-;278;18;28	Name=AluSx	TRUE	Alu	UTR3
chr19:29699303:T:C	chr19:29699303:A:G	A:G	C19orf12	UTR3	unknown	T;C;-;A||R;ALU;-;SINE/AluY;intergenic;PLEKHF1||C19orf12;-;-;UTR3;C19orf12;-;-;UTR3;C19orf12;-;-;-;905;29;51	Name=AluY	TRUE	Alu	UTR3
chr19:44901969:A:G	chr19:44901969:A:G	A:G	TOMM40	intronic	unknown	A;G;+;A||R||D;ALU;-;SINE/AluSz;UTR3;TOMM40;-;-;intronic;TOMM40;-;-;UTR3;TOMM40;-;-;-;1528;30;53	Name=AluSz	TRUE	Alu	intronic
chr19:45549577:T:C	chr19:45549577:A:G	A:G	OPA3	UTR3	unknown	T;C;-;A||R;ALU;-;SINE/AluSz6;UTR3;OPA3;-;-;UTR3;OPA3;-;-;UTR3;OPA3;-;-;-;747;30;54	Name=AluSz6	TRUE	Alu	UTR3
chr19:45550058:T:C	chr19:45550058:A:G	A:G	OPA3	UTR3	unknown	T;C;-;A||R||D;ALU;-;SINE/AluSx1;UTR3;OPA3;-;-;UTR3;OPA3;-;-;UTR3;OPA3;-;-;-;2135;30;54	Name=AluSx1	TRUE	Alu	UTR3
chr19:4654525:A:G	chr19:4654525:A:G	A:G	TNFAIP8L1	UTR3	unknown	A;G;+;A||R||D;ALU;-;SINE/AluJb;UTR3;TNFAIP8L1;-;-;UTR3;TNFAIP8L1;-;-;UTR3;TNFAIP8L1;-;-;-;1976;30;54	Name=AluJb	TRUE	Alu	UTR3
chr19:48052565:T:C	chr19:48052565:A:G	A:G	PLA2G4C	intronic	unknown	T;C;-;A||R;REP;-;LTR/MSTA;intronic;PLA2G4C;-;-;intronic;PLA2G4C;-;-;intronic;PLA2G4C;-;-;-;402;25;44	Name=MSTA	TRUE	Other	intronic
chr19:48080552:T:C	chr19:48080552:A:G	A:G	PLA2G4C	intronic	unknown	T;C;-;A||R;ALU;-;SINE/AluSz;intronic;PLA2G4C;-;-;intronic;PLA2G4C;-;-;intronic;PLA2G4C;-;-;-;208;21;36	Name=AluSz	TRUE	Alu	intronic
chr19:53411566:A:G	chr19:53411566:A:G	A:G	ZNF765	UTR3	unknown	A;G;+;A||R;ALU;-;SINE/AluSp;UTR3;ZNF765;-;-;UTR3;ZNF765;-;-;UTR3;ZNF765;-;-;571;278;970;30;54	Name=AluSp	TRUE	Alu	UTR3
chr19:6905090:A:G	chr19:6905090:A:G	A:G	ADGRE1	intronic	unknown	A;G;+;A||R;ALU;-;SINE/AluJr;intronic;EMR1;-;-;intronic;ADGRE1;-;-;intronic;EMR1;-;-;-;71;5;6	Name=AluJr	TRUE	Alu	intronic
chr19:10447987:A:G	chr19:10447987:A:G	A:G	PDE4A	intronic	unknown	A;G;+;R;ALU;-;SINE/AluJo;intronic;PDE4A;-;-;intronic;PDE4A;-;-;intronic;PDE4A;-;-;-;16;8;10	Name=AluJo	TRUE	Alu	intronic
chr19:13772567:A:G	chr19:13772567:A:G	A:G	MRI1	UTR3	unknown	A;G;+;A||R||D;ALU;-;SINE/AluY;ncRNA_exonic;CTB-5E10.3;-;-;UTR3;MRI1;-;-;UTR3;MRI1;-;-;-;2176;30;55	Name=AluY	TRUE	Alu	UTR3
chr19:16085168:A:G	chr19:16085168:A:G	A:G	TPM4	intronic	unknown	A;G;+;A||R||D;ALU;-;SINE/AluJr;intronic;TPM4;-;-;intronic;TPM4;-;-;intronic;TPM4;-;-;-;247;26;35	Name=AluJr	TRUE	Alu	intronic
chr19:47270022:A:G	chr19:47270022:A:G	A:G	CCDC9	intronic	unknown	A;G;+;A||R||D;ALU;-;SINE/AluJb;intronic;CCDC9;-;-;intronic;CCDC9;-;-;intronic;CCDC9;-;-;-;459;26;43	Name=AluJb	TRUE	Alu	intronic
chr19:48080574:T:C	chr19:48080574:A:G	A:G	PLA2G4C	intronic	unknown	T;C;-;A||R;ALU;-;SINE/AluSz;intronic;PLA2G4C;-;-;intronic;PLA2G4C;-;-;intronic;PLA2G4C;-;-;-;187;22;39	Name=AluSz	TRUE	Alu	intronic
chr19:52586523:A:G	chr19:52586523:A:G	A:G	ZNF701	UTR3	unknown	A;G;+;A||R||D;ALU;-;SINE/AluJb;UTR3;ZNF701;-;-;UTR3;ZNF701;-;-;UTR3;ZNF701;-;-;-;575;28;46	Name=AluJb	TRUE	Alu	UTR3
chr19:13772665:A:G	chr19:13772665:A:G	A:G	MRI1	UTR3	unknown	A;G;+;A||R||D;ALU;-;SINE/AluY;ncRNA_intronic;CTB-5E10.3;-;-;UTR3;MRI1;-;-;UTR3;MRI1;-;-;-;2;2;2	Name=AluY	TRUE	Alu	UTR3
chr19:13772707:A:G	chr19:13772707:A:G	A:G	MRI1	UTR3	unknown	A;G;+;A||R||D;ALU;-;SINE/AluY;ncRNA_intronic;CTB-5E10.3;-;-;UTR3;MRI1;-;-;UTR3;MRI1;-;-;-;2021;30;54	Name=AluY	TRUE	Alu	UTR3
chr19:1586769:T:C	chr19:1586769:A:G	A:G	MBD3	intronic	unknown	T;C;-;A||R||D;ALU;-;SINE/AluSx1;intronic;MBD3||UQCR11;-;-;intronic;MBD3;-;-;intronic;MBD3;-;-;-;830;30;54	Name=AluSx1	TRUE	Alu	intronic
chr19:19789944:T:C	chr19:19789944:T:C	A:G	ZNF56	intronic	unknown	T;C;-;A||R||D;ALU;-;SINE/AluSx;ncRNA_intronic;CTC-559E9.4||CTC-559E9.5||CTC-559E9.6;-;-;intergenic;LINC00663||ZNF506;-;-;intergenic;LINC00663||ZNF506;-;-;-;1817;30;54	Name=AluSx	TRUE	Alu	intronic
chr19:48090883:T:C	chr19:48090883:A:G	A:G	PLA2G4C	intronic	unknown	T;C;-;A||R;ALU;-;SINE/AluJo;intronic;PLA2G4C;-;-;intronic;PLA2G4C;-;-;intronic;PLA2G4C;-;-;-;65;11;20	Name=AluJo	TRUE	Alu	intronic
chr19:52568227:A:G	chr19:52568227:A:G	A:G	ZNF701	upstream	unknown	A;G;+;A||R||D;ALU;-;SINE/AluSx;intergenic;ZNF808||ZNF701;-;-;intergenic;ZNF808||ZNF701;-;-;intergenic;ZNF808||ZNF701;-;-;-;1975;30;54	Name=AluSx	TRUE	Alu	upstream
chr19:11929378:A:G	chr19:11929378:A:G	A:G	ZNF700	intronic	unknown	A;G;+;A||R||D;ALU;-;SINE/AluSz;intronic;ZNF700||ZNF763;-;-;intronic;ZNF700;-;-;intronic;ZNF700||ZNF763;-;-;-;70;19;23	Name=AluSz	TRUE	Alu	intronic
chr19:13772734:A:G	chr19:13772734:A:G	A:G	MRI1	UTR3	unknown	A;G;+;A||R||D;ALU;-;SINE/AluY;ncRNA_intronic;CTB-5E10.3;-;-;UTR3;MRI1;-;-;UTR3;MRI1;-;-;-;1991;30;54	Name=AluY	TRUE	Alu	UTR3
chr19:14741757:T:C	chr19:14741757:A:G	A:G	ADGRE2	intronic	unknown	T;C;-;A||R;ALU;-;SINE/AluY;UTR3;EMR2;-;-;intronic;ADGRE2;-;-;UTR3;EMR2;-;-;-;17;3;3	Name=AluY	TRUE	Alu	intronic
chr19:24049069:T:C	chr19:24049069:T:C	A:G	ZNF254	intronic	unknown	.	.	FALSE	None	intronic
chr19:2293906:A:G	chr19:2293906:T:C	A:G	LINGO3	intronic	unknown	A;G;+;A||R;ALU;-;SINE/AluJr;intronic;LINGO3;-;-;intronic;LINGO3;-;-;intronic;LINGO3||SPPL2B;-;-;-;441;23;42	Name=AluJr	TRUE	Alu	intronic
chr19:47335509:A:G	chr19:47335509:A:G	A:G	C5AR2	intronic	unknown	A;G;+;R;ALU;-;SINE/AluY;intronic;C5AR2;-;-;intronic;C5AR2;-;-;intronic;C5AR2;-;-;-;12;3;3	Name=AluY	TRUE	Alu	intronic
chr19:52567052:A:G	chr19:52567052:A:G	A:G	ZNF701	upstream	unknown	A;G;+;A||R||D;ALU;-;SINE/AluSq2;intergenic;ZNF808||ZNF701;-;-;intergenic;ZNF808||ZNF701;-;-;intergenic;ZNF808||ZNF701;-;-;-;1114;30;55	Name=AluSq2	TRUE	Alu	upstream
chr19:48091723:T:C	chr19:48091723:A:G	A:G	PLA2G4C	intronic	unknown	T;C;-;A||R;ALU;-;SINE/AluSz;intronic;PLA2G4C;-;-;intronic;PLA2G4C;-;-;intronic;PLA2G4C;-;-;-;4;3;3	Name=AluSz	TRUE	Alu	intronic
chr19:1587104:T:C	chr19:1587104:A:G	A:G	MBD3	intronic	unknown	T;C;-;A||R||D;ALU;-;SINE/AluY;intronic;MBD3||UQCR11;-;-;intronic;MBD3;-;-;intronic;MBD3;-;-;-;1038;30;54	Name=AluYh3	TRUE	Alu	intronic
chr19:16642386:T:C	chr19:16642386:A:G	A:G	SMIM7	downstream	unknown	T;C;-;A||R||D;ALU;-;SINE/AluSx1;ncRNA_intronic;CTC-429P9.1;-;-;intergenic;MED26||SMIM7;-;-;intergenic;MED26||SMIM7;-;-;-;1108;30;54	Name=AluSx1	TRUE	Alu	downstream
chr19:2293948:A:G	chr19:2293948:T:C	A:G	LINGO3	intronic	unknown	A;G;+;A||R;ALU;-;SINE/AluJr;intronic;LINGO3;-;-;intronic;LINGO3;-;-;intronic;LINGO3||SPPL2B;-;-;-;440;27;43	Name=AluJr	TRUE	Alu	intronic
chr19:58349436:A:G	chr19:58349436:T:C	A:G	A1BG	intronic	unknown	A;G;+;R;ALU;-;SINE/AluSq;ncRNA_intronic;A1BG-AS1||CTD-2619J13.8;-;-;intronic;A1BG;-;-;ncRNA_intronic;A1BG-AS1;-;-;-;148;22;34	Name=AluSq4	TRUE	Alu	intronic
chr19:53136498:T:C	chr19:53136498:A:G	A:G	ZNF347	UTR3	unknown	T;C;-;A||R;REP;-;SINE/FLAM_C;intronic;ZNF347;-;-;intergenic;ZNF415||ZNF347;-;-;intergenic;ZNF415||ZNF347;-;-;-;1575;30;54	Name=FLAM_C	TRUE	Other	UTR3
chr19:7241276:T:C	chr19:7241276:A:G	A:G	INSR	intronic	unknown	T;C;-;A||R;ALU;-;SINE/AluJr;intronic;INSR;-;-;intronic;INSR;-;-;intronic;INSR;-;-;-;9;6;7	Name=AluJr	TRUE	Alu	intronic
chr19:53136482:T:C	chr19:53136482:A:G	A:G	ZNF347	UTR3	unknown	T;C;-;A||R;REP;-;SINE/FLAM_C;intronic;ZNF347;-;-;intergenic;ZNF415||ZNF347;-;-;intergenic;ZNF415||ZNF347;-;-;-;1467;30;54	Name=FLAM_C	TRUE	Other	UTR3
chr19:6084916:T:C	chr19:6084916:A:G	A:G	RFX2	intronic	unknown	T;C;-;A||R;ALU;-;SINE/AluSq;intronic;RFX2;-;-;intronic;RFX2;-;-;intronic;RFX2;-;-;-;5;3;3	Name=AluSq	TRUE	Alu	intronic
chr19:12081017:A:G	chr19:12081017:A:G	A:G	ZNF844	UTR3	unknown	A;G;+;A||R;ALU;-;SINE/AluSz;UTR3;ZNF844;-;-;intergenic;ZNF844||ZNF788;-;-;intergenic;ZNF844||ZNF788;-;-;-;1040;30;54	Name=AluSz	TRUE	Alu	UTR3
chr19:2092591:T:C	chr19:2092591:A:G	A:G	MOB3A	intronic	unknown	T;C;-;R;ALU;-;SINE/AluSx;intronic;MOB3A;-;-;intronic;MOB3A;-;-;intronic;MOB3A;-;-;-;33;5;6	Name=AluSx	TRUE	Alu	intronic
chr19:38306058:T:C	chr19:38306058:A:G	A:G	YIF1B	intronic	unknown	.	Name=AluSc	FALSE	Alu	intronic
chr19:52642334:T:C	chr19:52642334:A:G	A:G	ZNF83	intronic	unknown	T;C;-;A||R||D;ALU;-;SINE/AluSp;intronic;ZNF83;-;-;intronic;ZNF83;-;-;intronic;ZNF83;-;-;-;147;24;39	Name=AluSp	TRUE	Alu	intronic
chr19:8540648:T:C	chr19:8540648:A:G	A:G	MYO1F	intronic	unknown	T;C;-;R;ALU;-;SINE/AluSx1;intronic;MYO1F;-;-;intronic;MYO1F;-;-;intronic;MYO1F;-;-;-;155;11;13	Name=AluSx1	TRUE	Alu	intronic
chr19:8540653:T:C	chr19:8540653:A:G	A:G	MYO1F	intronic	unknown	T;C;-;R;ALU;-;SINE/AluSx1;intronic;MYO1F;-;-;intronic;MYO1F;-;-;intronic;MYO1F;-;-;-;160;11;14	Name=AluSx1	TRUE	Alu	intronic
chr19:34369149:A:G	chr19:34369149:A:G	A:G	GPI	intronic	unknown	A;G;+;A||R;ALU;-;SINE/AluSx;intronic;GPI;-;-;intronic;GPI;-;-;UTR3;GPI;-;-;-;38;11;13	Name=AluSx	TRUE	Alu	intronic
chr19:45095601:A:G	chr19:45095601:A:G	A:G	PPP1R37	intronic	unknown	A;G;+;A||R;ALU;-;SINE/AluJb;intronic;PPP1R37;-;-;intronic;PPP1R37;-;-;intronic;PPP1R37;-;-;-;3;3;3	Name=AluJb	TRUE	Alu	intronic
chr19:11577319:T:C	chr19:11577319:A:G	A:G	ACP5	splicing	unknown	.	.	FALSE	None	splicing
chr19:11577320:G:A	chr19:11577320:C:T	C:T	ACP5	intronic	unknown	.	.	FALSE	None	intronic
chr19:8573189:T:C	chr19:8573189:A:G	A:G	MYO1F	intronic	unknown	T;C;-;A||R;ALU;-;SINE/AluY;intronic;MYO1F;-;-;intronic;MYO1F;-;-;intronic;MYO1F;-;-;-;38;3;3	Name=AluY	TRUE	Alu	intronic
chr19:10862574:A:G	chr19:10862574:A:G	A:G	C19orf38	intronic	unknown	.	Name=AluSz	FALSE	Alu	intronic
chr19:6905492:A:G	chr19:6905492:A:G	A:G	ADGRE1	intronic	unknown	.	Name=AluSg	FALSE	Alu	intronic
chr19:6905083:A:G	chr19:6905083:A:G	A:G	ADGRE1	intronic	unknown	A;G;+;R;ALU;-;SINE/AluJr;intronic;EMR1;-;-;intronic;ADGRE1;-;-;intronic;EMR1;-;-;-;68;4;5	Name=AluJr	TRUE	Alu	intronic
chr19:6905089:A:G	chr19:6905089:A:G	A:G	ADGRE1	intronic	unknown	A;G;+;A;ALU;-;SINE/AluJr;intronic;EMR1;-;-;intronic;ADGRE1;-;-;intronic;EMR1;-;-;-;66;5;6	Name=AluJr	TRUE	Alu	intronic
chr19:48072321:T:C	chr19:48072321:A:G	A:G	PLA2G4C	intronic	unknown	T;C;-;A||R;ALU;-;SINE/AluJr;intronic;PLA2G4C;-;-;intronic;PLA2G4C;-;-;intronic;PLA2G4C;-;-;-;172;20;36	Name=AluJr	TRUE	Alu	intronic
chr19:48090905:T:C	chr19:48090905:A:G	A:G	PLA2G4C	intronic	unknown	T;C;-;A||R;ALU;-;SINE/AluJo;intronic;PLA2G4C;-;-;intronic;PLA2G4C;-;-;intronic;PLA2G4C;-;-;-;65;13;24	Name=AluJo	TRUE	Alu	intronic
chr19:54712920:T:C	chr19:54712920:T:C	A:G	LILRP2	ncRNA
exonic	unknown	.	.	FALSE	None	ncRNA
chr19:18164477:T:C	chr19:18164477:T:C	A:G	PIK3R2	intronic	unknown	.	Name=FLAM_A	FALSE	Other	intronic
chr19:18076528:T:C	chr19:18076528:A:G	A:G	IL12RB1	intronic	unknown	T;C;-;A||R||D;ALU;-;SINE/AluJb;intronic;IL12RB1;-;-;intronic;IL12RB1;-;-;intronic;IL12RB1;-;-;-;52;3;4	Name=AluJb	TRUE	Alu	intronic
chr19:18077195:T:C	chr19:18077195:A:G	A:G	IL12RB1	intronic	unknown	T;C;-;A||R||D;ALU;-;SINE/AluSx;intronic;IL12RB1;-;-;intronic;IL12RB1;-;-;intronic;IL12RB1;-;-;-;54;6;7	Name=AluSx	TRUE	Alu	intronic
chr19:10862687:A:G	chr19:10862687:A:G	A:G	C19orf38	intronic	unknown	.	Name=AluSz	FALSE	Alu	intronic
chr20:3412988:T:C	chr20:3412988:A:G	A:G	C20orf194	upstream	unknown	.	Name=AluSq2	FALSE	Alu	upstream
chr20:3412993:T:C	chr20:3412993:A:G	A:G	C20orf194	upstream	unknown	.	Name=AluSq2	FALSE	Alu	upstream
chr20:3413029:T:C	chr20:3413029:A:G	A:G	C20orf194	upstream	unknown	.	Name=AluSq2	FALSE	Alu	upstream
chr20:3413034:T:C	chr20:3413034:A:G	A:G	C20orf194	upstream	unknown	.	Name=AluSq2	FALSE	Alu	upstream
chr20:3413061:T:C	chr20:3413061:A:G	A:G	C20orf194	upstream	unknown	.	Name=AluSq2	FALSE	Alu	upstream
chr20:3413365:T:C	chr20:3413365:A:G	A:G	C20orf194	upstream	unknown	.	Name=AluJr	FALSE	Alu	upstream
chr20:3413440:T:C	chr20:3413440:A:G	A:G	C20orf194	upstream	unknown	.	Name=AluJr	FALSE	Alu	upstream
chr20:3413442:T:C	chr20:3413442:A:G	A:G	C20orf194	upstream	unknown	.	Name=AluJr	FALSE	Alu	upstream
chr20:3413452:T:C	chr20:3413452:A:G	A:G	C20orf194	upstream	unknown	.	Name=AluJr	FALSE	Alu	upstream
chr20:35713269:T:C	chr20:35713269:A:G	A:G	RBM39	intronic	unknown	T;C;-;A||R||D;ALU;-;SINE/AluJb;intronic;RBM39;-;-;intronic;RBM39;-;-;intronic;RBM39;-;-;-;2375;30;55	Name=AluJb	TRUE	Alu	intronic
chr20:36892574:T:C	chr20:36892574:A:G	A:G	SAMHD1	UTR3	unknown	T;C;-;A||R||D;REP;-;SINE/FLAM_A;UTR3;SAMHD1;-;-;UTR3;SAMHD1;-;-;UTR3;SAMHD1;-;-;-;2243;30;54	Name=FLAM_A	TRUE	Other	UTR3
chr20:45078309:A:G	chr20:45078309:A:G	A:G	STK4	UTR3	unknown	A;G;+;A||R;ALU;-;SINE/AluSg;UTR3;STK4;-;-;UTR3;STK4;-;-;ncRNA_exonic;AB209315;-;-;-;1391;30;55	Name=AluSx4	TRUE	Alu	UTR3
chr20:45078347:A:G	chr20:45078347:A:G	A:G	STK4	UTR3	unknown	A;G;+;A||R||D;ALU;-;SINE/AluSg;UTR3;STK4;-;-;UTR3;STK4;-;-;ncRNA_exonic;AB209315;-;-;-;1799;30;55	Name=AluSx4	TRUE	Alu	UTR3
chr20:45079118:A:G	chr20:45079118:A:G	A:G	STK4	UTR3	unknown	A;G;+;A||R||D;ALU;-;SINE/AluJb;UTR3;STK4;-;-;UTR3;STK4;-;-;ncRNA_exonic;AB209315;-;-;-;2073;30;55	Name=AluJb	TRUE	Alu	UTR3
chr20:45079198:A:G	chr20:45079198:A:G	A:G	STK4	UTR3	unknown	A;G;+;A||R||D;ALU;-;SINE/AluJb;UTR3;STK4;-;-;UTR3;STK4;-;-;ncRNA_exonic;AB209315;-;-;-;2042;30;55	Name=AluJb	TRUE	Alu	UTR3
chr20:49707973:T:C	chr20:49707973:A:G	A:G	B4GALT5	intronic	unknown	T;C;-;A||R;ALU;-;SINE/AluSx1;intronic;B4GALT5;-;-;intronic;B4GALT5;-;-;intronic;B4GALT5;-;-;-;11;5;6	Name=AluSx1	TRUE	Alu	intronic
chr20:49707985:T:C	chr20:49707985:A:G	A:G	B4GALT5	intronic	unknown	T;C;-;A||R;ALU;-;SINE/AluSx1;intronic;B4GALT5;-;-;intronic;B4GALT5;-;-;intronic;B4GALT5;-;-;-;9;5;5	Name=AluSx1	TRUE	Alu	intronic
chr20:3413094:T:C	chr20:3413094:A:G	A:G	C20orf194	upstream	unknown	.	Name=AluSq2	FALSE	Alu	upstream
chr20:3413537:T:C	chr20:3413537:A:G	A:G	C20orf194	upstream	unknown	.	Name=AluJr	FALSE	Alu	upstream
chr20:34903263:A:G	chr20:34903263:A:G	A:G	ACSS2	intronic	unknown	A;G;+;A||R||D;ALU;-;SINE/AluSz;intronic;ACSS2;-;-;intronic;ACSS2;-;-;intronic;ACSS2;-;-;-;12;7;7	Name=AluSz	TRUE	Alu	intronic
chr20:35713270:T:C	chr20:35713270:A:G	A:G	RBM39	intronic	unknown	T;C;-;A||R||D;ALU;-;SINE/AluJb;intronic;RBM39;-;-;intronic;RBM39;-;-;intronic;RBM39;-;-;-;1968;30;55	Name=AluJb	TRUE	Alu	intronic
chr20:36781370:T:C	chr20:36781370:A:G	A:G	SOGA1	UTR3	unknown	T;C;-;A||R||D;ALU;-;SINE/AluSx;UTR3;SOGA1;-;-;intronic;SOGA1;-;-;intronic;SOGA1;-;-;-;1483;29;53	Name=AluSx	TRUE	Alu	UTR3
chr20:3700797:T:C	chr20:3700797:A:G	A:G	SIGLEC1	intronic	unknown	T;C;-;R;ALU;-;SINE/AluSc;intronic;SIGLEC1;-;-;intronic;SIGLEC1;-;-;intronic;SIGLEC1;-;-;-;11;5;7	Name=AluSc	TRUE	Alu	intronic
chr20:3947085:C:T	chr20:3947085:G:A	C:T	RNF24	intronic	unknown	.	Name=AluSc	FALSE	Alu	intronic
chr20:47549306:A:G	chr20:47549306:A:G	A:G	NCOA3	intronic	unknown	A;G;+;A||R||D;ALU;-;SINE/AluJo;intronic;NCOA3;-;-;intronic;NCOA3;-;-;intronic;NCOA3;-;-;-;6;4;4	Name=AluJo	TRUE	Alu	intronic
chr20:3413035:T:C	chr20:3413035:A:G	A:G	C20orf194	upstream	unknown	.	Name=AluSq2	FALSE	Alu	upstream
chr20:3870544:A:G	chr20:3870544:A:G	A:G	MAVS	UTR3	unknown	A;G;+;A||R||D;REP;-;SINE/FLAM_C;intergenic;MAVS||RP11-119B16.2;-;-;UTR3;MAVS;-;-;UTR3;MAVS;-;-;-;1616;30;54	Name=FLAM_C	TRUE	Other	UTR3
chr20:49943935:A:G	chr20:49943935:A:G	A:G	RNF114	intronic	unknown	A;G;+;R;ALU;-;SINE/AluY;intronic;RNF114;-;-;intronic;RNF114;-;-;intronic;RNF114;-;-;-;265;26;39	Name=AluY	TRUE	Alu	intronic
chr20:25366338:T:C	chr20:25366338:A:G	A:G	ABHD12	intronic	unknown	T;C;-;A||R;ALU;-;SINE/AluSp;intronic;ABHD12;-;-;intronic;ABHD12;-;-;intronic;ABHD12;-;-;-;4;3;3	Name=AluSp	TRUE	Alu	intronic
chr20:36913953:T:C	chr20:36913953:A:G	A:G	SAMHD1	intronic	unknown	T;C;-;A||R;ALU;-;SINE/AluSz6;intronic;SAMHD1;-;-;intronic;SAMHD1;-;-;intronic;SAMHD1;-;-;-;458;27;35	Name=AluSz	TRUE	Alu	intronic
chr20:37519170:T:C	chr20:37519170:A:G	A:G	BLCAP	exonic	nonsynonymous SNV	T;C;-;A||D;NONREP;rs11557677;-/-;exonic;BLCAP;nonsynonymous	.	TRUE	None	exonic
chr20:49262290:T:C	chr20:49262290:A:G	A:G	ZNFX1	intronic	unknown	T;C;-;A||R;ALU;-;SINE/AluSx1;intronic;ZNFX1;-;-;intronic;ZNFX1;-;-;intronic;ZNFX1;-;-;-;7;4;5	Name=AluSx1	TRUE	Alu	intronic
chr20:49683558:T:C	chr20:49683558:A:G	A:G	B4GALT5	intronic	unknown	T;C;-;A||R||D;ALU;-;SINE/AluSx1;intronic;B4GALT5;-;-;intronic;B4GALT5;-;-;intronic;B4GALT5;-;-;-;4;3;3	Name=AluSx1	TRUE	Alu	intronic
chr20:49710557:T:C	chr20:49710557:A:G	A:G	B4GALT5	intronic	unknown	T;C;-;A||R;ALU;-;SINE/AluSg4;intronic;B4GALT5;-;-;intronic;B4GALT5;-;-;intronic;B4GALT5;-;-;-;3;3;3	Name=AluSg4	TRUE	Alu	intronic
chr20:37368682:A:G	chr20:37368682:A:G	A:G	SRC	intronic	unknown	.	Name=AluYa8	FALSE	Alu	intronic
chr20:37368692:A:G	chr20:37368692:A:G	A:G	SRC	intronic	unknown	.	Name=AluYa8	FALSE	Alu	intronic
chr20:4865463:T:C	chr20:4865463:A:G	A:G	SLC23A2	intronic	unknown	T;C;-;A||R||D;REP;-;LINE$SINE/L2a$MIR;intronic;SLC23A2;-;-;intronic;SLC23A2;-;-;intronic;SLC23A2;-;-;-;428;27;44	Name=MIR,L2a	TRUE	Other	intronic
chr20:49707813:T:C	chr20:49707813:A:G	A:G	B4GALT5	intronic	unknown	T;C;-;A||R;ALU;-;SINE/AluJb;intronic;B4GALT5;-;-;intronic;B4GALT5;-;-;intronic;B4GALT5;-;-;-;12;7;7	Name=AluJb	TRUE	Alu	intronic
chr20:63867216:A:G	chr20:63867216:A:G	A:G	TPD52L2	intronic	unknown	.	Name=AluSp	FALSE	Alu	intronic
chr20:63867228:A:G	chr20:63867228:A:G	A:G	TPD52L2	intronic	unknown	.	Name=AluSp	FALSE	Alu	intronic
chr20:4865423:T:C	chr20:4865423:A:G	A:G	SLC23A2	intronic	unknown	T;C;-;A||R;REP;-;LINE$SINE/L2a$MIR;intronic;SLC23A2;-;-;intronic;SLC23A2;-;-;intronic;SLC23A2;-;-;-;283;26;40	Name=MIR,L2a	TRUE	Other	intronic
chr20:5781558:A:G	chr20:5781558:A:G	A:G	SHLD1	intronic	unknown	A;G;+;A||R;ALU;-;SINE/AluSx1;intronic;C20orf196;-;-;intronic;C20orf196;-;-;intronic;C20orf196;-;-;-;2;2;2	Name=AluSx1	TRUE	Alu	intronic
chr20:19998356:A:G	chr20:19998356:A:G	A:G	RIN2	intronic	unknown	A;G;+;A||R;ALU;-;SINE/AluJr;intronic;RIN2;-;-;intronic;RIN2;-;-;intronic;RIN2;-;-;-;451;29;44	Name=AluJr	TRUE	Alu	intronic
chr20:19998363:A:G	chr20:19998363:A:G	A:G	RIN2	intronic	unknown	A;G;+;A||R;ALU;-;SINE/AluJr;intronic;RIN2;-;-;intronic;RIN2;-;-;intronic;RIN2;-;-;-;373;27;43	Name=AluJr	TRUE	Alu	intronic
chr20:19998364:A:G	chr20:19998364:A:G	A:G	RIN2	intronic	unknown	A;G;+;A||R;ALU;rs577438097;SINE/AluJr;intronic;RIN2;-;-;intronic;RIN2;-;-;intronic;RIN2;-;-;-;338;27;42	Name=AluJr	TRUE	Alu	intronic
chr20:19998368:A:G	chr20:19998368:A:G	A:G	RIN2	intronic	unknown	A;G;+;A||R;ALU;-;SINE/AluJr;intronic;RIN2;-;-;intronic;RIN2;-;-;intronic;RIN2;-;-;-;452;27;44	Name=AluJr	TRUE	Alu	intronic
chr20:32411671:A:G	chr20:32411671:A:G	A:G	ASXL1	intronic	unknown	A;G;+;A||R;ALU;-;SINE/AluSz;intronic;ASXL1;-;-;intronic;ASXL1;-;-;intronic;ASXL1;-;-;-;8;4;4	Name=AluSz	TRUE	Alu	intronic
chr20:3868514:A:G	chr20:3868514:A:G	A:G	MAVS	UTR3	unknown	A;G;+;A||R||D;ALU;-;SINE/AluSx1;UTR3;MAVS;-;-;UTR3;MAVS;-;-;UTR3;MAVS;-;-;-;1574;30;54	Name=AluSx1	TRUE	Alu	UTR3
chr20:38864063:A:G	chr20:38864063:A:G	A:G	PPP1R16B	intronic	unknown	A;G;+;A||R||D;REP;-;LINE/L1MB8;intronic;PPP1R16B;-;-;intronic;PPP1R16B;-;-;intronic;PPP1R16B;-;-;-;15;7;9	Name=L1MB8	TRUE	LINE	intronic
chr20:3962894:T:C	chr20:3962894:A:G	A:G	RNF24	intronic	unknown	T;C;-;A||R;ALU;-;SINE/AluSq2;intronic;RNF24;-;-;intronic;RNF24;-;-;intronic;RNF24;-;-;-;11;4;4	Name=AluSq2	TRUE	Alu	intronic
chr20:3962938:T:C	chr20:3962938:A:G	A:G	RNF24	intronic	unknown	T;C;-;A||R;ALU;-;SINE/AluSq2;intronic;RNF24;-;-;intronic;RNF24;-;-;intronic;RNF24;-;-;-;22;7;8	Name=AluSq2	TRUE	Alu	intronic
chr20:46125284:A:G	chr20:46125284:A:G	A:G	CD40	intronic	unknown	A;G;+;A||R||D;ALU;-;SINE/AluSc;intronic;CD40;-;-;intronic;CD40;-;-;intronic;CD40;-;-;-;680;29;43	Name=AluSc	TRUE	Alu	intronic
chr20:37368736:A:G	chr20:37368736:A:G	A:G	SRC	intronic	unknown	.	Name=AluYa8	FALSE	Alu	intronic
chr20:36625721:A:G	chr20:36625721:T:C	A:G	SLA2	intronic	unknown	.	Name=AluJr	FALSE	Alu	intronic
chr20:36625724:A:G	chr20:36625724:T:C	A:G	SLA2	intronic	unknown	.	Name=AluJr	FALSE	Alu	intronic
chr20:1604894:G:A	chr20:1604894:C:T	C:T	SIRPB1	exonic	nonsynonymous SNV	.	.	FALSE	None	exonic
chr20:50840357:T:C	chr20:50840357:T:C	A:G	BCAS4	intronic	unknown	.	.	FALSE	None	intronic
chr20:49708182:T:C	chr20:49708182:A:G	A:G	B4GALT5	intronic	unknown	T;C;-;A||R;ALU;-;SINE/AluSx1;intronic;B4GALT5;-;-;intronic;B4GALT5;-;-;intronic;B4GALT5;-;-;-;12;6;7	Name=AluSx1	TRUE	Alu	intronic
chr20:49708162:T:C	chr20:49708162:A:G	A:G	B4GALT5	intronic	unknown	T;C;-;A||R;ALU;-;SINE/AluSx1;intronic;B4GALT5;-;-;intronic;B4GALT5;-;-;intronic;B4GALT5;-;-;-;10;5;5	Name=AluSx1	TRUE	Alu	intronic
chr21:33263955:A:G	chr21:33263955:A:G	A:G	IFNAR2	UTR3	unknown	A;G;+;A||R||D;ALU;-;SINE/AluSx1;ncRNA_exonic;IL10RB-AS1;-;-;UTR3;IFNAR2;-;-;UTR3;IFNAR2;-;-;-;1402;30;54	Name=AluSx1	TRUE	Alu	UTR3
chr21:33263998:A:G	chr21:33263998:A:G	A:G	IFNAR2	UTR3	unknown	A;G;+;A||R||D;ALU;-;SINE/AluSx1;ncRNA_exonic;IL10RB-AS1;-;-;UTR3;IFNAR2;-;-;UTR3;IFNAR2;-;-;-;1652;30;55	Name=AluSx1	TRUE	Alu	UTR3
chr21:33264042:A:G	chr21:33264042:A:G	A:G	IFNAR2	UTR3	unknown	A;G;+;A||R||D;ALU;-;SINE/AluSx1;ncRNA_exonic;IL10RB-AS1;-;-;UTR3;IFNAR2;-;-;UTR3;IFNAR2;-;-;-;1326;30;55	Name=AluSx1	TRUE	Alu	UTR3
chr21:33361774:A:G	chr21:33361774:A:G	A:G	IFNAR1	downstream	unknown	A;G;+;A||R;ALU;-;SINE/AluSq2;intergenic;IFNAR1||IFNGR2;-;-;intergenic;IFNAR1||IFNGR2;-;-;intergenic;IFNAR1||IFNGR2;-;-;-;1041;30;55	Name=AluSq2	TRUE	Alu	downstream
chr21:33361784:A:G	chr21:33361784:A:G	A:G	IFNAR1	downstream	unknown	A;G;+;A||R;ALU;-;SINE/AluSq2;intergenic;IFNAR1||IFNGR2;-;-;intergenic;IFNAR1||IFNGR2;-;-;intergenic;IFNAR1||IFNGR2;-;-;-;994;30;54	Name=AluSq2	TRUE	Alu	downstream
chr21:33361810:A:G	chr21:33361810:A:G	A:G	IFNAR1	downstream	unknown	.	Name=AluSq2	FALSE	Alu	downstream
chr21:42911607:A:G	chr21:42911607:A:G	A:G	NDUFV3	UTR3	unknown	A;G;+;A||R||D;ALU;-;SINE/AluJb;UTR3;NDUFV3;-;-;intergenic;NDUFV3||ERVH48-1;-;-;intergenic;NDUFV3||HERV-Fb1;-;-;-;1561;30;54	Name=AluJb	TRUE	Alu	UTR3
chr21:33264779:A:G	chr21:33264779:A:G	A:G	IFNAR2	UTR3	unknown	A;G;+;A||R;ALU;-;SINE/AluSz6;ncRNA_exonic;IL10RB-AS1;-;-;downstream;IFNAR2||IL10RB-AS1;-;-;intronic;IL10RB;-;-;-;1808;30;54	Name=AluSz6	TRUE	Alu	UTR3
chr21:33264841:A:G	chr21:33264841:A:G	A:G	IFNAR2	UTR3	unknown	A;G;+;A||R||D;ALU;-;SINE/AluSz6;ncRNA_exonic;IL10RB-AS1;-;-;downstream;IFNAR2||IL10RB-AS1;-;-;intronic;IL10RB;-;-;-;2;2;2	Name=AluSz6	TRUE	Alu	UTR3
chr21:33264844:A:G	chr21:33264844:A:G	A:G	IFNAR2	UTR3	unknown	A;G;+;A||R||D;ALU;-;SINE/AluSz6;ncRNA_exonic;IL10RB-AS1;-;-;downstream;IFNAR2||IL10RB-AS1;-;-;intronic;IL10RB;-;-;-;2175;30;55	Name=AluSz6	TRUE	Alu	UTR3
chr21:33357628:A:G	chr21:33357628:A:G	A:G	IFNAR1	UTR3	unknown	A;G;+;A||R||D;ALU;-;SINE/AluSg7;UTR3;IFNAR1;-;-;UTR3;IFNAR1;-;-;UTR3;IFNAR1;-;-;-;1353;29;52	Name=AluSg7	TRUE	Alu	UTR3
chr21:33357653:A:G	chr21:33357653:A:G	A:G	IFNAR1	UTR3	unknown	A;G;+;A||R||D;ALU;-;SINE/AluSg7;UTR3;IFNAR1;-;-;UTR3;IFNAR1;-;-;UTR3;IFNAR1;-;-;-;1823;30;54	Name=AluSg7	TRUE	Alu	UTR3
chr21:33357789:A:G	chr21:33357789:A:G	A:G	IFNAR1	UTR3	unknown	A;G;+;A||R||D;ALU;-;SINE/AluSg7;UTR3;IFNAR1;-;-;UTR3;IFNAR1;-;-;UTR3;IFNAR1;-;-;-;1310;30;53	Name=AluSg7	TRUE	Alu	UTR3
chr21:33357790:A:G	chr21:33357790:A:G	A:G	IFNAR1	UTR3	unknown	A;G;+;A||R||D;ALU;-;SINE/AluSg7;UTR3;IFNAR1;-;-;UTR3;IFNAR1;-;-;UTR3;IFNAR1;-;-;-;1905;30;55	Name=AluSg7	TRUE	Alu	UTR3
chr21:33357802:A:G	chr21:33357802:A:G	A:G	IFNAR1	UTR3	unknown	A;G;+;A||R||D;ALU;-;SINE/AluSg7;UTR3;IFNAR1;-;-;UTR3;IFNAR1;-;-;UTR3;IFNAR1;-;-;-;1840;30;54	Name=AluSg7	TRUE	Alu	UTR3
chr21:33264941:A:G	chr21:33264941:A:G	A:G	IFNAR2	UTR3	unknown	A;G;+;A||R;ALU;-;SINE/AluSz6;ncRNA_exonic;IL10RB-AS1;-;-;downstream;IFNAR2||IL10RB-AS1;-;-;intronic;IL10RB;-;-;-;2225;30;55	Name=AluSz6	TRUE	Alu	UTR3
chr21:33357771:A:G	chr21:33357771:A:G	A:G	IFNAR1	UTR3	unknown	A;G;+;A||R||D;ALU;-;SINE/AluSg7;UTR3;IFNAR1;-;-;UTR3;IFNAR1;-;-;UTR3;IFNAR1;-;-;-;1370;30;54	Name=AluSg7	TRUE	Alu	UTR3
chr21:33363850:A:G	chr21:33363850:A:G	A:G	IFNAR1	downstream	unknown	A;G;+;A||R;REP;-;SINE/FLAM_A;intergenic;IFNAR1||IFNGR2;-;-;intergenic;IFNAR1||IFNGR2;-;-;intergenic;IFNAR1||IFNGR2;-;-;-;58;12;21	Name=FLAM_A	TRUE	Other	downstream
chr21:36504259:A:G	chr21:36504259:T:C	A:G	CLDN14	intronic	unknown	.	Name=AluJr	FALSE	Alu	intronic
chr21:33357625:A:G	chr21:33357625:A:G	A:G	IFNAR1	UTR3	unknown	A;G;+;A||R||D;ALU;-;SINE/AluSg7;UTR3;IFNAR1;-;-;UTR3;IFNAR1;-;-;UTR3;IFNAR1;-;-;-;1455;30;54	Name=AluSg7	TRUE	Alu	UTR3
chr21:33357713:A:G	chr21:33357713:A:G	A:G	IFNAR1	UTR3	unknown	A;G;+;A||R||D;ALU;-;SINE/AluSg7;UTR3;IFNAR1;-;-;UTR3;IFNAR1;-;-;UTR3;IFNAR1;-;-;-;1729;30;55	Name=AluSg7	TRUE	Alu	UTR3
chr21:33357727:A:G	chr21:33357727:A:G	A:G	IFNAR1	UTR3	unknown	A;G;+;A||R||D;ALU;-;SINE/AluSg7;UTR3;IFNAR1;-;-;UTR3;IFNAR1;-;-;UTR3;IFNAR1;-;-;-;1586;30;55	Name=AluSg7	TRUE	Alu	UTR3
chr21:41447829:A:G	chr21:41447829:A:G	A:G	MX1	intronic	unknown	A;G;+;R||D;ALU;-;SINE/AluSx1;intronic;MX1;-;-;intronic;MX1;-;-;intronic;MX1;-;-;-;591;29;43	Name=AluSx1	TRUE	Alu	intronic
chr21:34853905:T:C	chr21:34853905:A:G	A:G	RUNX1	intronic	unknown	T;C;-;A||R;ALU;-;SINE/AluSz;intronic;RUNX1;-;-;intronic;RUNX1;-;-;intronic;RUNX1;-;-;-;7;3;3	Name=AluSz	TRUE	Alu	intronic
chr21:41456891:A:G	chr21:41456891:A:G	A:G	MX1	intronic	unknown	A;G;+;A||R||D;ALU;-;SINE/AluSg;intronic;MX1;-;-;intronic;MX1;-;-;intronic;MX1;-;-;-;99;14;18	Name=AluSx4	TRUE	Alu	intronic
chr21:42910143:A:G	chr21:42910143:A:G	A:G	NDUFV3	UTR3	unknown	A;G;+;A||D;ALU;rs13046098;SINE/AluSq2;UTR3;NDUFV3;-;-;downstream;NDUFV3;-;-;downstream;NDUFV3;-;-;-;1568;30;55	Name=AluSq2	TRUE	Alu	UTR3
chr22:17113247:A:G	chr22:17113247:A:G	A:G	IL17RA	UTR3	unknown	A;G;+;A||R||D;ALU;-;SINE/AluJb;UTR3;IL17RA;-;-;UTR3;IL17RA;-;-;UTR3;IL17RA;-;-;-;1007;27;49	Name=AluJb	TRUE	Alu	UTR3
chr22:17113258:A:G	chr22:17113258:A:G	A:G	IL17RA	UTR3	unknown	A;G;+;A||R||D;ALU;-;SINE/AluJb;UTR3;IL17RA;-;-;UTR3;IL17RA;-;-;UTR3;IL17RA;-;-;-;661;27;49	Name=AluJb	TRUE	Alu	UTR3
chr22:17113329:A:G	chr22:17113329:A:G	A:G	IL17RA	UTR3	unknown	A;G;+;A||R||D;ALU;-;SINE/AluJb;UTR3;IL17RA;-;-;UTR3;IL17RA;-;-;UTR3;IL17RA;-;-;-;693;28;50	Name=AluJb	TRUE	Alu	UTR3
chr22:17113332:A:G	chr22:17113332:A:G	A:G	IL17RA	UTR3	unknown	A;G;+;A||R||D;ALU;-;SINE/AluJb;UTR3;IL17RA;-;-;UTR3;IL17RA;-;-;UTR3;IL17RA;-;-;-;927;30;52	Name=AluJb	TRUE	Alu	UTR3
chr22:17113380:A:G	chr22:17113380:A:G	A:G	IL17RA	UTR3	unknown	A;G;+;A||R||D;ALU;-;SINE/AluJb;UTR3;IL17RA;-;-;UTR3;IL17RA;-;-;UTR3;IL17RA;-;-;-;994;30;53	Name=AluJb	TRUE	Alu	UTR3
chr22:17113383:A:G	chr22:17113383:A:G	A:G	IL17RA	UTR3	unknown	A;G;+;A||R||D;ALU;-;SINE/AluJb;UTR3;IL17RA;-;-;UTR3;IL17RA;-;-;UTR3;IL17RA;-;-;-;715;30;52	Name=AluJb	TRUE	Alu	UTR3
chr22:17113449:A:G	chr22:17113449:A:G	A:G	IL17RA	UTR3	unknown	A;G;+;A||R;ALU;-;SINE/AluJb;UTR3;IL17RA;-;-;UTR3;IL17RA;-;-;UTR3;IL17RA;-;-;-;913;28;50	Name=AluJb	TRUE	Alu	UTR3
chr22:17113459:A:G	chr22:17113459:A:G	A:G	IL17RA	UTR3	unknown	A;G;+;A||R||D;ALU;-;SINE/AluJb;UTR3;IL17RA;-;-;UTR3;IL17RA;-;-;UTR3;IL17RA;-;-;-;993;29;52	Name=AluJb	TRUE	Alu	UTR3
chr22:17177879:T:C	chr22:17177879:A:G	A:G	ADA2	downstream	unknown	T;C;-;R;ALU;-;SINE/AluJo;intergenic;CECR5-AS1||CECR1;-;-;downstream;CECR1;-;-;intergenic;CECR5-AS1||CECR1;-;-;-;1;1;1	Name=AluJo	TRUE	Alu	downstream
chr22:17177907:T:C	chr22:17177907:A:G	A:G	ADA2	downstream	unknown	T;C;-;A||R;ALU;-;SINE/AluJo;intergenic;CECR5-AS1||CECR1;-;-;downstream;CECR1;-;-;intergenic;CECR5-AS1||CECR1;-;-;-;2;2;2	Name=AluJo	TRUE	Alu	downstream
chr22:25725110:A:G	chr22:25725110:A:G	A:G	GRK3	UTR3	unknown	A;G;+;A||R||D;ALU;-;SINE/AluJo;UTR3;ADRBK2;-;-;UTR3;ADRBK2;-;-;UTR3;ADRBK2;-;-;-;1120;29;53	Name=AluJo	TRUE	Alu	UTR3
chr22:25725683:A:G	chr22:25725683:A:G	A:G	GRK3	UTR3	unknown	A;G;+;A||R||D;ALU;-;SINE/AluY;UTR3;ADRBK2;-;-;UTR3;ADRBK2;-;-;UTR3;ADRBK2;-;-;-;982;30;53	Name=AluY	TRUE	Alu	UTR3
chr22:31269510:A:G	chr22:31269510:A:G	A:G	LIMK2	intronic	unknown	A;G;+;A||R;ALU;-;SINE/AluSz;intronic;LIMK2;-;-;intronic;LIMK2;-;-;intronic;LIMK2;-;-;-;257;24;34	Name=AluSz	TRUE	Alu	intronic
chr22:31269591:A:G	chr22:31269591:A:G	A:G	LIMK2	intronic	unknown	A;G;+;A||R;ALU;-;SINE/AluSz;intronic;LIMK2;-;-;intronic;LIMK2;-;-;intronic;LIMK2;-;-;-;160;20;27	Name=AluSz	TRUE	Alu	intronic
chr22:31269694:A:G	chr22:31269694:A:G	A:G	LIMK2	intronic	unknown	A;G;+;A||R||D;ALU;-;SINE/AluSz;intronic;LIMK2;-;-;intronic;LIMK2;-;-;intronic;LIMK2;-;-;-;128;22;24	Name=AluSz	TRUE	Alu	intronic
chr22:35659905:A:G	chr22:35659905:A:G	A:G	APOL6	UTR3	unknown	A;G;+;A||R||D;ALU;-;SINE/AluSz;UTR3;APOL6;-;-;UTR3;APOL6;-;-;UTR3;APOL6;-;-;-;705;29;48	Name=AluSz	TRUE	Alu	UTR3
chr22:35660445:A:G	chr22:35660445:A:G	A:G	APOL6	UTR3	unknown	A;G;+;A||R||D;REP;-;LTR/MLT1B;UTR3;APOL6;-;-;UTR3;APOL6;-;-;UTR3;APOL6;-;-;-;1096;30;54	Name=MLT1B	TRUE	Other	UTR3
chr22:35661178:A:G	chr22:35661178:A:G	A:G	APOL6	UTR3	unknown	A;G;+;A||R||D;ALU;-;SINE/AluSx1;UTR3;APOL6;-;-;UTR3;APOL6;-;-;UTR3;APOL6;-;-;-;552;30;50	Name=AluSx1	TRUE	Alu	UTR3
chr22:35661201:A:G	chr22:35661201:A:G	A:G	APOL6	UTR3	unknown	A;G;+;A||R||D;ALU;-;SINE/AluSx1;UTR3;APOL6;-;-;UTR3;APOL6;-;-;UTR3;APOL6;-;-;-;718;27;45	Name=AluSx1	TRUE	Alu	UTR3
chr22:35661204:A:G	chr22:35661204:A:G	A:G	APOL6	UTR3	unknown	A;G;+;A||R||D;ALU;-;SINE/AluSx1;UTR3;APOL6;-;-;UTR3;APOL6;-;-;UTR3;APOL6;-;-;-;13;6;6	Name=AluSx1	TRUE	Alu	UTR3
chr22:35661238:A:G	chr22:35661238:A:G	A:G	APOL6	UTR3	unknown	A;G;+;A||R||D;ALU;-;SINE/AluSx1;UTR3;APOL6;-;-;UTR3;APOL6;-;-;UTR3;APOL6;-;-;-;728;29;50	Name=AluSx1	TRUE	Alu	UTR3
chr22:35661308:A:G	chr22:35661308:A:G	A:G	APOL6	UTR3	unknown	A;G;+;A||R||D;ALU;-;SINE/AluSx1;UTR3;APOL6;-;-;UTR3;APOL6;-;-;UTR3;APOL6;-;-;-;686;29;51	Name=AluSx1	TRUE	Alu	UTR3
chr22:36487870:T:C	chr22:36487870:A:G	A:G	FOXRED2	UTR3	unknown	T;C;-;A||R;ALU;-;SINE/AluSq2;UTR3;FOXRED2;-;-;UTR3;FOXRED2;-;-;UTR3;FOXRED2;-;-;-;818;29;52	Name=AluSq2	TRUE	Alu	UTR3
chr22:39018767:A:G	chr22:39018767:A:G	A:G	APOBEC3C	UTR3	unknown	A;G;+;A||R||D;ALU;-;SINE/AluJb;UTR3;APOBEC3C;-;-;UTR3;APOBEC3C;-;-;UTR3;APOBEC3C;-;-;-;1474;30;52	Name=AluJb	TRUE	Alu	UTR3
chr22:39018907:A:G	chr22:39018907:A:G	A:G	APOBEC3C	UTR3	unknown	A;G;+;A||R||D;ALU;-;SINE/AluJb;UTR3;APOBEC3C;-;-;downstream;APOBEC3C;-;-;downstream;APOBEC3C;-;-;-;1731;30;52	Name=AluJb	TRUE	Alu	UTR3
chr22:39019867:A:G	chr22:39019867:A:G	A:G	APOBEC3C	UTR3	unknown	A;G;+;A||R||D;ALU;-;SINE/AluSq2;UTR3;APOBEC3C;-;-;intergenic;APOBEC3C||APOBEC3D;-;-;intergenic;APOBEC3C||APOBEC3D;-;-;-;1300;30;54	Name=AluSq2	TRUE	Alu	UTR3
chr22:39019900:A:G	chr22:39019900:A:G	A:G	APOBEC3C	UTR3	unknown	A;G;+;A||R||D;ALU;-;SINE/AluSq2;UTR3;APOBEC3C;-;-;intergenic;APOBEC3C||APOBEC3D;-;-;intergenic;APOBEC3C||APOBEC3D;-;-;-;1426;30;54	Name=AluSq2	TRUE	Alu	UTR3
chr22:39019905:A:G	chr22:39019905:A:G	A:G	APOBEC3C	UTR3	unknown	A;G;+;A||R||D;ALU;-;SINE/AluSq2;UTR3;APOBEC3C;-;-;intergenic;APOBEC3C||APOBEC3D;-;-;intergenic;APOBEC3C||APOBEC3D;-;-;-;1364;30;53	Name=AluSq2	TRUE	Alu	UTR3
chr22:39019906:A:G	chr22:39019906:A:G	A:G	APOBEC3C	UTR3	unknown	A;G;+;A||R||D;ALU;-;SINE/AluSq2;UTR3;APOBEC3C;-;-;intergenic;APOBEC3C||APOBEC3D;-;-;intergenic;APOBEC3C||APOBEC3D;-;-;-;1379;30;54	Name=AluSq2	TRUE	Alu	UTR3
chr22:39020076:A:G	chr22:39020076:A:G	A:G	APOBEC3C	UTR3	unknown	A;G;+;A||D;ALU;rs112668427;SINE/AluSq2;UTR3;APOBEC3C;-;-;intergenic;APOBEC3C||APOBEC3D;-;-;intergenic;APOBEC3C||APOBEC3D;-;-;-;2150;30;53	Name=AluSq2	TRUE	Alu	UTR3
chr22:39033096:A:G	chr22:39033096:A:G	A:G	APOBEC3D	UTR3	unknown	A;G;+;A||R||D;ALU;-;SINE/AluJb;UTR3;APOBEC3D;-;-;UTR3;APOBEC3D;-;-;UTR3;APOBEC3D;-;-;-;978;30;45	Name=AluJb	TRUE	Alu	UTR3
chr22:45141279:T:C	chr22:45141279:A:G	A:G	NUP50-DT	ncRNA
intronic	unknown	T;C;-;A||R;ALU;-;SINE/AluSx1;ncRNA_intronic;CTA-217C2.1;-;-;ncRNA_intronic;NUP50-AS1;-;-;ncRNA_intronic;LOC100506714;-;-;-;104;25;32	Name=AluSx1	TRUE	Alu	ncRNA
chr22:45194413:T:C	chr22:45194413:A:G	A:G	KIAA0930	UTR3	unknown	T;C;-;A||D;NONREP;rs112207040;-/-;UTR3;KIAA0930;-;-;UTR3;KIAA0930;-;-;UTR3;KIAA0930;-;-;-;1433;30;55	.	TRUE	None	UTR3
chr22:17177905:T:C	chr22:17177905:A:G	A:G	ADA2	downstream	unknown	.	Name=AluJo	FALSE	Alu	downstream
chr22:20573242:A:G	chr22:20573242:A:G	A:G	MED15	intronic	unknown	A;G;+;A||R||D;ALU;-;SINE/AluSz6;intronic;MED15;-;-;intronic;MED15;-;-;intronic;MED15;-;-;-;1508;30;54	Name=AluSz6	TRUE	Alu	intronic
chr22:31269688:A:G	chr22:31269688:A:G	A:G	LIMK2	intronic	unknown	A;G;+;A||R;ALU;-;SINE/AluSz;intronic;LIMK2;-;-;intronic;LIMK2;-;-;intronic;LIMK2;-;-;-;152;22;24	Name=AluSz	TRUE	Alu	intronic
chr22:35659793:A:G	chr22:35659793:A:G	A:G	APOL6	UTR3	unknown	A;G;+;A||R||D;ALU;-;SINE/AluSz;UTR3;APOL6;-;-;UTR3;APOL6;-;-;UTR3;APOL6;-;-;-;959;30;49	Name=AluSz	TRUE	Alu	UTR3
chr22:35659830:A:G	chr22:35659830:A:G	A:G	APOL6	UTR3	unknown	A;G;+;A||R||D;ALU;-;SINE/AluSz;UTR3;APOL6;-;-;UTR3;APOL6;-;-;UTR3;APOL6;-;-;-;542;28;42	Name=AluSz	TRUE	Alu	UTR3
chr22:35659860:A:G	chr22:35659860:A:G	A:G	APOL6	UTR3	unknown	A;G;+;A||R||D;ALU;-;SINE/AluSz;UTR3;APOL6;-;-;UTR3;APOL6;-;-;UTR3;APOL6;-;-;-;619;30;45	Name=AluSz	TRUE	Alu	UTR3
chr22:35659866:A:G	chr22:35659866:A:G	A:G	APOL6	UTR3	unknown	A;G;+;A||R||D;ALU;-;SINE/AluSz;UTR3;APOL6;-;-;UTR3;APOL6;-;-;UTR3;APOL6;-;-;-;821;30;48	Name=AluSz	TRUE	Alu	UTR3
chr22:35659869:A:G	chr22:35659869:A:G	A:G	APOL6	UTR3	unknown	A;G;+;A||R||D;ALU;-;SINE/AluSz;UTR3;APOL6;-;-;UTR3;APOL6;-;-;UTR3;APOL6;-;-;-;837;29;48	Name=AluSz	TRUE	Alu	UTR3
chr22:35659891:A:G	chr22:35659891:A:G	A:G	APOL6	UTR3	unknown	A;G;+;A||R||D;ALU;-;SINE/AluSz;UTR3;APOL6;-;-;UTR3;APOL6;-;-;UTR3;APOL6;-;-;-;531;28;47	Name=AluSz	TRUE	Alu	UTR3
chr22:35659927:A:G	chr22:35659927:A:G	A:G	APOL6	UTR3	unknown	A;G;+;A||R||D;ALU;-;SINE/AluSz;UTR3;APOL6;-;-;UTR3;APOL6;-;-;UTR3;APOL6;-;-;-;700;29;49	Name=AluSz	TRUE	Alu	UTR3
chr22:35659950:A:G	chr22:35659950:A:G	A:G	APOL6	UTR3	unknown	A;G;+;A||R||D;ALU;-;SINE/AluSz;UTR3;APOL6;-;-;UTR3;APOL6;-;-;UTR3;APOL6;-;-;-;765;28;46	Name=AluSz	TRUE	Alu	UTR3
chr22:35660551:A:G	chr22:35660551:A:G	A:G	APOL6	UTR3	unknown	A;G;+;A||R||D;REP;-;LTR/MLT1A0;UTR3;APOL6;-;-;UTR3;APOL6;-;-;UTR3;APOL6;-;-;-;1491;30;54	Name=MLT1A0	TRUE	Other	UTR3
chr22:35660685:A:G	chr22:35660685:A:G	A:G	APOL6	UTR3	unknown	A;G;+;A||R||D;REP;-;LTR/MLT1A0;UTR3;APOL6;-;-;UTR3;APOL6;-;-;UTR3;APOL6;-;-;-;1377;30;53	Name=MLT1A0	TRUE	Other	UTR3
chr22:35661247:A:G	chr22:35661247:A:G	A:G	APOL6	UTR3	unknown	A;G;+;A||R||D;ALU;-;SINE/AluSx1;UTR3;APOL6;-;-;UTR3;APOL6;-;-;UTR3;APOL6;-;-;-;390;27;44	Name=AluSx1	TRUE	Alu	UTR3
chr22:35661279:A:G	chr22:35661279:A:G	A:G	APOL6	UTR3	unknown	A;G;+;A||R||D;ALU;-;SINE/AluSx1;UTR3;APOL6;-;-;UTR3;APOL6;-;-;UTR3;APOL6;-;-;-;258;27;40	Name=AluSx1	TRUE	Alu	UTR3
chr22:35661291:A:G	chr22:35661291:A:G	A:G	APOL6	UTR3	unknown	A;G;+;A||R||D;ALU;-;SINE/AluSx1;UTR3;APOL6;-;-;UTR3;APOL6;-;-;UTR3;APOL6;-;-;-;497;29;47	Name=AluSx1	TRUE	Alu	UTR3
chr22:35661307:A:G	chr22:35661307:A:G	A:G	APOL6	UTR3	unknown	A;G;+;A||R||D;ALU;-;SINE/AluSx1;UTR3;APOL6;-;-;UTR3;APOL6;-;-;UTR3;APOL6;-;-;-;483;28;48	Name=AluSx1	TRUE	Alu	UTR3
chr22:36266650:A:G	chr22:36266650:A:G	A:G	APOL1	UTR3	unknown	A;G;+;A||R||D;ALU;-;SINE/AluY;UTR3;APOL1;-;-;UTR3;APOL1;-;-;UTR3;APOL1;-;-;-;1585;30;53	Name=AluY	TRUE	Alu	UTR3
chr22:36266651:A:G	chr22:36266651:A:G	A:G	APOL1	UTR3	unknown	A;G;+;A||R||D;ALU;-;SINE/AluY;UTR3;APOL1;-;-;UTR3;APOL1;-;-;UTR3;APOL1;-;-;-;1391;30;53	Name=AluY	TRUE	Alu	UTR3
chr22:36266758:A:G	chr22:36266758:A:G	A:G	APOL1	UTR3	unknown	A;G;+;A||R||D;ALU;-;SINE/AluY;UTR3;APOL1;-;-;UTR3;APOL1;-;-;UTR3;APOL1;-;-;-;1649;30;52	Name=AluY	TRUE	Alu	UTR3
chr22:36266825:A:G	chr22:36266825:A:G	A:G	APOL1	UTR3	unknown	A;G;+;A||R||D;ALU;-;SINE/AluY;UTR3;APOL1;-;-;UTR3;APOL1;-;-;UTR3;APOL1;-;-;-;1445;30;55	Name=AluY	TRUE	Alu	UTR3
chr22:36266826:A:G	chr22:36266826:A:G	A:G	APOL1	UTR3	unknown	A;G;+;A||R||D;ALU;-;SINE/AluY;UTR3;APOL1;-;-;UTR3;APOL1;-;-;UTR3;APOL1;-;-;-;1199;30;54	Name=AluY	TRUE	Alu	UTR3
chr22:36266855:A:G	chr22:36266855:A:G	A:G	APOL1	UTR3	unknown	A;G;+;A||R||D;ALU;-;SINE/AluY;UTR3;APOL1;-;-;UTR3;APOL1;-;-;UTR3;APOL1;-;-;-;1790;30;53	Name=AluY	TRUE	Alu	UTR3
chr22:36487944:T:C	chr22:36487944:A:G	A:G	FOXRED2	UTR3	unknown	T;C;-;A||R;ALU;-;SINE/AluSq2;UTR3;FOXRED2;-;-;UTR3;FOXRED2;-;-;UTR3;FOXRED2;-;-;-;232;25;43	Name=AluSq2	TRUE	Alu	UTR3
chr22:39019886:A:G	chr22:39019886:A:G	A:G	APOBEC3C	UTR3	unknown	A;G;+;A||R||D;ALU;-;SINE/AluSq2;UTR3;APOBEC3C;-;-;intergenic;APOBEC3C||APOBEC3D;-;-;intergenic;APOBEC3C||APOBEC3D;-;-;-;1095;30;52	Name=AluSq2	TRUE	Alu	UTR3
chr22:39032722:A:G	chr22:39032722:A:G	A:G	APOBEC3D	UTR3	unknown	A;G;+;A||R||D;ALU;-;SINE/AluSx1;UTR3;APOBEC3D;-;-;UTR3;APOBEC3D;-;-;UTR3;APOBEC3D;-;-;-;567;29;42	Name=AluSx1	TRUE	Alu	UTR3
chr22:45194408:T:C	chr22:45194408:A:G	A:G	KIAA0930	UTR3	unknown	T;C;-;A||D;NONREP;rs112115936;-/-;UTR3;KIAA0930;-;-;UTR3;KIAA0930;-;-;UTR3;KIAA0930;-;-;-;1940;30;55	.	TRUE	None	UTR3
chr22:17178048:T:C	chr22:17178048:A:G	A:G	ADA2	downstream	unknown	T;C;-;A;ALU;-;SINE/AluJo;intergenic;CECR5-AS1||CECR1;-;-;downstream;CECR1;-;-;intergenic;CECR5-AS1||CECR1;-;-;-;1;1;1	Name=AluJo	TRUE	Alu	downstream
chr22:20573108:A:G	chr22:20573108:A:G	A:G	MED15	intronic	unknown	A;G;+;A||R;ALU;-;SINE/AluSz6;intronic;MED15;-;-;intronic;MED15;-;-;intronic;MED15;-;-;-;856;30;49	Name=AluSz6	TRUE	Alu	intronic
chr22:25724978:A:G	chr22:25724978:A:G	A:G	GRK3	UTR3	unknown	A;G;+;A||R||D;ALU;-;SINE/AluJo;UTR3;ADRBK2;-;-;UTR3;ADRBK2;-;-;UTR3;ADRBK2;-;-;-;675;30;52	Name=AluJo	TRUE	Alu	UTR3
chr22:29826916:T:C	chr22:29826916:A:G	A:G	ASCC2	intronic	unknown	T;C;-;R;ALU;-;SINE/AluY;intronic;ASCC2;-;-;intronic;ASCC2;-;-;intronic;ASCC2;-;-;-;19;11;13	Name=AluY	TRUE	Alu	intronic
chr22:29826974:T:C	chr22:29826974:A:G	A:G	ASCC2	intronic	unknown	T;C;-;A||R;ALU;-;SINE/AluY;intronic;ASCC2;-;-;intronic;ASCC2;-;-;intronic;ASCC2;-;-;-;43;17;21	Name=AluY	TRUE	Alu	intronic
chr22:35661159:A:G	chr22:35661159:A:G	A:G	APOL6	UTR3	unknown	A;G;+;A||R||D;ALU;-;SINE/AluSx1;UTR3;APOL6;-;-;UTR3;APOL6;-;-;UTR3;APOL6;-;-;-;562;28;47	Name=AluSx1	TRUE	Alu	UTR3
chr22:36487875:T:C	chr22:36487875:A:G	A:G	FOXRED2	UTR3	unknown	T;C;-;A||R;ALU;-;SINE/AluSq2;UTR3;FOXRED2;-;-;UTR3;FOXRED2;-;-;UTR3;FOXRED2;-;-;-;1315;30;54	Name=AluSq2	TRUE	Alu	UTR3
chr22:36487967:T:C	chr22:36487967:A:G	A:G	FOXRED2	UTR3	unknown	T;C;-;A||R;ALU;-;SINE/AluSq2;UTR3;FOXRED2;-;-;UTR3;FOXRED2;-;-;UTR3;FOXRED2;-;-;-;511;29;50	Name=AluSq2	TRUE	Alu	UTR3
chr22:39053230:A:G	chr22:39053230:A:G	A:G	APOBEC3F	UTR3	unknown	A;G;+;A||R||D;ALU;-;SINE/AluSx1;UTR3;APOBEC3F;-;-;UTR3;APOBEC3F;-;-;UTR3;APOBEC3F;-;-;-;589;28;40	Name=AluSx1	TRUE	Alu	UTR3
chr22:42383501:T:C	chr22:42383501:A:G	A:G	NFAM1	UTR3	unknown	T;C;-;R||D;NONREP;-;-/-;UTR3;NFAM1;-;-;UTR3;NFAM1;-;-;UTR3;NFAM1;-;-;-;467;24;39	.	TRUE	None	UTR3
chr22:45193983:T:C	chr22:45193983:A:G	A:G	KIAA0930	UTR3	unknown	T;C;-;A||R||D;NONREP;-;-/-;UTR3;KIAA0930;-;-;UTR3;KIAA0930;-;-;UTR3;KIAA0930;-;-;-;1545;30;55	.	TRUE	None	UTR3
chr22:17178009:T:C	chr22:17178009:A:G	A:G	ADA2	downstream	unknown	T;C;-;A;ALU;-;SINE/AluJo;intergenic;CECR5-AS1||CECR1;-;-;downstream;CECR1;-;-;intergenic;CECR5-AS1||CECR1;-;-;-;2;2;2	Name=AluJo	TRUE	Alu	downstream
chr22:17178013:T:C	chr22:17178013:A:G	A:G	ADA2	downstream	unknown	T;C;-;A;ALU;-;SINE/AluJo;intergenic;CECR5-AS1||CECR1;-;-;downstream;CECR1;-;-;intergenic;CECR5-AS1||CECR1;-;-;-;1;1;1	Name=AluJo	TRUE	Alu	downstream
chr22:17178657:T:C	chr22:17178657:A:G	A:G	ADA2	downstream	unknown	T;C;-;A;ALU;-;SINE/AluSq;downstream;CECR1;-;-;downstream;CECR1;-;-;downstream;CECR1;-;-;-;1;1;1	Name=AluSq	TRUE	Alu	downstream
chr22:21606413:A:G	chr22:21606413:A:G	A:G	UBE2L3	intronic	unknown	.	Name=AluSx3	FALSE	Alu	intronic
chr22:26497690:A:G	chr22:26497690:T:C	A:G	TFIP11	intronic	unknown	A;G;+;A||R;ALU;-;SINE/AluSc;intronic;TFIP11;-;-;intronic;TFIP11;-;-;intronic;TFIP11;-;-;-;102;20;31	Name=AluSc	TRUE	Alu	intronic
chr22:31269695:A:G	chr22:31269695:A:G	A:G	LIMK2	intronic	unknown	A;G;+;A||R;ALU;-;SINE/AluSz;intronic;LIMK2;-;-;intronic;LIMK2;-;-;intronic;LIMK2;-;-;-;114;21;23	Name=AluSz	TRUE	Alu	intronic
chr22:36266694:A:G	chr22:36266694:A:G	A:G	APOL1	UTR3	unknown	A;G;+;R||D;ALU;-;SINE/AluY;UTR3;APOL1;-;-;UTR3;APOL1;-;-;UTR3;APOL1;-;-;-;776;30;45	Name=AluY	TRUE	Alu	UTR3
chr22:39053205:A:G	chr22:39053205:A:G	A:G	APOBEC3F	UTR3	unknown	A;G;+;A||R||D;ALU;-;SINE/AluSx1;UTR3;APOBEC3F;-;-;UTR3;APOBEC3F;-;-;UTR3;APOBEC3F;-;-;-;394;27;37	Name=AluSx1	TRUE	Alu	UTR3
chr22:17178677:T:C	chr22:17178677:A:G	A:G	ADA2	downstream	unknown	.	Name=AluSq	FALSE	Alu	downstream
chr22:30620050:A:G	chr22:30620050:A:G	A:G	TCN2	intronic	unknown	A;G;+;R;ALU;-;SINE/AluJr;intronic;TCN2;-;-;intronic;TCN2;-;-;intronic;TCN2;-;-;-;11;6;6	Name=AluJr	TRUE	Alu	intronic
chr22:31245332:A:G	chr22:31245332:A:G	A:G	LIMK2	intronic	unknown	A;G;+;R;ALU;-;SINE/AluSp;intronic;LIMK2;-;-;intronic;LIMK2;-;-;intronic;LIMK2;-;-;-;27;5;6	Name=AluSp	TRUE	Alu	intronic
chr22:31245516:A:G	chr22:31245516:A:G	A:G	LIMK2	intronic	unknown	A;G;+;R;ALU;-;SINE/AluSp;intronic;LIMK2;-;-;intronic;LIMK2;-;-;intronic;LIMK2;-;-;-;15;3;3	Name=AluSp	TRUE	Alu	intronic
chr22:36266351:A:G	chr22:36266351:A:G	A:G	APOL1	UTR3	unknown	A;G;+;A||R||D;ALU;-;SINE/AluSc;UTR3;APOL1;-;-;UTR3;APOL1;-;-;UTR3;APOL1;-;-;-;1276;30;50	Name=AluSc	TRUE	Alu	UTR3
chr22:39032711:A:G	chr22:39032711:A:G	A:G	APOBEC3D	UTR3	unknown	A;G;+;R||D;ALU;-;SINE/AluSx1;UTR3;APOBEC3D;-;-;UTR3;APOBEC3D;-;-;UTR3;APOBEC3D;-;-;-;515;28;41	Name=AluSx1	TRUE	Alu	UTR3
chr22:40527568:T:C	chr22:40527568:A:G	A:G	MRTFA	intronic	unknown	T;C;-;R;ALU;-;SINE/AluY;intronic;MKL1;-;-;intronic;MKL1;-;-;intronic;MKL1;-;-;-;0;0;0	Name=AluY	TRUE	Alu	intronic
chr22:41599256:T:C	chr22:41599256:A:G	A:G	DESI1	UTR3	unknown	T;C;-;A||R||D;NONREP;-;-/-;UTR3;DESI1;-;-;UTR3;DESI1;-;-;UTR3;DESI1;-;-;-;2235;30;54	.	TRUE	None	UTR3
chr22:42578299:T:C	chr22:42578299:A:G	A:G	RRP7BP	ncRNA
intronic	unknown	T;C;-;R;ALU;-;SINE/AluSx1;ncRNA_intronic;RRP7B;-;-;ncRNA_intronic;RRP7BP;-;-;ncRNA_intronic;RRP7B;-;-;-;20;9;11	Name=AluSx1	TRUE	Alu	ncRNA
chr22:31606878:A:G	chr22:31606878:A:G	A:G	SFI1	intronic	unknown	A;G;+;A||R||D;ALU;-;SINE/AluSx;intronic;SFI1;-;-;intronic;SFI1;-;-;intronic;SFI1;-;-;-;520;29;48	Name=AluSx	TRUE	Alu	intronic
chr22:36487900:T:C	chr22:36487900:A:G	A:G	FOXRED2	UTR3	unknown	T;C;-;A||R;ALU;-;SINE/AluSq2;UTR3;FOXRED2;-;-;UTR3;FOXRED2;-;-;UTR3;FOXRED2;-;-;-;706;29;52	Name=AluSq2	TRUE	Alu	UTR3
chr22:36266350:A:G	chr22:36266350:A:G	A:G	APOL1	UTR3	unknown	A;G;+;A||R||D;ALU;-;SINE/AluSc;UTR3;APOL1;-;-;UTR3;APOL1;-;-;UTR3;APOL1;-;-;-;622;29;47	Name=AluSc	TRUE	Alu	UTR3
chr22:20527571:A:G	chr22:20527571:A:G	A:G	MED15	intronic	unknown	.	Name=AluJr	FALSE	Alu	intronic
chr22:36266230:A:G	chr22:36266230:A:G	A:G	APOL1	UTR3	unknown	A;G;+;A||R||D;ALU;-;SINE/AluSc;UTR3;APOL1;-;-;UTR3;APOL1;-;-;UTR3;APOL1;-;-;-;1439;30;52	Name=AluSc	TRUE	Alu	UTR3
chr22:40515091:T:C	chr22:40515091:A:G	A:G	MRTFA	intronic	unknown	T;C;-;A||R;ALU;-;SINE/AluSg;intronic;MKL1;-;-;intronic;MKL1;-;-;intronic;MKL1;-;-;-;2;2;2	Name=AluSx4	TRUE	Alu	intronic
chr22:17183731:T:C	chr22:17183731:A:G	A:G	ADA2	intronic	unknown	T;C;-;R;ALU;-;SINE/AluSx1;intronic;CECR1;-;-;intronic;CECR1;-;-;intronic;CECR1;-;-;-;24;7;14	Name=AluSx1	TRUE	Alu	intronic
chr22:36266160:A:G	chr22:36266160:A:G	A:G	APOL1	UTR3	unknown	A;G;+;A||R||D;ALU;-;SINE/AluSc;UTR3;APOL1;-;-;UTR3;APOL1;-;-;UTR3;APOL1;-;-;-;2053;30;55	Name=AluSc	TRUE	Alu	UTR3
chr22:36266220:A:G	chr22:36266220:A:G	A:G	APOL1	UTR3	unknown	A;G;+;A||R||D;ALU;-;SINE/AluSc;UTR3;APOL1;-;-;UTR3;APOL1;-;-;UTR3;APOL1;-;-;-;1705;30;52	Name=AluSc	TRUE	Alu	UTR3
chr22:36266291:A:G	chr22:36266291:A:G	A:G	APOL1	UTR3	unknown	A;G;+;A||R||D;ALU;-;SINE/AluSc;UTR3;APOL1;-;-;UTR3;APOL1;-;-;UTR3;APOL1;-;-;-;375;29;39	Name=AluSc	TRUE	Alu	UTR3
chr22:40156980:A:G	chr22:40156980:A:G	A:G	TNRC6B	intronic	unknown	A;G;+;A||R;ALU;-;SINE/AluSq2;intronic;TNRC6B;-;-;intronic;TNRC6B;-;-;intronic;TNRC6B;-;-;-;16;7;8	Name=AluSq2	TRUE	Alu	intronic
chr22:31246080:A:G	chr22:31246080:A:G	A:G	LIMK2	intronic	unknown	A;G;+;A||R||D;ALU;-;SINE/AluSx;intronic;LIMK2;-;-;intronic;LIMK2;-;-;intronic;LIMK2;-;-;-;29;5;6	Name=AluSx	TRUE	Alu	intronic
chr22:36158630:T:C	chr22:36158630:A:G	A:G	APOL3	intronic	unknown	T;C;-;A||R;ALU;-;SINE/AluSc8;intronic;APOL3;-;-;intronic;APOL3;-;-;intronic;APOL3;-;-;-;135;21;29	Name=AluSc8	TRUE	Alu	intronic
chr22:31243157:A:G	chr22:31243157:A:G	A:G	LIMK2	intronic	unknown	A;G;+;R;ALU;-;SINE/AluSz;intronic;LIMK2;-;-;intronic;LIMK2;-;-;intronic;LIMK2;-;-;-;17;5;5	Name=AluSz	TRUE	Alu	intronic
chr22:31243174:A:G	chr22:31243174:A:G	A:G	LIMK2	intronic	unknown	A;G;+;A||R;ALU;-;SINE/AluSz;intronic;LIMK2;-;-;intronic;LIMK2;-;-;intronic;LIMK2;-;-;-;24;4;5	Name=AluSz	TRUE	Alu	intronic
chr22:31245476:A:G	chr22:31245476:A:G	A:G	LIMK2	intronic	unknown	A;G;+;A||R;ALU;-;SINE/AluSp;intronic;LIMK2;-;-;intronic;LIMK2;-;-;intronic;LIMK2;-;-;-;12;4;4	Name=AluSp	TRUE	Alu	intronic
chr22:31234116:A:G	chr22:31234116:A:G	A:G	LIMK2	intronic	unknown	A;G;+;R;ALU;-;SINE/AluSx1;intronic;LIMK2;-;-;intronic;LIMK2;-;-;intronic;LIMK2;-;-;-;7;2;2	Name=AluSx1	TRUE	Alu	intronic
chr22:31243168:T:C	chr22:31243168:T:C	A:G	LIMK2	intronic	unknown	.	Name=AluSz	FALSE	Alu	intronic
chr22:31234636:A:G	chr22:31234636:A:G	A:G	LIMK2	intronic	unknown	A;G;+;A||R;ALU;-;SINE/AluSc;intronic;LIMK2;-;-;intronic;LIMK2;-;-;intronic;LIMK2;-;-;-;21;2;2	Name=AluSc	TRUE	Alu	intronic
chr22:31332002:T:C	chr22:31332002:A:G	A:G	PATZ1	intronic	unknown	T;C;-;A||R;ALU;-;SINE/AluSp;ncRNA_intronic;RP3-400N23.6;-;-;intronic;PATZ1;-;-;intronic;PATZ1;-;-;-;120;23;34	Name=AluSp	TRUE	Alu	intronic
chr22:41614788:T:C	chr22:41614788:A:G	A:G	DESI1	intronic	unknown	T;C;-;R||D;ALU;-;SINE/AluSx;intronic;DESI1;-;-;intronic;DESI1;-;-;intronic;DESI1;-;-;-;0;0;0	Name=AluSx	TRUE	Alu	intronic
chrX:123913315:A:G	chrX:123913315:A:G	A:G	XIAP	UTR3	unknown	A;G;+;A||R||D;ALU;rs771119064;SINE/AluSx;UTR3;XIAP;-;-;UTR3;XIAP;-;-;UTR3;XIAP;-;-;-;1807;30;54	Name=AluSx	TRUE	Alu	UTR3
chrX:123913420:A:G	chrX:123913420:A:G	A:G	XIAP	UTR3	unknown	A;G;+;A||R||D;ALU;rs750172694;SINE/AluSx;UTR3;XIAP;-;-;UTR3;XIAP;-;-;UTR3;XIAP;-;-;-;1968;30;55	Name=AluSx	TRUE	Alu	UTR3
chrX:23701829:T:C	chrX:23701829:A:G	A:G	ACOT9	UTR3	unknown	T;C;-;A||R;ALU;-;SINE/AluSx1;downstream;ACOT9;-;-;intergenic;PRDX4||ACOT9;-;-;intergenic;PRDX4||ACOT9;-;-;-;1708;30;54	Name=AluSx1	TRUE	Alu	UTR3
chrX:23701830:T:C	chrX:23701830:A:G	A:G	ACOT9	UTR3	unknown	T;C;-;A||R;ALU;-;SINE/AluSx1;downstream;ACOT9;-;-;intergenic;PRDX4||ACOT9;-;-;intergenic;PRDX4||ACOT9;-;-;-;1205;30;54	Name=AluSx1	TRUE	Alu	UTR3
chrX:2906302:T:C	chrX:2906302:A:G	A:G	ARSD	UTR3	unknown	T;C;-;A||R||D;ALU;-;SINE/AluJb;UTR3;ARSD;-;-;UTR3;ARSD;-;-;UTR3;ARSD;-;-;-;1679;30;54	Name=AluJb	TRUE	Alu	UTR3
chrX:30698772:A:G	chrX:30698772:A:G	A:G	GK	intronic	unknown	A;G;+;A||R;ALU;-;SINE/AluSp;ncRNA_intronic;RP11-242C19.2;-;-;intronic;GK;-;-;intronic;GK;-;-;-;117;15;18	Name=AluSp	TRUE	Alu	intronic
chrX:54562308:A:G	chrX:54562308:A:G	A:G	GNL3L	UTR3	unknown	A;G;+;A||R||D;ALU;-;SINE/AluSx1;intergenic;GNL3L||ITIH6;-;-;UTR3;GNL3L;-;-;UTR3;GNL3L;-;-;-;1271;30;55	Name=AluSx1	TRUE	Alu	UTR3
chrX:54562651:A:G	chrX:54562651:A:G	A:G	GNL3L	UTR3	unknown	A;G;+;A||R||D;ALU;-;SINE/AluSx;intergenic;GNL3L||ITIH6;-;-;UTR3;GNL3L;-;-;UTR3;GNL3L;-;-;-;1391;30;55	Name=AluSx	TRUE	Alu	UTR3
chrX:54564834:A:G	chrX:54564834:A:G	A:G	GNL3L	UTR3	unknown	A;G;+;A||R||D;ALU;-;SINE/AluSx1;intergenic;GNL3L||ITIH6;-;-;UTR3;GNL3L;-;-;UTR3;GNL3L;-;-;-;1115;30;54	Name=AluSx1	TRUE	Alu	UTR3
chrX:54564863:A:G	chrX:54564863:A:G	A:G	GNL3L	UTR3	unknown	A;G;+;A||R||D;ALU;-;SINE/AluSx1;intergenic;GNL3L||ITIH6;-;-;UTR3;GNL3L;-;-;UTR3;GNL3L;-;-;-;811;30;53	Name=AluSx1	TRUE	Alu	UTR3
chrX:54564982:A:G	chrX:54564982:A:G	A:G	GNL3L	UTR3	unknown	A;G;+;R||D;ALU;-;SINE/AluSx1;intergenic;GNL3L||ITIH6;-;-;UTR3;GNL3L;-;-;UTR3;GNL3L;-;-;-;672;30;53	Name=AluSx1	TRUE	Alu	UTR3
chrX:74208349:T:C	chrX:74208349:A:G	A:G	FTX	ncRNA
intronic	unknown	T;C;-;A||R||D;ALU;-;SINE/AluJr;ncRNA_intronic;RP3-368A4.5;-;-;ncRNA_intronic;FTX;-;-;ncRNA_intronic;AK125301||FTX;-;-;-;709;30;46	Name=AluJr	TRUE	Alu	ncRNA
chrX:77827502:T:C	chrX:77827502:A:G	A:G	MAGT1	UTR3	unknown	T;C;-;R;ALU;-;SINE/AluSg;UTR3;MAGT1;-;-;UTR3;MAGT1;-;-;UTR3;MAGT1;-;-;-;614;30;52	Name=AluSg	TRUE	Alu	UTR3
chrX:77827510:T:C	chrX:77827510:A:G	A:G	MAGT1	UTR3	unknown	T;C;-;R||D;ALU;-;SINE/AluSg;UTR3;MAGT1;-;-;UTR3;MAGT1;-;-;UTR3;MAGT1;-;-;-;1006;30;53	Name=AluSg	TRUE	Alu	UTR3
chrX:77827544:T:C	chrX:77827544:A:G	A:G	MAGT1	UTR3	unknown	T;C;-;A||R||D;ALU;-;SINE/AluSg;UTR3;MAGT1;-;-;UTR3;MAGT1;-;-;UTR3;MAGT1;-;-;-;1330;30;55	Name=AluSg	TRUE	Alu	UTR3
chrX:77827621:T:C	chrX:77827621:A:G	A:G	MAGT1	UTR3	unknown	T;C;-;R||D;ALU;-;SINE/AluSg;UTR3;MAGT1;-;-;UTR3;MAGT1;-;-;UTR3;MAGT1;-;-;-;0;0;0	Name=AluSg	TRUE	Alu	UTR3
chrX:123913320:A:G	chrX:123913320:A:G	A:G	XIAP	UTR3	unknown	A;G;+;A||D;ALU;rs189931965;SINE/AluSx;UTR3;XIAP;-;-;UTR3;XIAP;-;-;UTR3;XIAP;-;-;-;3;3;3	Name=AluSx	TRUE	Alu	UTR3
chrX:123913323:A:G	chrX:123913323:A:G	A:G	XIAP	UTR3	unknown	A;G;+;A||R||D;ALU;rs765199563;SINE/AluSx;UTR3;XIAP;-;-;UTR3;XIAP;-;-;UTR3;XIAP;-;-;-;2084;30;54	Name=AluSx	TRUE	Alu	UTR3
chrX:123913445:A:G	chrX:123913445:A:G	A:G	XIAP	UTR3	unknown	A;G;+;A||D;ALU;rs182574700;SINE/AluSx;UTR3;XIAP;-;-;UTR3;XIAP;-;-;UTR3;XIAP;-;-;-;2291;30;55	Name=AluSx	TRUE	Alu	UTR3
chrX:16764136:A:G	chrX:16764136:A:G	A:G	SYAP1	UTR3	unknown	A;G;+;A||R||D;ALU;-;SINE/AluSx;UTR3;SYAP1;-;-;intergenic;SYAP1||TXLNG;-;-;intergenic;SYAP1||TXLNG;-;-;-;234;28;48	Name=AluSx	TRUE	Alu	UTR3
chrX:16764137:A:G	chrX:16764137:A:G	A:G	SYAP1	UTR3	unknown	A;G;+;A||R;ALU;-;SINE/AluSx;UTR3;SYAP1;-;-;intergenic;SYAP1||TXLNG;-;-;intergenic;SYAP1||TXLNG;-;-;-;396;30;52	Name=AluSx	TRUE	Alu	UTR3
chrX:16764636:A:G	chrX:16764636:A:G	A:G	SYAP1	UTR3	unknown	A;G;+;A||R;ALU;-;SINE/AluSx;UTR3;SYAP1;-;-;intergenic;SYAP1||TXLNG;-;-;intergenic;SYAP1||TXLNG;-;-;-;433;29;51	Name=AluSx	TRUE	Alu	UTR3
chrX:23701671:T:C	chrX:23701671:A:G	A:G	ACOT9	UTR3	unknown	T;C;-;A||R||D;ALU;-;SINE/AluJr;downstream;ACOT9;-;-;intergenic;PRDX4||ACOT9;-;-;intergenic;PRDX4||ACOT9;-;-;-;2171;30;55	Name=AluJr	TRUE	Alu	UTR3
chrX:2906198:T:C	chrX:2906198:A:G	A:G	ARSD	UTR3	unknown	T;C;-;A||R||D;ALU;-;SINE/AluJb;UTR3;ARSD;-;-;UTR3;ARSD;-;-;UTR3;ARSD;-;-;-;859;30;52	Name=AluJb	TRUE	Alu	UTR3
chrX:2906313:T:C	chrX:2906313:A:G	A:G	ARSD	UTR3	unknown	T;C;-;A||R||D;ALU;-;SINE/AluJb;UTR3;ARSD;-;-;UTR3;ARSD;-;-;UTR3;ARSD;-;-;-;3;2;2	Name=AluJb	TRUE	Alu	UTR3
chrX:2906415:T:C	chrX:2906415:A:G	A:G	ARSD	UTR3	unknown	T;C;-;A||R||D;ALU;-;SINE/AluJb;UTR3;ARSD;-;-;UTR3;ARSD;-;-;UTR3;ARSD;-;-;-;1257;30;55	Name=AluJb	TRUE	Alu	UTR3
chrX:54562145:A:G	chrX:54562145:A:G	A:G	GNL3L	UTR3	unknown	A;G;+;A||R||D;ALU;-;SINE/AluSx1;intergenic;GNL3L||ITIH6;-;-;UTR3;GNL3L;-;-;UTR3;GNL3L;-;-;-;686;30;51	Name=AluSx1	TRUE	Alu	UTR3
chrX:54562285:A:G	chrX:54562285:A:G	A:G	GNL3L	UTR3	unknown	A;G;+;A||R||D;ALU;-;SINE/AluSx1;intergenic;GNL3L||ITIH6;-;-;UTR3;GNL3L;-;-;UTR3;GNL3L;-;-;-;513;30;50	Name=AluSx1	TRUE	Alu	UTR3
chrX:54564488:A:G	chrX:54564488:A:G	A:G	GNL3L	UTR3	unknown	A;G;+;A||R||D;ALU;-;SINE/AluSg4;intergenic;GNL3L||ITIH6;-;-;UTR3;GNL3L;-;-;UTR3;GNL3L;-;-;-;374;28;51	Name=AluSg4	TRUE	Alu	UTR3
chrX:54564972:A:G	chrX:54564972:A:G	A:G	GNL3L	UTR3	unknown	A;G;+;A||R||D;ALU;-;SINE/AluSx1;intergenic;GNL3L||ITIH6;-;-;UTR3;GNL3L;-;-;UTR3;GNL3L;-;-;-;972;30;54	Name=AluSx1	TRUE	Alu	UTR3
chrX:77827509:T:C	chrX:77827509:A:G	A:G	MAGT1	UTR3	unknown	T;C;-;R||D;ALU;-;SINE/AluSg;UTR3;MAGT1;-;-;UTR3;MAGT1;-;-;UTR3;MAGT1;-;-;-;1182;30;53	Name=AluSg	TRUE	Alu	UTR3
chrX:54562289:A:G	chrX:54562289:A:G	A:G	GNL3L	UTR3	unknown	A;G;+;A||R||D;ALU;-;SINE/AluSx1;intergenic;GNL3L||ITIH6;-;-;UTR3;GNL3L;-;-;UTR3;GNL3L;-;-;-;897;30;53	Name=AluSx1	TRUE	Alu	UTR3
chrX:54562307:A:G	chrX:54562307:A:G	A:G	GNL3L	UTR3	unknown	A;G;+;A||R||D;ALU;-;SINE/AluSx1;intergenic;GNL3L||ITIH6;-;-;UTR3;GNL3L;-;-;UTR3;GNL3L;-;-;-;582;30;48	Name=AluSx1	TRUE	Alu	UTR3
chrX:54563341:A:G	chrX:54563341:A:G	A:G	GNL3L	UTR3	unknown	A;G;+;A||R||D;NONREP;-;-/-;intergenic;GNL3L||ITIH6;-;-;UTR3;GNL3L;-;-;UTR3;GNL3L;-;-;-;968;30;53	.	TRUE	None	UTR3
chrX:123913015:A:G	chrX:123913015:A:G	A:G	XIAP	UTR3	unknown	A;G;+;A||R||D;ALU;-;SINE/AluSx;UTR3;XIAP;-;-;UTR3;XIAP;-;-;UTR3;XIAP;-;-;-;2006;30;55	Name=AluSx	TRUE	Alu	UTR3
chrX:131744963:T:C	chrX:131744963:A:G	A:G	FIRRE	ncRNA
intronic	unknown	T;C;-;A||R||D;ALU;-;SINE/AluJo;ncRNA_intronic;RP11-453F18__B.1;-;-;ncRNA_intronic;FIRRE;-;-;ncRNA_intronic;LOC286467;-;-;-;4;3;3	Name=AluJo	TRUE	Alu	ncRNA
chrX:23774299:T:C	chrX:23774299:T:C	A:G	SAT1	upstream	unknown	T;C;-;A||R||D;ALU;-;SINE/AluSz6;ncRNA_intronic;RP13-314C10.5;-;-;intergenic;ACOT9||SAT1;-;-;intergenic;ACOT9||Y_RNA;-;-;-;1;1;1	Name=AluSz6	TRUE	Alu	upstream
chrX:2906433:T:C	chrX:2906433:A:G	A:G	ARSD	UTR3	unknown	T;C;-;A;ALU;rs111953376;SINE/AluJb;UTR3;ARSD;-;-;UTR3;ARSD;-;-;UTR3;ARSD;-;-;-;1350;30;55	Name=AluJb	TRUE	Alu	UTR3
chrX:2907073:T:C	chrX:2907073:A:G	A:G	ARSD	UTR3	unknown	T;C;-;A||R||D;ALU;-;SINE/AluSz;UTR3;ARSD;-;-;UTR3;ARSD;-;-;UTR3;ARSD;-;-;-;999;30;54	Name=AluSz	TRUE	Alu	UTR3
chrX:74216858:T:C	chrX:74216858:A:G	A:G	FTX	ncRNA
intronic	unknown	T;C;-;A||R||D;ALU;-;SINE/AluSx;ncRNA_intronic;RP3-368A4.5;-;-;ncRNA_intronic;FTX;-;-;ncRNA_intronic;AK125301||FTX;-;-;-;437;30;46	Name=AluSx	TRUE	Alu	ncRNA
chrX:85090879:A:G	chrX:85090879:A:G	A:G	APOOL	UTR3	unknown	A;G;+;A||R||D;REP;-;SINE/FLAM_A;intergenic;APOOL||SATL1;-;-;UTR3;APOOL;-;-;UTR3;APOOL;-;-;-;1373;30;55	Name=FLAM_C	TRUE	Other	UTR3
chrX:85090897:A:G	chrX:85090897:A:G	A:G	APOOL	UTR3	unknown	A;G;+;A||R||D;REP;-;SINE/FLAM_A;intergenic;APOOL||SATL1;-;-;UTR3;APOOL;-;-;UTR3;APOOL;-;-;-;1428;30;55	Name=FLAM_C	TRUE	Other	UTR3
chrX:85091006:A:G	chrX:85091006:A:G	A:G	APOOL	UTR3	unknown	A;G;+;A||R||D;ALU;-;SINE/AluSq2;intergenic;APOOL||SATL1;-;-;UTR3;APOOL;-;-;UTR3;APOOL;-;-;-;934;30;53	Name=AluSq2	TRUE	Alu	UTR3
chrX:85091020:A:G	chrX:85091020:A:G	A:G	APOOL	UTR3	unknown	A;G;+;A||R||D;ALU;-;SINE/AluSq2;intergenic;APOOL||SATL1;-;-;UTR3;APOOL;-;-;UTR3;APOOL;-;-;-;1321;30;55	Name=AluSq2	TRUE	Alu	UTR3
chrX:85091937:A:G	chrX:85091937:A:G	A:G	APOOL	UTR3	unknown	A;G;+;A||R||D;NONREP;-;-/-;downstream;SATL1;-;-;UTR3;APOOL;-;-;UTR3;APOOL;-;-;-;1589;30;54	Name=FLAM_C	TRUE	Other	UTR3
chrX:123912929:A:G	chrX:123912929:A:G	A:G	XIAP	UTR3	unknown	A;G;+;A||R;ALU;-;SINE/AluSz;UTR3;XIAP;-;-;UTR3;XIAP;-;-;UTR3;XIAP;-;-;-;1479;30;54	Name=AluSz	TRUE	Alu	UTR3
chrX:23701910:T:C	chrX:23701910:A:G	A:G	ACOT9	UTR3	unknown	T;C;-;A||R;ALU;-;SINE/AluSx1;downstream;ACOT9;-;-;intergenic;PRDX4||ACOT9;-;-;intergenic;PRDX4||ACOT9;-;-;-;1570;30;54	Name=AluSx1	TRUE	Alu	UTR3
chrX:23701925:T:C	chrX:23701925:A:G	A:G	ACOT9	UTR3	unknown	T;C;-;A||R||D;ALU;-;SINE/AluSx1;downstream;ACOT9;-;-;intergenic;PRDX4||ACOT9;-;-;intergenic;PRDX4||ACOT9;-;-;-;1299;30;54	Name=AluSx1	TRUE	Alu	UTR3
chrX:23774763:T:C	chrX:23774763:T:C	A:G	SAT1	upstream	unknown	T;C;-;R||D;ALU;-;SINE/AluJb;ncRNA_intronic;RP13-314C10.5;-;-;intergenic;ACOT9||SAT1;-;-;intergenic;ACOT9||Y_RNA;-;-;-;0;0;0	Name=AluJo	TRUE	Alu	upstream
chrX:23775210:T:C	chrX:23775210:T:C	A:G	SAT1	upstream	unknown	T;C;-;R;ALU;-;SINE/AluJb;ncRNA_intronic;RP13-314C10.5;-;-;intergenic;ACOT9||SAT1;-;-;intergenic;ACOT9||Y_RNA;-;-;-;0;0;0	Name=AluJo	TRUE	Alu	upstream
chrX:85091232:A:G	chrX:85091232:A:G	A:G	APOOL	UTR3	unknown	A;G;+;R;ALU;-;SINE/AluSq2;intergenic;APOOL||SATL1;-;-;UTR3;APOOL;-;-;UTR3;APOOL;-;-;-;1593;30;53	Name=AluSq2	TRUE	Alu	UTR3
chrX:85091871:A:G	chrX:85091871:A:G	A:G	APOOL	UTR3	unknown	A;G;+;A||R;NONREP;-;-/-;downstream;SATL1;-;-;UTR3;APOOL;-;-;UTR3;APOOL;-;-;-;1181;30;55	Name=Tigger19b	TRUE	Other	UTR3
chrX:123909305:A:G	chrX:123909305:A:G	A:G	XIAP	UTR3	unknown	A;G;+;A||R||D;ALU;-;SINE/AluSz;UTR3;XIAP;-;-;UTR3;XIAP;-;-;UTR3;XIAP;-;-;-;997;30;55	Name=AluSz	TRUE	Alu	UTR3
chrX:30699459:A:G	chrX:30699459:A:G	A:G	GK	intronic	unknown	A;G;+;A||R||D;ALU;-;SINE/AluSx1;ncRNA_intronic;RP11-242C19.2;-;-;intronic;GK;-;-;intronic;GK;-;-;-;26;6;6	Name=AluSx1	TRUE	Alu	intronic
chrX:54563515:A:G	chrX:54563515:A:G	A:G	GNL3L	UTR3	unknown	A;G;+;A||R||D;ALU;-;SINE/AluJb;intergenic;GNL3L||ITIH6;-;-;UTR3;GNL3L;-;-;UTR3;GNL3L;-;-;-;1675;30;55	Name=AluJb	TRUE	Alu	UTR3
chrX:77828148:T:C	chrX:77828148:A:G	A:G	MAGT1	UTR3	unknown	T;C;-;A||R||D;ALU;-;SINE/AluSz6;UTR3;MAGT1;-;-;UTR3;MAGT1;-;-;UTR3;MAGT1;-;-;-;1353;30;54	Name=AluSz6	TRUE	Alu	UTR3
chrX:23728128:T:C	chrX:23728128:A:G	A:G	ACOT9	intronic	unknown	T;C;-;R||D;ALU;-;SINE/AluJo;intronic;ACOT9;-;-;intronic;ACOT9;-;-;intronic;ACOT9;-;-;-;6;2;2	Name=AluJo	TRUE	Alu	intronic
chrX:23728130:T:C	chrX:23728130:A:G	A:G	ACOT9	intronic	unknown	T;C;-;R;ALU;-;SINE/AluJo;intronic;ACOT9;-;-;intronic;ACOT9;-;-;intronic;ACOT9;-;-;-;6;2;2	Name=AluJo	TRUE	Alu	intronic
chrX:77828417:T:C	chrX:77828417:A:G	A:G	MAGT1	UTR3	unknown	T;C;-;A||R||D;ALU;-;SINE/AluSz;UTR3;MAGT1;-;-;UTR3;MAGT1;-;-;UTR3;MAGT1;-;-;-;1429;30;55	Name=AluSz	TRUE	Alu	UTR3
chrX:77828226:T:C	chrX:77828226:A:G	A:G	MAGT1	UTR3	unknown	T;C;-;A||R||D;ALU;-;SINE/AluSz6;UTR3;MAGT1;-;-;UTR3;MAGT1;-;-;UTR3;MAGT1;-;-;-;2146;30;54	Name=AluSz6	TRUE	Alu	UTR3
chrX:104124999:T:C	chrX:104124999:A:G	A:G	SLC25A53	intronic	unknown	T;C;-;A||R||D;ALU;-;SINE/AluSz;intronic;SLC25A53;-;-;intronic;SLC25A53;-;-;intronic;SLC25A53;-;-;-;222;25;46	Name=AluSz	TRUE	Alu	intronic
chrX:77828331:T:C	chrX:77828331:A:G	A:G	MAGT1	UTR3	unknown	T;C;-;A||R||D;ALU;-;SINE/AluSz;UTR3;MAGT1;-;-;UTR3;MAGT1;-;-;UTR3;MAGT1;-;-;-;2113;30;55	Name=AluSz	TRUE	Alu	UTR3
chrX:18953927:A:G	chrX:18953927:T:C	A:G	PHKA2	intronic	unknown	.	Name=AluSx1	FALSE	Alu	intronic
chrX:131744088:T:C	chrX:131744088:A:G	A:G	FIRRE	ncRNA
intronic	unknown	T;C;-;A||R;ALU;-;SINE/AluY;ncRNA_intronic;RP11-453F18__B.1;-;-;ncRNA_intronic;FIRRE;-;-;ncRNA_intronic;LOC286467;-;-;-;1;1;1	Name=AluY	TRUE	Alu	ncRNA
chrX:131746376:T:C	chrX:131746376:A:G	A:G	FIRRE	ncRNA
intronic	unknown	T;C;-;R||D;NONREP;-;-/-;ncRNA_intronic;RP11-453F18__B.1;-;-;ncRNA_intronic;FIRRE;-;-;ncRNA_intronic;LOC286467;-;-;-;3;2;2	.	TRUE	None	ncRNA
chrX:131746629:T:C	chrX:131746629:A:G	A:G	FIRRE	ncRNA
intronic	unknown	T;C;-;R;NONREP;-;-/-;ncRNA_intronic;RP11-453F18__B.1;-;-;ncRNA_intronic;FIRRE;-;-;ncRNA_intronic;LOC286467;-;-;-;0;0;0	.	TRUE	None	ncRNA
chrX:131746655:T:C	chrX:131746655:A:G	A:G	FIRRE	ncRNA
intronic	unknown	T;C;-;R;NONREP;-;-/-;ncRNA_intronic;RP11-453F18__B.1;-;-;ncRNA_intronic;FIRRE;-;-;ncRNA_intronic;LOC286467;-;-;-;1;1;1	.	TRUE	None	ncRNA
chrX:131746720:T:C	chrX:131746720:A:G	A:G	FIRRE	ncRNA
intronic	unknown	T;C;-;R||D;NONREP;-;-/-;ncRNA_intronic;RP11-453F18__B.1;-;-;ncRNA_intronic;FIRRE;-;-;ncRNA_intronic;LOC286467;-;-;-;1;1;1	.	TRUE	None	ncRNA
chrX:131747221:T:C	chrX:131747221:A:G	A:G	FIRRE	ncRNA
intronic	unknown	T;C;-;R;NONREP;-;-/-;ncRNA_intronic;RP11-453F18__B.1;-;-;ncRNA_intronic;FIRRE;-;-;ncRNA_intronic;LOC286467;-;-;-;1;1;1	.	TRUE	None	ncRNA
chrX:131747292:T:C	chrX:131747292:A:G	A:G	FIRRE	ncRNA
intronic	unknown	T;C;-;R;NONREP;-;-/-;ncRNA_intronic;RP11-453F18__B.1;-;-;ncRNA_intronic;FIRRE;-;-;ncRNA_intronic;LOC286467;-;-;-;0;0;0	.	TRUE	None	ncRNA
chrX:131747392:T:C	chrX:131747392:A:G	A:G	FIRRE	ncRNA
intronic	unknown	T;C;-;R;NONREP;-;-/-;ncRNA_intronic;RP11-453F18__B.1;-;-;ncRNA_intronic;FIRRE;-;-;ncRNA_intronic;LOC286467;-;-;-;4;4;4	.	TRUE	None	ncRNA
chrX:23697268:T:C	chrX:23697268:A:G	A:G	ACOT9	downstream	unknown	T;C;-;R;ALU;-;SINE/AluJr;intergenic;PRDX4||ACOT9;-;-;intergenic;PRDX4||ACOT9;-;-;intergenic;PRDX4||ACOT9;-;-;-;42;12;21	Name=AluJr	TRUE	Alu	downstream
chrX:131745521:T:C	chrX:131745521:A:G	A:G	FIRRE	ncRNA
intronic	unknown	T;C;-;R;ALU;-;SINE/AluSc8;ncRNA_intronic;RP11-453F18__B.1;-;-;ncRNA_intronic;FIRRE;-;-;ncRNA_intronic;LOC286467;-;-;-;0;0;0	Name=AluSc8	TRUE	Alu	ncRNA
chrX:3004284:T:C	chrX:3004284:T:C	A:G	ARSH	upstream	unknown	T;C;-;R;ALU;-;SINE/AluY;intergenic;ARSE||ARSH;-;-;intergenic;ARSE||ARSH;-;-;intergenic;ARSE||ARSH;-;-;-;0;0;0	Name=AluY	TRUE	Alu	upstream
chrX:131747133:T:C	chrX:131747133:A:G	A:G	FIRRE	ncRNA
intronic	unknown	T;C;-;R;NONREP;-;-/-;ncRNA_intronic;RP11-453F18__B.1;-;-;ncRNA_intronic;FIRRE;-;-;ncRNA_intronic;LOC286467;-;-;-;0;0;0	.	TRUE	None	ncRNA
chrX:131746632:T:C	chrX:131746632:A:G	A:G	FIRRE	ncRNA
intronic	unknown	T;C;-;R;NONREP;-;-/-;ncRNA_intronic;RP11-453F18__B.1;-;-;ncRNA_intronic;FIRRE;-;-;ncRNA_intronic;LOC286467;-;-;-;1;1;1	.	TRUE	None	ncRNA
chrX:18953907:A:G	chrX:18953907:T:C	A:G	PHKA2	intronic	unknown	.	Name=AluSx1	FALSE	Alu	intronic
