ESid	ESid2	Editing_Index	Gene	Location	Mutation	REDIportal_info	rmsk	known_a_i	rep_type	Function
chr1:109063715:T:C	chr1:109063715:A:G	A:G	TAF13	downstream	unknown	T;C;-;A||R;ALU;-;SINE/AluSz6;downstream;TAF13;-;-;downstream;TAF13;-;-;downstream;TAF13;-;-;-;1738;30;55	Name=AluSz6	TRUE	Alu	downstream
chr1:109063723:T:C	chr1:109063723:A:G	A:G	TAF13	downstream	unknown	T;C;-;A||R;ALU;-;SINE/AluSz6;downstream;TAF13;-;-;downstream;TAF13;-;-;downstream;TAF13;-;-;-;1598;30;55	Name=AluSz6	TRUE	Alu	downstream
chr1:109064075:T:C	chr1:109064075:A:G	A:G	TAF13	downstream	unknown	T;C;-;A||R;ALU;-;SINE/AluSc;downstream;TAF13;-;-;downstream;TAF13;-;-;downstream;TAF13;-;-;-;341;28;50	Name=AluSc	TRUE	Alu	downstream
chr1:149555552:A:G	chr1:149555552:A:G	A:G	NBPF19	UTR3	unknown	.	.	FALSE	None	UTR3
chr1:149555673:A:G	chr1:149555673:A:G	A:G	NBPF19	UTR3	unknown	.	Name=L1MC4	FALSE	LINE	UTR3
chr1:149555674:A:G	chr1:149555674:A:G	A:G	NBPF19	UTR3	unknown	.	Name=L1MC4	FALSE	LINE	UTR3
chr1:149555762:A:G	chr1:149555762:A:G	A:G	NBPF19	UTR3	unknown	.	Name=L1MC4	FALSE	LINE	UTR3
chr1:149555763:A:G	chr1:149555763:A:G	A:G	NBPF19	UTR3	unknown	.	Name=L1MC4	FALSE	LINE	UTR3
chr1:150731131:T:C	chr1:150731131:A:G	A:G	CTSS	UTR3	unknown	T;C;-;A||R;ALU;-;SINE/AluSx;UTR3;CTSS;-;-;UTR3;CTSS;-;-;UTR3;CTSS;-;-;-;894;29;49	Name=AluSx	TRUE	Alu	UTR3
chr1:150731136:T:C	chr1:150731136:A:G	A:G	CTSS	UTR3	unknown	T;C;-;A||R||D;ALU;-;SINE/AluSx;UTR3;CTSS;-;-;UTR3;CTSS;-;-;UTR3;CTSS;-;-;-;1156;30;54	Name=AluSx	TRUE	Alu	UTR3
chr1:150731137:T:C	chr1:150731137:A:G	A:G	CTSS	UTR3	unknown	T;C;-;A||R||D;ALU;-;SINE/AluSx;UTR3;CTSS;-;-;UTR3;CTSS;-;-;UTR3;CTSS;-;-;-;1233;30;55	Name=AluSx	TRUE	Alu	UTR3
chr1:150731143:T:C	chr1:150731143:A:G	A:G	CTSS	UTR3	unknown	T;C;-;A||R||D;ALU;-;SINE/AluSx;UTR3;CTSS;-;-;UTR3;CTSS;-;-;UTR3;CTSS;-;-;-;931;29;51	Name=AluSx	TRUE	Alu	UTR3
chr1:150731171:T:C	chr1:150731171:A:G	A:G	CTSS	UTR3	unknown	T;C;-;A||R||D;ALU;-;SINE/AluSx;UTR3;CTSS;-;-;UTR3;CTSS;-;-;UTR3;CTSS;-;-;-;672;25;44	Name=AluSx	TRUE	Alu	UTR3
chr1:150731185:T:C	chr1:150731185:A:G	A:G	CTSS	UTR3	unknown	T;C;-;A||R||D;ALU;-;SINE/AluSx;UTR3;CTSS;-;-;UTR3;CTSS;-;-;UTR3;CTSS;-;-;-;608;25;43	Name=AluSx	TRUE	Alu	UTR3
chr1:150731196:T:C	chr1:150731196:A:G	A:G	CTSS	UTR3	unknown	T;C;-;A||R||D;ALU;-;SINE/AluSx;UTR3;CTSS;-;-;UTR3;CTSS;-;-;UTR3;CTSS;-;-;-;719;27;42	Name=AluSx	TRUE	Alu	UTR3
chr1:150731203:T:C	chr1:150731203:A:G	A:G	CTSS	UTR3	unknown	T;C;-;A||R||D;ALU;-;SINE/AluSx;UTR3;CTSS;-;-;UTR3;CTSS;-;-;UTR3;CTSS;-;-;-;771;26;44	Name=AluSx	TRUE	Alu	UTR3
chr1:150731225:T:C	chr1:150731225:A:G	A:G	CTSS	UTR3	unknown	T;C;-;A||R||D;ALU;-;SINE/AluSx;UTR3;CTSS;-;-;UTR3;CTSS;-;-;UTR3;CTSS;-;-;-;851;27;46	Name=AluSx	TRUE	Alu	UTR3
chr1:150731239:T:C	chr1:150731239:A:G	A:G	CTSS	UTR3	unknown	T;C;-;A||R||D;ALU;-;SINE/AluSx;UTR3;CTSS;-;-;UTR3;CTSS;-;-;UTR3;CTSS;-;-;-;626;26;40	Name=AluSx	TRUE	Alu	UTR3
chr1:150731240:T:C	chr1:150731240:A:G	A:G	CTSS	UTR3	unknown	T;C;-;A||R||D;ALU;-;SINE/AluSx;UTR3;CTSS;-;-;UTR3;CTSS;-;-;UTR3;CTSS;-;-;-;706;28;43	Name=AluSx	TRUE	Alu	UTR3
chr1:150731244:T:C	chr1:150731244:A:G	A:G	CTSS	UTR3	unknown	T;C;-;A||R||D;ALU;-;SINE/AluSx;UTR3;CTSS;-;-;UTR3;CTSS;-;-;UTR3;CTSS;-;-;-;927;28;44	Name=AluSx	TRUE	Alu	UTR3
chr1:150731276:T:C	chr1:150731276:A:G	A:G	CTSS	UTR3	unknown	T;C;-;A||R||D;ALU;-;SINE/AluSx;UTR3;CTSS;-;-;UTR3;CTSS;-;-;UTR3;CTSS;-;-;-;1184;30;52	Name=AluSx	TRUE	Alu	UTR3
chr1:150731311:T:C	chr1:150731311:A:G	A:G	CTSS	UTR3	unknown	T;C;-;A||R||D;ALU;-;SINE/AluSx;UTR3;CTSS;-;-;UTR3;CTSS;-;-;UTR3;CTSS;-;-;-;1286;30;52	Name=AluSx	TRUE	Alu	UTR3
chr1:150731936:T:C	chr1:150731936:A:G	A:G	CTSS	UTR3	unknown	T;C;-;A||R||D;ALU;-;SINE/AluJo;UTR3;CTSS;-;-;UTR3;CTSS;-;-;UTR3;CTSS;-;-;-;1103;30;52	Name=AluJo	TRUE	Alu	UTR3
chr1:150731937:T:C	chr1:150731937:A:G	A:G	CTSS	UTR3	unknown	T;C;-;A||R||D;ALU;-;SINE/AluJo;UTR3;CTSS;-;-;UTR3;CTSS;-;-;UTR3;CTSS;-;-;-;1285;30;53	Name=AluJo	TRUE	Alu	UTR3
chr1:150731942:T:C	chr1:150731942:A:G	A:G	CTSS	UTR3	unknown	T;C;-;A||R||D;ALU;-;SINE/AluJo;UTR3;CTSS;-;-;UTR3;CTSS;-;-;UTR3;CTSS;-;-;-;1098;28;50	Name=AluJo	TRUE	Alu	UTR3
chr1:150732000:T:C	chr1:150732000:A:G	A:G	CTSS	UTR3	unknown	T;C;-;A||R||D;ALU;-;SINE/AluJo;UTR3;CTSS;-;-;UTR3;CTSS;-;-;UTR3;CTSS;-;-;-;1255;30;55	Name=AluJo	TRUE	Alu	UTR3
chr1:150732005:T:C	chr1:150732005:A:G	A:G	CTSS	UTR3	unknown	T;C;-;A||R||D;ALU;-;SINE/AluJo;UTR3;CTSS;-;-;UTR3;CTSS;-;-;UTR3;CTSS;-;-;-;1149;30;51	Name=AluJo	TRUE	Alu	UTR3
chr1:150732010:T:C	chr1:150732010:A:G	A:G	CTSS	UTR3	unknown	T;C;-;A||R||D;ALU;-;SINE/AluJo;UTR3;CTSS;-;-;UTR3;CTSS;-;-;UTR3;CTSS;-;-;-;1167;30;54	Name=AluJo	TRUE	Alu	UTR3
chr1:150732024:T:C	chr1:150732024:A:G	A:G	CTSS	UTR3	unknown	T;C;-;A||R||D;ALU;-;SINE/AluJo;UTR3;CTSS;-;-;UTR3;CTSS;-;-;UTR3;CTSS;-;-;-;998;30;51	Name=AluJo	TRUE	Alu	UTR3
chr1:150732109:T:C	chr1:150732109:A:G	A:G	CTSS	UTR3	unknown	T;C;-;A||R||D;ALU;-;SINE/AluJo;UTR3;CTSS;-;-;UTR3;CTSS;-;-;UTR3;CTSS;-;-;-;1000;30;51	Name=AluJo	TRUE	Alu	UTR3
chr1:150732111:T:C	chr1:150732111:A:G	A:G	CTSS	UTR3	unknown	T;C;-;A||R||D;ALU;-;SINE/AluJo;UTR3;CTSS;-;-;UTR3;CTSS;-;-;UTR3;CTSS;-;-;-;879;29;50	Name=AluJo	TRUE	Alu	UTR3
chr1:150732129:T:C	chr1:150732129:A:G	A:G	CTSS	UTR3	unknown	T;C;-;A||R||D;ALU;-;SINE/AluJo;UTR3;CTSS;-;-;UTR3;CTSS;-;-;UTR3;CTSS;-;-;-;922;30;52	Name=AluJo	TRUE	Alu	UTR3
chr1:150732137:T:C	chr1:150732137:A:G	A:G	CTSS	UTR3	unknown	T;C;-;A||R||D;ALU;-;SINE/AluJo;UTR3;CTSS;-;-;UTR3;CTSS;-;-;UTR3;CTSS;-;-;-;1013;28;50	Name=AluJo	TRUE	Alu	UTR3
chr1:150732160:T:C	chr1:150732160:A:G	A:G	CTSS	UTR3	unknown	T;C;-;A||R||D;ALU;-;SINE/AluJo;UTR3;CTSS;-;-;UTR3;CTSS;-;-;UTR3;CTSS;-;-;-;1124;30;53	Name=AluJo	TRUE	Alu	UTR3
chr1:150732177:T:C	chr1:150732177:A:G	A:G	CTSS	UTR3	unknown	T;C;-;A||R||D;ALU;-;SINE/AluJo;UTR3;CTSS;-;-;UTR3;CTSS;-;-;UTR3;CTSS;-;-;-;799;29;51	Name=AluJo	TRUE	Alu	UTR3
chr1:150732183:T:C	chr1:150732183:A:G	A:G	CTSS	UTR3	unknown	T;C;-;A||R||D;ALU;-;SINE/AluJo;UTR3;CTSS;-;-;UTR3;CTSS;-;-;UTR3;CTSS;-;-;-;797;29;51	Name=AluJo	TRUE	Alu	UTR3
chr1:150732184:T:C	chr1:150732184:A:G	A:G	CTSS	UTR3	unknown	T;C;-;A||R||D;ALU;-;SINE/AluJo;UTR3;CTSS;-;-;UTR3;CTSS;-;-;UTR3;CTSS;-;-;-;777;29;51	Name=AluJo	TRUE	Alu	UTR3
chr1:151446593:T:C	chr1:151446593:A:G	A:G	POGZ	intronic	unknown	T;C;-;A||R||D;ALU;-;SINE/AluSx;intronic;POGZ;-;-;intronic;POGZ;-;-;intronic;POGZ;-;-;-;105;20;26	Name=AluSx	TRUE	Alu	intronic
chr1:160996561:T:C	chr1:160996561:A:G	A:G	F11R	UTR3	unknown	T;C;-;A||R||D;ALU;-;SINE/AluSg;UTR3;F11R;-;-;UTR3;F11R;-;-;UTR3;F11R;-;-;-;1957;30;55	Name=AluSg	TRUE	Alu	UTR3
chr1:160996562:T:C	chr1:160996562:A:G	A:G	F11R	UTR3	unknown	T;C;-;A||R||D;ALU;-;SINE/AluSg;UTR3;F11R;-;-;UTR3;F11R;-;-;UTR3;F11R;-;-;-;1965;30;55	Name=AluSg	TRUE	Alu	UTR3
chr1:160996644:T:C	chr1:160996644:A:G	A:G	F11R	UTR3	unknown	T;C;-;A||R||D;ALU;-;SINE/AluSg;UTR3;F11R;-;-;UTR3;F11R;-;-;UTR3;F11R;-;-;-;2310;30;55	Name=AluSg	TRUE	Alu	UTR3
chr1:168181979:A:G	chr1:168181979:A:G	A:G	TIPRL	intronic	unknown	A;G;+;A||R||D;ALU;-;SINE/AluSx;intronic;TIPRL;-;-;intronic;TIPRL;-;-;intronic;TIPRL;-;-;-;28;10;12	Name=AluSx	TRUE	Alu	intronic
chr1:175448240:T:C	chr1:175448240:A:G	A:G	TNR	intronic	unknown	.	Name=AluSc8	FALSE	Alu	intronic
chr1:179117064:T:C	chr1:179117064:A:G	A:G	ABL2	intronic	unknown	T;C;-;R;ALU;-;SINE/AluSz;intronic;ABL2;-;-;intronic;ABL2;-;-;UTR3;ABL2;-;-;-;46;14;19	Name=AluSz	TRUE	Alu	intronic
chr1:179357143:A:G	chr1:179357143:A:G	A:G	SOAT1	UTR3	unknown	A;G;+;A||R;NONREP;-;-/-;UTR3;SOAT1;-;-;UTR3;SOAT1;-;-;UTR3;SOAT1;-;-;-;1605;30;54	.	TRUE	None	UTR3
chr1:179357159:A:G	chr1:179357159:A:G	A:G	SOAT1	UTR3	unknown	A;G;+;A||R;NONREP;-;-/-;UTR3;SOAT1;-;-;UTR3;SOAT1;-;-;UTR3;SOAT1;-;-;-;464;30;51	.	TRUE	None	UTR3
chr1:179357179:A:G	chr1:179357179:A:G	A:G	SOAT1	UTR3	unknown	A;G;+;A||R;NONREP;-;-/-;UTR3;SOAT1;-;-;UTR3;SOAT1;-;-;UTR3;SOAT1;-;-;-;699;30;54	.	TRUE	None	UTR3
chr1:179357180:A:G	chr1:179357180:A:G	A:G	SOAT1	UTR3	unknown	A;G;+;A||R;NONREP;-;-/-;UTR3;SOAT1;-;-;UTR3;SOAT1;-;-;UTR3;SOAT1;-;-;-;538;30;50	.	TRUE	None	UTR3
chr1:179357303:A:G	chr1:179357303:A:G	A:G	SOAT1	UTR3	unknown	A;G;+;A||R;ALU;-;SINE/AluSx1;UTR3;SOAT1;-;-;UTR3;SOAT1;-;-;UTR3;SOAT1;-;-;-;652;30;52	Name=AluSx1	TRUE	Alu	UTR3
chr1:179357332:A:G	chr1:179357332:A:G	A:G	SOAT1	UTR3	unknown	A;G;+;A||R;ALU;-;SINE/AluSx1;UTR3;SOAT1;-;-;UTR3;SOAT1;-;-;UTR3;SOAT1;-;-;-;1229;30;54	Name=AluSx1	TRUE	Alu	UTR3
chr1:179357364:A:G	chr1:179357364:A:G	A:G	SOAT1	UTR3	unknown	A;G;+;A||R||D;ALU;rs779158861;SINE/AluSx1;UTR3;SOAT1;-;-;UTR3;SOAT1;-;-;UTR3;SOAT1;-;-;-;1520;30;54	Name=AluSx1	TRUE	Alu	UTR3
chr1:179357403:A:G	chr1:179357403:A:G	A:G	SOAT1	UTR3	unknown	A;G;+;A||R||D;ALU;-;SINE/AluSx1;UTR3;SOAT1;-;-;UTR3;SOAT1;-;-;UTR3;SOAT1;-;-;-;1309;30;54	Name=AluSx1	TRUE	Alu	UTR3
chr1:179357453:A:G	chr1:179357453:A:G	A:G	SOAT1	UTR3	unknown	A;G;+;A||R||D;ALU;-;SINE/AluSx1;UTR3;SOAT1;-;-;UTR3;SOAT1;-;-;UTR3;SOAT1;-;-;-;1207;30;54	Name=AluSx1	TRUE	Alu	UTR3
chr1:179357712:A:G	chr1:179357712:A:G	A:G	SOAT1	UTR3	unknown	A;G;+;A||R||D;ALU;-;SINE/AluJo;UTR3;SOAT1;-;-;UTR3;SOAT1;-;-;UTR3;SOAT1;-;-;-;1766;30;54	Name=AluJo	TRUE	Alu	UTR3
chr1:179357747:A:G	chr1:179357747:A:G	A:G	SOAT1	UTR3	unknown	A;G;+;A||R||D;ALU;-;SINE/AluJo;UTR3;SOAT1;-;-;UTR3;SOAT1;-;-;UTR3;SOAT1;-;-;-;1533;30;54	Name=AluJo	TRUE	Alu	UTR3
chr1:179357773:A:G	chr1:179357773:A:G	A:G	SOAT1	UTR3	unknown	A;G;+;A||R||D;ALU;-;SINE/AluJo;UTR3;SOAT1;-;-;UTR3;SOAT1;-;-;UTR3;SOAT1;-;-;-;2176;30;55	Name=AluJo	TRUE	Alu	UTR3
chr1:179357787:A:G	chr1:179357787:A:G	A:G	SOAT1	UTR3	unknown	A;G;+;A||R||D;ALU;-;SINE/AluJo;UTR3;SOAT1;-;-;UTR3;SOAT1;-;-;UTR3;SOAT1;-;-;-;2166;30;55	Name=AluJo	TRUE	Alu	UTR3
chr1:179357873:A:G	chr1:179357873:A:G	A:G	SOAT1	UTR3	unknown	A;G;+;A||R;NONREP;-;-/-;UTR3;SOAT1;-;-;UTR3;SOAT1;-;-;UTR3;SOAT1;-;-;-;1804;30;54	.	TRUE	None	UTR3
chr1:179357875:A:G	chr1:179357875:A:G	A:G	SOAT1	UTR3	unknown	A;G;+;A||R;NONREP;-;-/-;UTR3;SOAT1;-;-;UTR3;SOAT1;-;-;UTR3;SOAT1;-;-;-;1221;30;54	.	TRUE	None	UTR3
chr1:1874524:T:C	chr1:1874524:A:G	A:G	GNB1	intronic	unknown	T;C;-;A||R||D;ALU;-;SINE/AluSx;intronic;GNB1;-;-;intronic;GNB1;-;-;intronic;GNB1;-;-;-;6;5;5	Name=AluSx	TRUE	Alu	intronic
chr1:1874525:T:C	chr1:1874525:A:G	A:G	GNB1	intronic	unknown	T;C;-;A||R||D;ALU;-;SINE/AluSx;intronic;GNB1;-;-;intronic;GNB1;-;-;intronic;GNB1;-;-;-;3;3;3	Name=AluSx	TRUE	Alu	intronic
chr1:19216855:T:C	chr1:19216855:T:C	A:G	EMC1-AS1	ncRNA
intronic	unknown	T;C;-;A||R||D;ALU;-;SINE/AluJo;ncRNA_intronic;RP1-43E13.2;-;-;UTR3;EMC1;-;-;UTR3;EMC1;-;-;-;2306;30;55	Name=AluJo	TRUE	Alu	ncRNA
chr1:19216965:T:C	chr1:19216965:T:C	A:G	EMC1-AS1	ncRNA
intronic	unknown	T;C;-;A||R||D;ALU;-;SINE/AluJo;ncRNA_intronic;RP1-43E13.2;-;-;UTR3;EMC1;-;-;UTR3;EMC1;-;-;-;2342;30;55	Name=AluJo	TRUE	Alu	ncRNA
chr1:201871455:T:C	chr1:201871455:T:C	A:G	IPO9	intronic	unknown	.	Name=AluSz	FALSE	Alu	intronic
chr1:20649530:T:C	chr1:20649530:A:G	A:G	PINK1-AS	ncRNA
exonic	unknown	T;C;-;A||R||D;ALU;-;SINE/AluSz6;ncRNA_exonic;PINK1-AS;-;-;ncRNA_exonic;PINK1-AS;-;-;intronic;PINK1;-;-;-;1548;30;54	Name=AluSz6	TRUE	Alu	ncRNA
chr1:20649582:T:C	chr1:20649582:A:G	A:G	PINK1-AS	ncRNA
exonic	unknown	T;C;-;A||R||D;ALU;-;SINE/AluSz6;ncRNA_exonic;PINK1-AS;-;-;ncRNA_exonic;PINK1-AS;-;-;intronic;PINK1;-;-;-;1070;30;53	Name=AluSz6	TRUE	Alu	ncRNA
chr1:20649585:T:C	chr1:20649585:A:G	A:G	PINK1-AS	ncRNA
exonic	unknown	T;C;-;A||R||D;ALU;-;SINE/AluSz6;ncRNA_exonic;PINK1-AS;-;-;ncRNA_exonic;PINK1-AS;-;-;intronic;PINK1;-;-;-;905;30;54	Name=AluSz6	TRUE	Alu	ncRNA
chr1:20649602:T:C	chr1:20649602:A:G	A:G	PINK1-AS	ncRNA
exonic	unknown	T;C;-;A||R||D;ALU;-;SINE/AluSz6;ncRNA_exonic;PINK1-AS;-;-;ncRNA_exonic;PINK1-AS;-;-;intronic;PINK1;-;-;-;910;30;53	Name=AluSz6	TRUE	Alu	ncRNA
chr1:212404906:T:C	chr1:212404906:A:G	A:G	PACC1	intronic	unknown	T;C;-;A||R||D;ALU;-;SINE/AluSx1;intronic;TMEM206;-;-;intronic;TMEM206;-;-;intronic;TMEM206;-;-;-;1;1;1	Name=AluSx1	TRUE	Alu	intronic
chr1:212405969:T:C	chr1:212405969:A:G	A:G	PACC1	intronic	unknown	.	Name=AluJo	FALSE	Alu	intronic
chr1:212590338:C:T	chr1:212590338:C:T	C:T	ATF3	intronic	unknown	.	.	FALSE	None	intronic
chr1:220254735:G:A	chr1:220254735:C:T	C:T	RAB3GAP2	intronic	unknown	.	.	FALSE	None	intronic
chr1:222742530:T:C	chr1:222742530:T:C	A:G	FAM177B	intronic	unknown	.	.	FALSE	None	intronic
chr1:26280109:C:T	chr1:26280109:C:T	C:T	SH3BGRL3	UTR5	unknown	.	.	FALSE	None	UTR5
chr1:26406642:T:C	chr1:26406642:T:C	A:G	LIN28A	upstream	unknown	.	.	FALSE	None	upstream
chr1:27454624:T:C	chr1:27454624:A:G	A:G	WASF2	intronic	unknown	T;C;-;A||R||D;ALU;-;SINE/AluJo;intronic;WASF2;-;-;intronic;WASF2;-;-;intronic;WASF2;-;-;-;10;5;5	Name=AluJo	TRUE	Alu	intronic
chr1:27819062:A:G	chr1:27819062:A:G	A:G	STX12	intronic	unknown	A;G;+;A||R||D;ALU;-;SINE/AluJr;intronic;STX12;-;-;intronic;STX12;-;-;intronic;STX12;-;-;-;1336;30;53	Name=AluJr	TRUE	Alu	intronic
chr1:27819066:A:G	chr1:27819066:A:G	A:G	STX12	intronic	unknown	A;G;+;A||R||D;ALU;-;SINE/AluJr;intronic;STX12;-;-;intronic;STX12;-;-;intronic;STX12;-;-;-;1277;30;51	Name=AluJr	TRUE	Alu	intronic
chr1:35602076:T:C	chr1:35602076:A:G	A:G	PSMB2	UTR3	unknown	T;C;-;A||R||D;ALU;-;SINE/AluJb;UTR3;PSMB2;-;-;UTR3;PSMB2;-;-;UTR3;PSMB2;-;-;-;2345;30;55	Name=AluJb	TRUE	Alu	UTR3
chr1:35602151:T:C	chr1:35602151:A:G	A:G	PSMB2	UTR3	unknown	T;C;-;A||R||D;ALU;-;SINE/AluJb;UTR3;PSMB2;-;-;UTR3;PSMB2;-;-;UTR3;PSMB2;-;-;-;2399;30;55	Name=AluJb	TRUE	Alu	UTR3
chr1:35602159:T:C	chr1:35602159:A:G	A:G	PSMB2	UTR3	unknown	T;C;-;A||R||D;ALU;-;SINE/AluJb;UTR3;PSMB2;-;-;UTR3;PSMB2;-;-;UTR3;PSMB2;-;-;-;2607;30;55	Name=AluJb	TRUE	Alu	UTR3
chr1:36477832:T:C	chr1:36477832:A:G	A:G	CSF3R	intronic	unknown	T;C;-;A||R;ALU;-;SINE/AluY;intronic;CSF3R;-;-;intronic;CSF3R;-;-;intronic;CSF3R;-;-;-;467;27;46	Name=AluY	TRUE	Alu	intronic
chr1:36477959:T:C	chr1:36477959:A:G	A:G	CSF3R	intronic	unknown	T;C;-;A||R;ALU;-;SINE/AluY;intronic;CSF3R;-;-;intronic;CSF3R;-;-;intronic;CSF3R;-;-;-;610;27;45	Name=AluY	TRUE	Alu	intronic
chr1:37861028:T:C	chr1:37861028:A:G	A:G	INPP5B	UTR3	unknown	T;C;-;A||R||D;ALU;-;SINE/AluJr;ncRNA_exonic;RP11-109P14.10;-;-;UTR3;INPP5B;-;-;UTR3;INPP5B;-;-;-;2571;30;55	Name=AluJr	TRUE	Alu	UTR3
chr1:37861056:T:C	chr1:37861056:A:G	A:G	INPP5B	UTR3	unknown	T;C;-;A||R||D;ALU;-;SINE/AluJr;ncRNA_exonic;RP11-109P14.10;-;-;UTR3;INPP5B;-;-;UTR3;INPP5B;-;-;-;2587;30;55	Name=AluJr	TRUE	Alu	UTR3
chr1:39112516:A:G	chr1:39112516:A:G	A:G	MACF1	intronic	unknown	A;G;+;A||R||D;ALU;-;SINE/AluSz6;intronic;MACF1;-;-;intronic;MACF1;-;-;intronic;MACF1;-;-;-;5;3;3	Name=AluSz6	TRUE	Alu	intronic
chr1:9100899:T:C	chr1:9100899:A:G	A:G	GPR157	UTR3	unknown	T;C;-;A||R||D;ALU;-;SINE/AluJb;UTR3;GPR157;-;-;intergenic;SLC2A5||GPR157;-;-;intergenic;SLC2A5||GPR157;-;-;-;1660;30;47	Name=AluJb	TRUE	Alu	UTR3
chr1:9100917:T:C	chr1:9100917:A:G	A:G	GPR157	UTR3	unknown	T;C;-;A||R;ALU;-;SINE/AluJb;UTR3;GPR157;-;-;intergenic;SLC2A5||GPR157;-;-;intergenic;SLC2A5||GPR157;-;-;-;1250;30;46	Name=AluJb	TRUE	Alu	UTR3
chr1:9100930:T:C	chr1:9100930:A:G	A:G	GPR157	UTR3	unknown	T;C;-;A||R||D;ALU;-;SINE/AluJb;UTR3;GPR157;-;-;intergenic;SLC2A5||GPR157;-;-;intergenic;SLC2A5||GPR157;-;-;-;1653;30;47	Name=AluJb	TRUE	Alu	UTR3
chr1:9100952:T:C	chr1:9100952:A:G	A:G	GPR157	UTR3	unknown	T;C;-;A||R||D;ALU;rs558720474;SINE/AluJb;UTR3;GPR157;-;-;intergenic;SLC2A5||GPR157;-;-;intergenic;SLC2A5||GPR157;-;-;-;1590;30;46	Name=AluJb	TRUE	Alu	UTR3
chr1:9173454:T:C	chr1:9173454:A:G	A:G	MIR34AHG	ncRNA
intronic	unknown	T;C;-;A||R||D;ALU;-;SINE/AluJb;intergenic;MIR34A||RP3-510D11.1;-;-;ncRNA_intronic;MIR34AHG;-;-;intronic;mir-34;-;-;-;1;1;1	Name=AluJb	TRUE	Alu	ncRNA
chr1:9173613:T:C	chr1:9173613:A:G	A:G	MIR34AHG	ncRNA
intronic	unknown	T;C;-;A||R||D;ALU;-;SINE/AluSz;intergenic;MIR34A||RP3-510D11.1;-;-;ncRNA_intronic;MIR34AHG;-;-;intronic;mir-34;-;-;-;2;2;2	Name=AluSz	TRUE	Alu	ncRNA
chr1:9176360:T:C	chr1:9176360:A:G	A:G	MIR34AHG	ncRNA
intronic	unknown	T;C;-;A||R||D;ALU;-;SINE/AluJb;intergenic;MIR34A||RP3-510D11.1;-;-;ncRNA_intronic;MIR34AHG;-;-;intronic;mir-34;-;-;-;4;3;3	Name=AluJb	TRUE	Alu	ncRNA
chr1:10348879:A:G	chr1:10348879:A:G	A:G	KIF1B	intronic	unknown	A;G;+;A||R;ALU;-;SINE/AluJo;intronic;KIF1B;-;-;intronic;KIF1B;-;-;intronic;KIF1B;-;-;-;23;7;9	Name=AluJo	TRUE	Alu	intronic
chr1:145921978:T:C	chr1:145921978:T:C	A:G	GNRHR2	ncRNA
intronic	unknown	.	Name=AluSz6	FALSE	Alu	ncRNA
chr1:145921980:T:C	chr1:145921980:T:C	A:G	GNRHR2	ncRNA
intronic	unknown	.	Name=AluSz6	FALSE	Alu	ncRNA
chr1:145923018:T:C	chr1:145923018:T:C	A:G	GNRHR2	ncRNA
intronic	unknown	.	Name=AluY	FALSE	Alu	ncRNA
chr1:179357876:A:G	chr1:179357876:A:G	A:G	SOAT1	UTR3	unknown	A;G;+;A||R||D;NONREP;-;-/-;UTR3;SOAT1;-;-;UTR3;SOAT1;-;-;UTR3;SOAT1;-;-;-;1593;30;54	.	TRUE	None	UTR3
chr1:19260007:A:G	chr1:19260007:A:G	A:G	MRTO4	UTR3	unknown	A;G;+;A||R||D;ALU;-;SINE/AluSz;UTR3;MRTO4;-;-;UTR3;MRTO4;-;-;UTR3;MRTO4;-;-;-;2144;30;54	Name=AluSz	TRUE	Alu	UTR3
chr1:20646029:T:C	chr1:20646029:A:G	A:G	PINK1-AS	ncRNA
intronic	unknown	T;C;-;A||R||D;ALU;-;SINE/AluJr;ncRNA_intronic;PINK1-AS;-;-;ncRNA_intronic;PINK1-AS;-;-;intronic;PINK1;-;-;-;1691;30;55	Name=AluJr	TRUE	Alu	ncRNA
chr1:219912650:T:C	chr1:219912650:A:G	A:G	SLC30A10	downstream	unknown	.	Name=AluY	FALSE	Alu	downstream
chr1:219912710:T:C	chr1:219912710:A:G	A:G	SLC30A10	downstream	unknown	.	Name=AluY	FALSE	Alu	downstream
chr1:50437821:T:C	chr1:50437821:A:G	A:G	FAF1	UTR3	unknown	T;C;-;R;ALU;-;SINE/AluSx;upstream;RP5-850O15.4;-;-;intergenic;DMRTA2||FAF1;-;-;intergenic;DMRTA2||FAF1;-;-;-;242;24;43	Name=AluSx	TRUE	Alu	UTR3
chr1:9100841:T:C	chr1:9100841:A:G	A:G	GPR157	UTR3	unknown	T;C;-;A||R||D;ALU;-;SINE/AluJb;UTR3;GPR157;-;-;intergenic;SLC2A5||GPR157;-;-;intergenic;SLC2A5||GPR157;-;-;-;1839;30;53	Name=AluJb	TRUE	Alu	UTR3
chr1:10406294:A:G	chr1:10406294:A:G	A:G	PGD	intronic	unknown	A;G;+;A||R;REP;-;SINE/FLAM_A;intronic;PGD;-;-;intronic;PGD;-;-;intronic;PGD;-;-;-;118;15;17	Name=FLAM_A	TRUE	Other	intronic
chr1:10577808:A:G	chr1:10577808:A:G	A:G	PEX14	intronic	unknown	A;G;+;A||R||D;ALU;-;SINE/AluY;intronic;PEX14;-;-;intronic;PEX14;-;-;intronic;PEX14;-;-;-;45;17;20	Name=AluY	TRUE	Alu	intronic
chr1:109063550:T:C	chr1:109063550:A:G	A:G	TAF13	downstream	unknown	T;C;-;A||R;ALU;-;SINE/AluSz6;downstream;TAF13;-;-;downstream;TAF13;-;-;downstream;TAF13;-;-;-;2229;30;55	Name=AluSz6	TRUE	Alu	downstream
chr1:109063598:T:C	chr1:109063598:A:G	A:G	TAF13	downstream	unknown	T;C;-;A||R;ALU;-;SINE/AluSz6;downstream;TAF13;-;-;downstream;TAF13;-;-;downstream;TAF13;-;-;-;1915;30;54	Name=AluSz6	TRUE	Alu	downstream
chr1:109063610:T:C	chr1:109063610:A:G	A:G	TAF13	downstream	unknown	T;C;-;A||R;ALU;-;SINE/AluSz6;downstream;TAF13;-;-;downstream;TAF13;-;-;downstream;TAF13;-;-;-;11;5;5	Name=AluSz6	TRUE	Alu	downstream
chr1:109063621:T:C	chr1:109063621:A:G	A:G	TAF13	downstream	unknown	T;C;-;A||R;ALU;-;SINE/AluSz6;downstream;TAF13;-;-;downstream;TAF13;-;-;downstream;TAF13;-;-;-;12;5;5	Name=AluSz6	TRUE	Alu	downstream
chr1:109063901:T:C	chr1:109063901:A:G	A:G	TAF13	downstream	unknown	T;C;-;A||R;ALU;-;SINE/AluSc;downstream;TAF13;-;-;downstream;TAF13;-;-;downstream;TAF13;-;-;-;358;27;49	Name=AluSc	TRUE	Alu	downstream
chr1:109063913:T:C	chr1:109063913:A:G	A:G	TAF13	downstream	unknown	T;C;-;A||R;ALU;-;SINE/AluSc;downstream;TAF13;-;-;downstream;TAF13;-;-;downstream;TAF13;-;-;-;234;27;48	Name=AluSc	TRUE	Alu	downstream
chr1:109063993:T:C	chr1:109063993:A:G	A:G	TAF13	downstream	unknown	T;C;-;A||R;ALU;-;SINE/AluSc;downstream;TAF13;-;-;downstream;TAF13;-;-;downstream;TAF13;-;-;-;100;23;38	Name=AluSc	TRUE	Alu	downstream
chr1:109064033:T:C	chr1:109064033:A:G	A:G	TAF13	downstream	unknown	T;C;-;A||R;ALU;-;SINE/AluSc;downstream;TAF13;-;-;downstream;TAF13;-;-;downstream;TAF13;-;-;-;308;27;50	Name=AluSc	TRUE	Alu	downstream
chr1:109064035:T:C	chr1:109064035:A:G	A:G	TAF13	downstream	unknown	T;C;-;A||R;ALU;-;SINE/AluSc;downstream;TAF13;-;-;downstream;TAF13;-;-;downstream;TAF13;-;-;-;387;28;50	Name=AluSc	TRUE	Alu	downstream
chr1:109064076:T:C	chr1:109064076:A:G	A:G	TAF13	downstream	unknown	T;C;-;A||R;ALU;-;SINE/AluSc;downstream;TAF13;-;-;downstream;TAF13;-;-;downstream;TAF13;-;-;-;243;28;49	Name=AluSc	TRUE	Alu	downstream
chr1:109064101:T:C	chr1:109064101:A:G	A:G	TAF13	downstream	unknown	T;C;-;A||R;ALU;-;SINE/AluSc;downstream;TAF13;-;-;downstream;TAF13;-;-;downstream;TAF13;-;-;-;376;28;51	Name=AluSc	TRUE	Alu	downstream
chr1:148532069:T:C	chr1:148532069:A:G	A:G	NBPF14	UTR3	unknown	.	Name=L1MC4	FALSE	LINE	UTR3
chr1:148532133:T:C	chr1:148532133:A:G	A:G	NBPF14	UTR3	unknown	T;C;-;A||R;NONREP;-;-/-;UTR3;NBPF20;-;-;ncRNA_intronic;NBPF25P;-;-;UTR3;NBPF14||NBPF9;-;-;-;1244;30;53	Name=L1MC4	TRUE	LINE	UTR3
chr1:148532191:T:C	chr1:148532191:A:G	A:G	NBPF14	UTR3	unknown	T;C;-;A;REP;-;LINE/L1MC4;UTR3;NBPF20;-;-;ncRNA_intronic;NBPF25P;-;-;UTR3;NBPF14||NBPF9;-;-;-;134;26;42	Name=L1MC4	TRUE	LINE	UTR3
chr1:149555610:A:G	chr1:149555610:A:G	A:G	NBPF19	UTR3	unknown	.	.	FALSE	None	UTR3
chr1:150731158:T:C	chr1:150731158:A:G	A:G	CTSS	UTR3	unknown	T;C;-;A||R;ALU;-;SINE/AluSx;UTR3;CTSS;-;-;UTR3;CTSS;-;-;UTR3;CTSS;-;-;-;787;28;47	Name=AluSx	TRUE	Alu	UTR3
chr1:150731216:T:C	chr1:150731216:A:G	A:G	CTSS	UTR3	unknown	T;C;-;A||R||D;ALU;-;SINE/AluSx;UTR3;CTSS;-;-;UTR3;CTSS;-;-;UTR3;CTSS;-;-;-;849;27;45	Name=AluSx	TRUE	Alu	UTR3
chr1:150732007:T:C	chr1:150732007:A:G	A:G	CTSS	UTR3	unknown	T;C;-;A||R||D;ALU;-;SINE/AluJo;UTR3;CTSS;-;-;UTR3;CTSS;-;-;UTR3;CTSS;-;-;-;1204;30;53	Name=AluJo	TRUE	Alu	UTR3
chr1:150732068:T:C	chr1:150732068:A:G	A:G	CTSS	UTR3	unknown	T;C;-;A||R||D;ALU;-;SINE/AluJo;UTR3;CTSS;-;-;UTR3;CTSS;-;-;UTR3;CTSS;-;-;-;1019;30;52	Name=AluJo	TRUE	Alu	UTR3
chr1:151123674:A:G	chr1:151123674:A:G	A:G	GABPB2	UTR3	unknown	A;G;+;A||R||D;ALU;-;SINE/AluY;UTR3;GABPB2;-;-;intergenic;GABPB2||SEMA6C;-;-;intergenic;GABPB2||SEMA6C;-;-;458;97;1042;30;53	Name=AluY	TRUE	Alu	UTR3
chr1:155726659:A:G	chr1:155726659:A:G	A:G	DAP3	intronic	unknown	A;G;+;A||R;REP;-;SINE/FRAM;intronic;DAP3||MSTO1;-;-;intronic;DAP3;-;-;intronic;DAP3||YY1AP1;-;-;-;605;30;48	Name=FRAM	TRUE	Other	intronic
chr1:15953299:T:C	chr1:15953299:A:G	A:G	ZBTB17	intronic	unknown	T;C;-;R;ALU;-;SINE/AluJb;intronic;ZBTB17;-;-;intronic;ZBTB17;-;-;intronic;ZBTB17;-;-;-;7;5;5	Name=AluJb	TRUE	Alu	intronic
chr1:179357639:A:G	chr1:179357639:A:G	A:G	SOAT1	UTR3	unknown	A;G;+;A||R||D;ALU;-;SINE/AluJo;UTR3;SOAT1;-;-;UTR3;SOAT1;-;-;UTR3;SOAT1;-;-;-;965;30;54	Name=AluJo	TRUE	Alu	UTR3
chr1:179357751:A:G	chr1:179357751:A:G	A:G	SOAT1	UTR3	unknown	A;G;+;A||R||D;ALU;-;SINE/AluJo;UTR3;SOAT1;-;-;UTR3;SOAT1;-;-;UTR3;SOAT1;-;-;-;1575;30;55	Name=AluJo	TRUE	Alu	UTR3
chr1:179357804:A:G	chr1:179357804:A:G	A:G	SOAT1	UTR3	unknown	A;G;+;A||R||D;ALU;-;SINE/AluJo;UTR3;SOAT1;-;-;UTR3;SOAT1;-;-;UTR3;SOAT1;-;-;-;1128;30;54	Name=AluJo	TRUE	Alu	UTR3
chr1:184792178:T:C	chr1:184792178:A:G	A:G	NIBAN1	UTR3	unknown	T;C;-;A||R||D;ALU;-;SINE/AluJo;UTR3;FAM129A;-;-;UTR3;FAM129A;-;-;UTR3;FAM129A;-;-;-;2148;30;55	Name=AluJo	TRUE	Alu	UTR3
chr1:19215970:T:C	chr1:19215970:T:C	A:G	EMC1-AS1	ncRNA
intronic	unknown	T;C;-;A||R;ALU;-;SINE/AluSz;ncRNA_intronic;RP1-43E13.2;-;-;UTR3;EMC1;-;-;UTR3;EMC1;-;-;-;1941;30;54	Name=AluSz	TRUE	Alu	ncRNA
chr1:204402621:T:C	chr1:204402621:A:G	A:G	PPP1R15B	downstream	unknown	T;C;-;A||R||D;ALU;-;SINE/AluJr;ncRNA_intronic;RP11-739N20.2;-;-;downstream;PPP1R15B;-;-;downstream;PPP1R15B;-;-;-;497;28;51	Name=AluJr	TRUE	Alu	downstream
chr1:204402695:T:C	chr1:204402695:A:G	A:G	PPP1R15B	downstream	unknown	T;C;-;A||R;ALU;-;SINE/AluJr;ncRNA_intronic;RP11-739N20.2;-;-;downstream;PPP1R15B;-;-;downstream;PPP1R15B;-;-;-;330;28;52	Name=AluJr	TRUE	Alu	downstream
chr1:204552506:A:G	chr1:204552506:A:G	A:G	MDM4	UTR3	unknown	A;G;+;A||R||D;ALU;-;SINE/AluSg;UTR3;MDM4;-;-;UTR3;MDM4;-;-;UTR3;MDM4;-;-;-;1544;30;55	Name=AluSg	TRUE	Alu	UTR3
chr1:204556653:A:G	chr1:204556653:A:G	A:G	MDM4	UTR3	unknown	A;G;+;A||R||D;ALU;-;SINE/AluJb;UTR3;MDM4;-;-;UTR3;MDM4;-;-;UTR3;MDM4;-;-;-;2463;30;55	Name=AluJb	TRUE	Alu	UTR3
chr1:20649682:T:C	chr1:20649682:A:G	A:G	PINK1-AS	ncRNA
exonic	unknown	T;C;-;A||R||D;ALU;-;SINE/AluSz6;ncRNA_exonic;PINK1-AS;-;-;ncRNA_exonic;PINK1-AS;-;-;intronic;PINK1;-;-;-;515;29;52	Name=AluSz6	TRUE	Alu	ncRNA
chr1:211351233:A:G	chr1:211351233:A:G	A:G	TRAF5	intronic	unknown	A;G;+;A||R||D;ALU;-;SINE/AluY;intronic;TRAF5;-;-;intronic;TRAF5;-;-;intronic;TRAF5;-;-;-;1;1;1	Name=AluY	TRUE	Alu	intronic
chr1:212590224:T:C	chr1:212590224:T:C	A:G	ATF3	intronic	unknown	.	.	FALSE	None	intronic
chr1:24538843:A:G	chr1:24538843:A:G	A:G	RCAN3	UTR3	unknown	A;G;+;A||R;REP;-;SINE/FLAM_A;ncRNA_exonic;RP4-594I10.3;-;-;downstream;LOC100506985;-;-;intergenic;RCAN3||NCMAP;-;-;-;946;30;55	Name=FLAM_A	TRUE	Other	UTR3
chr1:30999362:T:C	chr1:30999362:A:G	A:G	PUM1	intronic	unknown	T;C;-;A||R||D;ALU;-;SINE/AluSx;intronic;PUM1;-;-;intronic;PUM1;-;-;intronic;PUM1;-;-;-;7;4;4	Name=AluSx	TRUE	Alu	intronic
chr1:32930624:T:C	chr1:32930624:A:G	A:G	RNF19B	downstream	unknown	T;C;-;A||R||D;ALU;-;SINE/AluJr;intergenic;AL031602.1||RNF19B;-;-;intergenic;TMEM54||RNF19B;-;-;intergenic;TMEM54||RNF19B;-;-;-;496;28;47	Name=AluJr	TRUE	Alu	downstream
chr1:35602148:T:C	chr1:35602148:A:G	A:G	PSMB2	UTR3	unknown	T;C;-;A||R||D;ALU;-;SINE/AluJb;UTR3;PSMB2;-;-;UTR3;PSMB2;-;-;UTR3;PSMB2;-;-;-;2358;30;54	Name=AluJb	TRUE	Alu	UTR3
chr1:35602220:T:C	chr1:35602220:A:G	A:G	PSMB2	UTR3	unknown	T;C;-;A||R||D;ALU;-;SINE/AluJb;UTR3;PSMB2;-;-;UTR3;PSMB2;-;-;UTR3;PSMB2;-;-;-;2209;30;55	Name=AluJb	TRUE	Alu	UTR3
chr1:35602324:T:C	chr1:35602324:A:G	A:G	PSMB2	UTR3	unknown	T;C;-;A||R||D;ALU;-;SINE/AluJb;UTR3;PSMB2;-;-;UTR3;PSMB2;-;-;UTR3;PSMB2;-;-;-;2472;30;55	Name=AluJb	TRUE	Alu	UTR3
chr1:36234876:A:G	chr1:36234876:A:G	A:G	THRAP3	intronic	unknown	A;G;+;A||R||D;ALU;-;SINE/AluSx1;intronic;THRAP3;-;-;intronic;THRAP3;-;-;intronic;THRAP3;-;-;-;6;4;4	Name=AluSx1	TRUE	Alu	intronic
chr1:36478262:T:C	chr1:36478262:A:G	A:G	CSF3R	intronic	unknown	.	Name=AluSx1	FALSE	Alu	intronic
chr1:39112522:A:G	chr1:39112522:A:G	A:G	MACF1	intronic	unknown	A;G;+;A||R||D;ALU;-;SINE/AluSz6;intronic;MACF1;-;-;intronic;MACF1;-;-;intronic;MACF1;-;-;-;7;5;5	Name=AluSz6	TRUE	Alu	intronic
chr1:40088275:T:C	chr1:40088275:A:G	A:G	PPT1	intronic	unknown	T;C;-;A||R||D;ALU;-;SINE/AluSg;intronic;PPT1;-;-;intronic;PPT1;-;-;intronic;PPT1;-;-;-;4;4;4	Name=AluSg	TRUE	Alu	intronic
chr1:40403371:A:G	chr1:40403371:A:G	A:G	SMAP2	intronic	unknown	A;G;+;A||R||D;ALU;-;SINE/AluSz6;intronic;SMAP2;-;-;intronic;SMAP2;-;-;intronic;SMAP2;-;-;-;41;6;7	Name=AluSz6	TRUE	Alu	intronic
chr1:59302388:A:G	chr1:59302388:A:G	A:G	FGGY	intronic	unknown	A;G;+;A;REP;-;LINE/L1PREC2;intronic;FGGY;-;-;intronic;FGGY;-;-;intronic;FGGY;-;-;-;3;2;2	Name=L1PREC2	TRUE	LINE	intronic
chr1:89182578:T:C	chr1:89182578:A:G	A:G	GBP4	UTR3	unknown	T;C;-;A||R;ALU;-;SINE/AluYg6;UTR3;GBP4;-;-;UTR3;GBP4;-;-;UTR3;GBP4;-;-;-;886;30;54	Name=AluYg6	TRUE	Alu	UTR3
chr1:89182706:T:C	chr1:89182706:A:G	A:G	GBP4	UTR3	unknown	T;C;-;A||R||D;ALU;-;SINE/AluYg6;UTR3;GBP4;-;-;UTR3;GBP4;-;-;UTR3;GBP4;-;-;-;1571;30;55	Name=AluYg6	TRUE	Alu	UTR3
chr1:89183779:T:C	chr1:89183779:A:G	A:G	GBP4	UTR3	unknown	T;C;-;A||R||D;ALU;-;SINE/AluJb;UTR3;GBP4;-;-;UTR3;GBP4;-;-;UTR3;GBP4;-;-;-;971;30;55	Name=AluJb	TRUE	Alu	UTR3
chr1:89183866:T:C	chr1:89183866:A:G	A:G	GBP4	UTR3	unknown	T;C;-;A||R||D;ALU;-;SINE/AluJb;UTR3;GBP4;-;-;UTR3;GBP4;-;-;UTR3;GBP4;-;-;-;1313;30;55	Name=AluJb	TRUE	Alu	UTR3
chr1:89183874:T:C	chr1:89183874:A:G	A:G	GBP4	UTR3	unknown	T;C;-;A||R||D;ALU;-;SINE/AluJb;UTR3;GBP4;-;-;UTR3;GBP4;-;-;UTR3;GBP4;-;-;-;1246;30;55	Name=AluJb	TRUE	Alu	UTR3
chr1:9100904:T:C	chr1:9100904:A:G	A:G	GPR157	UTR3	unknown	T;C;-;A||R||D;ALU;-;SINE/AluJb;UTR3;GPR157;-;-;intergenic;SLC2A5||GPR157;-;-;intergenic;SLC2A5||GPR157;-;-;-;1706;30;49	Name=AluJb	TRUE	Alu	UTR3
chr1:9101298:T:C	chr1:9101298:A:G	A:G	GPR157	UTR3	unknown	T;C;-;A||R;ALU;-;SINE/AluSx;UTR3;GPR157;-;-;intergenic;SLC2A5||GPR157;-;-;intergenic;SLC2A5||GPR157;-;-;-;823;29;41	Name=AluSx	TRUE	Alu	UTR3
chr1:9102147:T:C	chr1:9102147:A:G	A:G	GPR157	UTR3	unknown	T;C;-;A||R||D;ALU;-;SINE/AluSx;UTR3;GPR157;-;-;intergenic;SLC2A5||GPR157;-;-;intergenic;SLC2A5||GPR157;-;-;-;960;29;40	Name=AluSx	TRUE	Alu	UTR3
chr1:9102166:T:C	chr1:9102166:A:G	A:G	GPR157	UTR3	unknown	T;C;-;A||R;ALU;-;SINE/AluSx;UTR3;GPR157;-;-;intergenic;SLC2A5||GPR157;-;-;intergenic;SLC2A5||GPR157;-;-;-;240;26;34	Name=AluSx	TRUE	Alu	UTR3
chr1:9149376:T:C	chr1:9149376:A:G	A:G	MIR34AHG	ncRNA
exonic	unknown	T;C;-;A||R||D;ALU;-;SINE/AluJb;intergenic;GPR157||MIR34A;-;-;ncRNA_exonic;MIR34AHG;-;-;UTR3;mir-34;-;-;-;1581;30;53	Name=AluJb	TRUE	Alu	ncRNA
chr1:9149390:T:C	chr1:9149390:A:G	A:G	MIR34AHG	ncRNA
exonic	unknown	T;C;-;A||R||D;ALU;-;SINE/AluJb;intergenic;GPR157||MIR34A;-;-;ncRNA_exonic;MIR34AHG;-;-;UTR3;mir-34;-;-;-;1364;30;53	Name=AluJb	TRUE	Alu	ncRNA
chr1:9149414:T:C	chr1:9149414:A:G	A:G	MIR34AHG	ncRNA
exonic	unknown	T;C;-;A||R||D;ALU;-;SINE/AluJb;intergenic;GPR157||MIR34A;-;-;ncRNA_exonic;MIR34AHG;-;-;UTR3;mir-34;-;-;-;1308;30;47	Name=AluJb	TRUE	Alu	ncRNA
chr1:179116675:T:C	chr1:179116675:A:G	A:G	ABL2	intronic	unknown	T;C;-;A||R;ALU;-;SINE/AluSp;intronic;ABL2;-;-;intronic;ABL2;-;-;intronic;ABL2;-;-;-;2;1;1	Name=AluSp	TRUE	Alu	intronic
chr1:236173154:A:G	chr1:236173154:A:G	A:G	GPR137B	intronic	unknown	A;G;+;R||D;ALU;-;SINE/AluJo;intronic;GPR137B;-;-;intronic;GPR137B;-;-;intronic;GPR137B;-;-;-;3;3;3	Name=AluJo	TRUE	Alu	intronic
chr1:50437523:T:C	chr1:50437523:A:G	A:G	FAF1	UTR3	unknown	T;C;-;A||R;ALU;-;SINE/AluJr;upstream;RP5-850O15.4;-;-;intergenic;DMRTA2||FAF1;-;-;intergenic;DMRTA2||FAF1;-;-;-;579;29;53	Name=AluJr	TRUE	Alu	UTR3
chr1:9102184:T:C	chr1:9102184:A:G	A:G	GPR157	UTR3	unknown	T;C;-;A||R||D;ALU;-;SINE/AluSx;UTR3;GPR157;-;-;intergenic;SLC2A5||GPR157;-;-;intergenic;SLC2A5||GPR157;-;-;-;305;26;34	Name=AluSx	TRUE	Alu	UTR3
chr1:10396035:A:G	chr1:10396035:A:G	A:G	PGD	upstream	unknown	A;G;+;A||R;ALU;-;SINE/AluSx3;intergenic;RN7SL721P||PGD;-;-;intergenic;KIF1B||PGD;-;-;intergenic;KIF1B||PGD;-;-;-;730;26;44	Name=AluSx	TRUE	Alu	upstream
chr1:109063570:T:C	chr1:109063570:A:G	A:G	TAF13	downstream	unknown	T;C;-;A||R;ALU;-;SINE/AluSz6;downstream;TAF13;-;-;downstream;TAF13;-;-;downstream;TAF13;-;-;-;1978;30;55	Name=AluSz6	TRUE	Alu	downstream
chr1:109063618:T:C	chr1:109063618:A:G	A:G	TAF13	downstream	unknown	T;C;-;A||R;ALU;-;SINE/AluSz6;downstream;TAF13;-;-;downstream;TAF13;-;-;downstream;TAF13;-;-;-;10;5;5	Name=AluSz6	TRUE	Alu	downstream
chr1:109063914:T:C	chr1:109063914:A:G	A:G	TAF13	downstream	unknown	T;C;-;R;ALU;-;SINE/AluSc;downstream;TAF13;-;-;downstream;TAF13;-;-;downstream;TAF13;-;-;-;128;24;41	Name=AluSc	TRUE	Alu	downstream
chr1:109064096:T:C	chr1:109064096:A:G	A:G	TAF13	downstream	unknown	T;C;-;A||R;ALU;-;SINE/AluSc;downstream;TAF13;-;-;downstream;TAF13;-;-;downstream;TAF13;-;-;-;322;28;52	Name=AluSc	TRUE	Alu	downstream
chr1:110360009:A:G	chr1:110360009:T:C	A:G	SLC16A4	downstream	unknown	A;G;+;A||R;ALU;-;SINE/AluSq2;intergenic;RBM15||SLC16A4;-;-;intergenic;RBM15||SLC16A4;-;-;intergenic;RBM15||SLC16A4;-;-;-;27;12;15	Name=AluSq2	TRUE	Alu	downstream
chr1:113130000:A:G	chr1:113130000:A:G	A:G	LRIG2	UTR3	unknown	A;G;+;A||R;ALU;-;SINE/AluJb;UTR3;LRIG2;-;-;intergenic;LRIG2||LOC643441;-;-;intergenic;LRIG2||LOC643441;-;-;-;1594;30;54	Name=AluJb	TRUE	Alu	UTR3
chr1:113131024:A:G	chr1:113131024:A:G	A:G	LRIG2	UTR3	unknown	A;G;+;A||R;ALU;-;SINE/AluSx1;UTR3;LRIG2;-;-;intergenic;LRIG2||LOC643441;-;-;intergenic;LRIG2||LOC643441;-;-;-;1804;30;54	Name=AluSx1	TRUE	Alu	UTR3
chr1:113131031:A:G	chr1:113131031:A:G	A:G	LRIG2	UTR3	unknown	A;G;+;A||R;ALU;-;SINE/AluSx1;UTR3;LRIG2;-;-;intergenic;LRIG2||LOC643441;-;-;intergenic;LRIG2||LOC643441;-;-;-;1744;30;54	Name=AluSx1	TRUE	Alu	UTR3
chr1:11744195:A:G	chr1:11744195:A:G	A:G	AGTRAP	intronic	unknown	A;G;+;R||D;ALU;-;SINE/AluJo;intronic;AGTRAP;-;-;intronic;AGTRAP;-;-;intronic;AGTRAP;-;-;-;137;11;15	Name=AluJo	TRUE	Alu	intronic
chr1:144460080:C:T	chr1:144460080:G:A	C:T	NBPF15	upstream	unknown	.	Name=AluJb	FALSE	Alu	upstream
chr1:145921979:T:C	chr1:145921979:T:C	A:G	GNRHR2	ncRNA
intronic	unknown	.	Name=AluSz6	FALSE	Alu	ncRNA
chr1:148532070:T:C	chr1:148532070:A:G	A:G	NBPF14	UTR3	unknown	.	Name=L1MC4	FALSE	LINE	UTR3
chr1:155726773:A:G	chr1:155726773:A:G	A:G	DAP3	intronic	unknown	A;G;+;A||R||D;REP;-;SINE/FRAM;intronic;DAP3||MSTO1;-;-;intronic;DAP3;-;-;intronic;DAP3||YY1AP1;-;-;-;104;26;39	Name=FRAM	TRUE	Other	intronic
chr1:167239132:A:G	chr1:167239132:A:G	A:G	POU2F1	intronic	unknown	A;G;+;A||R;NONREP;-;-/-;intronic;POU2F1;-;-;intronic;POU2F1;-;-;intronic;POU2F1;-;-;-;6;4;4	.	TRUE	None	intronic
chr1:167239135:A:G	chr1:167239135:A:G	A:G	POU2F1	intronic	unknown	A;G;+;A;NONREP;-;-/-;intronic;POU2F1;-;-;intronic;POU2F1;-;-;intronic;POU2F1;-;-;-;1;1;1	.	TRUE	None	intronic
chr1:179209953:T:C	chr1:179209953:A:G	A:G	ABL2	intronic	unknown	T;C;-;A||R;ALU;-;SINE/AluJr4;intronic;ABL2;-;-;intronic;ABL2;-;-;intronic;ABL2;-;-;-;8;6;6	Name=AluJr4	TRUE	Alu	intronic
chr1:179328788:A:G	chr1:179328788:A:G	A:G	SOAT1	intronic	unknown	A;G;+;A||R||D;ALU;-;SINE/AluSx3;intronic;SOAT1;-;-;intronic;SOAT1;-;-;intronic;SOAT1;-;-;-;32;13;14	Name=AluSx3	TRUE	Alu	intronic
chr1:19259964:A:G	chr1:19259964:A:G	A:G	MRTO4	UTR3	unknown	A;G;+;A||R||D;ALU;-;SINE/AluSz;UTR3;MRTO4;-;-;UTR3;MRTO4;-;-;UTR3;MRTO4;-;-;-;2416;30;55	Name=AluSz	TRUE	Alu	UTR3
chr1:204552114:A:G	chr1:204552114:A:G	A:G	MDM4	UTR3	unknown	A;G;+;A||R||D;ALU;-;SINE/AluSp;UTR3;MDM4;-;-;UTR3;MDM4;-;-;UTR3;MDM4;-;-;-;6;5;5	Name=AluSp	TRUE	Alu	UTR3
chr1:204552452:A:G	chr1:204552452:A:G	A:G	MDM4	UTR3	unknown	A;G;+;A||R;ALU;-;SINE/AluSg;UTR3;MDM4;-;-;UTR3;MDM4;-;-;UTR3;MDM4;-;-;-;793;30;53	Name=AluSg	TRUE	Alu	UTR3
chr1:212404917:T:C	chr1:212404917:A:G	A:G	PACC1	intronic	unknown	T;C;-;R;ALU;-;SINE/AluSx1;intronic;TMEM206;-;-;intronic;TMEM206;-;-;intronic;TMEM206;-;-;-;0;0;0	Name=AluSx1	TRUE	Alu	intronic
chr1:219912695:A:G	chr1:219912695:T:C	A:G	SLC30A10	downstream	unknown	.	Name=AluY	FALSE	Alu	downstream
chr1:22752394:A:G	chr1:22752394:A:G	A:G	EPHB2	intronic	unknown	.	Name=AluJb	FALSE	Alu	intronic
chr1:243793360:T:C	chr1:243793360:A:G	A:G	AKT3	intronic	unknown	T;C;-;A||R||D;REP;-;SINE/FLAM_C;ncRNA_exonic;AKT3-IT1;-;-;intronic;AKT3;-;-;intronic;AKT3;-;-;-;24;8;10	Name=FLAM_C	TRUE	Other	intronic
chr1:27622184:T:C	chr1:27622184:A:G	A:G	FGR	intronic	unknown	T;C;-;R;ALU;-;SINE/AluSx3;intronic;FGR;-;-;intronic;FGR;-;-;intronic;FGR;-;-;-;348;21;28	Name=AluSx3	TRUE	Alu	intronic
chr1:28717464:A:G	chr1:28717464:A:G	A:G	GMEB1	UTR3	unknown	A;G;+;A||R;ALU;-;SINE/AluSx1;UTR3;GMEB1;-;-;intergenic;GMEB1||YTHDF2;-;-;intergenic;GMEB1||YTHDF2;-;-;-;671;30;54	Name=AluSx1	TRUE	Alu	UTR3
chr1:32683090:A:G	chr1:32683090:A:G	A:G	RBBP4	UTR3	unknown	A;G;+;A||R||D;ALU;-;SINE/AluSc;UTR3;RBBP4;-;-;UTR3;RBBP4;-;-;UTR3;RBBP4;-;-;-;1980;30;55	Name=AluSc	TRUE	Alu	UTR3
chr1:32683188:A:G	chr1:32683188:A:G	A:G	RBBP4	UTR3	unknown	A;G;+;A||R||D;ALU;-;SINE/AluSc;UTR3;RBBP4;-;-;UTR3;RBBP4;-;-;UTR3;RBBP4;-;-;-;2037;30;55	Name=AluSc	TRUE	Alu	UTR3
chr1:32930530:T:C	chr1:32930530:A:G	A:G	RNF19B	downstream	unknown	T;C;-;A||R||D;ALU;-;SINE/AluJr;intergenic;AL031602.1||RNF19B;-;-;intergenic;TMEM54||RNF19B;-;-;intergenic;TMEM54||RNF19B;-;-;-;925;30;54	Name=AluJr	TRUE	Alu	downstream
chr1:35374544:A:G	chr1:35374544:A:G	A:G	ZMYM4	intronic	unknown	A;G;+;A||R||D;REP;-;SINE/FLAM_A;intronic;ZMYM4;-;-;intronic;ZMYM4;-;-;intronic;ZMYM4;-;-;-;8;6;7	Name=FLAM_A	TRUE	Other	intronic
chr1:50437463:T:C	chr1:50437463:A:G	A:G	FAF1	UTR3	unknown	T;C;-;A||R;ALU;-;SINE/AluJr;upstream;RP5-850O15.4;-;-;intergenic;DMRTA2||FAF1;-;-;intergenic;DMRTA2||FAF1;-;-;-;568;30;52	Name=AluJr	TRUE	Alu	UTR3
chr1:9102164:T:C	chr1:9102164:A:G	A:G	GPR157	UTR3	unknown	T;C;-;A||R||D;ALU;-;SINE/AluSx;UTR3;GPR157;-;-;intergenic;SLC2A5||GPR157;-;-;intergenic;SLC2A5||GPR157;-;-;-;613;27;37	Name=AluSx	TRUE	Alu	UTR3
chr1:9149136:T:C	chr1:9149136:A:G	A:G	MIR34AHG	ncRNA
exonic	unknown	T;C;-;A||R||D;ALU;-;SINE/AluSx1;intergenic;GPR157||MIR34A;-;-;ncRNA_exonic;MIR34AHG;-;-;UTR3;mir-34;-;-;-;1283;30;51	Name=AluSx1	TRUE	Alu	ncRNA
chr1:9928633:T:C	chr1:9928633:A:G	A:G	LZIC	UTR3	unknown	T;C;-;A||R||D;ALU;-;SINE/AluSq2;downstream;LZIC;-;-;UTR3;LZIC;-;-;intergenic;CTNNBIP1||LZIC;-;-;-;1415;30;55	Name=AluSp	TRUE	Alu	UTR3
chr1:100024440:A:G	chr1:100024440:A:G	A:G	SLC35A3	UTR3	unknown	A;G;+;A||R||D;ALU;-;SINE/AluSg;UTR3;SLC35A3;-;-;UTR3;SLC35A3;-;-;UTR3;SLC35A3;-;-;-;1273;30;54	Name=AluSg	TRUE	Alu	UTR3
chr1:155895896:T:C	chr1:155895896:A:G	A:G	RIT1	downstream	unknown	.	Name=AluSg7	FALSE	Alu	downstream
chr1:77698706:T:C	chr1:77698706:A:G	A:G	USP33	intronic	unknown	T;C;-;A||R||D;ALU;-;SINE/AluY;intronic;USP33;-;-;intronic;USP33;-;-;intronic;USP33;-;-;-;226;25;39	Name=AluY	TRUE	Alu	intronic
chr1:7917828:T:C	chr1:7917828:A:G	A:G	TNFRSF9	UTR3	unknown	T;C;-;A||R||D;ALU;-;SINE/AluJb;intergenic;UTS2||TNFRSF9;-;-;UTR3;TNFRSF9;-;-;UTR3;TNFRSF9;-;-;-;43;5;6	Name=AluJb	TRUE	Alu	UTR3
chr1:7917829:T:C	chr1:7917829:A:G	A:G	TNFRSF9	UTR3	unknown	T;C;-;R||D;ALU;-;SINE/AluJb;intergenic;UTS2||TNFRSF9;-;-;UTR3;TNFRSF9;-;-;UTR3;TNFRSF9;-;-;-;53;5;6	Name=AluJb	TRUE	Alu	UTR3
chr1:11743746:A:G	chr1:11743746:A:G	A:G	AGTRAP	intronic	unknown	A;G;+;R||D;ALU;-;SINE/AluSp;intronic;AGTRAP;-;-;intronic;AGTRAP;-;-;intronic;AGTRAP;-;-;-;181;22;30	Name=AluSp	TRUE	Alu	intronic
chr1:145745386:T:C	chr1:145745386:A:G	A:G	RNF115	UTR3	unknown	.	Name=AluJb	FALSE	Alu	UTR3
chr1:148532139:T:C	chr1:148532139:A:G	A:G	NBPF14	UTR3	unknown	T;C;-;A||R;NONREP;-;-/-;UTR3;NBPF20;-;-;ncRNA_intronic;NBPF25P;-;-;UTR3;NBPF14||NBPF9;-;-;-;1;1;1	Name=L1MC4	TRUE	LINE	UTR3
chr1:150677764:T:C	chr1:150677764:A:G	A:G	GOLPH3L	intronic	unknown	T;C;-;A||R||D;ALU;-;SINE/AluJr;intronic;GOLPH3L;-;-;intronic;GOLPH3L;-;-;intronic;GOLPH3L;-;-;-;4;4;4	Name=AluJr	TRUE	Alu	intronic
chr1:160998027:T:C	chr1:160998027:A:G	A:G	F11R	UTR3	unknown	T;C;-;A||R||D;ALU;-;SINE/AluSp;UTR3;F11R;-;-;UTR3;F11R;-;-;UTR3;F11R;-;-;475;114;1465;30;55	Name=AluSp	TRUE	Alu	UTR3
chr1:179210289:T:C	chr1:179210289:A:G	A:G	ABL2	intronic	unknown	T;C;-;A||R;ALU;-;SINE/AluSx;intronic;ABL2;-;-;intronic;ABL2;-;-;intronic;ABL2;-;-;-;3;2;2	Name=AluSx	TRUE	Alu	intronic
chr1:1803528:T:C	chr1:1803528:A:G	A:G	GNB1	intronic	unknown	T;C;-;A||R||D;ALU;-;SINE/AluJr;intronic;GNB1;-;-;intronic;GNB1;-;-;intronic;GNB1;-;-;-;50;20;28	Name=AluJr	TRUE	Alu	intronic
chr1:183768586:A:G	chr1:183768586:A:G	A:G	RGL1	intronic	unknown	A;G;+;A||R;ALU;-;SINE/AluJb;intronic;RGL1;-;-;intronic;RGL1;-;-;intronic;RGL1;-;-;-;1;1;1	Name=AluJb	TRUE	Alu	intronic
chr1:184793353:T:C	chr1:184793353:A:G	A:G	NIBAN1	UTR3	unknown	T;C;-;A||R||D;ALU;-;SINE/AluSz;UTR3;FAM129A;-;-;UTR3;FAM129A;-;-;UTR3;FAM129A;-;-;-;1884;30;54	Name=AluSz	TRUE	Alu	UTR3
chr1:184969969:T:C	chr1:184969969:A:G	A:G	NIBAN1	intronic	unknown	T;C;-;A||R||D;ALU;-;SINE/AluJb;intronic;FAM129A;-;-;intronic;FAM129A;-;-;intronic;FAM129A;-;-;-;12;7;9	Name=AluJb	TRUE	Alu	intronic
chr1:203831133:A:G	chr1:203831133:A:G	A:G	ZC3H11A	intronic	unknown	A;G;+;A||R||D;ALU;-;SINE/AluSp;intronic;ZC3H11A;-;-;intronic;ZC3H11A;-;-;intronic;ZC3H11A;-;-;-;15;9;10	Name=AluSp	TRUE	Alu	intronic
chr1:212350010:T:C	chr1:212350010:T:C	A:G	PPP2R5A	intronic	unknown	.	Name=MADE1	FALSE	Other	intronic
chr1:226933059:A:G	chr1:226933059:A:G	A:G	COQ8A	upstream	unknown	A;G;+;R;ALU;-;SINE/AluSq2;intronic;ADCK3;-;-;intergenic;PSEN2||ADCK3;-;-;intronic;ADCK3;-;-;-;72;16;25	Name=AluSq2	TRUE	Alu	upstream
chr1:226933060:A:G	chr1:226933060:A:G	A:G	COQ8A	upstream	unknown	A;G;+;R;ALU;-;SINE/AluSq2;intronic;ADCK3;-;-;intergenic;PSEN2||ADCK3;-;-;intronic;ADCK3;-;-;-;77;18;29	Name=AluSq2	TRUE	Alu	upstream
chr1:236238453:A:G	chr1:236238453:T:C	A:G	ERO1B	intronic	unknown	A;G;+;R;ALU;-;SINE/AluJr;intronic;ERO1LB;-;-;intronic;ERO1B;-;-;intronic;ERO1LB;-;-;-;25;12;15	Name=AluJr	TRUE	Alu	intronic
chr1:27622149:T:C	chr1:27622149:A:G	A:G	FGR	intronic	unknown	T;C;-;A||R;ALU;-;SINE/AluSx3;intronic;FGR;-;-;intronic;FGR;-;-;intronic;FGR;-;-;-;241;16;19	Name=AluSx3	TRUE	Alu	intronic
chr1:39112187:A:G	chr1:39112187:A:G	A:G	MACF1	intronic	unknown	A;G;+;A||R;ALU;-;SINE/AluSg;intronic;MACF1;-;-;intronic;MACF1;-;-;intronic;MACF1;-;-;-;4;4;4	Name=AluSg	TRUE	Alu	intronic
chr1:39147573:A:G	chr1:39147573:A:G	A:G	MACF1	intronic	unknown	A;G;+;R||D;ALU;-;SINE/AluJr;intronic;MACF1;-;-;intronic;MACF1;-;-;intronic;MACF1;-;-;-;6;4;6	Name=AluJr	TRUE	Alu	intronic
chr1:51263025:A:G	chr1:51263025:A:G	A:G	RNF11	intronic	unknown	A;G;+;A||R;REP;-;LINE/L1MB8;intronic;RNF11;-;-;intronic;RNF11;-;-;intronic;RNF11;-;-;-;10;7;7	Name=L1MB8	TRUE	LINE	intronic
chr1:52823252:A:G	chr1:52823252:A:G	A:G	ZYG11B	UTR3	unknown	A;G;+;A||R||D;REP;-;SINE/FLAM_C;UTR3;ZYG11B;-;-;UTR3;ZYG11B;-;-;UTR3;ZYG11B;-;-;346;34;1525;30;55	Name=FLAM_C	TRUE	Other	UTR3
chr1:77790788:A:G	chr1:77790788:A:G	A:G	MIGA1	intronic	unknown	A;G;+;A||R||D;ALU;-;SINE/AluSq2;intronic;FAM73A;-;-;intronic;FAM73A;-;-;intronic;FAM73A;-;-;-;93;19;33	Name=AluSq2	TRUE	Alu	intronic
chr1:89183877:T:C	chr1:89183877:A:G	A:G	GBP4	UTR3	unknown	T;C;-;A||R||D;ALU;-;SINE/AluJb;UTR3;GBP4;-;-;UTR3;GBP4;-;-;UTR3;GBP4;-;-;-;811;30;54	Name=AluJb	TRUE	Alu	UTR3
chr1:9101120:T:C	chr1:9101120:A:G	A:G	GPR157	UTR3	unknown	T;C;-;A||R;ALU;-;SINE/AluSx;UTR3;GPR157;-;-;intergenic;SLC2A5||GPR157;-;-;intergenic;SLC2A5||GPR157;-;-;-;748;29;41	Name=AluSx	TRUE	Alu	UTR3
chr1:93155737:T:C	chr1:93155737:A:G	A:G	TMED5	intronic	unknown	T;C;-;A||R||D;REP;-;SINE/FAM;intronic;TMED5;-;-;intronic;TMED5;-;-;intronic;TMED5;-;-;-;966;29;53	Name=AluJr	TRUE	Alu	intronic
chr1:109063932:T:C	chr1:109063932:A:G	A:G	TAF13	downstream	unknown	T;C;-;R;ALU;-;SINE/AluSc;downstream;TAF13;-;-;downstream;TAF13;-;-;downstream;TAF13;-;-;-;20;10;15	Name=AluSc	TRUE	Alu	downstream
chr1:20646101:T:C	chr1:20646101:A:G	A:G	PINK1-AS	ncRNA
intronic	unknown	T;C;-;A||R||D;ALU;-;SINE/AluJr;ncRNA_intronic;PINK1-AS;-;-;ncRNA_intronic;PINK1-AS;-;-;intronic;PINK1;-;-;-;1131;29;53	Name=AluJr	TRUE	Alu	ncRNA
chr1:44866692:T:C	chr1:44866692:A:G	A:G	EIF2B3	intronic	unknown	T;C;-;A||R||D;ALU;-;SINE/AluSx;intronic;EIF2B3;-;-;intronic;EIF2B3;-;-;intronic;EIF2B3;-;-;-;1;1;1	Name=AluSx	TRUE	Alu	intronic
chr1:52825753:A:G	chr1:52825753:A:G	A:G	ZYG11B	UTR3	unknown	A;G;+;A||R||D;ALU;-;SINE/AluJr;UTR3;ZYG11B;-;-;UTR3;ZYG11B;-;-;UTR3;ZYG11B;-;-;-;2513;30;55	Name=AluJr	TRUE	Alu	UTR3
chr1:10577740:A:G	chr1:10577740:A:G	A:G	PEX14	intronic	unknown	A;G;+;A||R;ALU;-;SINE/AluY;intronic;PEX14;-;-;intronic;PEX14;-;-;intronic;PEX14;-;-;-;19;7;9	Name=AluY	TRUE	Alu	intronic
chr1:109063892:T:C	chr1:109063892:A:G	A:G	TAF13	downstream	unknown	T;C;-;A||R;ALU;-;SINE/AluSc;downstream;TAF13;-;-;downstream;TAF13;-;-;downstream;TAF13;-;-;-;224;25;45	Name=AluSc	TRUE	Alu	downstream
chr1:13767854:A:G	chr1:13767854:A:G	A:G	PRDM2	intronic	unknown	A;G;+;A||R||D;ALU;-;SINE/AluJo;intronic;PRDM2;-;-;intronic;PRDM2;-;-;intronic;PRDM2;-;-;-;37;14;19	Name=AluJo	TRUE	Alu	intronic
chr1:145595080:C:T	chr1:145595080:G:A	C:T	NBPF25P	ncRNA
intronic	unknown	.	.	FALSE	None	ncRNA
chr1:149054720:T:C	chr1:149054720:A:G	A:G	NBPF9	UTR3	unknown	.	Name=L1MC4	FALSE	LINE	UTR3
chr1:149054842:T:C	chr1:149054842:A:G	A:G	NBPF9	UTR3	unknown	.	.	FALSE	None	UTR3
chr1:171487738:A:G	chr1:171487738:A:G	A:G	PRRC2C	intronic	unknown	A;G;+;A||R||D;REP;-;SINE/MIR;intronic;PRRC2C;-;-;intronic;PRRC2C;-;-;intronic;PRRC2C;-;-;-;25;8;10	Name=MIR	TRUE	Other	intronic
chr1:1731265:T:C	chr1:1731265:A:G	A:G	SLC35E2A	UTR3	unknown	T;C;-;A||R||D;ALU;-;SINE/AluY;ncRNA_exonic;RP1-283E3.4;-;-;UTR3;SLC35E2;-;-;UTR3;AK097814||SLC35E2;-;-;-;1097;30;55	Name=AluY	TRUE	Alu	UTR3
chr1:1731294:T:C	chr1:1731294:A:G	A:G	SLC35E2A	UTR3	unknown	T;C;-;A||R||D;ALU;-;SINE/AluY;ncRNA_exonic;RP1-283E3.4;-;-;UTR3;SLC35E2;-;-;UTR3;AK097814||SLC35E2;-;-;-;978;30;55	Name=AluY	TRUE	Alu	UTR3
chr1:175938857:T:C	chr1:175938857:A:G	A:G	COP1	downstream	unknown	T;C;-;A||R;ALU;-;SINE/AluJb;intergenic;RP11-318C24.2||RFWD2;-;-;intergenic;LOC101928751||RFWD2;-;-;intergenic;TNR||RFWD2;-;-;-;5;5;5	Name=AluJb	TRUE	Alu	downstream
chr1:1772528:T:C	chr1:1772528:A:G	A:G	NADK	intronic	unknown	T;C;-;A||R;ALU;-;SINE/AluJo;intronic;NADK;-;-;intronic;NADK;-;-;intronic;NADK;-;-;-;5;5;5	Name=FLAM_C	TRUE	Other	intronic
chr1:184969974:T:C	chr1:184969974:A:G	A:G	NIBAN1	intronic	unknown	T;C;-;A||R||D;ALU;-;SINE/AluJb;intronic;FAM129A;-;-;intronic;FAM129A;-;-;intronic;FAM129A;-;-;-;8;4;5	Name=AluJb	TRUE	Alu	intronic
chr1:204402641:T:C	chr1:204402641:A:G	A:G	PPP1R15B	downstream	unknown	T;C;-;A||R||D;ALU;-;SINE/AluJr;ncRNA_intronic;RP11-739N20.2;-;-;downstream;PPP1R15B;-;-;downstream;PPP1R15B;-;-;-;408;28;47	Name=AluJr	TRUE	Alu	downstream
chr1:204402989:T:C	chr1:204402989:A:G	A:G	PPP1R15B	downstream	unknown	T;C;-;A||R||D;ALU;-;SINE/AluSg;ncRNA_intronic;RP11-739N20.2;-;-;downstream;PPP1R15B;-;-;downstream;PPP1R15B;-;-;-;473;29;53	Name=AluSq4	TRUE	Alu	downstream
chr1:212344961:T:C	chr1:212344961:T:C	A:G	PPP2R5A	intronic	unknown	.	Name=AluJb	FALSE	Alu	intronic
chr1:212358075:T:C	chr1:212358075:T:C	A:G	PPP2R5A	intronic	unknown	T;C;-;R||D;ALU;-;SINE/AluJo;ncRNA_exonic;RP11-384C4.2;-;-;intronic;PPP2R5A;-;-;intronic;PPP2R5A;-;-;-;10;6;6	Name=AluJo	TRUE	Alu	intronic
chr1:236238458:A:G	chr1:236238458:T:C	A:G	ERO1B	intronic	unknown	A;G;+;R;ALU;-;SINE/AluJr;intronic;ERO1LB;-;-;intronic;ERO1B;-;-;intronic;ERO1LB;-;-;-;26;11;14	Name=AluJr	TRUE	Alu	intronic
chr1:40703358:A:G	chr1:40703358:A:G	A:G	NFYC	intronic	unknown	A;G;+;R||D;ALU;-;SINE/AluJb;intronic;NFYC;-;-;intronic;NFYC;-;-;intronic;NFYC;-;-;-;10;6;9	Name=AluJb	TRUE	Alu	intronic
chr1:65031059:T:C	chr1:65031059:A:G	A:G	JAK1	intronic	unknown	T;C;-;A||R;ALU;-;SINE/AluJb;intergenic;RNU6-1176P||MIR3671;-;-;intergenic;LINC01359||MIR3671;-;-;intergenic;U6||MIR3671;-;-;-;19;7;9	Name=AluJb	TRUE	Alu	intronic
chr1:7920478:T:C	chr1:7920478:A:G	A:G	TNFRSF9	UTR3	unknown	T;C;-;A||R||D;ALU;-;SINE/AluJb;UTR3;TNFRSF9;-;-;UTR3;TNFRSF9;-;-;UTR3;TNFRSF9;-;-;-;31;5;6	Name=AluJb	TRUE	Alu	UTR3
chr1:113003536:A:G	chr1:113003536:T:C	A:G	LRIG2-DT	downstream	unknown	A;G;+;R||D;ALU;rs565487311;SINE/AluSc8;intergenic;RP11-31F15.1||RP11-31F15.2;-;-;intergenic;SLC16A1-AS1||LOC100996251;-;-;intergenic;BC047723||BC037540;-;-;-;1;1;1	Name=AluSc8	TRUE	Alu	downstream
chr1:148532206:T:C	chr1:148532206:A:G	A:G	NBPF14	UTR3	unknown	.	Name=L1MC4	FALSE	LINE	UTR3
chr1:244832247:A:G	chr1:244832247:A:G	A:G	COX20	upstream	unknown	.	Name=AluSc	FALSE	Alu	upstream
chr1:25627771:A:G	chr1:25627771:A:G	A:G	MAN1C1	intronic	unknown	A;G;+;A||R;ALU;-;SINE/AluJb;intronic;MAN1C1;-;-;intronic;MAN1C1;-;-;intronic;MAN1C1;-;-;-;8;4;4	Name=AluJb	TRUE	Alu	intronic
chr1:65033466:T:C	chr1:65033466:A:G	A:G	JAK1	intronic	unknown	T;C;-;A||R;ALU;-;SINE/AluJr;intergenic;RNU6-1176P||MIR3671;-;-;intergenic;LINC01359||MIR3671;-;-;intergenic;U6||MIR3671;-;-;-;16;7;10	Name=AluSz6	TRUE	Alu	intronic
chr1:9101159:T:C	chr1:9101159:A:G	A:G	GPR157	UTR3	unknown	T;C;-;A||R;ALU;-;SINE/AluSx;UTR3;GPR157;-;-;intergenic;SLC2A5||GPR157;-;-;intergenic;SLC2A5||GPR157;-;-;-;1110;30;43	Name=AluSx	TRUE	Alu	UTR3
chr1:109063714:T:C	chr1:109063714:A:G	A:G	TAF13	downstream	unknown	T;C;-;A||R;ALU;-;SINE/AluSz6;downstream;TAF13;-;-;downstream;TAF13;-;-;downstream;TAF13;-;-;-;1247;30;54	Name=AluSz6	TRUE	Alu	downstream
chr1:120461383:C:T	chr1:120461383:C:T	C:T	NBPF8	exonic	synonymous SNV	.	.	FALSE	None	exonic
chr1:12196099:A:G	chr1:12196099:A:G	A:G	TNFRSF1B	intronic	unknown	A;G;+;A||R||D;ALU;-;SINE/AluSz;intronic;TNFRSF1B;-;-;intronic;TNFRSF1B;-;-;intronic;TNFRSF1B;-;-;-;209;15;23	Name=AluSz	TRUE	Alu	intronic
chr1:145922075:T:C	chr1:145922075:T:C	A:G	GNRHR2	ncRNA
intronic	unknown	.	Name=AluSz6	FALSE	Alu	ncRNA
chr1:150677825:T:C	chr1:150677825:A:G	A:G	GOLPH3L	intronic	unknown	T;C;-;A||R;ALU;-;SINE/AluJr;intronic;GOLPH3L;-;-;intronic;GOLPH3L;-;-;intronic;GOLPH3L;-;-;-;3;3;3	Name=AluJr	TRUE	Alu	intronic
chr1:154215442:T:C	chr1:154215442:A:G	A:G	C1orf43	intronic	unknown	.	Name=AluY	FALSE	Alu	intronic
chr1:155726428:A:G	chr1:155726428:A:G	A:G	DAP3	intronic	unknown	A;G;+;A||R||D;ALU;-;SINE/AluSx1;intronic;DAP3||MSTO1;-;-;intronic;DAP3;-;-;intronic;DAP3||YY1AP1;-;-;-;443;29;50	Name=AluSx1	TRUE	Alu	intronic
chr1:1588018:T:C	chr1:1588018:A:G	A:G	FNDC10	downstream	unknown	.	Name=AluY	FALSE	Alu	downstream
chr1:16465436:A:G	chr1:16465436:A:G	A:G	LINC01772	ncRNA
intronic	unknown	A;G;+;A||R;ALU;-;SINE/AluSc;ncRNA_intronic;RP4-798A10.2;-;-;intergenic;NECAP2||CROCCP3;-;-;intergenic;NECAP2||CROCCP3;-;-;-;111;18;31	Name=AluSc	TRUE	Alu	ncRNA
chr1:1731269:T:C	chr1:1731269:A:G	A:G	SLC35E2A	UTR3	unknown	T;C;-;A||R||D;ALU;-;SINE/AluY;ncRNA_exonic;RP1-283E3.4;-;-;UTR3;SLC35E2;-;-;UTR3;AK097814||SLC35E2;-;-;-;993;30;54	Name=AluY	TRUE	Alu	UTR3
chr1:201871479:T:C	chr1:201871479:T:C	A:G	IPO9	intronic	unknown	.	Name=AluSz	FALSE	Alu	intronic
chr1:201871480:A:G	chr1:201871480:A:G	A:G	IPO9	intronic	unknown	A;G;+;A||R||D;ALU;-;SINE/AluSz;intronic;IPO9;-;-;intronic;IPO9;-;-;intronic;IPO9;-;-;-;4;4;4	Name=AluSz	TRUE	Alu	intronic
chr1:205741180:G:A	chr1:205741180:C:T	C:T	NUCKS1	intronic	unknown	.	Name=AluY	FALSE	Alu	intronic
chr1:20646017:T:C	chr1:20646017:A:G	A:G	PINK1-AS	ncRNA
intronic	unknown	T;C;-;A||R||D;ALU;-;SINE/AluJr;ncRNA_intronic;PINK1-AS;-;-;ncRNA_intronic;PINK1-AS;-;-;intronic;PINK1;-;-;-;1561;30;54	Name=AluJr	TRUE	Alu	ncRNA
chr1:22029828:A:G	chr1:22029828:A:G	A:G	LINC00339	ncRNA
intronic	unknown	A;G;+;A||R||D;ALU;-;SINE/AluSg;ncRNA_intronic;LINC00339;-;-;ncRNA_intronic;LINC00339;-;-;ncRNA_intronic;LINC00339;-;-;-;727;30;53	Name=AluSg	TRUE	Alu	ncRNA
chr1:223105662:T:C	chr1:223105662:A:G	A:G	TLR5	downstream	unknown	.	Name=MER1A	FALSE	Other	downstream
chr1:22735316:A:G	chr1:22735316:A:G	A:G	EPHB2	intronic	unknown	.	Name=AluJr	FALSE	Alu	intronic
chr1:23843720:T:C	chr1:23843720:A:G	A:G	FUCA1	downstream	unknown	.	Name=AluJo	FALSE	Alu	downstream
chr1:23863679:T:C	chr1:23863679:A:G	A:G	FUCA1	intronic	unknown	T;C;-;A;ALU;-;SINE/AluJr;intronic;FUCA1;-;-;intronic;FUCA1;-;-;intronic;FUCA1;-;-;-;2;2;2	Name=AluJr	TRUE	Alu	intronic
chr1:23863730:T:C	chr1:23863730:A:G	A:G	FUCA1	intronic	unknown	T;C;-;A||R||D;ALU;-;SINE/AluJr;intronic;FUCA1;-;-;intronic;FUCA1;-;-;intronic;FUCA1;-;-;-;4;3;3	Name=AluJr	TRUE	Alu	intronic
chr1:28944787:A:G	chr1:28944787:A:G	A:G	EPB41	intronic	unknown	A;G;+;A||R;ALU;-;SINE/AluSz;intronic;EPB41;-;-;intronic;EPB41;-;-;intronic;EPB41;-;-;-;1;1;1	Name=AluSz	TRUE	Alu	intronic
chr1:36478493:T:C	chr1:36478493:A:G	A:G	CSF3R	intronic	unknown	T;C;-;R;ALU;-;SINE/AluSx1;intronic;CSF3R;-;-;intronic;CSF3R;-;-;intronic;CSF3R;-;-;-;395;25;38	Name=AluSx1	TRUE	Alu	intronic
chr1:52825748:A:G	chr1:52825748:A:G	A:G	ZYG11B	UTR3	unknown	A;G;+;A||R||D;ALU;-;SINE/AluJr;UTR3;ZYG11B;-;-;UTR3;ZYG11B;-;-;UTR3;ZYG11B;-;-;-;2120;30;55	Name=AluJr	TRUE	Alu	UTR3
chr1:67409006:T:C	chr1:67409006:A:G	A:G	SERBP1	UTR3	unknown	T;C;-;A||R||D;ALU;-;SINE/AluSz6;UTR3;SERBP1;-;-;UTR3;SERBP1;-;-;UTR3;SERBP1;-;-;-;2489;30;55	Name=AluSz6	TRUE	Alu	UTR3
chr1:151118851:A:G	chr1:151118851:A:G	A:G	GABPB2	UTR3	unknown	A;G;+;A||R||D;ALU;-;SINE/AluSz6;UTR3;GABPB2;-;-;downstream;GABPB2;-;-;downstream;GABPB2;-;-;-;977;30;54	Name=AluSc8	TRUE	Alu	UTR3
chr1:45474666:T:C	chr1:45474666:A:G	A:G	TESK2	intronic	unknown	T;C;-;R;ALU;-;SINE/AluSg;intronic;TESK2;-;-;intronic;TESK2;-;-;intronic;TESK2;-;-;-;0;0;0	Name=AluSg	TRUE	Alu	intronic
chr1:105580379:T:C	chr1:105580379:A:G	A:G	LINC01676	downstream	unknown	.	Name=AluY	FALSE	Alu	downstream
chr1:212358076:T:C	chr1:212358076:T:C	A:G	PPP2R5A	intronic	unknown	T;C;-;R;ALU;-;SINE/AluJo;ncRNA_exonic;RP11-384C4.2;-;-;intronic;PPP2R5A;-;-;intronic;PPP2R5A;-;-;-;12;9;9	Name=AluJo	TRUE	Alu	intronic
chr1:23843822:T:C	chr1:23843822:A:G	A:G	FUCA1	downstream	unknown	.	Name=AluJo	FALSE	Alu	downstream
chr1:39546743:T:C	chr1:39546743:A:G	A:G	PPIEL	ncRNA
intronic	unknown	T;C;-;A||R||D;ALU;-;SINE/AluSg;upstream;RP11-69E11.4;-;-;ncRNA_intronic;PPIEL;-;-;ncRNA_intronic;PPIEL;-;-;-;1602;30;55	Name=AluSg	TRUE	Alu	ncRNA
chr1:77790809:A:G	chr1:77790809:A:G	A:G	MIGA1	intronic	unknown	A;G;+;A||R;ALU;-;SINE/AluSq2;intronic;FAM73A;-;-;intronic;FAM73A;-;-;intronic;FAM73A;-;-;-;35;13;20	Name=AluSq2	TRUE	Alu	intronic
chr1:145782392:T:C	chr1:145782392:A:G	A:G	RNF115	intronic	unknown	.	Name=FLAM_A	FALSE	Other	intronic
chr1:15881237:A:G	chr1:15881237:A:G	A:G	SPEN	intronic	unknown	A;G;+;A||R||D;ALU;-;SINE/AluJr4;intronic;SPEN;-;-;ncRNA_intronic;MIR5096;-;-;intronic;SPEN;-;-;-;15;7;7	Name=AluJr4	TRUE	Alu	intronic
chr1:167731645:A:G	chr1:167731645:A:G	A:G	MPZL1	intronic	unknown	A;G;+;R||D;ALU;-;SINE/AluY;intronic;MPZL1;-;-;intronic;MPZL1;-;-;intronic;MPZL1;-;-;-;0;0;0	Name=AluY	TRUE	Alu	intronic
chr1:212358092:T:C	chr1:212358092:T:C	A:G	PPP2R5A	intronic	unknown	T;C;-;A;ALU;-;SINE/AluJo;ncRNA_exonic;RP11-384C4.2;-;-;intronic;PPP2R5A;-;-;intronic;PPP2R5A;-;-;-;17;13;13	Name=AluJo	TRUE	Alu	intronic
chr1:32910696:T:C	chr1:32910696:A:G	A:G	TMEM54	upstream	unknown	.	Name=AluJb	FALSE	Alu	upstream
chr1:32964414:T:C	chr1:32964414:A:G	A:G	RNF19B	exonic	nonsynonymous SNV	.	Name=(CCGCGG)n	FALSE	Simple
repeat	exonic
chr1:65031006:T:C	chr1:65031006:A:G	A:G	JAK1	intronic	unknown	T;C;-;A||R;ALU;-;SINE/AluJb;intergenic;RNU6-1176P||MIR3671;-;-;intergenic;LINC01359||MIR3671;-;-;intergenic;U6||MIR3671;-;-;-;9;5;5	Name=AluJb	TRUE	Alu	intronic
chr1:65155366:A:G	chr1:65155366:A:G	A:G	AK4	intronic	unknown	A;G;+;A||R;ALU;-;SINE/AluSz6;intronic;AK4;-;-;intronic;AK4;-;-;intronic;AK4;-;-;-;2;1;1	Name=AluSz6	TRUE	Alu	intronic
chr1:7920465:T:C	chr1:7920465:A:G	A:G	TNFRSF9	UTR3	unknown	T;C;-;R||D;ALU;-;SINE/AluJb;UTR3;TNFRSF9;-;-;UTR3;TNFRSF9;-;-;UTR3;TNFRSF9;-;-;-;52;8;9	Name=AluJb	TRUE	Alu	UTR3
chr1:16466651:A:G	chr1:16466651:A:G	A:G	LINC01772	ncRNA
intronic	unknown	A;G;+;A||R||D;ALU;-;SINE/AluSq2;ncRNA_intronic;RP4-798A10.2;-;-;downstream;CROCCP3;-;-;downstream;CROCCP3;-;-;-;136;25;37	Name=AluSq2	TRUE	Alu	ncRNA
chr1:40074565:T:C	chr1:40074565:A:G	A:G	PPT1	intronic	unknown	T;C;-;R||D;ALU;-;SINE/AluSc8;intronic;PPT1;-;-;intronic;PPT1;-;-;intronic;PPT1;-;-;-;259;26;43	Name=AluSc8	TRUE	Alu	intronic
chr1:40074628:T:C	chr1:40074628:A:G	A:G	PPT1	intronic	unknown	T;C;-;A||R||D;ALU;-;SINE/AluSc8;intronic;PPT1;-;-;intronic;PPT1;-;-;intronic;PPT1;-;-;-;372;28;49	Name=AluSc8	TRUE	Alu	intronic
chr1:40075139:T:C	chr1:40075139:A:G	A:G	PPT1	intronic	unknown	T;C;-;A||R||D;ALU;-;SINE/AluSq2;intronic;PPT1;-;-;intronic;PPT1;-;-;intronic;PPT1;-;-;-;211;25;44	Name=AluSq2	TRUE	Alu	intronic
chr1:160026746:T:C	chr1:160026746:A:G	A:G	PIGM	UTR3	unknown	T;C;-;A||R||D;ALU;-;SINE/AluJr;ncRNA_exonic;RP11-226L15.5;-;-;downstream;PIGM;-;-;downstream;PIGM;-;-;-;1510;30;54	Name=AluJr	TRUE	Alu	UTR3
chr1:151261880:A:G	chr1:151261880:A:G	A:G	PSMD4	intronic	unknown	A;G;+;A||R||D;ALU;-;SINE/AluJr;intronic;PSMD4;-;-;intronic;PSMD4;-;-;intronic;PSMD4;-;-;-;123;26;42	Name=AluJr	TRUE	Alu	intronic
chr1:43413230:A:G	chr1:43413230:A:G	A:G	SZT2	intronic	unknown	A;G;+;R||D;ALU;-;SINE/AluSg7;intronic;SZT2;-;-;intronic;SZT2;-;-;intronic;SZT2;-;-;-;0;0;0	Name=AluSg7	TRUE	Alu	intronic
chr1:44866758:T:C	chr1:44866758:A:G	A:G	EIF2B3	intronic	unknown	T;C;-;A||R;ALU;-;SINE/AluSx;intronic;EIF2B3;-;-;intronic;EIF2B3;-;-;intronic;EIF2B3;-;-;-;1;1;1	Name=AluSx	TRUE	Alu	intronic
chr1:145595082:G:A	chr1:145595082:C:T	C:T	NBPF25P	ncRNA
intronic	unknown	.	.	FALSE	None	ncRNA
chr1:145595308:A:G	chr1:145595308:T:C	A:G	NBPF25P	ncRNA
intronic	unknown	.	Name=L1MB7	FALSE	LINE	ncRNA
chr1:65036319:T:C	chr1:65036319:A:G	A:G	JAK1	intronic	unknown	T;C;-;A||R;ALU;-;SINE/AluJr;intergenic;RNU6-1176P||MIR3671;-;-;intergenic;LINC01359||MIR3671;-;-;intergenic;U6||MIR3671;-;-;-;26;12;14	Name=AluJr	TRUE	Alu	intronic
chr1:15830257:T:C	chr1:15830257:A:G	A:G	FLJ37453	downstream	unknown	T;C;-;A||R;REP;-;SINE/FRAM;intergenic;FBLIM1||RP11-169K16.9;-;-;intergenic;UQCRHL||FLJ37453;-;-;intergenic;UQCRHL||FLJ37453;-;-;-;31;15;18	Name=FRAM	TRUE	Other	downstream
chr1:151119360:A:G	chr1:151119360:A:G	A:G	GABPB2	UTR3	unknown	A;G;+;A||R||D;ALU;-;SINE/AluY;UTR3;GABPB2;-;-;downstream;GABPB2;-;-;downstream;GABPB2;-;-;-;1062;30;53	Name=AluSc8	TRUE	Alu	UTR3
chr1:212886679:A:G	chr1:212886679:A:G	A:G	FLVCR1	intronic	unknown	A;G;+;A||R||D;ALU;-;SINE/AluSx1;intronic;FLVCR1;-;-;intronic;FLVCR1;-;-;intronic;FLVCR1;-;-;-;63;16;19	Name=AluSx1	TRUE	Alu	intronic
chr1:93248851:T:C	chr1:93248851:T:C	A:G	CCDC18	intronic	unknown	T;C;-;A||R||D;ALU;-;SINE/AluJb;intronic;CCDC18;-;-;intronic;CCDC18;-;-;intronic;CCDC18;-;-;-;2;2;2	Name=AluJb	TRUE	Alu	intronic
chr1:93255660:T:C	chr1:93255660:T:C	A:G	CCDC18	intronic	unknown	T;C;-;A||R||D;ALU;-;SINE/AluJb;intronic;CCDC18;-;-;intronic;CCDC18;-;-;intronic;CCDC18;-;-;-;4;3;3	Name=AluJb	TRUE	Alu	intronic
chr1:11823398:A:G	chr1:11823398:A:G	A:G	CLCN6	intronic	unknown	A;G;+;A||R||D;ALU;-;SINE/AluSp;intronic;CLCN6;-;-;intronic;CLCN6;-;-;intronic;CLCN6;-;-;-;96;24;32	Name=AluSp	TRUE	Alu	intronic
chr1:40088311:T:C	chr1:40088311:A:G	A:G	PPT1	intronic	unknown	T;C;-;A||R;ALU;-;SINE/AluSg;intronic;PPT1;-;-;intronic;PPT1;-;-;intronic;PPT1;-;-;-;3;3;3	Name=AluSg	TRUE	Alu	intronic
chr1:151450278:T:C	chr1:151450278:A:G	A:G	POGZ	intronic	unknown	T;C;-;A||R;ALU;-;SINE/AluSx1;intronic;POGZ;-;-;intronic;POGZ;-;-;intronic;POGZ;-;-;-;23;11;14	Name=AluSx1	TRUE	Alu	intronic
chr1:44866653:T:C	chr1:44866653:A:G	A:G	EIF2B3	intronic	unknown	T;C;-;A||R;ALU;-;SINE/AluSx;intronic;EIF2B3;-;-;intronic;EIF2B3;-;-;intronic;EIF2B3;-;-;-;3;3;3	Name=AluSx	TRUE	Alu	intronic
chr1:28498974:A:G	chr1:28498974:A:G	A:G	PHACTR4	UTR3	unknown	A;G;+;A||R||D;ALU;-;SINE/AluSg;UTR3;PHACTR4;-;-;UTR3;PHACTR4;-;-;UTR3;PHACTR4;-;-;-;2062;30;55	Name=AluSg	TRUE	Alu	UTR3
chr1:10404639:A:G	chr1:10404639:A:G	A:G	PGD	intronic	unknown	A;G;+;A||R||D;ALU;-;SINE/AluSx;intronic;PGD;-;-;intronic;PGD;-;-;intronic;PGD;-;-;-;28;6;6	Name=AluSx	TRUE	Alu	intronic
chr1:9927795:T:C	chr1:9927795:A:G	A:G	LZIC	UTR3	unknown	T;C;-;A||R||D;ALU;-;SINE/AluSx3;intergenic;CTNNBIP1||LZIC;-;-;UTR3;LZIC;-;-;intergenic;CTNNBIP1||LZIC;-;-;-;1125;30;54	Name=AluSx3	TRUE	Alu	UTR3
chr1:1575949:C:T	chr1:1575949:G:A	C:T	SSU72	upstream	unknown	.	Name=AluY	FALSE	Alu	upstream
chr1:36478477:T:C	chr1:36478477:A:G	A:G	CSF3R	intronic	unknown	T;C;-;A;ALU;-;SINE/AluSx1;intronic;CSF3R;-;-;intronic;CSF3R;-;-;intronic;CSF3R;-;-;-;333;20;25	Name=AluSx1	TRUE	Alu	intronic
chr1:229532765:T:C	chr1:229532765:A:G	A:G	ABCB10	intronic	unknown	T;C;-;A||R||D;ALU;-;SINE/AluJo;intronic;ABCB10;-;-;intronic;ABCB10;-;-;intronic;ABCB10;-;-;-;39;12;16	Name=AluJo	TRUE	Alu	intronic
chr1:205351433:T:C	chr1:205351433:A:G	A:G	KLHDC8A	intronic	unknown	.	.	FALSE	None	intronic
chr1:179116782:T:C	chr1:179116782:A:G	A:G	ABL2	intronic	unknown	T;C;-;R;ALU;-;SINE/AluSp;intronic;ABL2;-;-;intronic;ABL2;-;-;intronic;ABL2;-;-;-;2;2;2	Name=AluSp	TRUE	Alu	intronic
chr1:11743818:A:G	chr1:11743818:A:G	A:G	AGTRAP	intronic	unknown	A;G;+;R;ALU;-;SINE/AluSp;intronic;AGTRAP;-;-;intronic;AGTRAP;-;-;intronic;AGTRAP;-;-;-;267;22;29	Name=AluSp	TRUE	Alu	intronic
chr1:7917801:T:C	chr1:7917801:A:G	A:G	TNFRSF9	UTR3	unknown	T;C;-;A||R||D;ALU;-;SINE/AluJb;intergenic;UTS2||TNFRSF9;-;-;UTR3;TNFRSF9;-;-;UTR3;TNFRSF9;-;-;-;46;7;8	Name=AluJb	TRUE	Alu	UTR3
chr1:7918212:T:C	chr1:7918212:A:G	A:G	TNFRSF9	UTR3	unknown	T;C;-;A||R||D;ALU;-;SINE/AluSq2;intergenic;UTS2||TNFRSF9;-;-;UTR3;TNFRSF9;-;-;UTR3;TNFRSF9;-;-;-;95;6;8	Name=AluSq2	TRUE	Alu	UTR3
chr1:7918253:T:C	chr1:7918253:A:G	A:G	TNFRSF9	UTR3	unknown	T;C;-;R||D;ALU;-;SINE/AluSq2;intergenic;UTS2||TNFRSF9;-;-;UTR3;TNFRSF9;-;-;UTR3;TNFRSF9;-;-;-;72;7;8	Name=AluSq2	TRUE	Alu	UTR3
chr1:7918277:T:C	chr1:7918277:A:G	A:G	TNFRSF9	UTR3	unknown	T;C;-;R||D;ALU;-;SINE/AluSq2;intergenic;UTS2||TNFRSF9;-;-;UTR3;TNFRSF9;-;-;UTR3;TNFRSF9;-;-;-;83;7;9	Name=AluSq2	TRUE	Alu	UTR3
chr1:7918640:T:C	chr1:7918640:A:G	A:G	TNFRSF9	UTR3	unknown	T;C;-;A||R||D;ALU;-;SINE/AluJb;intergenic;UTS2||TNFRSF9;-;-;UTR3;TNFRSF9;-;-;UTR3;TNFRSF9;-;-;-;62;8;9	Name=AluJb	TRUE	Alu	UTR3
chr1:84931781:T:C	chr1:84931781:A:G	A:G	MCOLN2	intronic	unknown	T;C;-;A||R||D;ALU;-;SINE/AluJo;intronic;MCOLN2;-;-;intronic;MCOLN2;-;-;intronic;MCOLN2;-;-;-;450;26;34	Name=AluJo	TRUE	Alu	intronic
chr1:84931808:T:C	chr1:84931808:A:G	A:G	MCOLN2	intronic	unknown	T;C;-;A||R||D;ALU;-;SINE/AluJo;intronic;MCOLN2;-;-;intronic;MCOLN2;-;-;intronic;MCOLN2;-;-;-;423;24;32	Name=AluJo	TRUE	Alu	intronic
chr1:149054632:T:C	chr1:149054632:A:G	A:G	NBPF9	UTR3	unknown	.	Name=L1MC4	FALSE	LINE	UTR3
chr1:74050112:T:C	chr1:74050112:A:G	A:G	LRRIQ3	intronic	unknown	.	Name=AluSg	FALSE	Alu	intronic
chr2:128192923:A:G	chr2:128192923:A:G	A:G	UGGT1	UTR3	unknown	A;G;+;A||R||D;ALU;-;SINE/AluSc;UTR3;UGGT1;-;-;UTR3;UGGT1;-;-;UTR3;UGGT1;-;-;-;2010;30;55	Name=AluSc	TRUE	Alu	UTR3
chr2:128192924:A:G	chr2:128192924:A:G	A:G	UGGT1	UTR3	unknown	A;G;+;A||R||D;ALU;-;SINE/AluSc;UTR3;UGGT1;-;-;UTR3;UGGT1;-;-;UTR3;UGGT1;-;-;-;1969;30;55	Name=AluSc	TRUE	Alu	UTR3
chr2:143048832:A:G	chr2:143048832:A:G	A:G	KYNU	UTR3	unknown	A;G;+;R;REP;-;LINE/L1PA8A;intergenic;KYNU||ARHGAP15;-;-;intergenic;KYNU||ARHGAP15;-;-;intergenic;KYNU||ARHGAP15;-;-;-;0;0;0	Name=L1PA8A	TRUE	LINE	UTR3
chr2:143048903:A:G	chr2:143048903:A:G	A:G	KYNU	UTR3	unknown	A;G;+;A||R;REP;-;LINE/L1PA8A;intergenic;KYNU||ARHGAP15;-;-;intergenic;KYNU||ARHGAP15;-;-;intergenic;KYNU||ARHGAP15;-;-;-;19;6;6	Name=L1PA8A	TRUE	LINE	UTR3
chr2:171517383:G:A	chr2:171517383:G:A	C:T	CYBRD1	upstream	unknown	.	.	FALSE	None	upstream
chr2:184790741:C:T	chr2:184790741:C:T	C:T	ZNF804A	intronic	unknown	.	Name=AluY	FALSE	Alu	intronic
chr2:184790745:A:G	chr2:184790745:A:G	A:G	ZNF804A	intronic	unknown	.	Name=AluY	FALSE	Alu	intronic
chr2:184790752:T:C	chr2:184790752:T:C	A:G	ZNF804A	intronic	unknown	.	Name=AluY	FALSE	Alu	intronic
chr2:184790878:T:C	chr2:184790878:T:C	A:G	ZNF804A	intronic	unknown	.	Name=AluY	FALSE	Alu	intronic
chr2:190934866:A:G	chr2:190934866:A:G	A:G	GLS	UTR3	unknown	A;G;+;A||R;NONREP;-;-/-;UTR3;GLS;-;-;UTR3;GLS;-;-;UTR3;GLS;-;-;-;2175;30;55	.	TRUE	None	UTR3
chr2:200909541:T:C	chr2:200909541:A:G	A:G	ORC2	UTR3	unknown	T;C;-;A||R||D;ALU;-;SINE/AluSz;UTR3;ORC2;-;-;downstream;ORC2;-;-;downstream;ORC2;-;-;-;2024;30;55	Name=AluSz	TRUE	Alu	UTR3
chr2:200978747:T:C	chr2:200978747:A:G	A:G	FAM126B	UTR3	unknown	T;C;-;A||R||D;ALU;-;SINE/AluSx3;ncRNA_exonic;AC005037.3;-;-;UTR3;FAM126B;-;-;UTR3;FAM126B;-;-;-;1428;30;55	Name=AluSx3	TRUE	Alu	UTR3
chr2:200978748:T:C	chr2:200978748:A:G	A:G	FAM126B	UTR3	unknown	T;C;-;A||R||D;ALU;-;SINE/AluSx3;ncRNA_exonic;AC005037.3;-;-;UTR3;FAM126B;-;-;UTR3;FAM126B;-;-;-;1505;30;55	Name=AluSx3	TRUE	Alu	UTR3
chr2:201165371:A:G	chr2:201165371:A:G	A:G	CFLAR	UTR3	unknown	A;G;+;A||R||D;ALU;-;SINE/AluSx1;UTR3;CFLAR;-;-;UTR3;CFLAR;-;-;UTR3;CFLAR;-;-;-;1295;30;55	Name=AluSx1	TRUE	Alu	UTR3
chr2:203298956:A:G	chr2:203298956:A:G	A:G	CYP20A1	UTR3	unknown	A;G;+;A||R||D;ALU;-;SINE/AluSx3;intergenic;CYP20A1||ABI2;-;-;UTR3;CYP20A1;-;-;UTR3;CYP20A1;-;-;-;402;29;51	Name=AluSx3	TRUE	Alu	UTR3
chr2:203301533:A:G	chr2:203301533:A:G	A:G	CYP20A1	UTR3	unknown	A;G;+;A||R||D;ALU;-;SINE/AluJo;intergenic;CYP20A1||ABI2;-;-;UTR3;CYP20A1;-;-;UTR3;CYP20A1;-;-;-;1049;30;55	Name=AluJo	TRUE	Alu	UTR3
chr2:203302123:A:G	chr2:203302123:A:G	A:G	CYP20A1	UTR3	unknown	A;G;+;A||R||D;ALU;-;SINE/AluSz;intergenic;CYP20A1||ABI2;-;-;UTR3;CYP20A1;-;-;UTR3;CYP20A1;-;-;-;357;26;46	Name=AluSz	TRUE	Alu	UTR3
chr2:203302354:A:G	chr2:203302354:A:G	A:G	CYP20A1	UTR3	unknown	A;G;+;A||R;ALU;-;SINE/AluJb;intergenic;CYP20A1||ABI2;-;-;UTR3;CYP20A1;-;-;UTR3;CYP20A1;-;-;-;580;30;52	Name=AluJb	TRUE	Alu	UTR3
chr2:203302473:A:G	chr2:203302473:A:G	A:G	CYP20A1	UTR3	unknown	A;G;+;A||R||D;ALU;-;SINE/AluJb;intergenic;CYP20A1||ABI2;-;-;UTR3;CYP20A1;-;-;UTR3;CYP20A1;-;-;-;951;30;53	Name=AluJb	TRUE	Alu	UTR3
chr2:203302773:A:G	chr2:203302773:A:G	A:G	CYP20A1	UTR3	unknown	A;G;+;A||R||D;ALU;-;SINE/AluSg;intergenic;CYP20A1||ABI2;-;-;UTR3;CYP20A1;-;-;UTR3;CYP20A1;-;-;-;528;30;55	Name=AluSg	TRUE	Alu	UTR3
chr2:203302793:A:G	chr2:203302793:A:G	A:G	CYP20A1	UTR3	unknown	A;G;+;A||R||D;ALU;-;SINE/AluSg;intergenic;CYP20A1||ABI2;-;-;UTR3;CYP20A1;-;-;UTR3;CYP20A1;-;-;-;549;30;55	Name=AluSg	TRUE	Alu	UTR3
chr2:203302876:A:G	chr2:203302876:A:G	A:G	CYP20A1	UTR3	unknown	A;G;+;A||R||D;ALU;-;SINE/AluSg;intergenic;CYP20A1||ABI2;-;-;UTR3;CYP20A1;-;-;UTR3;CYP20A1;-;-;-;742;30;55	Name=AluSg	TRUE	Alu	UTR3
chr2:203302943:A:G	chr2:203302943:A:G	A:G	CYP20A1	UTR3	unknown	A;G;+;A||R||D;ALU;-;SINE/AluSg;intergenic;CYP20A1||ABI2;-;-;UTR3;CYP20A1;-;-;UTR3;CYP20A1;-;-;-;1040;30;54	Name=AluSg	TRUE	Alu	UTR3
chr2:203303101:A:G	chr2:203303101:A:G	A:G	CYP20A1	UTR3	unknown	A;G;+;A||R||D;ALU;-;SINE/AluSx;intergenic;CYP20A1||ABI2;-;-;UTR3;CYP20A1;-;-;UTR3;CYP20A1;-;-;-;568;30;52	Name=AluSx	TRUE	Alu	UTR3
chr2:203303214:A:G	chr2:203303214:A:G	A:G	CYP20A1	UTR3	unknown	A;G;+;A||R;ALU;-;SINE/AluSx;intergenic;CYP20A1||ABI2;-;-;UTR3;CYP20A1;-;-;UTR3;CYP20A1;-;-;-;770;30;53	Name=AluSx	TRUE	Alu	UTR3
chr2:203303233:A:G	chr2:203303233:A:G	A:G	CYP20A1	UTR3	unknown	A;G;+;R||D;ALU;-;SINE/AluSx;intergenic;CYP20A1||ABI2;-;-;UTR3;CYP20A1;-;-;UTR3;CYP20A1;-;-;-;1019;29;52	Name=AluSx	TRUE	Alu	UTR3
chr2:203303584:A:G	chr2:203303584:A:G	A:G	CYP20A1	UTR3	unknown	A;G;+;A||R||D;ALU;-;SINE/AluSq2;intergenic;CYP20A1||ABI2;-;-;UTR3;CYP20A1;-;-;UTR3;CYP20A1;-;-;-;937;30;54	Name=AluSq2	TRUE	Alu	UTR3
chr2:203303755:A:G	chr2:203303755:A:G	A:G	CYP20A1	UTR3	unknown	A;G;+;A||R||D;ALU;-;SINE/AluSz6;intergenic;CYP20A1||ABI2;-;-;UTR3;CYP20A1;-;-;UTR3;CYP20A1;-;-;-;1267;30;55	Name=AluSz6	TRUE	Alu	UTR3
chr2:203305270:A:G	chr2:203305270:A:G	A:G	CYP20A1	UTR3	unknown	A;G;+;A||R||D;ALU;-;SINE/AluSc;intergenic;CYP20A1||ABI2;-;-;UTR3;CYP20A1;-;-;UTR3;CYP20A1;-;-;-;1456;30;55	Name=AluSc	TRUE	Alu	UTR3
chr2:203305385:A:G	chr2:203305385:A:G	A:G	CYP20A1	UTR3	unknown	A;G;+;A||R||D;ALU;-;SINE/AluSc;intergenic;CYP20A1||ABI2;-;-;UTR3;CYP20A1;-;-;UTR3;CYP20A1;-;-;-;1595;30;55	Name=AluSc	TRUE	Alu	UTR3
chr2:203305447:A:G	chr2:203305447:A:G	A:G	CYP20A1	UTR3	unknown	A;G;+;A||R||D;ALU;-;SINE/AluSc;intergenic;CYP20A1||ABI2;-;-;UTR3;CYP20A1;-;-;UTR3;CYP20A1;-;-;-;1343;30;55	Name=AluSc	TRUE	Alu	UTR3
chr2:203305461:A:G	chr2:203305461:A:G	A:G	CYP20A1	UTR3	unknown	A;G;+;A||R||D;ALU;-;SINE/AluSc;intergenic;CYP20A1||ABI2;-;-;UTR3;CYP20A1;-;-;UTR3;CYP20A1;-;-;-;1116;30;55	Name=AluSc	TRUE	Alu	UTR3
chr2:203305462:A:G	chr2:203305462:A:G	A:G	CYP20A1	UTR3	unknown	A;G;+;A||R||D;ALU;-;SINE/AluSc;intergenic;CYP20A1||ABI2;-;-;UTR3;CYP20A1;-;-;UTR3;CYP20A1;-;-;-;1679;30;55	Name=AluSc	TRUE	Alu	UTR3
chr2:206121522:T:C	chr2:206121522:A:G	A:G	NDUFS1	UTR3	unknown	T;C;-;A||R;ALU;-;SINE/AluSz;ncRNA_intronic;AC007383.4;-;-;intergenic;GCSHP3||NDUFS1;-;-;intergenic;AX747742||NDUFS1;-;-;-;1737;30;55	Name=AluSz	TRUE	Alu	UTR3
chr2:206122504:T:C	chr2:206122504:A:G	A:G	NDUFS1	UTR3	unknown	T;C;-;A||R||D;ALU;-;SINE/AluSx;UTR3;NDUFS1;-;-;downstream;NDUFS1;-;-;downstream;NDUFS1;-;-;-;1496;30;55	Name=AluSx	TRUE	Alu	UTR3
chr2:20630358:T:C	chr2:20630358:A:G	A:G	HS1BP3	intronic	unknown	T;C;-;A||R;ALU;-;SINE/AluJr;intronic;HS1BP3;-;-;intronic;HS1BP3;-;-;intronic;HS1BP3;-;-;-;12;6;6	Name=AluJr	TRUE	Alu	intronic
chr2:207754807:A:G	chr2:207754807:A:G	A:G	MIR4775	ncRNA
exonic	unknown	A;G;+;A||R;NONREP;-;-/-;ncRNA_exonic;MIR4775;-;-;ncRNA_exonic;MIR4775;-;-;ncRNA_exonic;MIR4775;-;-;-;2088;30;54	.	TRUE	None	ncRNA
chr2:207754861:A:G	chr2:207754861:A:G	A:G	MIR4775	ncRNA
exonic	unknown	A;G;+;A||R||D;NONREP;-;-/-;ncRNA_exonic;MIR4775;-;-;ncRNA_exonic;MIR4775;-;-;ncRNA_exonic;MIR4775;-;-;289;20;1521;30;54	.	TRUE	None	ncRNA
chr2:207755018:A:G	chr2:207755018:A:G	A:G	CCNYL1	UTR3	unknown	A;G;+;A||R||D;REP;-;SINE/FAM;UTR3;CCNYL1;-;-;UTR3;CCNYL1;-;-;UTR3;CCNYL1;-;-;-;2314;30;55	Name=AluJo	TRUE	Alu	UTR3
chr2:207755025:A:G	chr2:207755025:A:G	A:G	CCNYL1	UTR3	unknown	A;G;+;A||R||D;REP;-;SINE/FAM;UTR3;CCNYL1;-;-;UTR3;CCNYL1;-;-;UTR3;CCNYL1;-;-;-;2106;30;55	Name=AluJo	TRUE	Alu	UTR3
chr2:207755419:A:G	chr2:207755419:A:G	A:G	CCNYL1	UTR3	unknown	A;G;+;A||R;NONREP;-;-/-;UTR3;CCNYL1;-;-;UTR3;CCNYL1;-;-;UTR3;CCNYL1;-;-;-;1710;30;54	.	TRUE	None	UTR3
chr2:230167236:T:C	chr2:230167236:A:G	A:G	SP110	downstream	unknown	T;C;-;A||R||D;ALU;-;SINE/AluJb;ncRNA_exonic;AC009950.2;-;-;intergenic;SLC16A14||SP110;-;-;intergenic;FBXO36||SP110;-;-;-;1090;30;51	Name=AluJb	TRUE	Alu	downstream
chr2:230167242:T:C	chr2:230167242:A:G	A:G	SP110	downstream	unknown	T;C;-;A||R||D;ALU;-;SINE/AluJb;ncRNA_exonic;AC009950.2;-;-;intergenic;SLC16A14||SP110;-;-;intergenic;FBXO36||SP110;-;-;-;709;29;49	Name=AluJb	TRUE	Alu	downstream
chr2:24088627:A:G	chr2:24088627:A:G	A:G	FAM228B	intronic	unknown	A;G;+;R||D;ALU;-;SINE/AluSz6;intergenic;TP53I3||PFN4;-;-;intronic;FAM228B;-;-;intronic;FAM228B;-;-;-;10;8;9	Name=AluSz6	TRUE	Alu	intronic
chr2:32012510:A:G	chr2:32012510:T:C	A:G	DPY30	intronic	unknown	A;G;+;A||R;ALU;-;SINE/AluSx1;upstream;CTC-336P14.1;-;-;intergenic;MEMO1||DPY30;-;-;intergenic;MEMO1||DPY30;-;-;-;110;15;28	Name=AluSx1	TRUE	Alu	intronic
chr2:32012511:A:G	chr2:32012511:T:C	A:G	DPY30	intronic	unknown	A;G;+;A||R;ALU;-;SINE/AluSx1;upstream;CTC-336P14.1;-;-;intergenic;MEMO1||DPY30;-;-;intergenic;MEMO1||DPY30;-;-;-;90;16;31	Name=AluSx1	TRUE	Alu	intronic
chr2:38703803:A:G	chr2:38703803:A:G	A:G	GALM	intronic	unknown	A;G;+;A||R||D;ALU;-;SINE/AluSx;intronic;GALM;-;-;intronic;GALM;-;-;intronic;GALM;-;-;-;6;4;4	Name=AluSx	TRUE	Alu	intronic
chr2:39481038:A:G	chr2:39481038:A:G	A:G	MAP4K3-DT	ncRNA
intronic	unknown	A;G;+;A||R;ALU;-;SINE/AluSp;ncRNA_intronic;AC007246.3;-;-;ncRNA_intronic;LOC728730;-;-;ncRNA_intronic;LOC728730;-;-;-;244;28;37	Name=AluSp	TRUE	Alu	ncRNA
chr2:46567815:A:G	chr2:46567815:A:G	A:G	RHOQ	intronic	unknown	A;G;+;A||R||D;ALU;-;SINE/AluJo;intronic;RHOQ;-;-;intronic;RHOQ;-;-;intronic;RHOQ;-;-;-;34;13;15	Name=AluJo	TRUE	Alu	intronic
chr2:61513950:T:C	chr2:61513950:A:G	A:G	XPO1	intronic	unknown	T;C;-;A||R||D;ALU;rs778517022;SINE/AluSx3;intronic;XPO1;-;-;intronic;XPO1;-;-;intronic;XPO1;-;-;-;20;9;10	Name=AluSx3	TRUE	Alu	intronic
chr2:85857049:T:C	chr2:85857049:A:G	A:G	ST3GAL5	intronic	unknown	T;C;-;A||R||D;ALU;-;SINE/AluJb;intronic;ST3GAL5;-;-;intronic;ST3GAL5;-;-;intronic;ST3GAL5;-;-;-;19;5;5	Name=AluJb	TRUE	Alu	intronic
chr2:128192974:A:G	chr2:128192974:A:G	A:G	UGGT1	UTR3	unknown	A;G;+;A||R||D;ALU;-;SINE/AluSc;UTR3;UGGT1;-;-;UTR3;UGGT1;-;-;UTR3;UGGT1;-;-;-;1232;30;54	Name=AluSc	TRUE	Alu	UTR3
chr2:128193418:A:G	chr2:128193418:A:G	A:G	UGGT1	UTR3	unknown	A;G;+;A||R||D;ALU;-;SINE/AluSx1;UTR3;UGGT1;-;-;UTR3;UGGT1;-;-;UTR3;UGGT1;-;-;-;1137;30;55	Name=AluSx1	TRUE	Alu	UTR3
chr2:128193426:A:G	chr2:128193426:A:G	A:G	UGGT1	UTR3	unknown	A;G;+;A||R||D;ALU;-;SINE/AluSx1;UTR3;UGGT1;-;-;UTR3;UGGT1;-;-;UTR3;UGGT1;-;-;-;1562;30;54	Name=AluSx1	TRUE	Alu	UTR3
chr2:128193432:A:G	chr2:128193432:A:G	A:G	UGGT1	UTR3	unknown	A;G;+;A||R||D;ALU;-;SINE/AluSx1;UTR3;UGGT1;-;-;UTR3;UGGT1;-;-;UTR3;UGGT1;-;-;-;1520;30;54	Name=AluSx1	TRUE	Alu	UTR3
chr2:128193506:A:G	chr2:128193506:A:G	A:G	UGGT1	UTR3	unknown	A;G;+;A||R||D;ALU;-;SINE/AluSx1;UTR3;UGGT1;-;-;UTR3;UGGT1;-;-;UTR3;UGGT1;-;-;-;2393;30;55	Name=AluSx1	TRUE	Alu	UTR3
chr2:128193521:A:G	chr2:128193521:A:G	A:G	UGGT1	UTR3	unknown	A;G;+;A||R||D;ALU;-;SINE/AluSx1;UTR3;UGGT1;-;-;UTR3;UGGT1;-;-;UTR3;UGGT1;-;-;-;2359;30;55	Name=AluSx1	TRUE	Alu	UTR3
chr2:128193533:A:G	chr2:128193533:A:G	A:G	UGGT1	UTR3	unknown	A;G;+;A||R||D;ALU;-;SINE/AluSx1;UTR3;UGGT1;-;-;UTR3;UGGT1;-;-;UTR3;UGGT1;-;-;-;2387;30;55	Name=AluSx1	TRUE	Alu	UTR3
chr2:130363361:A:G	chr2:130363361:A:G	A:G	PTPN18	intronic	unknown	A;G;+;A||R;ALU;rs774213554;SINE/AluSc5;intronic;PTPN18;-;-;intronic;PTPN18;-;-;intronic;PTPN18;-;-;-;113;19;25	Name=AluSc5	TRUE	Alu	intronic
chr2:143048796:A:G	chr2:143048796:A:G	A:G	KYNU	UTR3	unknown	A;G;+;R;REP;-;LINE/L1PA8A;intergenic;KYNU||ARHGAP15;-;-;intergenic;KYNU||ARHGAP15;-;-;intergenic;KYNU||ARHGAP15;-;-;-;30;10;11	Name=L1PA8A	TRUE	LINE	UTR3
chr2:143048817:A:G	chr2:143048817:A:G	A:G	KYNU	UTR3	unknown	A;G;+;R;REP;-;LINE/L1PA8A;intergenic;KYNU||ARHGAP15;-;-;intergenic;KYNU||ARHGAP15;-;-;intergenic;KYNU||ARHGAP15;-;-;-;30;12;12	Name=L1PA8A	TRUE	LINE	UTR3
chr2:143048877:A:G	chr2:143048877:A:G	A:G	KYNU	UTR3	unknown	A;G;+;A;REP;-;LINE/L1PA8A;intergenic;KYNU||ARHGAP15;-;-;intergenic;KYNU||ARHGAP15;-;-;intergenic;KYNU||ARHGAP15;-;-;-;24;7;8	Name=L1PA8A	TRUE	LINE	UTR3
chr2:143048896:A:G	chr2:143048896:A:G	A:G	KYNU	UTR3	unknown	A;G;+;A||R;REP;-;LINE/L1PA8A;intergenic;KYNU||ARHGAP15;-;-;intergenic;KYNU||ARHGAP15;-;-;intergenic;KYNU||ARHGAP15;-;-;-;43;10;11	Name=L1PA8A	TRUE	LINE	UTR3
chr2:178435289:A:G	chr2:178435289:A:G	A:G	CHROMR	ncRNA
intronic	unknown	A;G;+;A||R||D;ALU;-;SINE/AluSx;ncRNA_intronic;AC009948.5;-;-;ncRNA_intronic;LOC101927027||MIR548N;-;-;ncRNA_intronic;MIR548N;-;-;-;1062;30;53	Name=AluSq	TRUE	Alu	ncRNA
chr2:203297865:A:G	chr2:203297865:A:G	A:G	CYP20A1	UTR3	unknown	A;G;+;A||R||D;ALU;-;SINE/AluSx;downstream;CYP20A1;-;-;UTR3;CYP20A1;-;-;UTR3;CYP20A1;-;-;-;508;30;52	Name=AluSx	TRUE	Alu	UTR3
chr2:203302413:A:G	chr2:203302413:A:G	A:G	CYP20A1	UTR3	unknown	A;G;+;A||R||D;ALU;-;SINE/AluJb;intergenic;CYP20A1||ABI2;-;-;UTR3;CYP20A1;-;-;UTR3;CYP20A1;-;-;-;703;29;53	Name=AluJb	TRUE	Alu	UTR3
chr2:203302744:A:G	chr2:203302744:A:G	A:G	CYP20A1	UTR3	unknown	A;G;+;A||R||D;ALU;-;SINE/AluSg;intergenic;CYP20A1||ABI2;-;-;UTR3;CYP20A1;-;-;UTR3;CYP20A1;-;-;-;837;30;55	Name=AluSg	TRUE	Alu	UTR3
chr2:203302968:A:G	chr2:203302968:A:G	A:G	CYP20A1	UTR3	unknown	A;G;+;A||R||D;ALU;-;SINE/AluSg;intergenic;CYP20A1||ABI2;-;-;UTR3;CYP20A1;-;-;UTR3;CYP20A1;-;-;-;1101;30;54	Name=AluSg	TRUE	Alu	UTR3
chr2:203303188:A:G	chr2:203303188:A:G	A:G	CYP20A1	UTR3	unknown	A;G;+;A||R||D;ALU;-;SINE/AluSx;intergenic;CYP20A1||ABI2;-;-;UTR3;CYP20A1;-;-;UTR3;CYP20A1;-;-;-;595;30;50	Name=AluSx	TRUE	Alu	UTR3
chr2:203303486:A:G	chr2:203303486:A:G	A:G	CYP20A1	UTR3	unknown	A;G;+;A||R||D;ALU;-;SINE/AluSq2;intergenic;CYP20A1||ABI2;-;-;UTR3;CYP20A1;-;-;UTR3;CYP20A1;-;-;-;1453;30;55	Name=AluSq2	TRUE	Alu	UTR3
chr2:203303510:A:G	chr2:203303510:A:G	A:G	CYP20A1	UTR3	unknown	A;G;+;A||R||D;ALU;-;SINE/AluSq2;intergenic;CYP20A1||ABI2;-;-;UTR3;CYP20A1;-;-;UTR3;CYP20A1;-;-;-;1478;30;55	Name=AluSq2	TRUE	Alu	UTR3
chr2:206122372:T:C	chr2:206122372:A:G	A:G	NDUFS1	UTR3	unknown	T;C;-;A||R;ALU;-;SINE/AluSx;UTR3;NDUFS1;-;-;downstream;NDUFS1;-;-;downstream;NDUFS1;-;-;-;1799;30;55	Name=AluSx	TRUE	Alu	UTR3
chr2:207754755:A:G	chr2:207754755:A:G	A:G	CCNYL1	UTR3	unknown	A;G;+;A||R||D;REP;-;SINE/FAM;UTR3;CCNYL1;-;-;UTR3;CCNYL1;-;-;UTR3;CCNYL1;-;-;-;2213;30;54	Name=FAM	TRUE	Other	UTR3
chr2:215943585:T:C	chr2:215943585:A:G	A:G	MREG	UTR3	unknown	T;C;-;A||R||D;ALU;-;SINE/AluSc8;downstream;MREG;-;-;UTR3;MREG;-;-;UTR3;MREG;-;-;-;1372;30;53	Name=AluSc8	TRUE	Alu	UTR3
chr2:215943597:T:C	chr2:215943597:A:G	A:G	MREG	UTR3	unknown	T;C;-;A||R||D;ALU;-;SINE/AluSc8;downstream;MREG;-;-;UTR3;MREG;-;-;UTR3;MREG;-;-;-;1370;29;52	Name=AluSc8	TRUE	Alu	UTR3
chr2:215943598:T:C	chr2:215943598:A:G	A:G	MREG	UTR3	unknown	T;C;-;A||R||D;ALU;-;SINE/AluSc8;downstream;MREG;-;-;UTR3;MREG;-;-;UTR3;MREG;-;-;-;787;28;50	Name=AluSc8	TRUE	Alu	UTR3
chr2:229261141:T:C	chr2:229261141:A:G	A:G	PID1	intronic	unknown	T;C;-;A;REP;-;LTR/MLT1C;intronic;PID1;-;-;intronic;PID1;-;-;intronic;PID1;-;-;-;4;3;3	Name=MLT1C	TRUE	Other	intronic
chr2:230512895:A:G	chr2:230512895:A:G	A:G	SP100	intronic	unknown	A;G;+;A||R||D;REP;-;DNA/MER1A;intronic;SP100;-;-;intronic;SP100;-;-;intronic;SP100;-;-;-;159;24;29	Name=MER1A	TRUE	Other	intronic
chr2:37100939:T:C	chr2:37100939:A:G	A:G	EIF2AK2	UTR3	unknown	T;C;-;A||R||D;NONREP;-;-/-;UTR3;EIF2AK2;-;-;intergenic;GPATCH11||EIF2AK2;-;-;intergenic;GPATCH11||EIF2AK2;-;-;-;2224;30;55	.	TRUE	None	UTR3
chr2:37104028:T:C	chr2:37104028:A:G	A:G	EIF2AK2	UTR3	unknown	T;C;-;A||R||D;ALU;-;SINE/AluSx1;UTR3;EIF2AK2;-;-;intergenic;GPATCH11||EIF2AK2;-;-;intergenic;GPATCH11||EIF2AK2;-;-;-;933;30;54	Name=AluSx1	TRUE	Alu	UTR3
chr2:60897785:A:G	chr2:60897785:A:G	A:G	REL	intronic	unknown	A;G;+;A||R||D;REP;-;SINE/FLAM_A;intronic;REL;-;-;intronic;REL;-;-;intronic;REL;-;-;-;65;15;17	Name=FLAM_A	TRUE	Other	intronic
chr2:61526768:T:C	chr2:61526768:A:G	A:G	XPO1	intronic	unknown	T;C;-;A||R;ALU;-;SINE/AluSx;intronic;XPO1;-;-;intronic;XPO1;-;-;intronic;XPO1;-;-;-;2;2;2	Name=AluSx	TRUE	Alu	intronic
chr2:71334797:T:C	chr2:71334797:T:C	A:G	ZNF638	intronic	unknown	.	Name=AluY	FALSE	Alu	intronic
chr2:9524290:T:C	chr2:9524290:A:G	A:G	ADAM17	intronic	unknown	T;C;-;A||R||D;ALU;-;SINE/AluJo;intronic;ADAM17;-;-;intronic;ADAM17;-;-;intronic;ADAM17;-;-;-;57;13;17	Name=AluJo	TRUE	Alu	intronic
chr2:9524291:T:C	chr2:9524291:A:G	A:G	ADAM17	intronic	unknown	T;C;-;A||R||D;ALU;-;SINE/AluJo;intronic;ADAM17;-;-;intronic;ADAM17;-;-;intronic;ADAM17;-;-;-;56;13;16	Name=AluJo	TRUE	Alu	intronic
chr2:108561823:A:G	chr2:108561823:A:G	A:G	LIMS1	intronic	unknown	A;G;+;A||R||D;ALU;rs556858426;SINE/AluSc;intronic;LIMS1;-;-;intronic;LIMS1;-;-;intronic;LIMS1;-;-;-;6;5;5	Name=AluSc	TRUE	Alu	intronic
chr2:113710053:T:C	chr2:113710053:A:G	A:G	SLC35F5	UTR3	unknown	T;C;-;A||R||D;ALU;-;SINE/AluJo;intergenic;AC017074.2||SLC35F5;-;-;intergenic;RABL2A||SLC35F5;-;-;intergenic;U6||SLC35F5;-;-;-;1758;30;55	Name=AluJo	TRUE	Alu	UTR3
chr2:128193381:A:G	chr2:128193381:A:G	A:G	UGGT1	UTR3	unknown	A;G;+;A||R||D;ALU;-;SINE/AluSx1;UTR3;UGGT1;-;-;UTR3;UGGT1;-;-;UTR3;UGGT1;-;-;-;1224;30;52	Name=AluSx1	TRUE	Alu	UTR3
chr2:128193391:A:G	chr2:128193391:A:G	A:G	UGGT1	UTR3	unknown	A;G;+;A||R||D;ALU;-;SINE/AluSx1;UTR3;UGGT1;-;-;UTR3;UGGT1;-;-;UTR3;UGGT1;-;-;-;964;30;53	Name=AluSx1	TRUE	Alu	UTR3
chr2:156453808:T:C	chr2:156453808:T:C	A:G	GPD2	intronic	unknown	.	Name=AluSx	FALSE	Alu	intronic
chr2:178434857:A:G	chr2:178434857:A:G	A:G	CHROMR	ncRNA
intronic	unknown	A;G;+;A||R;ALU;-;SINE/AluSx;ncRNA_intronic;AC009948.5;-;-;ncRNA_intronic;LOC101927027||MIR548N;-;-;ncRNA_intronic;MIR548N;-;-;-;697;29;50	Name=AluSq	TRUE	Alu	ncRNA
chr2:200883245:T:C	chr2:200883245:A:G	A:G	PPIL3	intronic	unknown	T;C;-;A||R||D;REP;-;SINE/FLAM_C;intronic;PPIL3;-;-;intronic;PPIL3;-;-;intronic;PPIL3;-;-;-;948;30;53	Name=FLAM_C	TRUE	Other	intronic
chr2:200978656:T:C	chr2:200978656:A:G	A:G	FAM126B	UTR3	unknown	T;C;-;R||D;ALU;-;SINE/AluSx3;ncRNA_exonic;AC005037.3;-;-;UTR3;FAM126B;-;-;UTR3;FAM126B;-;-;-;0;0;0	Name=AluSx3	TRUE	Alu	UTR3
chr2:201165546:A:G	chr2:201165546:A:G	A:G	CFLAR	UTR3	unknown	A;G;+;A||R;ALU;-;SINE/AluSx1;UTR3;CFLAR;-;-;UTR3;CFLAR;-;-;UTR3;CFLAR;-;-;-;1622;30;55	Name=AluSx1	TRUE	Alu	UTR3
chr2:203302832:A:G	chr2:203302832:A:G	A:G	CYP20A1	UTR3	unknown	A;G;+;A||R||D;ALU;-;SINE/AluSg;intergenic;CYP20A1||ABI2;-;-;UTR3;CYP20A1;-;-;UTR3;CYP20A1;-;-;-;538;30;52	Name=AluSg	TRUE	Alu	UTR3
chr2:203304458:A:G	chr2:203304458:A:G	A:G	CYP20A1	UTR3	unknown	A;G;+;A||R||D;ALU;-;SINE/AluSc8;intergenic;CYP20A1||ABI2;-;-;UTR3;CYP20A1;-;-;UTR3;CYP20A1;-;-;-;1551;30;55	Name=AluSc8	TRUE	Alu	UTR3
chr2:203304459:A:G	chr2:203304459:A:G	A:G	CYP20A1	UTR3	unknown	A;G;+;A||R||D;ALU;-;SINE/AluSc8;intergenic;CYP20A1||ABI2;-;-;UTR3;CYP20A1;-;-;UTR3;CYP20A1;-;-;-;1893;30;55	Name=AluSc8	TRUE	Alu	UTR3
chr2:203306347:A:G	chr2:203306347:A:G	A:G	CYP20A1	downstream	unknown	A;G;+;A||R;ALU;-;SINE/AluSp;intergenic;CYP20A1||ABI2;-;-;downstream;CYP20A1;-;-;downstream;CYP20A1;-;-;-;10;8;8	Name=AluSp	TRUE	Alu	downstream
chr2:206117533:T:C	chr2:206117533:A:G	A:G	NDUFS1	UTR3	unknown	T;C;-;A||R||D;ALU;-;SINE/AluSg7;ncRNA_intronic;AC007383.4;-;-;upstream;GCSHP3;-;-;upstream;GCSHP3;-;-;-;1953;30;55	Name=AluSg7	TRUE	Alu	UTR3
chr2:215943652:T:C	chr2:215943652:A:G	A:G	MREG	UTR3	unknown	T;C;-;A||R||D;ALU;-;SINE/AluSc8;downstream;MREG;-;-;UTR3;MREG;-;-;UTR3;MREG;-;-;-;836;29;51	Name=AluSc8	TRUE	Alu	UTR3
chr2:218232709:A:G	chr2:218232709:A:G	A:G	ARPC2	intronic	unknown	A;G;+;A||R||D;ALU;-;SINE/AluY;intronic;ARPC2;-;-;intronic;ARPC2;-;-;intronic;ARPC2;-;-;-;55;14;16	Name=AluY	TRUE	Alu	intronic
chr2:24094928:A:G	chr2:24094928:A:G	A:G	FAM228B	intronic	unknown	A;G;+;A||R||D;ALU;-;SINE/AluSz;intergenic;TP53I3||PFN4;-;-;intronic;FAM228B;-;-;intronic;FAM228B;-;-;-;41;14;18	Name=AluSz	TRUE	Alu	intronic
chr2:32309769:A:G	chr2:32309769:A:G	A:G	YIPF4	UTR3	unknown	A;G;+;A||R||D;ALU;-;SINE/AluSx1;UTR3;YIPF4;-;-;intergenic;YIPF4||BIRC6;-;-;intergenic;YIPF4||BIRC6;-;-;-;868;30;55	Name=AluSx1	TRUE	Alu	UTR3
chr2:37100519:T:C	chr2:37100519:A:G	A:G	EIF2AK2	UTR3	unknown	T;C;-;A||R||D;NONREP;-;-/-;UTR3;EIF2AK2;-;-;intergenic;GPATCH11||EIF2AK2;-;-;intergenic;GPATCH11||EIF2AK2;-;-;-;2456;30;55	.	TRUE	None	UTR3
chr2:37100523:T:C	chr2:37100523:A:G	A:G	EIF2AK2	UTR3	unknown	T;C;-;A||R||D;NONREP;-;-/-;UTR3;EIF2AK2;-;-;intergenic;GPATCH11||EIF2AK2;-;-;intergenic;GPATCH11||EIF2AK2;-;-;-;2294;30;54	.	TRUE	None	UTR3
chr2:37100559:T:C	chr2:37100559:A:G	A:G	EIF2AK2	UTR3	unknown	T;C;-;A||R||D;NONREP;-;-/-;UTR3;EIF2AK2;-;-;intergenic;GPATCH11||EIF2AK2;-;-;intergenic;GPATCH11||EIF2AK2;-;-;-;2505;30;55	.	TRUE	None	UTR3
chr2:37100870:T:C	chr2:37100870:A:G	A:G	EIF2AK2	UTR3	unknown	T;C;-;A||R||D;NONREP;-;-/-;UTR3;EIF2AK2;-;-;intergenic;GPATCH11||EIF2AK2;-;-;intergenic;GPATCH11||EIF2AK2;-;-;-;2330;30;55	.	TRUE	None	UTR3
chr2:37100891:T:C	chr2:37100891:A:G	A:G	EIF2AK2	UTR3	unknown	T;C;-;A||R||D;NONREP;rs552562330;-/-;UTR3;EIF2AK2;-;-;intergenic;GPATCH11||EIF2AK2;-;-;intergenic;GPATCH11||EIF2AK2;-;-;-;2431;30;55	.	TRUE	None	UTR3
chr2:37100932:T:C	chr2:37100932:A:G	A:G	EIF2AK2	UTR3	unknown	T;C;-;A||R||D;NONREP;-;-/-;UTR3;EIF2AK2;-;-;intergenic;GPATCH11||EIF2AK2;-;-;intergenic;GPATCH11||EIF2AK2;-;-;-;2524;30;55	.	TRUE	None	UTR3
chr2:37100954:T:C	chr2:37100954:A:G	A:G	EIF2AK2	UTR3	unknown	T;C;-;A||D;NONREP;rs111521470;-/-;UTR3;EIF2AK2;-;-;intergenic;GPATCH11||EIF2AK2;-;-;intergenic;GPATCH11||EIF2AK2;-;-;-;2512;30;55	.	TRUE	None	UTR3
chr2:37102095:T:C	chr2:37102095:A:G	A:G	EIF2AK2	UTR3	unknown	T;C;-;A||R||D;ALU;-;SINE/AluJr4;UTR3;EIF2AK2;-;-;intergenic;GPATCH11||EIF2AK2;-;-;intergenic;GPATCH11||EIF2AK2;-;-;-;1626;30;55	Name=AluJr4	TRUE	Alu	UTR3
chr2:37112852:T:C	chr2:37112852:A:G	A:G	EIF2AK2	intronic	unknown	T;C;-;A||R||D;REP;-;LINE/L1MB4;intronic;EIF2AK2;-;-;intronic;EIF2AK2;-;-;intronic;EIF2AK2;-;-;-;32;10;12	Name=L1MB4	TRUE	LINE	intronic
chr2:38147716:A:G	chr2:38147716:A:G	A:G	CYP1B1-AS1	ncRNA
intronic	unknown	A;G;+;A||R;REP;-;LINE/L1PA16;ncRNA_intronic;CYP1B1-AS1;-;-;ncRNA_intronic;CYP1B1-AS1;-;-;ncRNA_intronic;CYP1B1-AS1;-;-;-;14;10;10	Name=L1PA16	TRUE	LINE	ncRNA
chr2:86020436:T:C	chr2:86020436:A:G	A:G	POLR1A	UTR3	unknown	T;C;-;A||R||D;ALU;-;SINE/AluJb;UTR3;POLR1A;-;-;ncRNA_exonic;LOC90784;-;-;ncRNA_exonic;LOC90784;-;-;-;804;30;55	Name=AluJb	TRUE	Alu	UTR3
chr2:8744233:T:C	chr2:8744233:A:G	A:G	KIDINS220	intronic	unknown	T;C;-;R;NONREP;-;-/-;intronic;KIDINS220;-;-;intronic;KIDINS220;-;-;intronic;KIDINS220;-;-;-;0;0;0	.	TRUE	None	intronic
chr2:10637107:T:C	chr2:10637107:A:G	A:G	NOL10	intronic	unknown	T;C;-;A||R;ALU;-;SINE/AluSz6;intronic;NOL10;-;-;intronic;NOL10;-;-;intronic;NOL10;-;-;-;9;6;7	Name=AluSz6	TRUE	Alu	intronic
chr2:108543249:A:G	chr2:108543249:A:G	A:G	LIMS1	intronic	unknown	A;G;+;A||R||D;ALU;-;SINE/AluJb;intronic;LIMS1;-;-;intronic;LIMS1;-;-;intronic;LIMS1;-;-;-;6;5;5	Name=AluJb	TRUE	Alu	intronic
chr2:113707798:T:C	chr2:113707798:A:G	A:G	SLC35F5	UTR3	unknown	T;C;-;A||R;ALU;-;SINE/AluSx3;intergenic;AC017074.2||SLC35F5;-;-;intergenic;RABL2A||SLC35F5;-;-;intergenic;U6||SLC35F5;-;-;-;1707;30;55	Name=AluSx3	TRUE	Alu	UTR3
chr2:113708460:T:C	chr2:113708460:A:G	A:G	SLC35F5	UTR3	unknown	T;C;-;A||R;ALU;-;SINE/AluSz;intergenic;AC017074.2||SLC35F5;-;-;intergenic;RABL2A||SLC35F5;-;-;intergenic;U6||SLC35F5;-;-;-;1588;30;55	Name=AluSz	TRUE	Alu	UTR3
chr2:113709956:T:C	chr2:113709956:A:G	A:G	SLC35F5	UTR3	unknown	T;C;-;A||R||D;ALU;-;SINE/AluJo;intergenic;AC017074.2||SLC35F5;-;-;intergenic;RABL2A||SLC35F5;-;-;intergenic;U6||SLC35F5;-;-;-;2076;30;55	Name=AluJo	TRUE	Alu	UTR3
chr2:131145475:A:G	chr2:131145475:A:G	A:G	PLEKHB2	intronic	unknown	A;G;+;A||R;ALU;-;SINE/AluSz6;intronic;PLEKHB2;-;-;intronic;PLEKHB2;-;-;intronic;PLEKHB2;-;-;-;502;26;42	Name=AluSz6	TRUE	Alu	intronic
chr2:131146035:A:G	chr2:131146035:A:G	A:G	PLEKHB2	intronic	unknown	A;G;+;A||R||D;ALU;-;SINE/AluY;intronic;PLEKHB2;-;-;intronic;PLEKHB2;-;-;intronic;PLEKHB2;-;-;-;284;24;35	Name=AluY	TRUE	Alu	intronic
chr2:131146117:A:G	chr2:131146117:A:G	A:G	PLEKHB2	intronic	unknown	A;G;+;A||R||D;ALU;-;SINE/AluY;intronic;PLEKHB2;-;-;intronic;PLEKHB2;-;-;intronic;PLEKHB2;-;-;-;367;28;44	Name=AluY	TRUE	Alu	intronic
chr2:157863053:A:G	chr2:157863053:T:C	A:G	ACVR1	intronic	unknown	.	Name=AluSx	FALSE	Alu	intronic
chr2:184790732:C:T	chr2:184790732:C:T	C:T	ZNF804A	intronic	unknown	.	Name=AluY	FALSE	Alu	intronic
chr2:207754737:A:G	chr2:207754737:A:G	A:G	CCNYL1	UTR3	unknown	A;G;+;A||R||D;REP;-;SINE/FAM;UTR3;CCNYL1;-;-;UTR3;CCNYL1;-;-;UTR3;CCNYL1;-;-;-;1476;30;54	Name=FAM	TRUE	Other	UTR3
chr2:207754926:A:G	chr2:207754926:A:G	A:G	CCNYL1	UTR3	unknown	A;G;+;A||R||D;REP;-;SINE/FAM;UTR3;CCNYL1;-;-;UTR3;CCNYL1;-;-;UTR3;CCNYL1;-;-;-;2123;30;54	Name=AluJo	TRUE	Alu	UTR3
chr2:237707312:A:G	chr2:237707312:A:G	A:G	LRRFIP1	intronic	unknown	A;G;+;A||R||D;REP;-;SINE/FAM;intronic;LRRFIP1;-;-;intronic;LRRFIP1;-;-;intronic;LRRFIP1;-;-;-;22;11;14	Name=FAM	TRUE	Other	intronic
chr2:237707351:A:G	chr2:237707351:A:G	A:G	LRRFIP1	intronic	unknown	A;G;+;A||R||D;REP;-;SINE/FAM;intronic;LRRFIP1;-;-;intronic;LRRFIP1;-;-;intronic;LRRFIP1;-;-;-;25;12;15	Name=FAM	TRUE	Other	intronic
chr2:24088064:A:G	chr2:24088064:A:G	A:G	FAM228B	intronic	unknown	A;G;+;R||D;ALU;-;SINE/AluSq10;intergenic;TP53I3||PFN4;-;-;intronic;FAM228B;-;-;intronic;FAM228B;-;-;-;8;8;8	Name=AluSx	TRUE	Alu	intronic
chr2:33536025:A:G	chr2:33536025:A:G	A:G	RASGRP3	intronic	unknown	A;G;+;R||D;ALU;-;SINE/AluSz;intronic;RASGRP3;-;-;intronic;RASGRP3;-;-;intronic;RASGRP3;-;-;-;0;0;0	Name=AluSz	TRUE	Alu	intronic
chr2:113707834:T:C	chr2:113707834:A:G	A:G	SLC35F5	UTR3	unknown	T;C;-;A||R;ALU;-;SINE/AluSx3;intergenic;AC017074.2||SLC35F5;-;-;intergenic;RABL2A||SLC35F5;-;-;intergenic;U6||SLC35F5;-;-;-;938;30;54	Name=AluSx3	TRUE	Alu	UTR3
chr2:136977944:T:C	chr2:136977944:T:C	A:G	THSD7B	intronic	unknown	.	Name=AluSx	FALSE	Alu	intronic
chr2:210162007:T:C	chr2:210162007:A:G	A:G	KANSL1L	intronic	unknown	T;C;-;R;REP;-;SINE/FLAM_C;intronic;KANSL1L;-;-;intronic;KANSL1L;-;-;intronic;KANSL1L;-;-;-;4;4;4	Name=FLAM_C	TRUE	Other	intronic
chr2:24088540:A:G	chr2:24088540:A:G	A:G	FAM228B	intronic	unknown	A;G;+;A||R||D;ALU;-;SINE/AluSz6;intergenic;TP53I3||PFN4;-;-;intronic;FAM228B;-;-;intronic;FAM228B;-;-;-;6;6;6	Name=AluSz6	TRUE	Alu	intronic
chr2:241283760:T:C	chr2:241283760:A:G	A:G	HDLBP	intronic	unknown	T;C;-;R;ALU;-;SINE/AluY;intronic;HDLBP;-;-;intronic;HDLBP;-;-;intronic;HDLBP;-;-;-;4;3;3	Name=AluY	TRUE	Alu	intronic
chr2:26064792:A:G	chr2:26064792:A:G	A:G	RAB10	intronic	unknown	A;G;+;A||R||D;ALU;-;SINE/AluJo;intronic;RAB10;-;-;intronic;RAB10;-;-;intronic;RAB10;-;-;-;119;24;32	Name=AluJo	TRUE	Alu	intronic
chr2:61512964:T:C	chr2:61512964:A:G	A:G	XPO1	intronic	unknown	T;C;-;A||R||D;ALU;-;SINE/AluSz;intronic;XPO1;-;-;intronic;XPO1;-;-;intronic;XPO1;-;-;-;15;10;11	Name=AluSz	TRUE	Alu	intronic
chr2:8742361:T:C	chr2:8742361:A:G	A:G	KIDINS220	intronic	unknown	T;C;-;A||R||D;ALU;-;SINE/AluJo;intronic;KIDINS220;-;-;intronic;KIDINS220;-;-;intronic;KIDINS220;-;-;-;533;27;51	Name=AluJo	TRUE	Alu	intronic
chr2:12092558:A:G	chr2:12092558:A:G	A:G	MIR3681HG	ncRNA
intronic	unknown	.	Name=AluY	FALSE	Alu	ncRNA
chr2:128193066:A:G	chr2:128193066:A:G	A:G	UGGT1	UTR3	unknown	A;G;+;A||R;ALU;-;SINE/AluSc;UTR3;UGGT1;-;-;UTR3;UGGT1;-;-;UTR3;UGGT1;-;-;-;55;22;26	Name=AluSc	TRUE	Alu	UTR3
chr2:128193098:A:G	chr2:128193098:A:G	A:G	UGGT1	UTR3	unknown	A;G;+;R;ALU;-;SINE/AluSc;UTR3;UGGT1;-;-;UTR3;UGGT1;-;-;UTR3;UGGT1;-;-;-;43;16;21	Name=AluSc	TRUE	Alu	UTR3
chr2:128193452:A:G	chr2:128193452:A:G	A:G	UGGT1	UTR3	unknown	A;G;+;A||R||D;ALU;-;SINE/AluSx1;UTR3;UGGT1;-;-;UTR3;UGGT1;-;-;UTR3;UGGT1;-;-;-;1893;30;54	Name=AluSx1	TRUE	Alu	UTR3
chr2:130363410:A:G	chr2:130363410:A:G	A:G	PTPN18	intronic	unknown	A;G;+;A||R||D;ALU;-;SINE/AluSc5;intronic;PTPN18;-;-;intronic;PTPN18;-;-;intronic;PTPN18;-;-;-;298;30;41	Name=AluSc5	TRUE	Alu	intronic
chr2:157863061:A:G	chr2:157863061:T:C	A:G	ACVR1	intronic	unknown	.	Name=AluSx	FALSE	Alu	intronic
chr2:157863073:A:G	chr2:157863073:T:C	A:G	ACVR1	intronic	unknown	.	Name=AluSx	FALSE	Alu	intronic
chr2:180828334:A:G	chr2:180828334:A:G	A:G	SCHLAP1	ncRNA
intronic	unknown	.	Name=AluYm1	FALSE	Alu	ncRNA
chr2:201064349:T:C	chr2:201064349:A:G	A:G	FAM126B	intronic	unknown	.	.	FALSE	None	intronic
chr2:203297874:A:G	chr2:203297874:A:G	A:G	CYP20A1	UTR3	unknown	A;G;+;A||R||D;ALU;-;SINE/AluSx;downstream;CYP20A1;-;-;UTR3;CYP20A1;-;-;UTR3;CYP20A1;-;-;-;285;27;47	Name=AluSx	TRUE	Alu	UTR3
chr2:203306202:A:G	chr2:203306202:A:G	A:G	CYP20A1	downstream	unknown	A;G;+;A||R;ALU;-;SINE/AluSp;intergenic;CYP20A1||ABI2;-;-;downstream;CYP20A1;-;-;downstream;CYP20A1;-;-;-;19;12;12	Name=AluSp	TRUE	Alu	downstream
chr2:24745303:A:G	chr2:24745303:A:G	A:G	NCOA1	intronic	unknown	.	Name=AluY	FALSE	Alu	intronic
chr2:39480962:A:G	chr2:39480962:A:G	A:G	MAP4K3-DT	ncRNA
intronic	unknown	A;G;+;A||R||D;ALU;-;SINE/AluSp;ncRNA_intronic;AC007246.3;-;-;ncRNA_intronic;LOC728730;-;-;ncRNA_intronic;LOC728730;-;-;-;93;25;30	Name=AluSp	TRUE	Alu	ncRNA
chr2:48494527:A:G	chr2:48494527:A:G	A:G	PPP1R21	intronic	unknown	A;G;+;A||R||D;ALU;-;SINE/AluSx1;intronic;PPP1R21;-;-;intronic;PPP1R21;-;-;intronic;PPP1R21;-;-;-;249;24;45	Name=AluSx1	TRUE	Alu	intronic
chr2:85840759:T:C	chr2:85840759:A:G	A:G	ST3GAL5	intronic	unknown	T;C;-;A||R;ALU;-;SINE/AluSc;intronic;ST3GAL5;-;-;intronic;ST3GAL5;-;-;intronic;ST3GAL5;-;-;-;52;6;10	Name=AluSx4	TRUE	Alu	intronic
chr2:8744227:T:C	chr2:8744227:A:G	A:G	KIDINS220	intronic	unknown	T;C;-;R;NONREP;-;-/-;intronic;KIDINS220;-;-;intronic;KIDINS220;-;-;intronic;KIDINS220;-;-;-;0;0;0	.	TRUE	None	intronic
chr2:8744235:T:C	chr2:8744235:A:G	A:G	KIDINS220	intronic	unknown	T;C;-;R;NONREP;-;-/-;intronic;KIDINS220;-;-;intronic;KIDINS220;-;-;intronic;KIDINS220;-;-;-;0;0;0	.	TRUE	None	intronic
chr2:143028727:A:G	chr2:143028727:A:G	A:G	KYNU	intronic	unknown	A;G;+;A||R||D;ALU;-;SINE/AluSp;intronic;KYNU;-;-;intronic;KYNU;-;-;intronic;KYNU;-;-;-;13;5;6	Name=AluSp	TRUE	Alu	intronic
chr2:174647511:T:C	chr2:174647511:A:G	A:G	WIPF1	intronic	unknown	T;C;-;A||R;ALU;-;SINE/AluSg;ncRNA_intronic;AC018890.6;-;-;intronic;WIPF1;-;-;ncRNA_intronic;AK002090||BC046497;-;-;-;2;2;2	Name=AluSg	TRUE	Alu	intronic
chr2:203304471:A:G	chr2:203304471:A:G	A:G	CYP20A1	UTR3	unknown	A;G;+;A||R||D;ALU;-;SINE/AluSc8;intergenic;CYP20A1||ABI2;-;-;UTR3;CYP20A1;-;-;UTR3;CYP20A1;-;-;-;1705;30;55	Name=AluSc8	TRUE	Alu	UTR3
chr2:203306132:A:G	chr2:203306132:A:G	A:G	CYP20A1	downstream	unknown	A;G;+;A||R;ALU;-;SINE/AluSp;intergenic;CYP20A1||ABI2;-;-;downstream;CYP20A1;-;-;downstream;CYP20A1;-;-;-;15;11;13	Name=AluSp	TRUE	Alu	downstream
chr2:206116904:T:C	chr2:206116904:A:G	A:G	NDUFS1	UTR3	unknown	T;C;-;A||R||D;ALU;-;SINE/AluSg;ncRNA_intronic;AC007383.4;-;-;upstream;GCSHP3;-;-;upstream;GCSHP3;-;-;-;1889;30;55	Name=AluSg	TRUE	Alu	UTR3
chr2:233141298:A:G	chr2:233141298:A:G	A:G	INPP5D	intronic	unknown	.	Name=AluSx1	FALSE	Alu	intronic
chr2:38784277:A:G	chr2:38784277:A:G	A:G	GEMIN6	UTR3	unknown	A;G;+;A||R;ALU;-;SINE/AluSz6;UTR3;GEMIN6;-;-;intergenic;GEMIN6||DHX57;-;-;intergenic;GEMIN6||DHX57;-;-;-;423;28;52	Name=AluSz6	TRUE	Alu	UTR3
chr2:39475348:A:G	chr2:39475348:A:G	A:G	MAP4K3-DT	ncRNA
intronic	unknown	A;G;+;A||R||D;ALU;-;SINE/AluSq2;ncRNA_intronic;AC007246.3;-;-;ncRNA_intronic;LOC728730;-;-;ncRNA_intronic;LOC728730;-;-;-;591;29;44	Name=AluSq2	TRUE	Alu	ncRNA
chr2:39477051:A:G	chr2:39477051:A:G	A:G	MAP4K3-DT	ncRNA
intronic	unknown	A;G;+;A||R||D;ALU;-;SINE/AluSz;ncRNA_intronic;AC007246.3;-;-;ncRNA_intronic;LOC728730;-;-;ncRNA_intronic;LOC728730;-;-;-;1197;30;54	Name=AluSz	TRUE	Alu	ncRNA
chr2:39477213:A:G	chr2:39477213:A:G	A:G	MAP4K3-DT	ncRNA
intronic	unknown	A;G;+;A||R;ALU;-;SINE/AluSz;ncRNA_intronic;AC007246.3;-;-;ncRNA_intronic;LOC728730;-;-;ncRNA_intronic;LOC728730;-;-;-;569;29;43	Name=AluSz	TRUE	Alu	ncRNA
chr2:39477225:A:G	chr2:39477225:A:G	A:G	MAP4K3-DT	ncRNA
intronic	unknown	A;G;+;A||R||D;ALU;-;SINE/AluSz;ncRNA_intronic;AC007246.3;-;-;ncRNA_intronic;LOC728730;-;-;ncRNA_intronic;LOC728730;-;-;-;865;30;50	Name=AluSz	TRUE	Alu	ncRNA
chr2:39477230:A:G	chr2:39477230:A:G	A:G	MAP4K3-DT	ncRNA
intronic	unknown	A;G;+;A||R||D;ALU;-;SINE/AluSz;ncRNA_intronic;AC007246.3;-;-;ncRNA_intronic;LOC728730;-;-;ncRNA_intronic;LOC728730;-;-;-;924;30;51	Name=AluSz	TRUE	Alu	ncRNA
chr2:39480919:A:G	chr2:39480919:A:G	A:G	MAP4K3-DT	ncRNA
intronic	unknown	A;G;+;A||R;ALU;-;SINE/AluSp;ncRNA_intronic;AC007246.3;-;-;ncRNA_intronic;LOC728730;-;-;ncRNA_intronic;LOC728730;-;-;-;20;14;16	Name=AluSp	TRUE	Alu	ncRNA
chr2:39480925:A:G	chr2:39480925:A:G	A:G	MAP4K3-DT	ncRNA
intronic	unknown	A;G;+;A||R;ALU;-;SINE/AluSp;ncRNA_intronic;AC007246.3;-;-;ncRNA_intronic;LOC728730;-;-;ncRNA_intronic;LOC728730;-;-;-;28;14;15	Name=AluSp	TRUE	Alu	ncRNA
chr2:75704853:T:C	chr2:75704853:A:G	A:G	GCFC2	intronic	unknown	T;C;-;A||R||D;ALU;-;SINE/AluSx;intronic;GCFC2;-;-;intronic;GCFC2;-;-;intronic;GCFC2;-;-;-;2;2;2	Name=AluSx	TRUE	Alu	intronic
chr2:86157568:T:C	chr2:86157568:A:G	A:G	IMMT	intronic	unknown	T;C;-;A||R||D;ALU;-;SINE/AluSq2;intronic;IMMT;-;-;intronic;IMMT;-;-;intronic;IMMT;-;-;-;181;26;36	Name=AluSq2	TRUE	Alu	intronic
chr2:108674600:A:G	chr2:108674600:A:G	A:G	LIMS1	intronic	unknown	A;G;+;A;ALU;-;SINE/AluY;intronic;LIMS1;-;-;intronic;LIMS1;-;-;intronic;LIMS1;-;-;-;10;9;9	Name=AluY	TRUE	Alu	intronic
chr2:11277073:T:C	chr2:11277073:A:G	A:G	ROCK2	intronic	unknown	T;C;-;A||R;REP;-;LINE/L1MC2;intronic;ROCK2;-;-;intronic;ROCK2;-;-;intronic;ROCK2;-;-;-;42;14;20	Name=L1MC2	TRUE	LINE	intronic
chr2:127844888:T:C	chr2:127844888:A:G	A:G	POLR2D	UTR3	unknown	T;C;-;A||R||D;ALU;-;SINE/AluSq2;ncRNA_exonic;RP5-935K16.1;-;-;intergenic;WDR33||POLR2D;-;-;intergenic;WDR33||POLR2D;-;-;-;1221;29;54	Name=AluSq2	TRUE	Alu	UTR3
chr2:143028344:A:G	chr2:143028344:A:G	A:G	KYNU	intronic	unknown	A;G;+;A||R||D;ALU;-;SINE/AluSg;intronic;KYNU;-;-;intronic;KYNU;-;-;intronic;KYNU;-;-;-;5;4;4	Name=AluSg	TRUE	Alu	intronic
chr2:143028345:A:G	chr2:143028345:A:G	A:G	KYNU	intronic	unknown	A;G;+;A||R||D;ALU;-;SINE/AluSg;intronic;KYNU;-;-;intronic;KYNU;-;-;intronic;KYNU;-;-;-;10;5;5	Name=AluSg	TRUE	Alu	intronic
chr2:143028684:A:G	chr2:143028684:A:G	A:G	KYNU	intronic	unknown	A;G;+;A||R;ALU;-;SINE/AluSp;intronic;KYNU;-;-;intronic;KYNU;-;-;intronic;KYNU;-;-;-;2;2;2	Name=AluSp	TRUE	Alu	intronic
chr2:215943677:T:C	chr2:215943677:A:G	A:G	MREG	UTR3	unknown	T;C;-;A||R||D;ALU;-;SINE/AluSc8;downstream;MREG;-;-;UTR3;MREG;-;-;UTR3;MREG;-;-;-;589;27;48	Name=AluSc8	TRUE	Alu	UTR3
chr2:32312367:A:G	chr2:32312367:A:G	A:G	YIPF4	UTR3	unknown	A;G;+;A||R;ALU;-;SINE/AluY;UTR3;YIPF4;-;-;intergenic;YIPF4||BIRC6;-;-;intergenic;YIPF4||BIRC6;-;-;-;336;28;48	Name=AluY	TRUE	Alu	UTR3
chr2:38784516:A:G	chr2:38784516:A:G	A:G	GEMIN6	UTR3	unknown	A;G;+;A||R;ALU;-;SINE/AluSz6;UTR3;GEMIN6;-;-;intergenic;GEMIN6||DHX57;-;-;intergenic;GEMIN6||DHX57;-;-;-;457;28;52	Name=AluSz6	TRUE	Alu	UTR3
chr2:11171767:A:G	chr2:11171767:A:G	A:G	SLC66A3	intronic	unknown	A;G;+;A||R||D;ALU;-;SINE/AluY;intronic;PQLC3;-;-;intronic;PQLC3;-;-;intronic;PQLC3;-;-;-;42;13;16	Name=AluY	TRUE	Alu	intronic
chr2:178446088:T:C	chr2:178446088:A:G	A:G	PRKRA	intronic	unknown	T;C;-;A||R||D;ALU;-;SINE/AluSz6;intronic;PRKRA;-;-;ncRNA_intronic;MIR548N;-;-;ncRNA_intronic;MIR548N;-;-;-;768;30;50	Name=AluSz6	TRUE	Alu	intronic
chr2:203304856:A:G	chr2:203304856:A:G	A:G	CYP20A1	UTR3	unknown	A;G;+;A||R||D;ALU;-;SINE/AluJb;intergenic;CYP20A1||ABI2;-;-;UTR3;CYP20A1;-;-;UTR3;CYP20A1;-;-;-;1811;30;55	Name=AluJb	TRUE	Alu	UTR3
chr2:39477080:A:G	chr2:39477080:A:G	A:G	MAP4K3-DT	ncRNA
intronic	unknown	A;G;+;A||R||D;ALU;-;SINE/AluSz;ncRNA_intronic;AC007246.3;-;-;ncRNA_intronic;LOC728730;-;-;ncRNA_intronic;LOC728730;-;-;-;1059;29;51	Name=AluSz	TRUE	Alu	ncRNA
chr2:39482920:A:G	chr2:39482920:A:G	A:G	MAP4K3-DT	ncRNA
intronic	unknown	A;G;+;A||R;ALU;-;SINE/AluJr;ncRNA_intronic;AC007246.3;-;-;ncRNA_intronic;LOC728730;-;-;ncRNA_intronic;LOC728730;-;-;-;320;30;47	Name=AluJr	TRUE	Alu	ncRNA
chr2:38784417:A:G	chr2:38784417:A:G	A:G	GEMIN6	UTR3	unknown	A;G;+;A||R;ALU;-;SINE/AluSz6;UTR3;GEMIN6;-;-;intergenic;GEMIN6||DHX57;-;-;intergenic;GEMIN6||DHX57;-;-;-;508;29;53	Name=AluSz6	TRUE	Alu	UTR3
chr2:38784420:A:G	chr2:38784420:A:G	A:G	GEMIN6	UTR3	unknown	A;G;+;A||R;ALU;-;SINE/AluSz6;UTR3;GEMIN6;-;-;intergenic;GEMIN6||DHX57;-;-;intergenic;GEMIN6||DHX57;-;-;-;437;29;52	Name=AluSz6	TRUE	Alu	UTR3
chr2:39475361:A:G	chr2:39475361:A:G	A:G	MAP4K3-DT	ncRNA
intronic	unknown	A;G;+;A||R||D;ALU;-;SINE/AluSq2;ncRNA_intronic;AC007246.3;-;-;ncRNA_intronic;LOC728730;-;-;ncRNA_intronic;LOC728730;-;-;-;427;28;42	Name=AluSq2	TRUE	Alu	ncRNA
chr2:39475362:A:G	chr2:39475362:A:G	A:G	MAP4K3-DT	ncRNA
intronic	unknown	A;G;+;A||R||D;ALU;rs752070557;SINE/AluSq2;ncRNA_intronic;AC007246.3;-;-;ncRNA_intronic;LOC728730;-;-;ncRNA_intronic;LOC728730;-;-;-;337;28;42	Name=AluSq2	TRUE	Alu	ncRNA
chr2:203306646:A:G	chr2:203306646:A:G	A:G	CYP20A1	downstream	unknown	A;G;+;A||R;ALU;-;SINE/AluY;intergenic;CYP20A1||ABI2;-;-;downstream;CYP20A1;-;-;downstream;CYP20A1;-;-;-;26;16;18	Name=AluY	TRUE	Alu	downstream
chr2:233361995:A:G	chr2:233361995:A:G	A:G	DGKD	intronic	unknown	A;G;+;A||R||D;ALU;-;SINE/AluSq2;ncRNA_intronic;AC019221.4;-;-;intronic;DGKD;-;-;intronic;DGKD;-;-;-;8;5;6	Name=AluSq2	TRUE	Alu	intronic
chr2:241056788:A:G	chr2:241056788:A:G	A:G	SNED1	intronic	unknown	A;G;+;A||R;ALU;-;SINE/AluY;ncRNA_intronic;AC005237.4;-;-;intronic;SNED1;-;-;intronic;SNED1;-;-;-;174;25;32	Name=AluY	TRUE	Alu	intronic
chr2:11166083:A:G	chr2:11166083:A:G	A:G	SLC66A3	intronic	unknown	A;G;+;A||R||D;ALU;-;SINE/AluSx;intronic;PQLC3;-;-;intronic;PQLC3;-;-;intronic;PQLC3;-;-;-;15;8;11	Name=AluSx	TRUE	Alu	intronic
chr2:172760534:T:C	chr2:172760534:T:C	A:G	RAPGEF4	intronic	unknown	.	Name=AluY	FALSE	Alu	intronic
chr2:172760579:A:G	chr2:172760579:A:G	A:G	RAPGEF4	intronic	unknown	.	Name=AluY	FALSE	Alu	intronic
chr2:172760590:T:C	chr2:172760590:T:C	A:G	RAPGEF4	intronic	unknown	.	Name=AluY	FALSE	Alu	intronic
chr2:172760594:T:C	chr2:172760594:T:C	A:G	RAPGEF4	intronic	unknown	.	Name=AluY	FALSE	Alu	intronic
chr2:86195420:T:C	chr2:86195420:A:G	A:G	IMMT	UTR5	unknown	.	.	FALSE	None	UTR5
chr2:241057193:A:G	chr2:241057193:A:G	A:G	SNED1	intronic	unknown	A;G;+;R;ALU;-;SINE/AluSq2;ncRNA_intronic;AC005237.4;-;-;intronic;SNED1;-;-;intronic;SNED1;-;-;-;144;20;25	Name=AluSq2	TRUE	Alu	intronic
chr2:203306127:A:G	chr2:203306127:A:G	A:G	CYP20A1	downstream	unknown	A;G;+;A||R;ALU;-;SINE/AluSp;intergenic;CYP20A1||ABI2;-;-;downstream;CYP20A1;-;-;downstream;CYP20A1;-;-;-;16;13;13	Name=AluSp	TRUE	Alu	downstream
chr2:38784419:A:G	chr2:38784419:A:G	A:G	GEMIN6	UTR3	unknown	A;G;+;A||R;ALU;-;SINE/AluSz6;UTR3;GEMIN6;-;-;intergenic;GEMIN6||DHX57;-;-;intergenic;GEMIN6||DHX57;-;-;-;454;28;52	Name=AluSz6	TRUE	Alu	UTR3
chr2:38779945:A:G	chr2:38779945:A:G	A:G	GEMIN6	intronic	unknown	A;G;+;A||R;ALU;-;SINE/AluSx;intronic;GEMIN6;-;-;intronic;GEMIN6;-;-;intronic;GEMIN6;-;-;-;15;9;9	Name=AluSx	TRUE	Alu	intronic
chr2:128193030:A:G	chr2:128193030:A:G	A:G	UGGT1	UTR3	unknown	A;G;+;A||R||D;ALU;-;SINE/AluSc;UTR3;UGGT1;-;-;UTR3;UGGT1;-;-;UTR3;UGGT1;-;-;-;62;19;25	Name=AluSc	TRUE	Alu	UTR3
chr2:74543779:T:C	chr2:74543779:A:G	A:G	LOXL3	intronic	unknown	T;C;-;R||D;ALU;-;SINE/AluSz;intronic;LOXL3;-;-;intronic;LOXL3;-;-;intronic;LOXL3;-;-;-;1;1;1	Name=AluSz	TRUE	Alu	intronic
chr2:180873186:A:G	chr2:180873186:A:G	A:G	SCHLAP1	ncRNA
intronic	unknown	.	.	FALSE	None	ncRNA
chr2:202201408:T:C	chr2:202201408:T:C	A:G	KIAA2012	intronic	unknown	.	.	FALSE	None	intronic
chr2:27392904:C:T	chr2:27392904:G:A	C:T	FTH1P3	ncRNA
exonic	unknown	.	.	FALSE	None	ncRNA
chr2:27392910:T:C	chr2:27392910:A:G	A:G	FTH1P3	ncRNA
exonic	unknown	.	.	FALSE	None	ncRNA
chr2:27393353:A:G	chr2:27393353:T:C	A:G	FTH1P3	ncRNA
exonic	unknown	.	.	FALSE	None	ncRNA
chr2:27393394:A:G	chr2:27393394:T:C	A:G	FTH1P3	ncRNA
exonic	unknown	.	Name=(GGC)n	FALSE	Simple
repeat	ncRNA
chr2:202475927:A:G	chr2:202475927:A:G	A:G	BMPR2	intronic	unknown	A;G;+;A||R||D;ALU;-;SINE/AluSp;intronic;BMPR2;-;-;intronic;BMPR2;-;-;intronic;BMPR2;-;-;412;63;94;17;34	Name=AluSp	TRUE	Alu	intronic
chr2:131145441:A:G	chr2:131145441:A:G	A:G	PLEKHB2	intronic	unknown	A;G;+;A||R||D;ALU;-;SINE/AluSz6;intronic;PLEKHB2;-;-;intronic;PLEKHB2;-;-;intronic;PLEKHB2;-;-;-;479;28;44	Name=AluSz6	TRUE	Alu	intronic
chr2:201150081:A:G	chr2:201150081:T:C	A:G	CFLAR-AS1	ncRNA
intronic	unknown	A;G;+;A||R||D;ALU;-;SINE/AluSx4;ncRNA_exonic;CFLAR-AS1;-;-;ncRNA_intronic;CFLAR-AS1;-;-;ncRNA_intronic;CFLAR-AS1;-;-;-;89;16;20	Name=AluSx4	TRUE	Alu	ncRNA
chr2:11277035:T:C	chr2:11277035:A:G	A:G	ROCK2	intronic	unknown	T;C;-;A||R;REP;-;LINE/L1MC2;intronic;ROCK2;-;-;intronic;ROCK2;-;-;intronic;ROCK2;-;-;-;36;14;20	Name=L1MC2	TRUE	LINE	intronic
chr2:143028504:A:G	chr2:143028504:A:G	A:G	KYNU	intronic	unknown	A;G;+;A||R;ALU;-;SINE/AluSg;intronic;KYNU;-;-;intronic;KYNU;-;-;intronic;KYNU;-;-;-;3;3;3	Name=AluSg	TRUE	Alu	intronic
chr2:207878009:T:C	chr2:207878009:A:G	A:G	PLEKHM3	intronic	unknown	T;C;-;R||D;ALU;-;SINE/AluJr;intronic;PLEKHM3;-;-;intronic;PLEKHM3;-;-;intronic;PLEKHM3;-;-;-;2;2;2	Name=AluJr	TRUE	Alu	intronic
chr2:136977919:T:C	chr2:136977919:T:C	A:G	THSD7B	intronic	unknown	.	Name=AluSx	FALSE	Alu	intronic
chr2:171003194:G:A	chr2:171003194:C:T	C:T	TLK1	intronic	unknown	.	Name=AluY	FALSE	Alu	intronic
chr2:171003207:G:A	chr2:171003207:C:T	C:T	TLK1	intronic	unknown	.	Name=AluY	FALSE	Alu	intronic
chr2:27505180:A:G	chr2:27505180:A:G	A:G	GCKR	intronic	unknown	A;G;+;A||R;ALU;-;SINE/AluY;intronic;GCKR;-;-;intronic;GCKR;-;-;intronic;GCKR;-;-;-;74;13;13	Name=AluY	TRUE	Alu	intronic
chr3:10152632:A:G	chr3:10152632:A:G	A:G	VHL	UTR3	unknown	A;G;+;A||R;ALU;-;SINE/AluSc8;downstream;VHL;-;-;UTR3;VHL;-;-;UTR3;VHL;-;-;-;1715;30;54	Name=AluSc8	TRUE	Alu	UTR3
chr3:10153386:A:G	chr3:10153386:A:G	A:G	VHL	UTR3	unknown	A;G;+;A||R;ALU;-;SINE/AluSx;intergenic;VHL||IRAK2;-;-;UTR3;VHL;-;-;UTR3;VHL;-;-;-;2143;30;54	Name=AluSq2	TRUE	Alu	UTR3
chr3:11442696:A:G	chr3:11442696:A:G	A:G	ATG7	intronic	unknown	A;G;+;A||R||D;ALU;-;SINE/AluJr;intronic;ATG7;-;-;intronic;ATG7;-;-;intronic;ATG7;-;-;435;78;49;12;22	Name=AluJr	TRUE	Alu	intronic
chr3:14944573:T:C	chr3:14944573:A:G	A:G	FGD5-AS1	ncRNA
exonic	unknown	T;C;-;A||R||D;REP;-;SINE/FLAM_C;ncRNA_exonic;FGD5-AS1;-;-;ncRNA_exonic;FGD5-AS1;-;-;intronic;FGD5-AS1;-;-;-;2042;30;54	Name=AluSz6	TRUE	Alu	ncRNA
chr3:14944591:T:C	chr3:14944591:A:G	A:G	FGD5-AS1	ncRNA
exonic	unknown	T;C;-;A||R||D;REP;-;SINE/FLAM_C;ncRNA_exonic;FGD5-AS1;-;-;ncRNA_exonic;FGD5-AS1;-;-;intronic;FGD5-AS1;-;-;-;2474;30;54	Name=AluSz6	TRUE	Alu	ncRNA
chr3:14944603:T:C	chr3:14944603:A:G	A:G	FGD5-AS1	ncRNA
exonic	unknown	T;C;-;A||R||D;REP;-;SINE/FLAM_C;ncRNA_exonic;FGD5-AS1;-;-;ncRNA_exonic;FGD5-AS1;-;-;intronic;FGD5-AS1;-;-;-;2477;30;55	Name=AluSz6	TRUE	Alu	ncRNA
chr3:14944604:T:C	chr3:14944604:A:G	A:G	FGD5-AS1	ncRNA
exonic	unknown	T;C;-;A||R||D;REP;-;SINE/FLAM_C;ncRNA_exonic;FGD5-AS1;-;-;ncRNA_exonic;FGD5-AS1;-;-;intronic;FGD5-AS1;-;-;-;1600;30;54	Name=AluSz6	TRUE	Alu	ncRNA
chr3:14944946:T:C	chr3:14944946:A:G	A:G	FGD5-AS1	ncRNA
exonic	unknown	T;C;-;A||R||D;ALU;-;SINE/AluSq2;ncRNA_exonic;FGD5-AS1;-;-;ncRNA_exonic;FGD5-AS1;-;-;intronic;FGD5-AS1;-;-;-;2125;30;55	Name=AluSq2	TRUE	Alu	ncRNA
chr3:169972662:A:G	chr3:169972662:A:G	A:G	SEC62	intronic	unknown	A;G;+;A||R||D;ALU;-;SINE/AluJb;intronic;SEC62;-;-;intronic;SEC62;-;-;intronic;SEC62;-;-;-;68;15;20	Name=AluJb	TRUE	Alu	intronic
chr3:37072309:T:C	chr3:37072309:A:G	A:G	LRRFIP2	intronic	unknown	T;C;-;A;ALU;rs138841637;SINE/AluSx;intronic;LRRFIP2;-;-;intronic;LRRFIP2;-;-;intronic;LRRFIP2;-;-;-;288;29;46	Name=AluSx	TRUE	Alu	intronic
chr3:45680608:A:G	chr3:45680608:T:C	A:G	LIMD1-AS1	ncRNA
intronic	unknown	A;G;+;A||R||D;ALU;-;SINE/AluJb;ncRNA_intronic;LIMD1-AS1;-;-;ncRNA_intronic;LIMD1-AS1;-;-;ncRNA_intronic;LIMD1-AS1;-;-;-;2024;30;55	Name=AluJb	TRUE	Alu	ncRNA
chr3:49321632:T:C	chr3:49321632:A:G	A:G	USP4	intronic	unknown	T;C;-;A||R||D;ALU;-;SINE/AluSx3;intronic;USP4;-;-;intronic;USP4;-;-;intronic;USP4;-;-;-;1047;30;54	Name=AluSx3	TRUE	Alu	intronic
chr3:49322616:T:C	chr3:49322616:A:G	A:G	USP4	intronic	unknown	T;C;-;A||R||D;ALU;-;SINE/AluSx1;intronic;USP4;-;-;intronic;USP4;-;-;intronic;USP4;-;-;-;1460;30;54	Name=AluSx1	TRUE	Alu	intronic
chr3:50112295:A:G	chr3:50112295:A:G	A:G	RBM5	intronic	unknown	A;G;+;A||R||D;ALU;-;SINE/AluY;intronic;RBM5;-;-;intronic;RBM5;-;-;intronic;RBM5;-;-;-;1151;30;55	Name=AluY	TRUE	Alu	intronic
chr3:61742490:C:T	chr3:61742490:C:T	C:T	PTPRG	intronic	unknown	.	.	FALSE	None	intronic
chr3:88163466:A:G	chr3:88163466:A:G	A:G	C3orf38	downstream	unknown	A;G;+;A||R||D;ALU;-;SINE/AluSg;intergenic;C3orf38||Y_RNA;-;-;intergenic;C3orf38||EPHA3;-;-;intergenic;C3orf38||EPHA3;-;-;-;228;26;40	Name=AluSg	TRUE	Alu	downstream
chr3:94131052:A:G	chr3:94131052:A:G	A:G	NSUN3	UTR3	unknown	A;G;+;A||R;ALU;-;SINE/AluJb;intergenic;NSUN3||LINC00879;-;-;intergenic;NSUN3||MIR6730;-;-;intergenic;NSUN3||LINC00879;-;-;-;374;26;49	Name=AluJr	TRUE	Alu	UTR3
chr3:10152622:A:G	chr3:10152622:A:G	A:G	VHL	UTR3	unknown	A;G;+;A||R;ALU;-;SINE/AluSc8;downstream;VHL;-;-;UTR3;VHL;-;-;UTR3;VHL;-;-;-;2115;30;54	Name=AluSc8	TRUE	Alu	UTR3
chr3:10152672:A:G	chr3:10152672:A:G	A:G	VHL	UTR3	unknown	A;G;+;A||R;ALU;-;SINE/AluSc8;downstream;VHL;-;-;UTR3;VHL;-;-;UTR3;VHL;-;-;-;2141;30;54	Name=AluSc8	TRUE	Alu	UTR3
chr3:10152933:A:G	chr3:10152933:A:G	A:G	VHL	UTR3	unknown	A;G;+;A||R||D;ALU;-;SINE/AluSx;downstream;VHL;-;-;UTR3;VHL;-;-;UTR3;VHL;-;-;-;1972;30;54	Name=AluSq2	TRUE	Alu	UTR3
chr3:10153021:A:G	chr3:10153021:A:G	A:G	VHL	UTR3	unknown	A;G;+;A||R;ALU;-;SINE/AluY;downstream;VHL;-;-;UTR3;VHL;-;-;UTR3;VHL;-;-;-;1736;30;54	Name=AluY	TRUE	Alu	UTR3
chr3:10153408:A:G	chr3:10153408:A:G	A:G	VHL	UTR3	unknown	A;G;+;A||R||D;ALU;-;SINE/AluSx;intergenic;VHL||IRAK2;-;-;UTR3;VHL;-;-;UTR3;VHL;-;-;-;2006;30;54	Name=AluSq2	TRUE	Alu	UTR3
chr3:10153411:A:G	chr3:10153411:A:G	A:G	VHL	UTR3	unknown	A;G;+;A||R;ALU;-;SINE/AluSx;intergenic;VHL||IRAK2;-;-;UTR3;VHL;-;-;UTR3;VHL;-;-;-;1936;30;53	Name=AluSq2	TRUE	Alu	UTR3
chr3:10215027:A:G	chr3:10215027:A:G	A:G	IRAK2	intronic	unknown	A;G;+;A||R||D;ALU;-;SINE/AluJb;intronic;IRAK2;-;-;intronic;IRAK2;-;-;intronic;IRAK2;-;-;-;4;2;2	Name=AluJb	TRUE	Alu	intronic
chr3:131008306:A:G	chr3:131008306:A:G	A:G	ATP2C1	intronic	unknown	A;G;+;A||R||D;ALU;-;SINE/AluSz6;intronic;ATP2C1;-;-;intronic;ATP2C1;-;-;intronic;ATP2C1;-;-;-;54;16;22	Name=AluSz6	TRUE	Alu	intronic
chr3:131008307:A:G	chr3:131008307:A:G	A:G	ATP2C1	intronic	unknown	A;G;+;A||R||D;ALU;-;SINE/AluSz6;intronic;ATP2C1;-;-;intronic;ATP2C1;-;-;intronic;ATP2C1;-;-;-;73;18;24	Name=AluSz6	TRUE	Alu	intronic
chr3:142543808:T:C	chr3:142543808:A:G	A:G	ATR	intronic	unknown	T;C;-;A||R||D;ALU;-;SINE/AluJb;intronic;ATR;-;-;intronic;ATR;-;-;intronic;ATR;-;-;-;5;4;5	Name=AluJb	TRUE	Alu	intronic
chr3:14944631:T:C	chr3:14944631:A:G	A:G	FGD5-AS1	ncRNA
exonic	unknown	T;C;-;A||R||D;REP;-;SINE/FLAM_C;ncRNA_exonic;FGD5-AS1;-;-;ncRNA_exonic;FGD5-AS1;-;-;intronic;FGD5-AS1;-;-;-;1942;30;54	Name=AluSz6	TRUE	Alu	ncRNA
chr3:14944940:T:C	chr3:14944940:A:G	A:G	FGD5-AS1	ncRNA
exonic	unknown	T;C;-;A||R||D;ALU;-;SINE/AluSq2;ncRNA_exonic;FGD5-AS1;-;-;ncRNA_exonic;FGD5-AS1;-;-;intronic;FGD5-AS1;-;-;-;2443;30;55	Name=AluSq2	TRUE	Alu	ncRNA
chr3:14944945:T:C	chr3:14944945:A:G	A:G	FGD5-AS1	ncRNA
exonic	unknown	T;C;-;A||R||D;ALU;-;SINE/AluSq2;ncRNA_exonic;FGD5-AS1;-;-;ncRNA_exonic;FGD5-AS1;-;-;intronic;FGD5-AS1;-;-;-;2076;30;55	Name=AluSq2	TRUE	Alu	ncRNA
chr3:156524625:T:C	chr3:156524625:T:C	A:G	KCNAB1	intronic	unknown	T;C;-;A||R||D;ALU;-;SINE/AluY;intronic;KCNAB1;-;-;intronic;KCNAB1;-;-;intronic;KCNAB1;-;-;-;749;30;55	Name=AluY	TRUE	Alu	intronic
chr3:156524635:T:C	chr3:156524635:T:C	A:G	KCNAB1	intronic	unknown	T;C;-;A||R||D;ALU;-;SINE/AluY;intronic;KCNAB1;-;-;intronic;KCNAB1;-;-;intronic;KCNAB1;-;-;-;730;29;54	Name=AluY	TRUE	Alu	intronic
chr3:172179079:A:G	chr3:172179079:A:G	A:G	FNDC3B	intronic	unknown	A;G;+;A||R||D;ALU;-;SINE/AluSx;intronic;FNDC3B;-;-;intronic;FNDC3B;-;-;intronic;FNDC3B;-;-;-;16;7;7	Name=AluSx	TRUE	Alu	intronic
chr3:179398517:T:C	chr3:179398517:A:G	A:G	GNB4	UTR3	unknown	T;C;-;A||R;ALU;-;SINE/AluSz6;ncRNA_exonic;AC007620.3;-;-;UTR3;GNB4;-;-;UTR3;GNB4;-;-;-;902;29;52	Name=AluSz6	TRUE	Alu	UTR3
chr3:19952093:A:G	chr3:19952093:A:G	A:G	RAB5A	intronic	unknown	A;G;+;A||R||D;REP;-;SINE/FLAM_A;intronic;RAB5A;-;-;intronic;RAB5A;-;-;intronic;RAB5A;-;-;-;1293;30;55	Name=FLAM_A	TRUE	Other	intronic
chr3:37071411:T:C	chr3:37071411:A:G	A:G	LRRFIP2	intronic	unknown	T;C;-;A||R||D;ALU;-;SINE/AluJr;intronic;LRRFIP2;-;-;intronic;LRRFIP2;-;-;intronic;LRRFIP2;-;-;-;714;29;52	Name=AluJr	TRUE	Alu	intronic
chr3:45088244:A:G	chr3:45088244:T:C	A:G	CDCP1	intronic	unknown	.	Name=AluSz	FALSE	Alu	intronic
chr3:45680382:A:G	chr3:45680382:T:C	A:G	LIMD1-AS1	ncRNA
intronic	unknown	A;G;+;A||R||D;ALU;-;SINE/AluJb;ncRNA_intronic;LIMD1-AS1;-;-;ncRNA_intronic;LIMD1-AS1;-;-;ncRNA_intronic;LIMD1-AS1;-;-;-;1979;30;53	Name=AluJb	TRUE	Alu	ncRNA
chr3:46375779:A:G	chr3:46375779:T:C	A:G	CCR5AS	ncRNA
intronic	unknown	A;G;+;R;NONREP;-;-/-;ncRNA_intronic;RP11-24F11.2;-;-;ncRNA_intronic;LOC102724297;-;-;UTR3;CCR5;-;-;-;222;25;38	.	TRUE	None	ncRNA
chr3:46375781:A:G	chr3:46375781:T:C	A:G	CCR5AS	ncRNA
intronic	unknown	A;G;+;A||R||D;NONREP;-;-/-;ncRNA_intronic;RP11-24F11.2;-;-;ncRNA_intronic;LOC102724297;-;-;UTR3;CCR5;-;-;-;383;29;47	.	TRUE	None	ncRNA
chr3:46375792:A:G	chr3:46375792:T:C	A:G	CCR5AS	ncRNA
intronic	unknown	A;G;+;A||R||D;NONREP;-;-/-;ncRNA_intronic;RP11-24F11.2;-;-;ncRNA_intronic;LOC102724297;-;-;UTR3;CCR5;-;-;-;309;28;45	.	TRUE	None	ncRNA
chr3:49320055:T:C	chr3:49320055:A:G	A:G	USP4	intronic	unknown	T;C;-;A||R||D;ALU;-;SINE/AluJr;intronic;USP4;-;-;intronic;USP4;-;-;intronic;USP4;-;-;-;1562;30;54	Name=AluJr	TRUE	Alu	intronic
chr3:69767465:A:G	chr3:69767465:A:G	A:G	MITF	intronic	unknown	.	Name=AluSz	FALSE	Alu	intronic
chr3:94129940:A:G	chr3:94129940:A:G	A:G	NSUN3	UTR3	unknown	A;G;+;A||R;ALU;-;SINE/AluSg7;intergenic;NSUN3||LINC00879;-;-;intergenic;NSUN3||MIR6730;-;-;intergenic;NSUN3||LINC00879;-;-;-;328;28;50	Name=AluSg7	TRUE	Alu	UTR3
chr3:94130028:A:G	chr3:94130028:A:G	A:G	NSUN3	UTR3	unknown	A;G;+;A||R;ALU;-;SINE/AluSg7;intergenic;NSUN3||LINC00879;-;-;intergenic;NSUN3||MIR6730;-;-;intergenic;NSUN3||LINC00879;-;-;-;951;30;54	Name=AluSg7	TRUE	Alu	UTR3
chr3:94131153:A:G	chr3:94131153:A:G	A:G	NSUN3	UTR3	unknown	A;G;+;A||R;ALU;-;SINE/AluJb;intergenic;NSUN3||LINC00879;-;-;intergenic;NSUN3||MIR6730;-;-;intergenic;NSUN3||LINC00879;-;-;-;409;30;53	Name=AluJr	TRUE	Alu	UTR3
chr3:11221815:T:C	chr3:11221815:T:C	A:G	HRH1	intronic	unknown	.	Name=L1MB3	FALSE	LINE	intronic
chr3:11428715:A:G	chr3:11428715:A:G	A:G	ATG7	intronic	unknown	A;G;+;A||R||D;NONREP;-;-/-;intronic;ATG7;-;-;intronic;ATG7;-;-;intronic;ATG7;-;-;-;109;22;28	.	TRUE	None	intronic
chr3:11428759:A:G	chr3:11428759:A:G	A:G	ATG7	intronic	unknown	A;G;+;A||R;NONREP;-;-/-;intronic;ATG7;-;-;intronic;ATG7;-;-;intronic;ATG7;-;-;-;78;17;27	.	TRUE	None	intronic
chr3:14944643:T:C	chr3:14944643:A:G	A:G	FGD5-AS1	ncRNA
exonic	unknown	T;C;-;A||R||D;REP;-;SINE/FLAM_C;ncRNA_exonic;FGD5-AS1;-;-;ncRNA_exonic;FGD5-AS1;-;-;intronic;FGD5-AS1;-;-;-;1074;30;54	Name=AluSz6	TRUE	Alu	ncRNA
chr3:170364463:A:G	chr3:170364463:A:G	A:G	SKIL	intronic	unknown	A;G;+;A||R;ALU;-;SINE/AluSq2;intronic;SKIL;-;-;intronic;SKIL;-;-;intronic;SKIL;-;-;-;7;4;4	Name=AluSq2	TRUE	Alu	intronic
chr3:37071342:T:C	chr3:37071342:A:G	A:G	LRRFIP2	intronic	unknown	T;C;-;A||R;ALU;-;SINE/AluJr;intronic;LRRFIP2;-;-;intronic;LRRFIP2;-;-;intronic;LRRFIP2;-;-;-;498;27;50	Name=AluJr	TRUE	Alu	intronic
chr3:37071346:T:C	chr3:37071346:A:G	A:G	LRRFIP2	intronic	unknown	T;C;-;A||R;ALU;-;SINE/AluJr;intronic;LRRFIP2;-;-;intronic;LRRFIP2;-;-;intronic;LRRFIP2;-;-;-;410;27;49	Name=AluJr	TRUE	Alu	intronic
chr3:37071439:T:C	chr3:37071439:A:G	A:G	LRRFIP2	intronic	unknown	T;C;-;A||R||D;ALU;-;SINE/AluJr;intronic;LRRFIP2;-;-;intronic;LRRFIP2;-;-;intronic;LRRFIP2;-;-;-;683;30;52	Name=AluJr	TRUE	Alu	intronic
chr3:53863908:T:C	chr3:53863908:T:C	A:G	IL17RB	intronic	unknown	T;C;-;A||R||D;ALU;-;SINE/AluJb;intronic;IL17RB;-;-;intronic;IL17RB;-;-;intronic;IL17RB;-;-;-;1093;30;55	Name=AluJb	TRUE	Alu	intronic
chr3:122547635:T:C	chr3:122547635:A:G	A:G	PARP9	intronic	unknown	T;C;-;A||R||D;ALU;-;SINE/AluJb;intronic;PARP9;-;-;intronic;PARP9;-;-;intronic;PARP9;-;-;-;39;13;15	Name=AluJb	TRUE	Alu	intronic
chr3:122798725:A:G	chr3:122798725:A:G	A:G	SLC49A4	intronic	unknown	A;G;+;A||R;ALU;-;SINE/AluJb;intronic;DIRC2;-;-;intronic;DIRC2;-;-;intronic;DIRC2;-;-;-;3;3;3	Name=AluJb	TRUE	Alu	intronic
chr3:127738179:T:C	chr3:127738179:A:G	A:G	MGLL	intronic	unknown	T;C;-;A||R||D;ALU;-;SINE/AluJb;intronic;MGLL;-;-;intronic;MGLL;-;-;intronic;MGLL;-;-;-;1;1;1	Name=AluJb	TRUE	Alu	intronic
chr3:127738189:T:C	chr3:127738189:A:G	A:G	MGLL	intronic	unknown	T;C;-;R||D;ALU;-;SINE/AluJb;intronic;MGLL;-;-;intronic;MGLL;-;-;intronic;MGLL;-;-;-;0;0;0	Name=AluJb	TRUE	Alu	intronic
chr3:127779028:T:C	chr3:127779028:A:G	A:G	MGLL	intronic	unknown	T;C;-;A||R||D;ALU;-;SINE/AluJr;intronic;MGLL;-;-;intronic;MGLL;-;-;intronic;MGLL;-;-;-;4;4;4	Name=AluJr	TRUE	Alu	intronic
chr3:129812220:T:C	chr3:129812220:A:G	A:G	TMCC1	intronic	unknown	T;C;-;A||R||D;ALU;-;SINE/AluSx;intronic;TMCC1;-;-;intronic;TMCC1;-;-;intronic;TMCC1;-;-;-;3;3;3	Name=AluSx	TRUE	Alu	intronic
chr3:149835841:A:G	chr3:149835841:A:G	A:G	RNF13	intronic	unknown	A;G;+;A;REP;-;LINE/L1PB1;intronic;RNF13;-;-;intronic;RNF13;-;-;intronic;RNF13;-;-;-;9;7;7	Name=L1PB1	TRUE	LINE	intronic
chr3:179398367:T:C	chr3:179398367:A:G	A:G	GNB4	UTR3	unknown	T;C;-;A||R;ALU;-;SINE/AluSz6;ncRNA_exonic;AC007620.3;-;-;UTR3;GNB4;-;-;UTR3;GNB4;-;-;-;762;30;52	Name=AluSz6	TRUE	Alu	UTR3
chr3:183547857:T:C	chr3:183547857:A:G	A:G	KLHL6	intronic	unknown	T;C;-;A||R;NONREP;-;-/-;intronic;KLHL6;-;-;intronic;KLHL6;-;-;intronic;KLHL6;-;-;-;6;2;2	.	TRUE	None	intronic
chr3:183842653:T:C	chr3:183842653:A:G	A:G	PARL	intronic	unknown	T;C;-;A||R||D;ALU;-;SINE/AluSg;intronic;PARL;-;-;intronic;PARL;-;-;intronic;PARL;-;-;-;9;8;8	Name=AluSg	TRUE	Alu	intronic
chr3:185981869:A:G	chr3:185981869:A:G	A:G	NMRAL2P	downstream	unknown	A;G;+;A||R;ALU;-;SINE/AluJo;downstream;RN7SL637P;-;-;downstream;LOC344887;-;-;downstream;LOC344887;-;-;-;135;13;16	Name=AluJo	TRUE	Alu	downstream
chr3:195437715:T:C	chr3:195437715:A:G	A:G	ACAP2	intronic	unknown	T;C;-;R;ALU;-;SINE/AluSx3;intronic;ACAP2;-;-;intronic;ACAP2;-;-;intronic;ACAP2;-;-;-;0;0;0	Name=AluSx3	TRUE	Alu	intronic
chr3:196070695:T:C	chr3:196070695:A:G	A:G	TFRC	intronic	unknown	T;C;-;A||R||D;ALU;-;SINE/AluSx;intronic;TFRC;-;-;intronic;TFRC;-;-;intronic;TFRC;-;-;-;180;21;30	Name=AluSz6	TRUE	Alu	intronic
chr3:33549854:T:C	chr3:33549854:A:G	A:G	CLASP2	intronic	unknown	T;C;-;A||R||D;ALU;-;SINE/AluJb;intronic;CLASP2;-;-;intronic;CLASP2;-;-;intronic;CLASP2;-;-;-;122;21;33	Name=AluJb	TRUE	Alu	intronic
chr3:37071294:T:C	chr3:37071294:A:G	A:G	LRRFIP2	intronic	unknown	T;C;-;A||R||D;ALU;-;SINE/AluJr;intronic;LRRFIP2;-;-;intronic;LRRFIP2;-;-;intronic;LRRFIP2;-;-;-;474;28;50	Name=AluJr	TRUE	Alu	intronic
chr3:37156510:T:C	chr3:37156510:A:G	A:G	LRRFIP2	intronic	unknown	T;C;-;R||D;ALU;-;SINE/AluY;intronic;LRRFIP2;-;-;intronic;LRRFIP2;-;-;intronic;LRRFIP2;-;-;-;0;0;0	Name=AluY	TRUE	Alu	intronic
chr3:44364559:A:G	chr3:44364559:A:G	A:G	TCAIM	intronic	unknown	A;G;+;A||R;ALU;-;SINE/AluSz6;intronic;TCAIM;-;-;intronic;TCAIM;-;-;intronic;TCAIM;-;-;-;13;8;8	Name=AluSz6	TRUE	Alu	intronic
chr3:44394849:A:G	chr3:44394849:A:G	A:G	TCAIM	intronic	unknown	.	Name=AluSg	FALSE	Alu	intronic
chr3:45109679:A:G	chr3:45109679:T:C	A:G	CDCP1	intronic	unknown	.	Name=MER96	FALSE	Other	intronic
chr3:50003065:A:G	chr3:50003065:A:G	A:G	RBM6	intronic	unknown	A;G;+;A;ALU;-;SINE/AluSc;intronic;RBM6;-;-;intronic;RBM6;-;-;intronic;RBM6;-;-;-;2;2;2	Name=AluSc	TRUE	Alu	intronic
chr3:50332670:T:C	chr3:50332670:A:G	A:G	RASSF1	intronic	unknown	T;C;-;A||R||D;ALU;-;SINE/AluJo;intronic;RASSF1;-;-;intronic;RASSF1;-;-;intronic;RASSF1;-;-;-;1517;30;54	Name=AluJo	TRUE	Alu	intronic
chr3:51495988:T:C	chr3:51495988:A:G	A:G	DCAF1	intronic	unknown	T;C;-;A||R;ALU;-;SINE/AluJb;intergenic;VPRBP||RAD54L2;-;-;intronic;VPRBP;-;-;intronic;VPRBP;-;-;-;1;1;1	Name=AluJb	TRUE	Alu	intronic
chr3:52571446:T:C	chr3:52571446:A:G	A:G	PBRM1	intronic	unknown	T;C;-;R;ALU;-;SINE/AluSc8;intronic;PBRM1||SMIM4;-;-;intronic;PBRM1;-;-;intronic;PBRM1;-;-;-;2;1;1	Name=AluSx3	TRUE	Alu	intronic
chr3:57626544:T:C	chr3:57626544:A:G	A:G	DENND6A	UTR3	unknown	T;C;-;A||R||D;ALU;-;SINE/AluSp;UTR3;DENND6A;-;-;UTR3;DENND6A;-;-;UTR3;DENND6A;-;-;-;1716;30;54	Name=AluSp	TRUE	Alu	UTR3
chr3:10178337:A:G	chr3:10178337:A:G	A:G	IRAK2	intronic	unknown	A;G;+;A||R;ALU;-;SINE/AluSx;intronic;IRAK2;-;-;intronic;IRAK2;-;-;intronic;IRAK2;-;-;-;1;1;1	Name=AluSx	TRUE	Alu	intronic
chr3:122547632:T:C	chr3:122547632:A:G	A:G	PARP9	intronic	unknown	T;C;-;A||R||D;ALU;-;SINE/AluJb;intronic;PARP9;-;-;intronic;PARP9;-;-;intronic;PARP9;-;-;-;27;11;12	Name=AluJb	TRUE	Alu	intronic
chr3:122547770:T:C	chr3:122547770:A:G	A:G	PARP9	intronic	unknown	T;C;-;A||R;ALU;-;SINE/AluJb;intronic;PARP9;-;-;intronic;PARP9;-;-;intronic;PARP9;-;-;-;24;10;12	Name=AluJb	TRUE	Alu	intronic
chr3:127778854:T:C	chr3:127778854:A:G	A:G	MGLL	intronic	unknown	T;C;-;A||R||D;ALU;-;SINE/AluJr;intronic;MGLL;-;-;intronic;MGLL;-;-;intronic;MGLL;-;-;-;13;6;6	Name=AluJr	TRUE	Alu	intronic
chr3:16394255:T:C	chr3:16394255:A:G	A:G	RFTN1	intronic	unknown	T;C;-;A||R||D;ALU;-;SINE/AluJr;intronic;RFTN1;-;-;intronic;RFTN1;-;-;intronic;RFTN1;-;-;-;3;3;3	Name=AluJr	TRUE	Alu	intronic
chr3:170366460:A:G	chr3:170366460:A:G	A:G	SKIL	intronic	unknown	A;G;+;A||R||D;ALU;-;SINE/AluSx;intronic;SKIL;-;-;intronic;SKIL;-;-;intronic;SKIL;-;-;-;3;3;3	Name=AluSx	TRUE	Alu	intronic
chr3:172136837:A:G	chr3:172136837:A:G	A:G	FNDC3B	intronic	unknown	A;G;+;A||R;ALU;-;SINE/AluSc8;intronic;FNDC3B;-;-;intronic;FNDC3B;-;-;intronic;FNDC3B;-;-;-;8;6;6	Name=AluSc8	TRUE	Alu	intronic
chr3:172179085:A:G	chr3:172179085:A:G	A:G	FNDC3B	intronic	unknown	A;G;+;A||R||D;ALU;-;SINE/AluSx;intronic;FNDC3B;-;-;intronic;FNDC3B;-;-;intronic;FNDC3B;-;-;-;11;6;6	Name=AluSx	TRUE	Alu	intronic
chr3:183490683:T:C	chr3:183490683:A:G	A:G	KLHL6	UTR3	unknown	T;C;-;A||R||D;ALU;-;SINE/AluSg4;UTR3;KLHL6;-;-;UTR3;KLHL6;-;-;UTR3;KLHL6;-;-;-;117;15;18	Name=AluSg4	TRUE	Alu	UTR3
chr3:183547858:T:C	chr3:183547858:A:G	A:G	KLHL6	intronic	unknown	T;C;-;A;NONREP;-;-/-;intronic;KLHL6;-;-;intronic;KLHL6;-;-;intronic;KLHL6;-;-;-;5;2;2	.	TRUE	None	intronic
chr3:185970111:A:G	chr3:185970111:A:G	A:G	NMRAL2P	ncRNA
intronic	unknown	A;G;+;A;ALU;-;SINE/AluY;ncRNA_intronic;RP11-443P15.2;-;-;ncRNA_intronic;LOC344887;-;-;ncRNA_intronic;LOC344887;-;-;-;16;5;6	Name=AluY	TRUE	Alu	ncRNA
chr3:185970188:A:G	chr3:185970188:A:G	A:G	NMRAL2P	ncRNA
intronic	unknown	A;G;+;R;ALU;-;SINE/AluY;ncRNA_intronic;RP11-443P15.2;-;-;ncRNA_intronic;LOC344887;-;-;ncRNA_intronic;LOC344887;-;-;-;4;2;3	Name=AluY	TRUE	Alu	ncRNA
chr3:185982011:A:G	chr3:185982011:A:G	A:G	NMRAL2P	downstream	unknown	A;G;+;R;ALU;-;SINE/AluJo;downstream;RN7SL637P;-;-;intergenic;LOC344887||ETV5;-;-;intergenic;LOC344887||ETV5;-;-;-;59;5;6	Name=AluJo	TRUE	Alu	downstream
chr3:185982021:A:G	chr3:185982021:A:G	A:G	NMRAL2P	downstream	unknown	A;G;+;R;ALU;-;SINE/AluJo;downstream;RN7SL637P;-;-;intergenic;LOC344887||ETV5;-;-;intergenic;LOC344887||ETV5;-;-;-;58;8;11	Name=AluJo	TRUE	Alu	downstream
chr3:185982260:A:G	chr3:185982260:A:G	A:G	NMRAL2P	downstream	unknown	A;G;+;R;ALU;-;SINE/AluJo;ncRNA_exonic;RN7SL637P;-;-;intergenic;LOC344887||ETV5;-;-;intergenic;LOC344887||ETV5;-;-;-;73;10;13	Name=AluJo	TRUE	Alu	downstream
chr3:195176119:T:C	chr3:195176119:A:G	A:G	XXYLT1	intronic	unknown	T;C;-;A||R;ALU;-;SINE/AluJb;intronic;XXYLT1;-;-;intronic;XXYLT1;-;-;intronic;XXYLT1;-;-;-;170;23;35	Name=AluJb	TRUE	Alu	intronic
chr3:197272268:T:C	chr3:197272268:A:G	A:G	DLG1	intronic	unknown	T;C;-;A||R||D;REP;-;SINE/FRAM;intronic;DLG1;-;-;intronic;DLG1;-;-;intronic;DLG1;-;-;-;9;6;6	Name=FRAM	TRUE	Other	intronic
chr3:197272320:T:C	chr3:197272320:A:G	A:G	DLG1	intronic	unknown	T;C;-;A||R||D;REP;-;SINE/FRAM;intronic;DLG1;-;-;intronic;DLG1;-;-;intronic;DLG1;-;-;-;8;4;4	Name=FRAM	TRUE	Other	intronic
chr3:37070242:T:C	chr3:37070242:A:G	A:G	LRRFIP2	intronic	unknown	T;C;-;A||R||D;ALU;-;SINE/AluSz6;intronic;LRRFIP2;-;-;intronic;LRRFIP2;-;-;intronic;LRRFIP2;-;-;-;64;17;26	Name=AluSz6	TRUE	Alu	intronic
chr3:45109642:A:G	chr3:45109642:T:C	A:G	CDCP1	intronic	unknown	.	Name=MER96	FALSE	Other	intronic
chr3:45109685:A:G	chr3:45109685:T:C	A:G	CDCP1	intronic	unknown	.	Name=MER96	FALSE	Other	intronic
chr3:45109732:A:G	chr3:45109732:T:C	A:G	CDCP1	intronic	unknown	.	Name=MER96	FALSE	Other	intronic
chr3:50010067:A:G	chr3:50010067:A:G	A:G	RBM6	intronic	unknown	A;G;+;A||R||D;ALU;-;SINE/AluSq;intronic;RBM6;-;-;intronic;RBM6;-;-;intronic;RBM6;-;-;-;6;5;6	Name=AluSq2	TRUE	Alu	intronic
chr3:142544270:T:C	chr3:142544270:A:G	A:G	ATR	intronic	unknown	T;C;-;A||R||D;ALU;-;SINE/AluJb;intronic;ATR;-;-;intronic;ATR;-;-;intronic;ATR;-;-;-;1;1;1	Name=AluJb	TRUE	Alu	intronic
chr3:170185898:T:C	chr3:170185898:A:G	A:G	PHC3	upstream	unknown	.	Name=AluY	FALSE	Alu	upstream
chr3:170185953:C:T	chr3:170185953:G:A	C:T	PHC3	upstream	unknown	.	Name=AluY	FALSE	Alu	upstream
chr3:37070556:T:C	chr3:37070556:A:G	A:G	LRRFIP2	intronic	unknown	T;C;-;A||R;ALU;-;SINE/AluSz;intronic;LRRFIP2;-;-;intronic;LRRFIP2;-;-;intronic;LRRFIP2;-;-;-;25;12;14	Name=AluSz	TRUE	Alu	intronic
chr3:37070654:T:C	chr3:37070654:A:G	A:G	LRRFIP2	intronic	unknown	T;C;-;A||R;ALU;-;SINE/AluSz;intronic;LRRFIP2;-;-;intronic;LRRFIP2;-;-;intronic;LRRFIP2;-;-;-;163;24;41	Name=AluSz	TRUE	Alu	intronic
chr3:44497539:T:C	chr3:44497539:A:G	A:G	ZNF852	downstream	unknown	T;C;-;A||R||D;ALU;-;SINE/AluSz;intergenic;ZNF445||ZNF852;-;-;intergenic;ZNF445||ZNF852;-;-;intronic;ZNF445;-;-;-;135;27;40	Name=AluSz	TRUE	Alu	downstream
chr3:45680368:A:G	chr3:45680368:T:C	A:G	LIMD1-AS1	ncRNA
intronic	unknown	A;G;+;A||R;ALU;-;SINE/AluJb;ncRNA_intronic;LIMD1-AS1;-;-;ncRNA_intronic;LIMD1-AS1;-;-;ncRNA_intronic;LIMD1-AS1;-;-;-;2084;30;55	Name=AluJb	TRUE	Alu	ncRNA
chr3:122547650:T:C	chr3:122547650:A:G	A:G	PARP9	intronic	unknown	T;C;-;A||R||D;ALU;-;SINE/AluJb;intronic;PARP9;-;-;intronic;PARP9;-;-;intronic;PARP9;-;-;-;24;10;11	Name=AluJb	TRUE	Alu	intronic
chr3:155850841:T:C	chr3:155850841:A:G	A:G	SLC33A1	intronic	unknown	T;C;-;A||R||D;ALU;-;SINE/AluSx;intronic;SLC33A1;-;-;intronic;SLC33A1;-;-;intronic;SLC33A1;-;-;-;26;9;9	Name=AluSx	TRUE	Alu	intronic
chr3:23901995:A:G	chr3:23901995:T:C	A:G	NKIRAS1	intronic	unknown	A;G;+;A||R||D;ALU;-;SINE/AluSx1;intronic;NKIRAS1;-;-;intronic;NKIRAS1;-;-;intronic;NKIRAS1;-;-;-;112;20;26	Name=AluSx1	TRUE	Alu	intronic
chr3:40462561:A:G	chr3:40462561:A:G	A:G	RPL14	UTR3	unknown	A;G;+;A||R;ALU;-;SINE/AluYk4;downstream;RPL14;-;-;downstream;RPL14;-;-;downstream;RPL14;-;-;-;974;30;53	Name=AluYk4	TRUE	Alu	UTR3
chr3:155881250:A:G	chr3:155881250:A:G	A:G	GMPS	intronic	unknown	A;G;+;A||R||D;ALU;-;SINE/AluSp;intronic;GMPS;-;-;intronic;GMPS;-;-;intronic;GMPS;-;-;-;5;4;4	Name=AluSp	TRUE	Alu	intronic
chr3:172179644:A:G	chr3:172179644:A:G	A:G	FNDC3B	intronic	unknown	A;G;+;A||R||D;ALU;-;SINE/AluJo;intronic;FNDC3B;-;-;intronic;FNDC3B;-;-;intronic;FNDC3B;-;-;-;31;10;10	Name=AluJo	TRUE	Alu	intronic
chr3:172338070:A:G	chr3:172338070:A:G	A:G	FNDC3B	intronic	unknown	A;G;+;A||R||D;ALU;-;SINE/AluSc;intronic;FNDC3B;-;-;intronic;FNDC3B;-;-;UTR3;FNDC3B;-;-;-;67;16;18	Name=AluSc	TRUE	Alu	intronic
chr3:197844801:A:G	chr3:197844801:A:G	A:G	LRCH3	intronic	unknown	A;G;+;A||R||D;ALU;-;SINE/AluSc;intronic;LRCH3;-;-;intronic;LRCH3;-;-;intronic;LRCH3;-;-;-;2;2;2	Name=AluSc	TRUE	Alu	intronic
chr3:37070278:T:C	chr3:37070278:A:G	A:G	LRRFIP2	intronic	unknown	T;C;-;A;ALU;-;SINE/AluSz6;intronic;LRRFIP2;-;-;intronic;LRRFIP2;-;-;intronic;LRRFIP2;-;-;-;16;7;8	Name=AluSz6	TRUE	Alu	intronic
chr3:37070363:T:C	chr3:37070363:A:G	A:G	LRRFIP2	intronic	unknown	T;C;-;A||R||D;ALU;-;SINE/AluSz6;intronic;LRRFIP2;-;-;intronic;LRRFIP2;-;-;intronic;LRRFIP2;-;-;-;58;16;26	Name=AluSz6	TRUE	Alu	intronic
chr3:37070386:T:C	chr3:37070386:A:G	A:G	LRRFIP2	intronic	unknown	T;C;-;A||R||D;ALU;-;SINE/AluSz6;intronic;LRRFIP2;-;-;intronic;LRRFIP2;-;-;intronic;LRRFIP2;-;-;-;130;24;39	Name=AluSz6	TRUE	Alu	intronic
chr3:37070491:T:C	chr3:37070491:A:G	A:G	LRRFIP2	intronic	unknown	T;C;-;A||R;ALU;-;SINE/AluSz;intronic;LRRFIP2;-;-;intronic;LRRFIP2;-;-;intronic;LRRFIP2;-;-;-;170;24;41	Name=AluSz	TRUE	Alu	intronic
chr3:37070653:T:C	chr3:37070653:A:G	A:G	LRRFIP2	intronic	unknown	T;C;-;A||R||D;ALU;-;SINE/AluSz;intronic;LRRFIP2;-;-;intronic;LRRFIP2;-;-;intronic;LRRFIP2;-;-;-;310;27;47	Name=AluSz	TRUE	Alu	intronic
chr3:45091835:A:G	chr3:45091835:T:C	A:G	CDCP1	intronic	unknown	A;G;+;A||R;ALU;-;SINE/AluSx3;intronic;CDCP1;-;-;intronic;CDCP1;-;-;intronic;CDCP1;-;-;-;6;3;3	Name=AluSz	TRUE	Alu	intronic
chr3:47143145:T:C	chr3:47143145:A:G	A:G	SETD2	intronic	unknown	T;C;-;A||R||D;ALU;-;SINE/AluJo;intronic;SETD2;-;-;intronic;SETD2;-;-;intronic;SETD2;-;-;-;11;5;5	Name=AluJo	TRUE	Alu	intronic
chr3:69220686:T:C	chr3:69220686:A:G	A:G	FRMD4B	intronic	unknown	T;C;-;A||R;ALU;-;SINE/AluSz6;intronic;FRMD4B;-;-;intronic;FRMD4B;-;-;intronic;FRMD4B;-;-;-;20;8;8	Name=AluSz6	TRUE	Alu	intronic
chr3:185981998:A:G	chr3:185981998:A:G	A:G	NMRAL2P	downstream	unknown	A;G;+;R;ALU;-;SINE/AluJo;downstream;RN7SL637P;-;-;intergenic;LOC344887||ETV5;-;-;intergenic;LOC344887||ETV5;-;-;-;44;5;8	Name=AluJo	TRUE	Alu	downstream
chr3:188783431:A:G	chr3:188783431:A:G	A:G	LPP	intronic	unknown	A;G;+;A||R;REP;-;LINE/L1PREC2;intronic;LPP;-;-;intronic;LPP;-;-;intronic;LPP;-;-;-;7;7;7	Name=L1PREC2	TRUE	LINE	intronic
chr3:195428615:T:C	chr3:195428615:A:G	A:G	ACAP2	intronic	unknown	T;C;-;A||R||D;REP;-;DNA/Tigger3a;intronic;ACAP2;-;-;intronic;ACAP2;-;-;intronic;ACAP2;-;-;-;4;3;3	Name=Tigger3a	TRUE	Other	intronic
chr3:197885531:A:G	chr3:197885531:A:G	A:G	LRCH3	UTR3	unknown	A;G;+;A||R||D;ALU;-;SINE/AluSp;UTR3;LRCH3;-;-;intergenic;LRCH3||IQCG;-;-;intergenic;LRCH3||IQCG;-;-;-;1573;30;54	Name=AluSp	TRUE	Alu	UTR3
chr3:185982402:A:G	chr3:185982402:A:G	A:G	NMRAL2P	downstream	unknown	A;G;+;A||R;ALU;-;SINE/AluJo;upstream;RN7SL637P;-;-;intergenic;LOC344887||ETV5;-;-;intergenic;LOC344887||ETV5;-;-;-;124;14;17	Name=AluJo	TRUE	Alu	downstream
chr3:188880911:A:G	chr3:188880911:A:G	A:G	LPP	UTR3	unknown	A;G;+;A||R||D;ALU;-;SINE/AluYk4;UTR3;LPP;-;-;UTR3;LPP;-;-;UTR3;LPP;-;-;-;715;29;42	Name=AluYk4	TRUE	Alu	UTR3
chr3:195176195:T:C	chr3:195176195:A:G	A:G	XXYLT1	intronic	unknown	T;C;-;A||R;ALU;-;SINE/AluJb;intronic;XXYLT1;-;-;intronic;XXYLT1;-;-;intronic;XXYLT1;-;-;-;172;23;35	Name=AluJb	TRUE	Alu	intronic
chr3:23922106:A:G	chr3:23922106:A:G	A:G	RPL15	UTR3	unknown	A;G;+;A||R||D;ALU;-;SINE/AluJb;UTR3;RPL15;-;-;UTR3;RPL15;-;-;UTR3;RPL15;-;-;466;104;555;30;54	Name=AluJb	TRUE	Alu	UTR3
chr3:23922123:A:G	chr3:23922123:A:G	A:G	RPL15	UTR3	unknown	A;G;+;A||R;ALU;-;SINE/AluJb;UTR3;RPL15;-;-;UTR3;RPL15;-;-;UTR3;RPL15;-;-;466;104;377;28;50	Name=AluJb	TRUE	Alu	UTR3
chr3:44364662:A:G	chr3:44364662:A:G	A:G	TCAIM	intronic	unknown	A;G;+;A||R||D;ALU;-;SINE/AluSz6;intronic;TCAIM;-;-;intronic;TCAIM;-;-;intronic;TCAIM;-;-;-;7;4;4	Name=AluSz6	TRUE	Alu	intronic
chr3:142543875:T:C	chr3:142543875:A:G	A:G	ATR	intronic	unknown	T;C;-;A||R||D;ALU;-;SINE/AluJb;intronic;ATR;-;-;intronic;ATR;-;-;intronic;ATR;-;-;-;4;4;4	Name=AluJb	TRUE	Alu	intronic
chr3:142163830:T:C	chr3:142163830:A:G	A:G	GK5	UTR3	unknown	T;C;-;A||R||D;ALU;-;SINE/AluJr;downstream;GK5;-;-;UTR3;GK5;-;-;UTR3;GK5;-;-;-;1218;29;50	Name=AluJr	TRUE	Alu	UTR3
chr3:72929603:A:G	chr3:72929603:A:G	A:G	GXYLT2	intronic	unknown	.	.	FALSE	None	intronic
chr3:197885349:A:G	chr3:197885349:A:G	A:G	LRCH3	UTR3	unknown	A;G;+;A||R||D;ALU;rs373565572;SINE/AluSp;UTR3;LRCH3;-;-;intergenic;LRCH3||IQCG;-;-;intergenic;LRCH3||IQCG;-;-;-;2481;30;55	Name=AluSp	TRUE	Alu	UTR3
chr3:155943110:A:G	chr3:155943110:A:G	A:G	GMPS	UTR3	unknown	A;G;+;A||R;ALU;-;SINE/AluSz;UTR3;GMPS;-;-;intergenic;GMPS||KCNAB1;-;-;intergenic;GMPS||KCNAB1;-;-;-;1989;30;55	Name=AluSz	TRUE	Alu	UTR3
chr3:155943111:A:G	chr3:155943111:A:G	A:G	GMPS	UTR3	unknown	A;G;+;A||R;ALU;-;SINE/AluSz;UTR3;GMPS;-;-;intergenic;GMPS||KCNAB1;-;-;intergenic;GMPS||KCNAB1;-;-;-;1630;30;55	Name=AluSz	TRUE	Alu	UTR3
chr3:195428617:T:C	chr3:195428617:A:G	A:G	ACAP2	intronic	unknown	T;C;-;A||R||D;REP;-;DNA/Tigger3a;intronic;ACAP2;-;-;intronic;ACAP2;-;-;intronic;ACAP2;-;-;-;6;4;4	Name=Tigger3a	TRUE	Other	intronic
chr3:49962979:A:G	chr3:49962979:A:G	A:G	RBM6	intronic	unknown	A;G;+;A||R||D;ALU;-;SINE/AluY;intronic;RBM6;-;-;intronic;RBM6;-;-;intronic;RBM6;-;-;-;392;29;52	Name=AluY	TRUE	Alu	intronic
chr3:96350548:T:C	chr3:96350548:T:C	A:G	MIR8060	upstream	unknown	T;C;-;R||D;NONREP;-;-/-;intergenic;AC108739.1||AC108697.1;-;-;intergenic;MTHFD2P1||MIR8060;-;-;intergenic;LOC100287639||Mir_548;-;-;718;1107;137;16;26	.	TRUE	None	upstream
chr3:96350556:T:C	chr3:96350556:T:C	A:G	MIR8060	upstream	unknown	T;C;-;R;NONREP;-;-/-;intergenic;AC108739.1||AC108697.1;-;-;intergenic;MTHFD2P1||MIR8060;-;-;intergenic;LOC100287639||Mir_548;-;-;718;1107;163;17;30	.	TRUE	None	upstream
chr3:128764608:C:T	chr3:128764608:C:T	C:T	RAB7A	intronic	unknown	.	.	FALSE	None	intronic
chr3:128764655:T:C	chr3:128764655:T:C	A:G	RAB7A	intronic	unknown	.	.	FALSE	None	intronic
chr3:15411030:T:C	chr3:15411030:A:G	A:G	METTL6	UTR3	unknown	T;C;-;A||R||D;ALU;-;SINE/AluSx1;UTR3;METTL6;-;-;UTR3;METTL6;-;-;UTR3;METTL6;-;-;-;963;29;54	Name=AluSx1	TRUE	Alu	UTR3
chr3:72929542:C:T	chr3:72929542:C:T	C:T	GXYLT2	intronic	unknown	.	.	FALSE	None	intronic
chr3:72929546:A:G	chr3:72929546:A:G	A:G	GXYLT2	intronic	unknown	.	.	FALSE	None	intronic
chr3:119531936:T:C	chr3:119531936:A:G	A:G	CD80	intronic	unknown	T;C;-;A||R||D;ALU;-;SINE/AluSx;intronic;CD80;-;-;intronic;CD80;-;-;intronic;CD80;-;-;-;44;4;4	Name=AluSx	TRUE	Alu	intronic
chr3:119532245:T:C	chr3:119532245:A:G	A:G	CD80	intronic	unknown	T;C;-;A||R||D;ALU;-;SINE/AluSx1;intronic;CD80;-;-;intronic;CD80;-;-;intronic;CD80;-;-;-;46;3;3	Name=AluSx1	TRUE	Alu	intronic
chr3:119532410:T:C	chr3:119532410:A:G	A:G	CD80	intronic	unknown	T;C;-;A||R||D;ALU;-;SINE/AluSx1;intronic;CD80;-;-;intronic;CD80;-;-;intronic;CD80;-;-;-;45;3;3	Name=AluSx1	TRUE	Alu	intronic
chr3:127779174:T:C	chr3:127779174:A:G	A:G	MGLL	intronic	unknown	T;C;-;A||R||D;ALU;-;SINE/AluSx1;intronic;MGLL;-;-;intronic;MGLL;-;-;intronic;MGLL;-;-;-;8;6;6	Name=AluSx1	TRUE	Alu	intronic
chr3:119531937:T:C	chr3:119531937:A:G	A:G	CD80	intronic	unknown	T;C;-;A||R||D;ALU;-;SINE/AluSx;intronic;CD80;-;-;intronic;CD80;-;-;intronic;CD80;-;-;-;43;5;5	Name=AluSx	TRUE	Alu	intronic
chr3:3136729:A:G	chr3:3136729:A:G	A:G	TRNT1	intronic	unknown	A;G;+;R||D;ALU;-;SINE/AluJo;intronic;TRNT1;-;-;intronic;TRNT1;-;-;intronic;TRNT1;-;-;-;89;18;20	Name=AluJo	TRUE	Alu	intronic
chr3:119532310:T:C	chr3:119532310:A:G	A:G	CD80	intronic	unknown	T;C;-;R||D;ALU;-;SINE/AluSx1;intronic;CD80;-;-;intronic;CD80;-;-;intronic;CD80;-;-;-;24;3;3	Name=AluSx1	TRUE	Alu	intronic
chr3:185978044:A:G	chr3:185978044:A:G	A:G	NMRAL2P	ncRNA
intronic	unknown	.	Name=L1ME4a	FALSE	LINE	ncRNA
chr3:94086061:A:G	chr3:94086061:A:G	A:G	NSUN3	intronic	unknown	A;G;+;A||R;ALU;-;SINE/AluSx1;intronic;NSUN3;-;-;intronic;NSUN3;-;-;intronic;NSUN3;-;-;-;10;5;6	Name=AluSx1	TRUE	Alu	intronic
chr3:122614765:A:G	chr3:122614765:A:G	A:G	PARP15	intronic	unknown	A;G;+;A||R||D;ALU;-;SINE/AluJb;intronic;PARP15;-;-;intronic;PARP15;-;-;intronic;PARP15;-;-;-;222;21;26	Name=AluJb	TRUE	Alu	intronic
chr3:48071842:T:C	chr3:48071842:A:G	A:G	MAP4	intronic	unknown	T;C;-;A||R||D;ALU;-;SINE/AluSx4;intronic;MAP4;-;-;intronic;MAP4;-;-;intronic;MAP4;-;-;-;4;2;3	Name=AluSz	TRUE	Alu	intronic
chr3:185982424:A:G	chr3:185982424:A:G	A:G	NMRAL2P	downstream	unknown	A;G;+;A||R;ALU;-;SINE/AluJo;upstream;RN7SL637P;-;-;intergenic;LOC344887||ETV5;-;-;intergenic;LOC344887||ETV5;-;-;-;64;12;14	Name=AluJo	TRUE	Alu	downstream
chr3:113770247:A:G	chr3:113770247:A:G	A:G	ATP6V1A	intronic	unknown	A;G;+;A;ALU;-;SINE/AluSz;intronic;ATP6V1A;-;-;intronic;ATP6V1A;-;-;intronic;ATP6V1A;-;-;-;5;3;3	Name=AluSz	TRUE	Alu	intronic
chr3:10175395:A:G	chr3:10175395:A:G	A:G	IRAK2	intronic	unknown	A;G;+;A||R||D;ALU;-;SINE/AluSx;intronic;IRAK2;-;-;intronic;IRAK2;-;-;intronic;IRAK2;-;-;284;19;5;1;1	Name=AluSx	TRUE	Alu	intronic
chr3:198065317:T:C	chr3:198065317:A:G	A:G	ANKRD18DP	ncRNA
intronic	unknown	T;C;-;A||R;ALU;-;SINE/AluJr;ncRNA_intronic;ANKRD18DP;-;-;ncRNA_intronic;ANKRD18DP;-;-;ncRNA_intronic;ANKRD18DP;-;-;-;3;3;3	Name=AluJr	TRUE	Alu	ncRNA
chr4:128036454:A:G	chr4:128036454:A:G	A:G	ABHD18	UTR3	unknown	A;G;+;A||R||D;ALU;-;SINE/AluSp;UTR3;C4orf29;-;-;intergenic;ABHD18||LARP1B;-;-;downstream;C4orf29;-;-;-;1048;30;53	Name=AluSp	TRUE	Alu	UTR3
chr4:128036549:A:G	chr4:128036549:A:G	A:G	ABHD18	UTR3	unknown	A;G;+;A||R||D;ALU;-;SINE/AluSp;UTR3;C4orf29;-;-;intergenic;ABHD18||LARP1B;-;-;downstream;C4orf29;-;-;-;1422;30;55	Name=AluSp	TRUE	Alu	UTR3
chr4:128036847:A:G	chr4:128036847:A:G	A:G	ABHD18	UTR3	unknown	A;G;+;A||R;ALU;-;SINE/AluSx3;UTR3;C4orf29;-;-;intergenic;ABHD18||LARP1B;-;-;downstream;C4orf29;-;-;-;582;29;53	Name=AluSx3	TRUE	Alu	UTR3
chr4:128036907:A:G	chr4:128036907:A:G	A:G	ABHD18	UTR3	unknown	A;G;+;A||R;ALU;-;SINE/AluSx3;UTR3;C4orf29;-;-;intergenic;ABHD18||LARP1B;-;-;downstream;C4orf29;-;-;-;633;30;53	Name=AluSx3	TRUE	Alu	UTR3
chr4:128036931:A:G	chr4:128036931:A:G	A:G	ABHD18	UTR3	unknown	A;G;+;A||R||D;ALU;-;SINE/AluSx3;UTR3;C4orf29;-;-;intergenic;ABHD18||LARP1B;-;-;downstream;C4orf29;-;-;-;794;29;54	Name=AluSx3	TRUE	Alu	UTR3
chr4:128036946:A:G	chr4:128036946:A:G	A:G	ABHD18	UTR3	unknown	A;G;+;A||R||D;ALU;-;SINE/AluSx3;UTR3;C4orf29;-;-;intergenic;ABHD18||LARP1B;-;-;downstream;C4orf29;-;-;-;633;29;53	Name=AluSx3	TRUE	Alu	UTR3
chr4:128036972:A:G	chr4:128036972:A:G	A:G	ABHD18	UTR3	unknown	A;G;+;A||R||D;ALU;-;SINE/AluSx3;UTR3;C4orf29;-;-;intergenic;ABHD18||LARP1B;-;-;downstream;C4orf29;-;-;-;1173;30;55	Name=AluSx3	TRUE	Alu	UTR3
chr4:139045723:A:G	chr4:139045723:A:G	A:G	NOCT	UTR3	unknown	A;G;+;A||R||D;ALU;-;SINE/AluY;UTR3;CCRN4L;-;-;UTR3;NOCT;-;-;UTR3;CCRN4L;-;-;-;1098;29;52	Name=AluYj4	TRUE	Alu	UTR3
chr4:165075135:T:C	chr4:165075135:A:G	A:G	TMEM192	UTR3	unknown	T;C;-;A||R||D;ALU;-;SINE/AluSx;UTR3;TMEM192;-;-;downstream;TMEM192;-;-;downstream;TMEM192;-;-;-;1683;30;54	Name=AluSx	TRUE	Alu	UTR3
chr4:165075136:T:C	chr4:165075136:A:G	A:G	TMEM192	UTR3	unknown	T;C;-;A||R;ALU;-;SINE/AluSx;UTR3;TMEM192;-;-;downstream;TMEM192;-;-;downstream;TMEM192;-;-;-;1598;30;54	Name=AluSx	TRUE	Alu	UTR3
chr4:165075675:T:C	chr4:165075675:A:G	A:G	TMEM192	UTR3	unknown	T;C;-;A||R;ALU;-;SINE/AluSg4;UTR3;TMEM192;-;-;downstream;TMEM192;-;-;downstream;TMEM192;-;-;-;1125;30;55	Name=AluSg4	TRUE	Alu	UTR3
chr4:165075953:T:C	chr4:165075953:A:G	A:G	TMEM192	UTR3	unknown	T;C;-;A||R||D;ALU;-;SINE/AluSx;UTR3;TMEM192;-;-;downstream;TMEM192;-;-;downstream;TMEM192;-;-;-;1244;30;54	Name=AluSx	TRUE	Alu	UTR3
chr4:165075962:T:C	chr4:165075962:A:G	A:G	TMEM192	UTR3	unknown	T;C;-;A||R||D;ALU;-;SINE/AluSx;UTR3;TMEM192;-;-;downstream;TMEM192;-;-;downstream;TMEM192;-;-;-;1240;30;54	Name=AluSx	TRUE	Alu	UTR3
chr4:165077490:T:C	chr4:165077490:A:G	A:G	TMEM192	UTR3	unknown	T;C;-;A||R||D;ALU;-;SINE/AluSg;UTR3;TMEM192;-;-;UTR3;TMEM192;-;-;UTR3;TMEM192;-;-;-;1900;30;54	Name=AluSg	TRUE	Alu	UTR3
chr4:176331176:A:G	chr4:176331176:A:G	A:G	SPCS3	UTR3	unknown	A;G;+;A||R||D;NONREP;-;-/-;UTR3;SPCS3;-;-;UTR3;SPCS3;-;-;UTR3;SPCS3;-;-;-;2428;30;55	.	TRUE	None	UTR3
chr4:17801396:T:C	chr4:17801396:A:G	A:G	DCAF16	UTR3	unknown	T;C;-;A||R||D;ALU;-;SINE/AluSz;UTR3;DCAF16;-;-;UTR3;DCAF16;-;-;UTR3;DCAF16;-;-;-;2145;30;55	Name=AluSz	TRUE	Alu	UTR3
chr4:184781086:T:C	chr4:184781086:A:G	A:G	ACSL1	intronic	unknown	T;C;-;A||R||D;ALU;-;SINE/AluSz;intronic;ACSL1;-;-;intronic;ACSL1;-;-;intronic;ACSL1;-;-;-;277;19;26	Name=AluSz	TRUE	Alu	intronic
chr4:184781112:T:C	chr4:184781112:A:G	A:G	ACSL1	intronic	unknown	T;C;-;A||R||D;ALU;-;SINE/AluSz;intronic;ACSL1;-;-;intronic;ACSL1;-;-;intronic;ACSL1;-;-;-;336;21;31	Name=AluSz	TRUE	Alu	intronic
chr4:184781179:T:C	chr4:184781179:A:G	A:G	ACSL1	intronic	unknown	T;C;-;A||R||D;ALU;-;SINE/AluSz;intronic;ACSL1;-;-;intronic;ACSL1;-;-;intronic;ACSL1;-;-;-;276;17;29	Name=AluSz	TRUE	Alu	intronic
chr4:184781748:T:C	chr4:184781748:A:G	A:G	ACSL1	intronic	unknown	T;C;-;A||R||D;ALU;-;SINE/AluSx1;intronic;ACSL1;-;-;intronic;ACSL1;-;-;intronic;ACSL1;-;-;-;537;25;42	Name=AluSx1	TRUE	Alu	intronic
chr4:184781892:T:C	chr4:184781892:A:G	A:G	ACSL1	intronic	unknown	T;C;-;A||R;ALU;-;SINE/AluSx1;intronic;ACSL1;-;-;intronic;ACSL1;-;-;intronic;ACSL1;-;-;-;423;25;41	Name=AluSx1	TRUE	Alu	intronic
chr4:2840074:A:G	chr4:2840074:A:G	A:G	SH3BP2	UTR3	unknown	A;G;+;A||R||D;ALU;-;SINE/AluJb;UTR3;SH3BP2;-;-;UTR3;SH3BP2;-;-;UTR3;SH3BP2;-;-;-;4;4;4	Name=AluJb	TRUE	Alu	UTR3
chr4:3394216:A:G	chr4:3394216:A:G	A:G	RGS12	intronic	unknown	A;G;+;A||R;ALU;-;SINE/AluSx;intronic;RGS12;-;-;intronic;RGS12;-;-;intronic;RGS12;-;-;-;4;2;2	Name=AluSx	TRUE	Alu	intronic
chr4:3394907:A:G	chr4:3394907:A:G	A:G	RGS12	intronic	unknown	A;G;+;A||R;ALU;-;SINE/AluSz6;intronic;RGS12;-;-;intronic;RGS12;-;-;intronic;RGS12;-;-;-;6;4;4	Name=AluSz6	TRUE	Alu	intronic
chr4:40530917:T:C	chr4:40530917:A:G	A:G	RBM47	intronic	unknown	T;C;-;A||R||D;ALU;-;SINE/AluJb;intronic;RBM47;-;-;intronic;RBM47;-;-;intronic;RBM47;-;-;-;28;6;7	Name=AluJb	TRUE	Alu	intronic
chr4:165075948:T:C	chr4:165075948:A:G	A:G	TMEM192	UTR3	unknown	T;C;-;A||R;ALU;-;SINE/AluSx;UTR3;TMEM192;-;-;downstream;TMEM192;-;-;downstream;TMEM192;-;-;-;940;30;54	Name=AluSx	TRUE	Alu	UTR3
chr4:17592000:A:G	chr4:17592000:A:G	A:G	LAP3	intronic	unknown	A;G;+;A||R;ALU;-;SINE/AluJb;ncRNA_intronic;AC006160.5;-;-;intronic;LAP3;-;-;intronic;LAP3;-;-;-;48;14;15	Name=AluJb	TRUE	Alu	intronic
chr4:17592018:A:G	chr4:17592018:A:G	A:G	LAP3	intronic	unknown	A;G;+;A||R;ALU;-;SINE/AluJb;ncRNA_intronic;AC006160.5;-;-;intronic;LAP3;-;-;intronic;LAP3;-;-;-;43;13;14	Name=AluJb	TRUE	Alu	intronic
chr4:17592036:A:G	chr4:17592036:A:G	A:G	LAP3	intronic	unknown	A;G;+;A||R;ALU;-;SINE/AluJb;ncRNA_intronic;AC006160.5;-;-;intronic;LAP3;-;-;intronic;LAP3;-;-;-;33;11;13	Name=AluJb	TRUE	Alu	intronic
chr4:176331087:A:G	chr4:176331087:A:G	A:G	SPCS3	UTR3	unknown	A;G;+;A||R||D;NONREP;-;-/-;UTR3;SPCS3;-;-;UTR3;SPCS3;-;-;UTR3;SPCS3;-;-;-;2420;30;54	.	TRUE	None	UTR3
chr4:176331175:A:G	chr4:176331175:A:G	A:G	SPCS3	UTR3	unknown	A;G;+;A||R||D;NONREP;-;-/-;UTR3;SPCS3;-;-;UTR3;SPCS3;-;-;UTR3;SPCS3;-;-;-;1854;30;55	.	TRUE	None	UTR3
chr4:17801981:T:C	chr4:17801981:A:G	A:G	DCAF16	UTR3	unknown	T;C;-;A||R||D;ALU;-;SINE/AluY;UTR3;DCAF16;-;-;UTR3;DCAF16;-;-;UTR3;DCAF16;-;-;-;2056;30;55	Name=AluY	TRUE	Alu	UTR3
chr4:2839661:A:G	chr4:2839661:A:G	A:G	SH3BP2	UTR3	unknown	A;G;+;A||R||D;ALU;-;SINE/AluJr;UTR3;SH3BP2;-;-;UTR3;SH3BP2;-;-;UTR3;SH3BP2;-;-;-;2018;30;55	Name=AluJr	TRUE	Alu	UTR3
chr4:40530849:T:C	chr4:40530849:A:G	A:G	RBM47	intronic	unknown	T;C;-;A||R||D;ALU;-;SINE/AluJb;intronic;RBM47;-;-;intronic;RBM47;-;-;intronic;RBM47;-;-;-;30;8;9	Name=AluJb	TRUE	Alu	intronic
chr4:40530907:T:C	chr4:40530907:A:G	A:G	RBM47	intronic	unknown	T;C;-;A||R||D;ALU;-;SINE/AluJb;intronic;RBM47;-;-;intronic;RBM47;-;-;intronic;RBM47;-;-;-;26;6;7	Name=AluJb	TRUE	Alu	intronic
chr4:770973:T:C	chr4:770973:T:C	A:G	PCGF3	UTR3	unknown	T;C;-;A||R;ALU;-;SINE/AluSx1;ncRNA_intronic;RP11-440L14.1;-;-;downstream;PCGF3;-;-;downstream;DKFZp547K2416||PCGF3;-;-;-;793;30;53	Name=AluSx1	TRUE	Alu	UTR3
chr4:82932134:T:C	chr4:82932134:A:G	A:G	LIN54	intronic	unknown	.	Name=AluY	FALSE	Alu	intronic
chr4:85610329:A:G	chr4:85610329:A:G	A:G	ARHGAP24	intronic	unknown	A;G;+;A||R;ALU;-;SINE/AluY;intronic;ARHGAP24;-;-;intronic;ARHGAP24;-;-;intronic;ARHGAP24;-;-;-;7;7;7	Name=AluYj4	TRUE	Alu	intronic
chr4:140104657:T:C	chr4:140104657:A:G	A:G	MAML3	intronic	unknown	T;C;-;A||R;ALU;-;SINE/AluJb;intronic;MAML3;-;-;intronic;MAML3;-;-;intronic;MAML3;-;-;-;6;4;4	Name=AluJb	TRUE	Alu	intronic
chr4:140104662:T:C	chr4:140104662:A:G	A:G	MAML3	intronic	unknown	T;C;-;A||R;ALU;-;SINE/AluJb;intronic;MAML3;-;-;intronic;MAML3;-;-;intronic;MAML3;-;-;-;1;1;1	Name=AluJb	TRUE	Alu	intronic
chr4:140104725:T:C	chr4:140104725:A:G	A:G	MAML3	intronic	unknown	T;C;-;A;ALU;rs528486775;SINE/AluJb;intronic;MAML3;-;-;intronic;MAML3;-;-;intronic;MAML3;-;-;-;7;3;3	Name=AluJb	TRUE	Alu	intronic
chr4:165075637:T:C	chr4:165075637:A:G	A:G	TMEM192	UTR3	unknown	T;C;-;A||R;ALU;-;SINE/AluSg4;UTR3;TMEM192;-;-;downstream;TMEM192;-;-;downstream;TMEM192;-;-;-;1650;30;55	Name=AluSg4	TRUE	Alu	UTR3
chr4:165075659:T:C	chr4:165075659:A:G	A:G	TMEM192	UTR3	unknown	T;C;-;A||R;ALU;-;SINE/AluSg4;UTR3;TMEM192;-;-;downstream;TMEM192;-;-;downstream;TMEM192;-;-;-;1521;30;54	Name=AluSg4	TRUE	Alu	UTR3
chr4:165075919:T:C	chr4:165075919:A:G	A:G	TMEM192	UTR3	unknown	T;C;-;R;ALU;-;SINE/AluSx;UTR3;TMEM192;-;-;downstream;TMEM192;-;-;downstream;TMEM192;-;-;-;1810;30;53	Name=AluSx	TRUE	Alu	UTR3
chr4:165075952:T:C	chr4:165075952:A:G	A:G	TMEM192	UTR3	unknown	T;C;-;A||R||D;ALU;-;SINE/AluSx;UTR3;TMEM192;-;-;downstream;TMEM192;-;-;downstream;TMEM192;-;-;-;1412;30;54	Name=AluSx	TRUE	Alu	UTR3
chr4:165076997:T:C	chr4:165076997:A:G	A:G	TMEM192	UTR3	unknown	T;C;-;A||R;ALU;-;SINE/AluSx;UTR3;TMEM192;-;-;UTR3;TMEM192;-;-;UTR3;TMEM192;-;-;-;1242;30;55	Name=AluSx	TRUE	Alu	UTR3
chr4:165077000:T:C	chr4:165077000:A:G	A:G	TMEM192	UTR3	unknown	T;C;-;A||R;ALU;-;SINE/AluSx;UTR3;TMEM192;-;-;UTR3;TMEM192;-;-;UTR3;TMEM192;-;-;-;1451;30;55	Name=AluSx	TRUE	Alu	UTR3
chr4:165077502:T:C	chr4:165077502:A:G	A:G	TMEM192	UTR3	unknown	T;C;-;A||R||D;ALU;-;SINE/AluSg;UTR3;TMEM192;-;-;UTR3;TMEM192;-;-;UTR3;TMEM192;-;-;-;1477;30;54	Name=AluSg	TRUE	Alu	UTR3
chr4:39548938:T:C	chr4:39548938:T:C	A:G	UGDH-AS1	ncRNA
intronic	unknown	T;C;-;A||R||D;ALU;-;SINE/AluSx1;ncRNA_intronic;UGDH-AS1;-;-;ncRNA_intronic;MIR1273H||UGDH-AS1;-;-;ncRNA_intronic;UGDH-AS1;-;-;-;2096;30;55	Name=AluSx1	TRUE	Alu	ncRNA
chr4:73250518:T:C	chr4:73250518:A:G	A:G	ANKRD17	intronic	unknown	T;C;-;A||R;ALU;-;SINE/AluSz6;intronic;ANKRD17;-;-;intronic;ANKRD17;-;-;intronic;ANKRD17;-;-;-;9;7;7	Name=AluSz6	TRUE	Alu	intronic
chr4:105846921:A:G	chr4:105846921:A:G	A:G	GSTCD	UTR3	unknown	A;G;+;A||R||D;ALU;-;SINE/AluSq;UTR3;GSTCD;-;-;UTR3;GSTCD;-;-;UTR3;GSTCD;-;-;-;801;30;54	Name=AluSq	TRUE	Alu	UTR3
chr4:139046754:A:G	chr4:139046754:A:G	A:G	NOCT	downstream	unknown	A;G;+;R;ALU;-;SINE/AluY;intergenic;CCRN4L||RNU6-531P;-;-;downstream;NOCT;-;-;downstream;CCRN4L;-;-;-;201;24;41	Name=AluY	TRUE	Alu	downstream
chr4:147641791:A:G	chr4:147641791:T:C	A:G	PRMT9	intronic	unknown	A;G;+;A||R;ALU;-;SINE/AluJb;intronic;PRMT10||TMEM184C;-;-;intronic;PRMT9;-;-;intronic;PRMT10;-;-;-;8;6;6	Name=AluJb	TRUE	Alu	intronic
chr4:165076926:T:C	chr4:165076926:A:G	A:G	TMEM192	UTR3	unknown	T;C;-;A||R||D;ALU;-;SINE/AluSx;UTR3;TMEM192;-;-;UTR3;TMEM192;-;-;UTR3;TMEM192;-;-;-;1571;30;55	Name=AluSx	TRUE	Alu	UTR3
chr4:17603907:A:G	chr4:17603907:A:G	A:G	LAP3	intronic	unknown	A;G;+;A||R;ALU;-;SINE/AluSx;ncRNA_intronic;AC006160.5;-;-;intronic;LAP3;-;-;intronic;LAP3;-;-;-;25;12;13	Name=AluSx1	TRUE	Alu	intronic
chr4:17604233:A:G	chr4:17604233:A:G	A:G	LAP3	intronic	unknown	A;G;+;A||R;ALU;-;SINE/AluJb;ncRNA_intronic;AC006160.5;-;-;intronic;LAP3;-;-;intronic;LAP3;-;-;-;79;18;23	Name=AluJo	TRUE	Alu	intronic
chr4:184823781:T:C	chr4:184823781:A:G	A:G	ACSL1	intronic	unknown	T;C;-;A||R;NONREP;-;-/-;intronic;ACSL1;-;-;intronic;ACSL1;-;-;intronic;ACSL1;-;-;-;102;9;10	.	TRUE	None	intronic
chr4:3395085:A:G	chr4:3395085:A:G	A:G	RGS12	intronic	unknown	A;G;+;A||R||D;ALU;-;SINE/AluSz6;intronic;RGS12;-;-;intronic;RGS12;-;-;intronic;RGS12;-;-;-;12;5;7	Name=AluSz6	TRUE	Alu	intronic
chr4:39954260:T:C	chr4:39954260:A:G	A:G	PDS5A	intronic	unknown	T;C;-;A||R||D;ALU;-;SINE/AluJo;intronic;PDS5A;-;-;intronic;PDS5A;-;-;intronic;PDS5A;-;-;-;2;2;2	Name=AluJo	TRUE	Alu	intronic
chr4:40534745:T:C	chr4:40534745:A:G	A:G	RBM47	intronic	unknown	T;C;-;A||R||D;ALU;-;SINE/AluY;intronic;RBM47;-;-;intronic;RBM47;-;-;intronic;RBM47;-;-;480;119;5;4;4	Name=AluY	TRUE	Alu	intronic
chr4:40556485:T:C	chr4:40556485:A:G	A:G	RBM47	intronic	unknown	T;C;-;A||R||D;REP;-;SINE/FLAM_C;intronic;RBM47;-;-;intronic;RBM47;-;-;intronic;RBM47;-;-;-;3;2;2	Name=FLAM_C	TRUE	Other	intronic
chr4:41940688:A:G	chr4:41940688:A:G	A:G	TMEM33	intronic	unknown	A;G;+;A||R||D;ALU;-;SINE/AluSc8;intronic;TMEM33;-;-;intronic;TMEM33;-;-;intronic;TMEM33;-;-;-;27;9;11	Name=AluSc8	TRUE	Alu	intronic
chr4:55358433:A:G	chr4:55358433:A:G	A:G	SRD5A3	intronic	unknown	A;G;+;A||R;ALU;-;SINE/AluJb;intronic;SRD5A3;-;-;intronic;SRD5A3;-;-;intronic;SRD5A3;-;-;-;2;1;2	Name=AluJb	TRUE	Alu	intronic
chr4:56460147:A:G	chr4:56460147:A:G	A:G	PAICS	UTR3	unknown	A;G;+;A||R||D;ALU;-;SINE/AluJb;UTR3;PAICS;-;-;UTR3;PAICS;-;-;UTR3;PAICS;-;-;-;2298;30;55	Name=AluJr	TRUE	Alu	UTR3
chr4:56460149:A:G	chr4:56460149:A:G	A:G	PAICS	UTR3	unknown	A;G;+;A||R||D;ALU;-;SINE/AluJb;UTR3;PAICS;-;-;UTR3;PAICS;-;-;UTR3;PAICS;-;-;-;2369;30;55	Name=AluJr	TRUE	Alu	UTR3
chr4:105846789:A:G	chr4:105846789:A:G	A:G	GSTCD	UTR3	unknown	A;G;+;A||R||D;ALU;-;SINE/AluSq;UTR3;GSTCD;-;-;UTR3;GSTCD;-;-;UTR3;GSTCD;-;-;-;1356;30;54	Name=AluSq	TRUE	Alu	UTR3
chr4:184396685:T:C	chr4:184396685:A:G	A:G	IRF2	intronic	unknown	T;C;-;A||R;ALU;-;SINE/AluJo;intronic;IRF2;-;-;intronic;IRF2;-;-;intronic;IRF2;-;-;-;57;22;28	Name=AluJo	TRUE	Alu	intronic
chr4:2312079:T:C	chr4:2312079:A:G	A:G	ZFYVE28	intronic	unknown	T;C;-;A;ALU;-;SINE/AluSx3;ncRNA_intronic;RP11-478C1.7;-;-;intronic;ZFYVE28;-;-;intronic;ZFYVE28;-;-;-;50;9;16	Name=AluSx3	TRUE	Alu	intronic
chr4:2392042:T:C	chr4:2392042:A:G	A:G	ZFYVE28	intronic	unknown	T;C;-;A||R;ALU;-;SINE/AluSx1;intronic;ZFYVE28;-;-;intronic;ZFYVE28;-;-;intronic;ZFYVE28;-;-;-;3;3;3	Name=AluSx1	TRUE	Alu	intronic
chr4:2392072:T:C	chr4:2392072:A:G	A:G	ZFYVE28	intronic	unknown	T;C;-;A;ALU;rs528566630;SINE/AluSx1;intronic;ZFYVE28;-;-;intronic;ZFYVE28;-;-;intronic;ZFYVE28;-;-;-;2;2;2	Name=AluSx1	TRUE	Alu	intronic
chr4:40556533:T:C	chr4:40556533:A:G	A:G	RBM47	intronic	unknown	.	Name=MADE1	FALSE	Other	intronic
chr4:40565648:T:C	chr4:40565648:A:G	A:G	RBM47	intronic	unknown	T;C;-;A||R;REP;-;SINE/MIRb;intronic;RBM47;-;-;intronic;RBM47;-;-;intronic;RBM47;-;-;-;5;4;4	Name=MIRb	TRUE	Other	intronic
chr4:40567046:T:C	chr4:40567046:A:G	A:G	RBM47	intronic	unknown	T;C;-;A||D;NONREP;-;-/-;intronic;RBM47;-;-;intronic;RBM47;-;-;intronic;RBM47;-;-;-;4;2;2	.	TRUE	None	intronic
chr4:40567047:T:C	chr4:40567047:A:G	A:G	RBM47	intronic	unknown	T;C;-;A||D;NONREP;-;-/-;intronic;RBM47;-;-;intronic;RBM47;-;-;intronic;RBM47;-;-;-;4;2;2	.	TRUE	None	intronic
chr4:54040535:T:C	chr4:54040535:A:G	A:G	CHIC2	intronic	unknown	T;C;-;A||R;ALU;-;SINE/AluSq2;intronic;CHIC2||FIP1L1;-;-;intronic;CHIC2;-;-;intronic;CHIC2||PDGFRA;-;-;-;64;12;14	Name=AluSq2	TRUE	Alu	intronic
chr4:74373699:A:G	chr4:74373699:A:G	A:G	EREG	intronic	unknown	.	Name=(TA)n	FALSE	Simple
repeat	intronic
chr4:83257420:T:C	chr4:83257420:A:G	A:G	COQ2	downstream	unknown	.	Name=AluJb	FALSE	Alu	downstream
chr4:87353251:T:C	chr4:87353251:A:G	A:G	HSD17B11	intronic	unknown	T;C;-;A;REP;-;LINE/L1M5;intronic;HSD17B11;-;-;intronic;HSD17B11;-;-;intronic;HSD17B11;-;-;-;5;4;4	Name=L1ME4c	TRUE	LINE	intronic
chr4:88400295:A:G	chr4:88400295:A:G	A:G	HERC6	intronic	unknown	A;G;+;A;ALU;rs111682886;SINE/AluJo;intronic;HERC6;-;-;intronic;HERC6;-;-;intronic;HERC6;-;-;-;47;16;22	Name=AluJo	TRUE	Alu	intronic
chr4:88400302:A:G	chr4:88400302:A:G	A:G	HERC6	intronic	unknown	A;G;+;A||R;ALU;-;SINE/AluJo;intronic;HERC6;-;-;intronic;HERC6;-;-;intronic;HERC6;-;-;-;32;15;19	Name=AluJo	TRUE	Alu	intronic
chr4:88400335:A:G	chr4:88400335:A:G	A:G	HERC6	intronic	unknown	A;G;+;A||R||D;ALU;-;SINE/AluJo;intronic;HERC6;-;-;intronic;HERC6;-;-;intronic;HERC6;-;-;-;32;13;17	Name=AluJo	TRUE	Alu	intronic
chr4:123315920:A:G	chr4:123315920:A:G	A:G	SPATA5	UTR3	unknown	A;G;+;A||R||D;ALU;-;SINE/AluJr4;UTR3;SPATA5;-;-;UTR3;SPATA5;-;-;UTR3;SPATA5;-;-;-;284;29;48	Name=AluJr4	TRUE	Alu	UTR3
chr4:140104696:T:C	chr4:140104696:A:G	A:G	MAML3	intronic	unknown	T;C;-;A||R;ALU;-;SINE/AluJb;intronic;MAML3;-;-;intronic;MAML3;-;-;intronic;MAML3;-;-;-;6;3;4	Name=AluJb	TRUE	Alu	intronic
chr4:140104697:T:C	chr4:140104697:A:G	A:G	MAML3	intronic	unknown	T;C;-;A||R;ALU;-;SINE/AluJb;intronic;MAML3;-;-;intronic;MAML3;-;-;intronic;MAML3;-;-;-;6;3;3	Name=AluJb	TRUE	Alu	intronic
chr4:165075214:T:C	chr4:165075214:A:G	A:G	TMEM192	UTR3	unknown	T;C;-;A||R;ALU;-;SINE/AluSx;UTR3;TMEM192;-;-;downstream;TMEM192;-;-;downstream;TMEM192;-;-;-;1663;30;55	Name=AluSx	TRUE	Alu	UTR3
chr4:165075926:T:C	chr4:165075926:A:G	A:G	TMEM192	UTR3	unknown	T;C;-;A||R;ALU;rs755450495;SINE/AluSx;UTR3;TMEM192;-;-;downstream;TMEM192;-;-;downstream;TMEM192;-;-;-;1040;30;54	Name=AluSx	TRUE	Alu	UTR3
chr4:165075927:T:C	chr4:165075927:A:G	A:G	TMEM192	UTR3	unknown	T;C;-;A||R;ALU;-;SINE/AluSx;UTR3;TMEM192;-;-;downstream;TMEM192;-;-;downstream;TMEM192;-;-;-;1248;30;54	Name=AluSx	TRUE	Alu	UTR3
chr4:184396934:T:C	chr4:184396934:A:G	A:G	IRF2	intronic	unknown	T;C;-;A||R||D;ALU;-;SINE/AluSz6;intronic;IRF2;-;-;intronic;IRF2;-;-;intronic;IRF2;-;-;-;76;24;31	Name=AluSz6	TRUE	Alu	intronic
chr4:2938358:T:C	chr4:2938358:T:C	A:G	NOP14-AS1	ncRNA
intronic	unknown	T;C;-;A||R||D;ALU;-;SINE/AluSp;ncRNA_intronic;NOP14-AS1;-;-;ncRNA_intronic;NOP14-AS1;-;-;ncRNA_intronic;AB000466||NOP14-AS1;-;-;-;2501;30;55	Name=AluSp	TRUE	Alu	ncRNA
chr4:382085:A:G	chr4:382085:A:G	A:G	ZNF141	UTR3	unknown	A;G;+;R;ALU;-;SINE/AluY;intronic;ZNF141;-;-;intergenic;ZNF141||ABCA11P;-;-;intronic;ZNF141;-;-;-;336;29;50	Name=AluY	TRUE	Alu	UTR3
chr4:105846795:A:G	chr4:105846795:A:G	A:G	GSTCD	UTR3	unknown	A;G;+;A||R||D;ALU;-;SINE/AluSq;UTR3;GSTCD;-;-;UTR3;GSTCD;-;-;UTR3;GSTCD;-;-;-;711;30;54	Name=AluSq	TRUE	Alu	UTR3
chr4:2312182:T:C	chr4:2312182:A:G	A:G	ZFYVE28	intronic	unknown	T;C;-;A||R;ALU;-;SINE/AluJo;ncRNA_intronic;RP11-478C1.7;-;-;intronic;ZFYVE28;-;-;intronic;ZFYVE28;-;-;-;38;9;13	Name=AluJb	TRUE	Alu	intronic
chr4:40523143:T:C	chr4:40523143:A:G	A:G	RBM47	intronic	unknown	T;C;-;A||R||D;ALU;-;SINE/AluSz;intronic;RBM47;-;-;intronic;RBM47;-;-;intronic;RBM47;-;-;-;2;1;1	Name=AluSz	TRUE	Alu	intronic
chr4:105846161:A:G	chr4:105846161:A:G	A:G	GSTCD	UTR3	unknown	A;G;+;A||R||D;ALU;-;SINE/AluJb;UTR3;GSTCD;-;-;UTR3;GSTCD;-;-;UTR3;GSTCD;-;-;-;975;30;55	Name=AluJb	TRUE	Alu	UTR3
chr4:2421860:A:G	chr4:2421860:A:G	A:G	CFAP99	intronic	unknown	A;G;+;A||R;ALU;-;SINE/AluJr;ncRNA_intronic;RP11-503N18.1;-;-;intronic;CFAP99;-;-;intronic;LOC402160;-;-;-;1;1;1	Name=AluJr	TRUE	Alu	intronic
chr4:40609602:T:C	chr4:40609602:A:G	A:G	RBM47	intronic	unknown	T;C;-;A||R;ALU;-;SINE/AluSx1;intronic;RBM47;-;-;intronic;RBM47;-;-;intronic;RBM47;-;-;-;3;3;3	Name=AluSx1	TRUE	Alu	intronic
chr4:55370822:A:G	chr4:55370822:T:C	A:G	SRD5A3-AS1	ncRNA
intronic	unknown	A;G;+;A||R;ALU;-;SINE/AluJb;ncRNA_intronic;SRD5A3-AS1;-;-;ncRNA_intronic;SRD5A3-AS1;-;-;ncRNA_intronic;SRD5A3-AS1;-;-;-;867;29;52	Name=AluJb	TRUE	Alu	ncRNA
chr4:122919314:T:C	chr4:122919314:A:G	A:G	NUDT6	intronic	unknown	T;C;-;A||R||D;ALU;-;SINE/AluSc;intronic;NUDT6;-;-;intronic;NUDT6;-;-;intronic;NUDT6;-;-;-;287;29;46	Name=AluSc	TRUE	Alu	intronic
chr4:382153:A:G	chr4:382153:A:G	A:G	ZNF141	UTR3	unknown	A;G;+;A||R;ALU;-;SINE/AluY;intronic;ZNF141;-;-;intergenic;ZNF141||ABCA11P;-;-;intronic;ZNF141;-;-;-;609;30;52	Name=AluY	TRUE	Alu	UTR3
chr4:152314184:T:C	chr4:152314184:A:G	A:G	FBXW7	downstream	unknown	T;C;-;R;ALU;-;SINE/AluSq;intergenic;RP11-461L13.4||RP11-461L13.5;-;-;intergenic;LOC100996286||FBXW7;-;-;intergenic;BC040914||FBXW7;-;-;-;1;1;1	Name=AluSq	TRUE	Alu	downstream
chr4:140104193:T:C	chr4:140104193:A:G	A:G	MAML3	intronic	unknown	T;C;-;A;ALU;-;SINE/AluJb;intronic;MAML3;-;-;intronic;MAML3;-;-;intronic;MAML3;-;-;-;6;3;3	Name=AluJb	TRUE	Alu	intronic
chr4:140104219:T:C	chr4:140104219:A:G	A:G	MAML3	intronic	unknown	T;C;-;A||R;ALU;-;SINE/AluJb;intronic;MAML3;-;-;intronic;MAML3;-;-;intronic;MAML3;-;-;-;4;3;3	Name=AluJb	TRUE	Alu	intronic
chr4:165077704:T:C	chr4:165077704:A:G	A:G	TMEM192	UTR3	unknown	T;C;-;A||R||D;ALU;-;SINE/AluSg;UTR3;TMEM192;-;-;UTR3;TMEM192;-;-;UTR3;TMEM192;-;-;-;1225;30;54	Name=AluSg	TRUE	Alu	UTR3
chr4:55371732:A:G	chr4:55371732:T:C	A:G	SRD5A3-AS1	ncRNA
intronic	unknown	A;G;+;A||R;ALU;-;SINE/AluSx;ncRNA_intronic;SRD5A3-AS1;-;-;ncRNA_intronic;SRD5A3-AS1;-;-;ncRNA_intronic;SRD5A3-AS1;-;-;-;1304;30;53	Name=AluSx	TRUE	Alu	ncRNA
chr4:55911390:T:C	chr4:55911390:T:C	A:G	EXOC1	downstream	unknown	.	Name=AluJr	FALSE	Alu	downstream
chr4:6807085:A:G	chr4:6807085:A:G	A:G	KIAA0232	intronic	unknown	A;G;+;R;REP;-;SINE/FLAM_C;intronic;KIAA0232;-;-;intronic;KIAA0232;-;-;intronic;KIAA0232;-;-;-;3;2;2	Name=FLAM_A	TRUE	Other	intronic
chr4:158779631:A:G	chr4:158779631:A:G	A:G	FNIP2	intronic	unknown	A;G;+;A||R||D;ALU;-;SINE/AluJb;intronic;FNIP2;-;-;intronic;FNIP2;-;-;intronic;FNIP2;-;-;-;11;4;4	Name=AluJb	TRUE	Alu	intronic
chr4:83294914:T:C	chr4:83294914:A:G	A:G	HPSE	UTR3	unknown	T;C;-;A||R;ALU;-;SINE/AluSx;UTR3;HPSE;-;-;UTR3;HPSE;-;-;UTR3;HPSE;-;-;-;368;24;37	Name=AluSz	TRUE	Alu	UTR3
chr4:55370751:A:G	chr4:55370751:T:C	A:G	SRD5A3-AS1	ncRNA
intronic	unknown	A;G;+;A||R;ALU;-;SINE/AluJb;ncRNA_intronic;SRD5A3-AS1;-;-;ncRNA_intronic;SRD5A3-AS1;-;-;ncRNA_intronic;SRD5A3-AS1;-;-;-;913;29;52	Name=AluJb	TRUE	Alu	ncRNA
chr4:83294884:T:C	chr4:83294884:A:G	A:G	HPSE	UTR3	unknown	T;C;-;A||R;ALU;-;SINE/AluSx;UTR3;HPSE;-;-;UTR3;HPSE;-;-;UTR3;HPSE;-;-;-;371;23;35	Name=AluSz	TRUE	Alu	UTR3
chr4:2938644:T:C	chr4:2938644:T:C	A:G	NOP14-AS1	ncRNA
intronic	unknown	T;C;-;A||R||D;ALU;-;SINE/AluJo;ncRNA_intronic;NOP14-AS1;-;-;ncRNA_intronic;NOP14-AS1;-;-;ncRNA_intronic;AB000466||NOP14-AS1;-;-;-;2487;30;55	Name=AluJo	TRUE	Alu	ncRNA
chr4:2938670:T:C	chr4:2938670:T:C	A:G	NOP14-AS1	ncRNA
intronic	unknown	T;C;-;A||R||D;ALU;-;SINE/AluJo;ncRNA_intronic;NOP14-AS1;-;-;ncRNA_intronic;NOP14-AS1;-;-;ncRNA_intronic;AB000466||NOP14-AS1;-;-;-;2478;30;55	Name=AluJo	TRUE	Alu	ncRNA
chr4:7582601:A:G	chr4:7582601:A:G	A:G	SORCS2	intronic	unknown	.	Name=LSU-rRNA_Hsa	FALSE	Other	intronic
chr4:153308180:G:A	chr4:153308180:C:T	C:T	ANXA2P1	ncRNA
exonic	unknown	.	.	FALSE	None	ncRNA
chr4:102511403:A:G	chr4:102511403:A:G	A:G	NFKB1	intronic	unknown	A;G;+;A||R||D;ALU;-;SINE/AluJo;intronic;NFKB1;-;-;intronic;NFKB1;-;-;intronic;NFKB1;-;-;-;7;5;5	Name=AluJo	TRUE	Alu	intronic
chr4:184781055:T:C	chr4:184781055:A:G	A:G	ACSL1	intronic	unknown	T;C;-;A||R||D;ALU;-;SINE/AluSz;intronic;ACSL1;-;-;intronic;ACSL1;-;-;intronic;ACSL1;-;-;-;265;20;26	Name=AluSz	TRUE	Alu	intronic
chr4:2421946:A:G	chr4:2421946:A:G	A:G	CFAP99	intronic	unknown	.	Name=AluJr	FALSE	Alu	intronic
chr4:40449961:T:C	chr4:40449961:A:G	A:G	RBM47	intronic	unknown	T;C;-;A||R||D;ALU;-;SINE/AluSz;intronic;RBM47;-;-;intronic;RBM47;-;-;intronic;RBM47;-;-;-;10;4;4	Name=AluSz	TRUE	Alu	intronic
chr4:2421455:A:G	chr4:2421455:A:G	A:G	CFAP99	intronic	unknown	.	Name=AluSx1	FALSE	Alu	intronic
chr4:2421458:A:G	chr4:2421458:A:G	A:G	CFAP99	intronic	unknown	.	Name=AluSx1	FALSE	Alu	intronic
chr5:151268183:A:G	chr5:151268183:A:G	A:G	GM2A	UTR3	unknown	A;G;+;A||R||D;ALU;-;SINE/AluSc;UTR3;GM2A;-;-;UTR3;GM2A;-;-;UTR3;GM2A;-;-;-;1297;30;53	Name=AluSc	TRUE	Alu	UTR3
chr5:157090250:T:C	chr5:157090250:A:G	A:G	HAVCR2	intronic	unknown	T;C;-;R||D;ALU;-;SINE/AluJb;intronic;HAVCR2;-;-;intronic;HAVCR2;-;-;intronic;HAVCR2;-;-;-;60;9;14	Name=AluJr	TRUE	Alu	intronic
chr5:157090658:T:C	chr5:157090658:A:G	A:G	HAVCR2	intronic	unknown	T;C;-;A;ALU;-;SINE/AluJb;intronic;HAVCR2;-;-;intronic;HAVCR2;-;-;intronic;HAVCR2;-;-;-;66;12;14	Name=AluJr	TRUE	Alu	intronic
chr5:157477957:T:C	chr5:157477957:A:G	A:G	ADAM19	UTR3	unknown	T;C;-;A||R||D;REP;-;LTR/MER92B;UTR3;ADAM19;-;-;UTR3;ADAM19;-;-;ncRNA_exonic;AL049415;-;-;-;1736;30;53	Name=MER92B	TRUE	Other	UTR3
chr5:180835373:A:G	chr5:180835373:A:G	A:G	LINC00847	ncRNA
exonic	unknown	A;G;+;A||R||D;REP;-;LTR/MLT2B3;ncRNA_exonic;LINC00847;-;-;ncRNA_exonic;LINC00847;-;-;ncRNA_exonic;LINC00847;-;-;-;2491;30;55	Name=MLT2B3	TRUE	Other	ncRNA
chr5:36645455:A:G	chr5:36645455:A:G	A:G	SLC1A3	intronic	unknown	A;G;+;A||R;ALU;-;SINE/AluSg7;intronic;SLC1A3;-;-;intronic;SLC1A3;-;-;intronic;SLC1A3;-;-;-;5;3;4	Name=AluSg7	TRUE	Alu	intronic
chr5:39264170:T:C	chr5:39264170:A:G	A:G	FYB1	intronic	unknown	T;C;-;R||D;NONREP;-;-/-;intronic;FYB;-;-;intronic;FYB;-;-;intronic;FYB;-;-;-;4;3;3	.	TRUE	None	intronic
chr5:65668091:T:C	chr5:65668091:A:G	A:G	SGTB	UTR3	unknown	T;C;-;A||R;ALU;-;SINE/AluSx1;UTR3;SGTB;-;-;UTR3;SGTB;-;-;UTR3;SGTB;-;-;-;489;24;45	Name=AluSx1	TRUE	Alu	UTR3
chr5:65668856:T:C	chr5:65668856:A:G	A:G	SGTB	UTR3	unknown	T;C;-;A||R||D;ALU;-;SINE/AluSx;UTR3;SGTB;-;-;UTR3;SGTB;-;-;UTR3;SGTB;-;-;-;634;26;47	Name=AluSx1	TRUE	Alu	UTR3
chr5:91310190:T:C	chr5:91310190:A:G	A:G	LUCAT1	ncRNA
intronic	unknown	T;C;-;R;ALU;-;SINE/AluJb;downstream;LUCAT1;-;-;ncRNA_intronic;LUCAT1;-;-;downstream;AK091866;-;-;-;254;18;24	Name=AluJb	TRUE	Alu	ncRNA
chr5:91310291:T:C	chr5:91310291:A:G	A:G	LUCAT1	ncRNA
intronic	unknown	T;C;-;R;ALU;-;SINE/AluJb;downstream;LUCAT1;-;-;ncRNA_intronic;LUCAT1;-;-;downstream;AK091866;-;-;-;252;18;22	Name=AluJb	TRUE	Alu	ncRNA
chr5:119324972:A:G	chr5:119324972:A:G	A:G	TNFAIP8	intronic	unknown	A;G;+;R||D;ALU;-;SINE/AluJr;intronic;TNFAIP8;-;-;intronic;TNFAIP8;-;-;intronic;TNFAIP8;-;-;-;5;3;3	Name=AluJr	TRUE	Alu	intronic
chr5:119394816:A:G	chr5:119394816:A:G	A:G	TNFAIP8	UTR3	unknown	A;G;+;R;ALU;-;SINE/AluSz;UTR3;TNFAIP8;-;-;downstream;TNFAIP8;-;-;downstream;TNFAIP8;-;-;-;133;17;23	Name=AluSz	TRUE	Alu	UTR3
chr5:119394869:A:G	chr5:119394869:A:G	A:G	TNFAIP8	UTR3	unknown	A;G;+;A||R;ALU;-;SINE/AluSz;UTR3;TNFAIP8;-;-;downstream;TNFAIP8;-;-;downstream;TNFAIP8;-;-;-;178;18;27	Name=AluSz	TRUE	Alu	UTR3
chr5:119396807:A:G	chr5:119396807:A:G	A:G	TNFAIP8	UTR3	unknown	A;G;+;A||R;ALU;-;SINE/AluSq;UTR3;TNFAIP8;-;-;intergenic;TNFAIP8||HSD17B4;-;-;intergenic;TNFAIP8||HSD17B4;-;-;-;205;21;30	Name=AluSq	TRUE	Alu	UTR3
chr5:126626338:A:G	chr5:126626338:A:G	A:G	PHAX	UTR3	unknown	A;G;+;A||R||D;ALU;-;SINE/AluSx;UTR3;PHAX;-;-;UTR3;PHAX;-;-;UTR3;PHAX;-;-;-;1927;30;54	Name=AluSz	TRUE	Alu	UTR3
chr5:147770339:T:C	chr5:147770339:A:G	A:G	JAKMIP2	intronic	unknown	T;C;-;A;NONREP;-;-/-;intronic;JAKMIP2;-;-;intronic;JAKMIP2;-;-;intronic;JAKMIP2;-;-;-;9;2;3	.	TRUE	None	intronic
chr5:147770340:T:C	chr5:147770340:A:G	A:G	JAKMIP2	intronic	unknown	T;C;-;A;NONREP;-;-/-;intronic;JAKMIP2;-;-;intronic;JAKMIP2;-;-;intronic;JAKMIP2;-;-;-;1;1;1	.	TRUE	None	intronic
chr5:157477914:T:C	chr5:157477914:A:G	A:G	ADAM19	UTR3	unknown	T;C;-;A||R||D;REP;-;LTR/MER92B;UTR3;ADAM19;-;-;UTR3;ADAM19;-;-;ncRNA_exonic;AL049415;-;-;-;2133;30;54	Name=MER92B	TRUE	Other	UTR3
chr5:157477942:T:C	chr5:157477942:A:G	A:G	ADAM19	UTR3	unknown	T;C;-;A||R||D;REP;-;LTR/MER92B;UTR3;ADAM19;-;-;UTR3;ADAM19;-;-;ncRNA_exonic;AL049415;-;-;-;2035;30;53	Name=MER92B	TRUE	Other	UTR3
chr5:172900491:A:G	chr5:172900491:A:G	A:G	ERGIC1	intronic	unknown	A;G;+;A||R||D;ALU;-;SINE/AluJo;intronic;ERGIC1;-;-;intronic;ERGIC1;-;-;intronic;ERGIC1;-;-;-;53;12;14	Name=AluJr	TRUE	Alu	intronic
chr5:37290233:T:C	chr5:37290233:A:G	A:G	NUP155	UTR3	unknown	T;C;-;A||R||D;ALU;-;SINE/AluSz;UTR3;NUP155;-;-;intergenic;C5orf42||NUP155;-;-;intergenic;C5orf42||NUP155;-;-;-;1435;30;55	Name=AluSz	TRUE	Alu	UTR3
chr5:37290365:T:C	chr5:37290365:A:G	A:G	NUP155	UTR3	unknown	T;C;-;A||R||D;ALU;-;SINE/AluSz;UTR3;NUP155;-;-;intergenic;C5orf42||NUP155;-;-;intergenic;C5orf42||NUP155;-;-;-;1663;30;55	Name=AluSz	TRUE	Alu	UTR3
chr5:65668029:T:C	chr5:65668029:A:G	A:G	SGTB	UTR3	unknown	T;C;-;A||R;ALU;-;SINE/AluSx1;UTR3;SGTB;-;-;UTR3;SGTB;-;-;UTR3;SGTB;-;-;-;155;11;27	Name=AluSx1	TRUE	Alu	UTR3
chr5:65668049:T:C	chr5:65668049:A:G	A:G	SGTB	UTR3	unknown	T;C;-;A||R||D;ALU;-;SINE/AluSx1;UTR3;SGTB;-;-;UTR3;SGTB;-;-;UTR3;SGTB;-;-;-;133;13;29	Name=AluSx1	TRUE	Alu	UTR3
chr5:65668117:T:C	chr5:65668117:A:G	A:G	SGTB	UTR3	unknown	T;C;-;A||R||D;ALU;-;SINE/AluSx1;UTR3;SGTB;-;-;UTR3;SGTB;-;-;UTR3;SGTB;-;-;-;865;27;51	Name=AluSx1	TRUE	Alu	UTR3
chr5:65668135:T:C	chr5:65668135:A:G	A:G	SGTB	UTR3	unknown	T;C;-;A||R||D;ALU;-;SINE/AluSx1;UTR3;SGTB;-;-;UTR3;SGTB;-;-;UTR3;SGTB;-;-;-;463;25;45	Name=AluSx1	TRUE	Alu	UTR3
chr5:65668203:T:C	chr5:65668203:A:G	A:G	SGTB	UTR3	unknown	T;C;-;A||R||D;ALU;-;SINE/AluSx1;UTR3;SGTB;-;-;UTR3;SGTB;-;-;UTR3;SGTB;-;-;-;606;28;51	Name=AluSx1	TRUE	Alu	UTR3
chr5:65668225:T:C	chr5:65668225:A:G	A:G	SGTB	UTR3	unknown	T;C;-;A||R;ALU;-;SINE/AluSx1;UTR3;SGTB;-;-;UTR3;SGTB;-;-;UTR3;SGTB;-;-;-;599;28;51	Name=AluSx1	TRUE	Alu	UTR3
chr5:65668226:T:C	chr5:65668226:A:G	A:G	SGTB	UTR3	unknown	T;C;-;A||R;ALU;-;SINE/AluSx1;UTR3;SGTB;-;-;UTR3;SGTB;-;-;UTR3;SGTB;-;-;-;517;27;49	Name=AluSx1	TRUE	Alu	UTR3
chr5:65668353:T:C	chr5:65668353:A:G	A:G	SGTB	UTR3	unknown	T;C;-;A||R;ALU;-;SINE/AluSx;UTR3;SGTB;-;-;UTR3;SGTB;-;-;UTR3;SGTB;-;-;-;1424;29;53	Name=AluSx1	TRUE	Alu	UTR3
chr5:65668365:T:C	chr5:65668365:A:G	A:G	SGTB	UTR3	unknown	T;C;-;A||R;ALU;-;SINE/AluSx;UTR3;SGTB;-;-;UTR3;SGTB;-;-;UTR3;SGTB;-;-;-;1085;29;53	Name=AluSx1	TRUE	Alu	UTR3
chr5:65668392:T:C	chr5:65668392:A:G	A:G	SGTB	UTR3	unknown	T;C;-;A||R;ALU;-;SINE/AluSx;UTR3;SGTB;-;-;UTR3;SGTB;-;-;UTR3;SGTB;-;-;-;1211;29;54	Name=AluSx1	TRUE	Alu	UTR3
chr5:65668487:T:C	chr5:65668487:A:G	A:G	SGTB	UTR3	unknown	T;C;-;A||R;ALU;-;SINE/AluSc;UTR3;SGTB;-;-;UTR3;SGTB;-;-;UTR3;SGTB;-;-;-;743;29;52	Name=AluSc	TRUE	Alu	UTR3
chr5:65668499:T:C	chr5:65668499:A:G	A:G	SGTB	UTR3	unknown	T;C;-;A||R;ALU;-;SINE/AluSc;UTR3;SGTB;-;-;UTR3;SGTB;-;-;UTR3;SGTB;-;-;-;308;24;44	Name=AluSc	TRUE	Alu	UTR3
chr5:65668575:T:C	chr5:65668575:A:G	A:G	SGTB	UTR3	unknown	T;C;-;A||R;ALU;-;SINE/AluSc;UTR3;SGTB;-;-;UTR3;SGTB;-;-;UTR3;SGTB;-;-;-;712;28;51	Name=AluSc	TRUE	Alu	UTR3
chr5:65668617:T:C	chr5:65668617:A:G	A:G	SGTB	UTR3	unknown	T;C;-;A||R;ALU;-;SINE/AluSc;UTR3;SGTB;-;-;UTR3;SGTB;-;-;UTR3;SGTB;-;-;-;525;27;47	Name=AluSc	TRUE	Alu	UTR3
chr5:65668658:T:C	chr5:65668658:A:G	A:G	SGTB	UTR3	unknown	T;C;-;A||R;ALU;-;SINE/AluSc;UTR3;SGTB;-;-;UTR3;SGTB;-;-;UTR3;SGTB;-;-;-;153;12;26	Name=AluSc	TRUE	Alu	UTR3
chr5:65668659:T:C	chr5:65668659:A:G	A:G	SGTB	UTR3	unknown	T;C;-;A||R;ALU;-;SINE/AluSc;UTR3;SGTB;-;-;UTR3;SGTB;-;-;UTR3;SGTB;-;-;-;250;19;34	Name=AluSc	TRUE	Alu	UTR3
chr5:65668694:T:C	chr5:65668694:A:G	A:G	SGTB	UTR3	unknown	T;C;-;A||R;ALU;-;SINE/AluSc;UTR3;SGTB;-;-;UTR3;SGTB;-;-;UTR3;SGTB;-;-;-;72;11;24	Name=AluSc	TRUE	Alu	UTR3
chr5:65668875:T:C	chr5:65668875:A:G	A:G	SGTB	UTR3	unknown	T;C;-;A||R||D;ALU;-;SINE/AluSx;UTR3;SGTB;-;-;UTR3;SGTB;-;-;UTR3;SGTB;-;-;-;854;28;52	Name=AluSx1	TRUE	Alu	UTR3
chr5:65668891:T:C	chr5:65668891:A:G	A:G	SGTB	UTR3	unknown	T;C;-;A||R||D;ALU;-;SINE/AluSx;UTR3;SGTB;-;-;UTR3;SGTB;-;-;UTR3;SGTB;-;-;-;821;27;50	Name=AluSx1	TRUE	Alu	UTR3
chr5:70453892:A:G	chr5:70453892:T:C	A:G	GUSBP3	ncRNA
intronic	unknown	A;G;+;R;ALU;-;SINE/AluSg;intergenic;RP11-497H16.9||RP11-497H16.7;-;-;ncRNA_intronic;GUSBP3;-;-;ncRNA_intronic;SMA5;-;-;-;574;29;52	Name=AluSg	TRUE	Alu	ncRNA
chr5:91310761:T:C	chr5:91310761:A:G	A:G	LUCAT1	ncRNA
intronic	unknown	T;C;-;A||R;ALU;-;SINE/AluSx;downstream;LUCAT1;-;-;ncRNA_intronic;LUCAT1;-;-;downstream;AK091866;-;-;-;240;17;22	Name=AluSx	TRUE	Alu	ncRNA
chr5:108899542:T:C	chr5:108899542:T:C	A:G	FER	intronic	unknown	.	Name=AluSc5	FALSE	Alu	intronic
chr5:119394655:A:G	chr5:119394655:A:G	A:G	TNFAIP8	UTR3	unknown	A;G;+;A||R||D;ALU;-;SINE/AluSz;UTR3;TNFAIP8;-;-;downstream;TNFAIP8;-;-;downstream;TNFAIP8;-;-;-;51;11;15	Name=AluSz	TRUE	Alu	UTR3
chr5:119394681:A:G	chr5:119394681:A:G	A:G	TNFAIP8	UTR3	unknown	A;G;+;R;ALU;-;SINE/AluSz;UTR3;TNFAIP8;-;-;downstream;TNFAIP8;-;-;downstream;TNFAIP8;-;-;-;17;7;9	Name=AluSz	TRUE	Alu	UTR3
chr5:134915712:A:G	chr5:134915712:A:G	A:G	PCBD2	intronic	unknown	A;G;+;A||R||D;ALU;-;SINE/AluJb;intronic;PCBD2;-;-;intronic;PCBD2;-;-;intronic;PCBD2;-;-;-;7;4;4	Name=AluJb	TRUE	Alu	intronic
chr5:60907517:T:C	chr5:60907517:A:G	A:G	ERCC8	intronic	unknown	T;C;-;A||R||D;ALU;-;SINE/AluSx1;intronic;ERCC8;-;-;intronic;ERCC8;-;-;intronic;ERCC8;-;-;-;27;13;15	Name=AluSx1	TRUE	Alu	intronic
chr5:65668067:T:C	chr5:65668067:A:G	A:G	SGTB	UTR3	unknown	T;C;-;A||R;ALU;-;SINE/AluSx1;UTR3;SGTB;-;-;UTR3;SGTB;-;-;UTR3;SGTB;-;-;-;347;19;36	Name=AluSx1	TRUE	Alu	UTR3
chr5:65668796:T:C	chr5:65668796:A:G	A:G	SGTB	UTR3	unknown	T;C;-;A||R||D;ALU;-;SINE/AluSx;UTR3;SGTB;-;-;UTR3;SGTB;-;-;UTR3;SGTB;-;-;-;629;25;47	Name=AluSx1	TRUE	Alu	UTR3
chr5:65668800:T:C	chr5:65668800:A:G	A:G	SGTB	UTR3	unknown	T;C;-;A||R||D;ALU;-;SINE/AluSx;UTR3;SGTB;-;-;UTR3;SGTB;-;-;UTR3;SGTB;-;-;-;372;25;46	Name=AluSx1	TRUE	Alu	UTR3
chr5:80546247:A:G	chr5:80546247:A:G	A:G	FAM151B	downstream	unknown	A;G;+;A||R;ALU;-;SINE/AluSx;intergenic;FAM151B||ANKRD34B;-;-;intergenic;FAM151B||ANKRD34B;-;-;intergenic;FAM151B||ANKRD34B;-;-;-;424;28;50	Name=AluSx	TRUE	Alu	downstream
chr5:80546427:A:G	chr5:80546427:A:G	A:G	FAM151B	downstream	unknown	A;G;+;A||R;ALU;-;SINE/AluSx3;intergenic;FAM151B||ANKRD34B;-;-;intergenic;FAM151B||ANKRD34B;-;-;intergenic;FAM151B||ANKRD34B;-;-;-;297;27;47	Name=AluSx3	TRUE	Alu	downstream
chr5:80546446:A:G	chr5:80546446:A:G	A:G	FAM151B	downstream	unknown	A;G;+;A||R;ALU;-;SINE/AluSx3;intergenic;FAM151B||ANKRD34B;-;-;intergenic;FAM151B||ANKRD34B;-;-;intergenic;FAM151B||ANKRD34B;-;-;-;341;26;45	Name=AluSx3	TRUE	Alu	downstream
chr5:81217814:C:T	chr5:81217814:C:T	C:T	RASGRF2	intronic	unknown	.	Name=AluY	FALSE	Alu	intronic
chr5:91305434:T:C	chr5:91305434:A:G	A:G	LUCAT1	ncRNA
intronic	unknown	T;C;-;A||R;ALU;-;SINE/AluJo;intergenic;RP11-213H15.1||LUCAT1;-;-;ncRNA_intronic;LUCAT1;-;-;intergenic;Metazoa_SRP||AK091866;-;-;-;144;12;12	Name=AluJo	TRUE	Alu	ncRNA
chr5:115838956:T:C	chr5:115838956:A:G	A:G	ATG12	intronic	unknown	T;C;-;A||R||D;ALU;-;SINE/AluSz;intronic;ATG12;-;-;intronic;ATG12;-;-;intronic;ATG12;-;-;-;585;29;47	Name=AluSz	TRUE	Alu	intronic
chr5:134910168:A:G	chr5:134910168:A:G	A:G	PCBD2	intronic	unknown	A;G;+;A||R;NONREP;-;-/-;intronic;PCBD2;-;-;intronic;PCBD2;-;-;intronic;PCBD2;-;-;-;79;20;26	.	TRUE	None	intronic
chr5:157477823:T:C	chr5:157477823:A:G	A:G	ADAM19	UTR3	unknown	T;C;-;A||R||D;REP;-;LTR/MER92B;UTR3;ADAM19;-;-;UTR3;ADAM19;-;-;ncRNA_exonic;AL049415;-;-;-;2211;30;54	Name=MER92B	TRUE	Other	UTR3
chr5:50747853:A:G	chr5:50747853:A:G	A:G	PARP8	intronic	unknown	A;G;+;R;ALU;-;SINE/AluYc;intronic;PARP8;-;-;intronic;PARP8;-;-;intronic;PARP8;-;-;-;7;4;5	Name=AluYc	TRUE	Alu	intronic
chr5:57181214:A:G	chr5:57181214:A:G	A:G	GPBP1	intronic	unknown	A;G;+;A||R||D;ALU;-;SINE/AluJr4;intronic;GPBP1;-;-;intronic;GPBP1;-;-;intronic;GPBP1;-;-;-;5;3;3	Name=AluJr4	TRUE	Alu	intronic
chr5:80546367:A:G	chr5:80546367:A:G	A:G	FAM151B	downstream	unknown	A;G;+;A||R;ALU;-;SINE/AluSx3;intergenic;FAM151B||ANKRD34B;-;-;intergenic;FAM151B||ANKRD34B;-;-;intergenic;FAM151B||ANKRD34B;-;-;-;317;27;48	Name=AluSx3	TRUE	Alu	downstream
chr5:80546373:A:G	chr5:80546373:A:G	A:G	FAM151B	downstream	unknown	A;G;+;A||R;ALU;-;SINE/AluSx3;intergenic;FAM151B||ANKRD34B;-;-;intergenic;FAM151B||ANKRD34B;-;-;intergenic;FAM151B||ANKRD34B;-;-;-;231;26;46	Name=AluSx3	TRUE	Alu	downstream
chr5:80546374:A:G	chr5:80546374:A:G	A:G	FAM151B	downstream	unknown	A;G;+;A||R;ALU;-;SINE/AluSx3;intergenic;FAM151B||ANKRD34B;-;-;intergenic;FAM151B||ANKRD34B;-;-;intergenic;FAM151B||ANKRD34B;-;-;-;173;26;44	Name=AluSx3	TRUE	Alu	downstream
chr5:134968640:A:G	chr5:134968640:A:G	A:G	CATSPER3	intronic	unknown	A;G;+;A||R||D;ALU;-;SINE/AluSz;UTR3;PCBD2;-;-;intronic;CATSPER3;-;-;intronic;CATSPER3;-;-;-;132;24;31	Name=AluSz	TRUE	Alu	intronic
chr5:141979788:A:G	chr5:141979788:A:G	A:G	RNF14	intronic	unknown	A;G;+;A||R;ALU;-;SINE/AluJr;ncRNA_intronic;AC005740.5;-;-;intronic;RNF14;-;-;intronic;RNF14;-;-;-;69;20;28	Name=AluJr	TRUE	Alu	intronic
chr5:150774791:T:C	chr5:150774791:T:C	A:G	SMIM3	upstream	unknown	T;C;-;R;ALU;-;SINE/AluSx;intergenic;DCTN4||SMIM3;-;-;intergenic;DCTN4||SMIM3;-;-;intergenic;DCTN4||SMIM3;-;-;-;30;13;15	Name=AluSx	TRUE	Alu	upstream
chr5:157080770:T:C	chr5:157080770:A:G	A:G	HAVCR2	downstream	unknown	T;C;-;R;ALU;-;SINE/AluSq2;intergenic;HAVCR1||HAVCR2;-;-;intergenic;HAVCR1||HAVCR2;-;-;intergenic;HAVCR1||HAVCR2;-;-;-;44;9;15	Name=AluSq2	TRUE	Alu	downstream
chr5:172073593:T:C	chr5:172073593:A:G	A:G	STK10	intronic	unknown	T;C;-;R||D;ALU;-;SINE/AluJb;intronic;STK10;-;-;intronic;STK10;-;-;intronic;STK10;-;-;-;0;0;0	Name=AluJr	TRUE	Alu	intronic
chr5:172389145:T:C	chr5:172389145:A:G	A:G	SH3PXD2B	intronic	unknown	T;C;-;A||R;ALU;-;SINE/AluSg;intronic;SH3PXD2B;-;-;intronic;SH3PXD2B;-;-;intronic;SH3PXD2B;-;-;-;5;4;4	Name=AluSg	TRUE	Alu	intronic
chr5:172900429:A:G	chr5:172900429:A:G	A:G	ERGIC1	intronic	unknown	A;G;+;A||R||D;ALU;-;SINE/AluJo;intronic;ERGIC1;-;-;intronic;ERGIC1;-;-;intronic;ERGIC1;-;-;-;51;12;13	Name=AluJr	TRUE	Alu	intronic
chr5:176984970:C:T	chr5:176984970:G:A	C:T	UIMC1	intronic	unknown	.	Name=SVA_A	FALSE	Other	intronic
chr5:176984998:G:A	chr5:176984998:C:T	C:T	UIMC1	intronic	unknown	.	Name=SVA_A	FALSE	Other	intronic
chr5:65668641:T:C	chr5:65668641:A:G	A:G	SGTB	UTR3	unknown	T;C;-;A||R;ALU;-;SINE/AluSc;UTR3;SGTB;-;-;UTR3;SGTB;-;-;UTR3;SGTB;-;-;-;326;20;38	Name=AluSc	TRUE	Alu	UTR3
chr5:75378006:T:C	chr5:75378006:A:G	A:G	CERT1	intronic	unknown	T;C;-;A||R||D;ALU;-;SINE/AluJr;intronic;COL4A3BP;-;-;intronic;COL4A3BP;-;-;intronic;COL4A3BP;-;-;-;817;30;52	Name=AluJr	TRUE	Alu	intronic
chr5:80546486:A:G	chr5:80546486:A:G	A:G	FAM151B	downstream	unknown	A;G;+;A||R;ALU;-;SINE/AluSx3;intergenic;FAM151B||ANKRD34B;-;-;intergenic;FAM151B||ANKRD34B;-;-;intergenic;FAM151B||ANKRD34B;-;-;-;250;24;43	Name=AluSx3	TRUE	Alu	downstream
chr5:80546246:A:G	chr5:80546246:A:G	A:G	FAM151B	downstream	unknown	A;G;+;A||R;ALU;-;SINE/AluSx;intergenic;FAM151B||ANKRD34B;-;-;intergenic;FAM151B||ANKRD34B;-;-;intergenic;FAM151B||ANKRD34B;-;-;-;297;25;45	Name=AluSx	TRUE	Alu	downstream
chr5:80546259:A:G	chr5:80546259:A:G	A:G	FAM151B	downstream	unknown	A;G;+;A||R;ALU;-;SINE/AluSx;intergenic;FAM151B||ANKRD34B;-;-;intergenic;FAM151B||ANKRD34B;-;-;intergenic;FAM151B||ANKRD34B;-;-;-;399;29;51	Name=AluSx	TRUE	Alu	downstream
chr5:134779952:A:G	chr5:134779952:A:G	A:G	DDX46	intronic	unknown	A;G;+;A||R||D;ALU;-;SINE/AluSx1;intronic;DDX46;-;-;intronic;DDX46;-;-;intronic;DDX46;-;-;-;372;28;42	Name=AluSx1	TRUE	Alu	intronic
chr5:32429422:T:C	chr5:32429422:A:G	A:G	ZFR	intronic	unknown	T;C;-;A||R||D;ALU;-;SINE/AluSx;intronic;ZFR;-;-;intronic;ZFR;-;-;intronic;ZFR;-;-;-;23;12;14	Name=AluSx	TRUE	Alu	intronic
chr5:60868080:T:C	chr5:60868080:A:G	A:G	ERCC8	downstream	unknown	T;C;-;A||R;ALU;-;SINE/AluSp;intergenic;RP11-231G3.1||ERCC8;-;-;intergenic;ELOVL7||ERCC8;-;-;intergenic;ELOVL7||ERCC8;-;-;-;85;19;33	Name=AluSp	TRUE	Alu	downstream
chr5:77110083:A:G	chr5:77110083:A:G	A:G	ZBED3-AS1	ncRNA
intronic	unknown	A;G;+;A||R;ALU;-;SINE/AluSz;ncRNA_intronic;ZBED3-AS1;-;-;ncRNA_intronic;ZBED3-AS1;-;-;ncRNA_intronic;ZBED3-AS1;-;-;-;5;3;3	Name=AluSz	TRUE	Alu	ncRNA
chr5:34906057:T:C	chr5:34906057:A:G	A:G	RAD1	UTR3	unknown	T;C;-;A||R||D;ALU;-;SINE/AluSx1;UTR3;RAD1;-;-;UTR3;RAD1;-;-;UTR3;RAD1;-;-;-;1762;30;55	Name=AluSx1	TRUE	Alu	UTR3
chr5:60866983:T:C	chr5:60866983:A:G	A:G	ERCC8	downstream	unknown	T;C;-;A||R;ALU;-;SINE/AluY;upstream;RP11-231G3.1;-;-;intergenic;ELOVL7||ERCC8;-;-;intergenic;ELOVL7||ERCC8;-;-;-;197;26;45	Name=AluYk2	TRUE	Alu	downstream
chr5:137910657:G:A	chr5:137910657:G:A	C:T	PKD2L2	intronic	unknown	.	Name=AluSx	FALSE	Alu	intronic
chr5:150397076:T:C	chr5:150397076:T:C	A:G	TCOF1	intronic	unknown	T;C;-;R||D;ALU;-;SINE/AluSx3;intronic;TCOF1;-;-;intronic;TCOF1;-;-;intronic;TCOF1;-;-;-;1;1;1	Name=AluSx1	TRUE	Alu	intronic
chr5:157027572:T:C	chr5:157027572:A:G	A:G	HAVCR1	downstream	unknown	T;C;-;A||R;ALU;rs748349862;SINE/AluSq2;intergenic;TIMD4||HAVCR1;-;-;intergenic;TIMD4||HAVCR1;-;-;intergenic;TIMD4||HAVCR1;-;-;-;65;13;16	Name=AluSq2	TRUE	Alu	downstream
chr5:65668808:T:C	chr5:65668808:A:G	A:G	SGTB	UTR3	unknown	T;C;-;A||R;ALU;-;SINE/AluSx;UTR3;SGTB;-;-;UTR3;SGTB;-;-;UTR3;SGTB;-;-;-;268;22;44	Name=AluSx1	TRUE	Alu	UTR3
chr5:108899614:T:C	chr5:108899614:T:C	A:G	FER	intronic	unknown	.	Name=AluSc5	FALSE	Alu	intronic
chr5:83516045:A:G	chr5:83516045:A:G	A:G	VCAN	intronic	unknown	A;G;+;A||R;ALU;-;SINE/AluY;intronic;VCAN;-;-;intronic;VCAN;-;-;intronic;VCAN;-;-;-;17;4;4	Name=AluYj4	TRUE	Alu	intronic
chr5:60867032:T:C	chr5:60867032:A:G	A:G	ERCC8	downstream	unknown	T;C;-;A||R;ALU;-;SINE/AluY;upstream;RP11-231G3.1;-;-;intergenic;ELOVL7||ERCC8;-;-;intergenic;ELOVL7||ERCC8;-;-;-;50;16;24	Name=AluYk2	TRUE	Alu	downstream
chr5:118838973:T:C	chr5:118838973:A:G	A:G	DTWD2	UTR3	unknown	T;C;-;A||R||D;ALU;-;SINE/AluY;UTR3;DTWD2;-;-;UTR3;DTWD2;-;-;UTR3;DTWD2;-;-;-;640;28;51	Name=AluY	TRUE	Alu	UTR3
chr5:77110017:A:G	chr5:77110017:A:G	A:G	ZBED3-AS1	ncRNA
intronic	unknown	A;G;+;A||R;ALU;-;SINE/AluSz;ncRNA_intronic;ZBED3-AS1;-;-;ncRNA_intronic;ZBED3-AS1;-;-;ncRNA_intronic;ZBED3-AS1;-;-;-;5;4;4	Name=AluSz	TRUE	Alu	ncRNA
chr5:60866930:T:C	chr5:60866930:A:G	A:G	ERCC8	downstream	unknown	T;C;-;A||R;ALU;-;SINE/AluY;ncRNA_exonic;RP11-231G3.1;-;-;intergenic;ELOVL7||ERCC8;-;-;intergenic;ELOVL7||ERCC8;-;-;-;216;23;43	Name=AluYk2	TRUE	Alu	downstream
chr5:60866918:T:C	chr5:60866918:A:G	A:G	ERCC8	downstream	unknown	T;C;-;A||R;ALU;-;SINE/AluY;ncRNA_exonic;RP11-231G3.1;-;-;intergenic;ELOVL7||ERCC8;-;-;intergenic;ELOVL7||ERCC8;-;-;-;195;26;44	Name=AluYk2	TRUE	Alu	downstream
chr5:80650638:G:A	chr5:80650638:C:T	C:T	MTRNR2L2	UTR5	unknown	.	.	FALSE	None	UTR5
chr5:34906230:T:C	chr5:34906230:A:G	A:G	RAD1	UTR3	unknown	T;C;-;A||R||D;ALU;-;SINE/AluSx1;UTR3;RAD1;-;-;UTR3;RAD1;-;-;UTR3;RAD1;-;-;-;1554;30;55	Name=AluSx1	TRUE	Alu	UTR3
chr5:53884688:C:T	chr5:53884688:G:A	C:T	ARL15	UTR3	unknown	.	.	FALSE	None	UTR3
chr5:77784950:A:G	chr5:77784950:T:C	A:G	TBCA	upstream	unknown	.	.	FALSE	None	upstream
chr5:77784959:A:G	chr5:77784959:T:C	A:G	TBCA	upstream	unknown	.	.	FALSE	None	upstream
chr5:122031404:A:G	chr5:122031404:A:G	A:G	SRFBP1	downstream	unknown	A;G;+;A||R||D;REP;-;LINE/L1M4;intergenic;SRFBP1||LOX;-;-;intergenic;SRFBP1||LOX;-;-;intergenic;SRFBP1||LOX;-;-;-;1547;30;55	Name=L1MB7	TRUE	LINE	downstream
chr5:126834817:A:G	chr5:126834817:A:G	A:G	LMNB1	intronic	unknown	A;G;+;A||R||D;ALU;-;SINE/AluY;intronic;LMNB1;-;-;intronic;LMNB1;-;-;intronic;LMNB1;-;-;-;30;7;9	Name=AluY	TRUE	Alu	intronic
chr5:60816257:T:C	chr5:60816257:A:G	A:G	ELOVL7	intronic	unknown	T;C;-;A||R;ALU;-;SINE/AluSz;intronic;ELOVL7;-;-;intronic;ELOVL7;-;-;intronic;ELOVL7;-;-;-;4;2;2	Name=AluSz	TRUE	Alu	intronic
chr5:170264675:T:C	chr5:170264675:A:G	A:G	LCP2	intronic	unknown	T;C;-;A||R||D;ALU;-;SINE/AluJr;intronic;LCP2;-;-;intronic;LCP2;-;-;intronic;LCP2;-;-;-;65;9;11	Name=AluJr	TRUE	Alu	intronic
chr5:170264677:T:C	chr5:170264677:A:G	A:G	LCP2	intronic	unknown	T;C;-;A||R||D;ALU;-;SINE/AluJr;intronic;LCP2;-;-;intronic;LCP2;-;-;intronic;LCP2;-;-;-;54;7;9	Name=AluJr	TRUE	Alu	intronic
chr5:60816334:T:C	chr5:60816334:A:G	A:G	ELOVL7	intronic	unknown	T;C;-;A;ALU;-;SINE/AluSz;intronic;ELOVL7;-;-;intronic;ELOVL7;-;-;intronic;ELOVL7;-;-;-;4;3;3	Name=AluSz	TRUE	Alu	intronic
chr5:158701957:T:C	chr5:158701957:A:G	A:G	EBF1	intronic	unknown	T;C;-;A||R||D;NONREP;-;-/-;intronic;EBF1;-;-;intronic;EBF1;-;-;intronic;EBF1;-;-;-;357;21;31	.	TRUE	None	intronic
chr5:60815705:T:C	chr5:60815705:A:G	A:G	ELOVL7	intronic	unknown	T;C;-;A;ALU;-;SINE/AluSx;intronic;ELOVL7;-;-;intronic;ELOVL7;-;-;intronic;ELOVL7;-;-;-;5;5;5	Name=AluSx	TRUE	Alu	intronic
chr5:83516271:A:G	chr5:83516271:A:G	A:G	VCAN	intronic	unknown	A;G;+;A||R;ALU;-;SINE/AluY;intronic;VCAN;-;-;intronic;VCAN;-;-;intronic;VCAN;-;-;-;18;5;5	Name=AluYj4	TRUE	Alu	intronic
chr5:140248274:A:G	chr5:140248274:T:C	A:G	PFDN1	intronic	unknown	A;G;+;A||R;ALU;-;SINE/AluSx3;intronic;PFDN1;-;-;intronic;PFDN1;-;-;intronic;PFDN1;-;-;-;11;3;3	Name=AluSx3	TRUE	Alu	intronic
chr5:172946921:A:G	chr5:172946921:A:G	A:G	ERGIC1	intronic	unknown	A;G;+;A||R;ALU;-;SINE/AluSq2;intronic;ERGIC1;-;-;intronic;ERGIC1;-;-;intronic;ERGIC1;-;-;-;71;16;19	Name=AluSq2	TRUE	Alu	intronic
chr5:98517:T:C	chr5:98517:T:C	A:G	PLEKHG4B	intronic	unknown	.	Name=AluSc8	FALSE	Alu	intronic
chr6:108042167:T:C	chr6:108042167:A:G	A:G	OSTM1	UTR3	unknown	T;C;-;A||R||D;REP;-;SINE/FLAM_C;UTR3;OSTM1;-;-;UTR3;OSTM1;-;-;ncRNA_exonic;AJ420489;-;-;-;1198;30;55	Name=FLAM_C	TRUE	Other	UTR3
chr6:148350193:A:G	chr6:148350193:A:G	A:G	SASH1	intronic	unknown	A;G;+;A||R;REP;-;SINE/FLAM_C;intronic;SASH1;-;-;intronic;SASH1;-;-;intronic;SASH1;-;-;-;3;3;3	Name=FLAM_C	TRUE	Other	intronic
chr6:149724613:T:C	chr6:149724613:A:G	A:G	NUP43	UTR3	unknown	T;C;-;A||R||D;ALU;-;SINE/AluSq;UTR3;NUP43;-;-;UTR3;NUP43;-;-;UTR3;NUP43;-;-;-;1707;30;55	Name=AluSq	TRUE	Alu	UTR3
chr6:149724619:T:C	chr6:149724619:A:G	A:G	NUP43	UTR3	unknown	T;C;-;A||R||D;ALU;-;SINE/AluSq;UTR3;NUP43;-;-;UTR3;NUP43;-;-;UTR3;NUP43;-;-;-;2500;30;55	Name=AluSq	TRUE	Alu	UTR3
chr6:149724620:T:C	chr6:149724620:A:G	A:G	NUP43	UTR3	unknown	T;C;-;A||R||D;ALU;-;SINE/AluSq;UTR3;NUP43;-;-;UTR3;NUP43;-;-;UTR3;NUP43;-;-;-;1760;30;55	Name=AluSq	TRUE	Alu	UTR3
chr6:149725279:T:C	chr6:149725279:A:G	A:G	NUP43	UTR3	unknown	T;C;-;A||R||D;ALU;-;SINE/AluSx;UTR3;NUP43;-;-;UTR3;NUP43;-;-;UTR3;NUP43;-;-;-;2109;30;55	Name=AluSx	TRUE	Alu	UTR3
chr6:149725605:T:C	chr6:149725605:A:G	A:G	NUP43	UTR3	unknown	T;C;-;A||R||D;NONREP;-;-/-;UTR3;NUP43;-;-;UTR3;NUP43;-;-;UTR3;NUP43;-;-;-;1473;30;55	.	TRUE	None	UTR3
chr6:24685407:T:C	chr6:24685407:T:C	A:G	ACOT13	intronic	unknown	.	Name=AluY	FALSE	Alu	intronic
chr6:3020602:T:C	chr6:3020602:A:G	A:G	HTATSF1P2	ncRNA
exonic	unknown	T;C;-;A||R;REP;-;SINE/FLAM_C;ncRNA_exonic;RP1-90J20.12;-;-;ncRNA_exonic;HTATSF1P2;-;-;ncRNA_exonic;HTATSF1P2;-;-;-;703;27;47	Name=AluJb	TRUE	Alu	ncRNA
chr6:3021122:T:C	chr6:3021122:A:G	A:G	HTATSF1P2	ncRNA
exonic	unknown	T;C;-;A||R;ALU;-;SINE/AluJr4;ncRNA_exonic;RP1-90J20.12;-;-;ncRNA_exonic;HTATSF1P2;-;-;ncRNA_exonic;HTATSF1P2;-;-;-;526;29;47	Name=AluJr4	TRUE	Alu	ncRNA
chr6:3022224:T:C	chr6:3022224:A:G	A:G	HTATSF1P2	ncRNA
exonic	unknown	T;C;-;A||R||D;ALU;-;SINE/AluJr;ncRNA_exonic;RP1-90J20.12;-;-;ncRNA_exonic;HTATSF1P2;-;-;ncRNA_exonic;HTATSF1P2;-;-;-;813;30;51	Name=AluJr	TRUE	Alu	ncRNA
chr6:3022234:T:C	chr6:3022234:A:G	A:G	HTATSF1P2	ncRNA
exonic	unknown	T;C;-;R||D;ALU;-;SINE/AluJr;ncRNA_exonic;RP1-90J20.12;-;-;ncRNA_exonic;HTATSF1P2;-;-;ncRNA_exonic;HTATSF1P2;-;-;-;560;29;47	Name=AluJr	TRUE	Alu	ncRNA
chr6:43619156:T:C	chr6:43619156:T:C	A:G	POLH	UTR3	unknown	T;C;-;R||D;ALU;-;SINE/AluJb;downstream;POLH;-;-;UTR3;POLH;-;-;UTR3;POLH;-;-;-;325;26;46	Name=AluJb	TRUE	Alu	UTR3
chr6:73424191:T:C	chr6:73424191:A:G	A:G	CGAS	UTR3	unknown	T;C;-;A||R||D;ALU;-;SINE/AluY;UTR3;MB21D1;-;-;downstream;MB21D1;-;-;downstream;MB21D1;-;-;-;577;27;48	Name=AluY	TRUE	Alu	UTR3
chr6:73425032:T:C	chr6:73425032:A:G	A:G	CGAS	UTR3	unknown	T;C;-;A||R||D;ALU;-;SINE/AluSz;UTR3;MB21D1;-;-;downstream;MB21D1;-;-;downstream;MB21D1;-;-;-;1;1;1	Name=AluSz	TRUE	Alu	UTR3
chr6:73425036:T:C	chr6:73425036:A:G	A:G	CGAS	UTR3	unknown	T;C;-;A||R||D;ALU;-;SINE/AluSz;UTR3;MB21D1;-;-;downstream;MB21D1;-;-;downstream;MB21D1;-;-;-;673;29;51	Name=AluSz	TRUE	Alu	UTR3
chr6:108042615:T:C	chr6:108042615:A:G	A:G	OSTM1	UTR3	unknown	T;C;-;A||R;ALU;-;SINE/AluJb;UTR3;OSTM1;-;-;UTR3;OSTM1;-;-;ncRNA_exonic;AJ420489;-;-;-;1084;30;54	Name=AluJb	TRUE	Alu	UTR3
chr6:111230226:A:G	chr6:111230226:A:G	A:G	SLC16A10	UTR3	unknown	A;G;+;A||R;ALU;-;SINE/AluSx1;ncRNA_intronic;RP11-428F8.2;-;-;intergenic;SLC16A10||KIAA1919;-;-;intergenic;SLC16A10||KIAA1919;-;-;-;637;27;47	Name=AluSx1	TRUE	Alu	UTR3
chr6:129648436:T:C	chr6:129648436:A:G	A:G	ARHGAP18	intronic	unknown	T;C;-;A||R||D;ALU;-;SINE/AluJr;intronic;ARHGAP18;-;-;intronic;ARHGAP18;-;-;intronic;ARHGAP18;-;-;-;1;1;1	Name=AluJr	TRUE	Alu	intronic
chr6:14121360:A:G	chr6:14121360:A:G	A:G	CD83	intronic	unknown	A;G;+;A||R||D;ALU;-;SINE/AluJb;intronic;CD83;-;-;intronic;CD83;-;-;intronic;CD83;-;-;-;64;10;13	Name=AluJb	TRUE	Alu	intronic
chr6:149724680:T:C	chr6:149724680:A:G	A:G	NUP43	UTR3	unknown	T;C;-;A||R||D;ALU;-;SINE/AluSq;UTR3;NUP43;-;-;UTR3;NUP43;-;-;UTR3;NUP43;-;-;-;874;30;55	Name=AluSq	TRUE	Alu	UTR3
chr6:149724712:T:C	chr6:149724712:A:G	A:G	NUP43	UTR3	unknown	T;C;-;A||R||D;ALU;-;SINE/AluSq;UTR3;NUP43;-;-;UTR3;NUP43;-;-;UTR3;NUP43;-;-;-;1927;30;55	Name=AluSq	TRUE	Alu	UTR3
chr6:149725204:T:C	chr6:149725204:A:G	A:G	NUP43	UTR3	unknown	T;C;-;A||R||D;ALU;-;SINE/AluSx;UTR3;NUP43;-;-;UTR3;NUP43;-;-;UTR3;NUP43;-;-;-;1581;30;54	Name=AluSx	TRUE	Alu	UTR3
chr6:158974286:T:C	chr6:158974286:A:G	A:G	RSPH3	UTR3	unknown	T;C;-;A||R;NONREP;-;-/-;UTR3;RSPH3;-;-;intergenic;C6orf99||RSPH3;-;-;intergenic;C6orf99||RSPH3;-;-;-;1591;30;54	.	TRUE	None	UTR3
chr6:158974333:T:C	chr6:158974333:A:G	A:G	RSPH3	UTR3	unknown	T;C;-;A||R;NONREP;-;-/-;UTR3;RSPH3;-;-;intergenic;C6orf99||RSPH3;-;-;intergenic;C6orf99||RSPH3;-;-;-;1308;30;54	.	TRUE	None	UTR3
chr6:158974390:T:C	chr6:158974390:A:G	A:G	RSPH3	UTR3	unknown	T;C;-;A||R;NONREP;-;-/-;UTR3;RSPH3;-;-;intergenic;C6orf99||RSPH3;-;-;intergenic;C6orf99||RSPH3;-;-;-;1378;30;54	.	TRUE	None	UTR3
chr6:3021086:T:C	chr6:3021086:A:G	A:G	HTATSF1P2	ncRNA
exonic	unknown	T;C;-;A||R||D;ALU;-;SINE/AluJr4;ncRNA_exonic;RP1-90J20.12;-;-;ncRNA_exonic;HTATSF1P2;-;-;ncRNA_exonic;HTATSF1P2;-;-;-;473;29;42	Name=AluJr4	TRUE	Alu	ncRNA
chr6:31354299:A:G	chr6:31354299:T:C	A:G	HLA-B	intronic	unknown	.	.	FALSE	None	intronic
chr6:31354301:A:G	chr6:31354301:T:C	A:G	HLA-B	intronic	unknown	.	.	FALSE	None	intronic
chr6:31354306:A:G	chr6:31354306:T:C	A:G	HLA-B	intronic	unknown	.	.	FALSE	None	intronic
chr6:42079814:A:G	chr6:42079814:A:G	A:G	TAF8	UTR3	unknown	A;G;+;A||R||D;ALU;-;SINE/AluSz6;UTR3;TAF8;-;-;UTR3;TAF8;-;-;UTR3;TAF8;-;-;-;1669;30;55	Name=AluSz6	TRUE	Alu	UTR3
chr6:42079815:A:G	chr6:42079815:A:G	A:G	TAF8	UTR3	unknown	A;G;+;A||R||D;ALU;-;SINE/AluSz6;UTR3;TAF8;-;-;UTR3;TAF8;-;-;UTR3;TAF8;-;-;-;833;30;53	Name=AluSz6	TRUE	Alu	UTR3
chr6:46696709:T:C	chr6:46696709:T:C	A:G	TDRD6	intronic	unknown	T;C;-;R;ALU;-;SINE/AluY;intronic;TDRD6;-;-;intronic;TDRD6;-;-;intronic;TDRD6;-;-;-;1;1;1	Name=AluY	TRUE	Alu	intronic
chr6:73424352:T:C	chr6:73424352:A:G	A:G	CGAS	UTR3	unknown	T;C;-;A||R||D;ALU;-;SINE/AluY;UTR3;MB21D1;-;-;downstream;MB21D1;-;-;downstream;MB21D1;-;-;-;824;30;53	Name=AluY	TRUE	Alu	UTR3
chr6:73593820:T:C	chr6:73593820:A:G	A:G	SLC17A5	UTR3	unknown	T;C;-;A||R||D;ALU;-;SINE/AluJr;UTR3;SLC17A5;-;-;UTR3;SLC17A5;-;-;UTR3;SLC17A5;-;-;-;2038;30;55	Name=AluJr	TRUE	Alu	UTR3
chr6:73594290:T:C	chr6:73594290:A:G	A:G	SLC17A5	UTR3	unknown	T;C;-;A||R||D;ALU;-;SINE/AluSx3;UTR3;SLC17A5;-;-;UTR3;SLC17A5;-;-;UTR3;SLC17A5;-;-;-;2125;30;55	Name=AluSx3	TRUE	Alu	UTR3
chr6:129648437:T:C	chr6:129648437:A:G	A:G	ARHGAP18	intronic	unknown	T;C;-;A||R||D;ALU;-;SINE/AluJr;intronic;ARHGAP18;-;-;intronic;ARHGAP18;-;-;intronic;ARHGAP18;-;-;-;1;1;1	Name=AluJr	TRUE	Alu	intronic
chr6:18250699:T:C	chr6:18250699:A:G	A:G	DEK	intronic	unknown	.	Name=AluSz	FALSE	Alu	intronic
chr6:24685484:C:T	chr6:24685484:C:T	C:T	ACOT13	intronic	unknown	.	Name=AluY	FALSE	Alu	intronic
chr6:24685488:A:G	chr6:24685488:A:G	A:G	ACOT13	intronic	unknown	.	Name=AluY	FALSE	Alu	intronic
chr6:36682189:A:G	chr6:36682189:A:G	A:G	CDKN1A	intronic	unknown	A;G;+;A||R||D;REP;-;SINE/MIRb;intronic;CDKN1A;-;-;intronic;CDKN1A;-;-;intronic;CDKN1A;-;-;-;938;30;53	Name=MIRb	TRUE	Other	intronic
chr6:42079816:A:G	chr6:42079816:A:G	A:G	TAF8	UTR3	unknown	A;G;+;A||R||D;ALU;-;SINE/AluSz6;UTR3;TAF8;-;-;UTR3;TAF8;-;-;UTR3;TAF8;-;-;-;1203;30;54	Name=AluSz6	TRUE	Alu	UTR3
chr6:87683919:T:C	chr6:87683919:A:G	A:G	AKIRIN2	intronic	unknown	T;C;-;A||R||D;ALU;-;SINE/AluSx;intronic;AKIRIN2;-;-;intronic;AKIRIN2;-;-;intronic;AKIRIN2;-;-;-;37;13;17	Name=AluSx	TRUE	Alu	intronic
chr6:148350052:A:G	chr6:148350052:A:G	A:G	SASH1	intronic	unknown	A;G;+;A;ALU;-;SINE/AluY;intronic;SASH1;-;-;intronic;SASH1;-;-;intronic;SASH1;-;-;-;3;3;3	Name=AluY	TRUE	Alu	intronic
chr6:157835557:A:G	chr6:157835557:A:G	A:G	SNX9	intronic	unknown	A;G;+;A||R||D;REP;-;LTR/THE1C;intronic;SNX9;-;-;intronic;SNX9;-;-;intronic;SNX9;-;-;-;5;5;5	Name=THE1C	TRUE	Other	intronic
chr6:159723892:A:G	chr6:159723892:T:C	A:G	SOD2	intronic	unknown	.	Name=AluJr4	FALSE	Alu	intronic
chr6:2258363:A:G	chr6:2258363:A:G	A:G	GMDS-DT	ncRNA
intronic	unknown	A;G;+;A||R||D;REP;-;LTR/MLT1C;intergenic;GMDS||GMDS-AS1;-;-;ncRNA_intronic;GMDS-AS1;-;-;ncRNA_intronic;LOC100508120;-;-;-;35;14;15	Name=MLT1C	TRUE	Other	ncRNA
chr6:24706703:A:G	chr6:24706703:T:C	A:G	C6orf62	intronic	unknown	.	Name=AluJb	FALSE	Alu	intronic
chr6:33005380:T:C	chr6:33005380:A:G	A:G	HLA-DOA	UTR3	unknown	T;C;-;R||D;ALU;-;SINE/AluSc;UTR3;HLA-DOA;-;-;UTR3;HLA-DOA;-;-;UTR3;HLA-DOA;-;-;-;0;0;0	Name=AluSc	TRUE	Alu	UTR3
chr6:38465173:T:C	chr6:38465173:A:G	A:G	BTBD9	intronic	unknown	T;C;-;A||R||D;ALU;-;SINE/AluJb;intronic;BTBD9;-;-;intronic;BTBD9;-;-;intronic;BTBD9;-;-;-;23;7;12	Name=AluJb	TRUE	Alu	intronic
chr6:53541966:T:C	chr6:53541966:A:G	A:G	GCLC	intronic	unknown	T;C;-;A||R||D;ALU;-;SINE/AluJo;intronic;GCLC;-;-;intronic;GCLC;-;-;intronic;GCLC;-;-;-;6;4;4	Name=AluJo	TRUE	Alu	intronic
chr6:53542056:T:C	chr6:53542056:A:G	A:G	GCLC	intronic	unknown	T;C;-;A||R||D;ALU;-;SINE/AluJo;intronic;GCLC;-;-;intronic;GCLC;-;-;intronic;GCLC;-;-;-;10;8;8	Name=AluJo	TRUE	Alu	intronic
chr6:73649270:T:C	chr6:73649270:A:G	A:G	SLC17A5	intronic	unknown	.	Name=AluSx	FALSE	Alu	intronic
chr6:84121223:T:C	chr6:84121223:A:G	A:G	CEP162	downstream	unknown	T;C;-;R;ALU;-;SINE/AluJo;intergenic;MRAP2||KIAA1009;-;-;intergenic;MRAP2||CEP162;-;-;intergenic;MRAP2||KIAA1009;-;-;-;56;16;25	Name=AluJo	TRUE	Alu	downstream
chr6:108585742:A:G	chr6:108585742:A:G	A:G	FOXO3	intronic	unknown	A;G;+;A||R;NONREP;-;-/-;intronic;FOXO3;-;-;intronic;FOXO3;-;-;intronic;FOXO3;-;-;-;22;9;10	.	TRUE	None	intronic
chr6:111140388:A:G	chr6:111140388:A:G	A:G	SLC16A10	intronic	unknown	A;G;+;A;ALU;-;SINE/AluJb;intronic;SLC16A10;-;-;intronic;SLC16A10;-;-;intronic;SLC16A10;-;-;-;8;4;5	Name=AluJb	TRUE	Alu	intronic
chr6:159696921:T:C	chr6:159696921:A:G	A:G	SOD2	intronic	unknown	T;C;-;A||R;ALU;-;SINE/AluJr;intronic;SOD2;-;-;intergenic;SOD2||WTAP;-;-;intergenic;SOD2||WTAP;-;-;-;18;11;13	Name=AluJr	TRUE	Alu	intronic
chr6:18409753:A:G	chr6:18409753:A:G	A:G	RNF144B	intronic	unknown	A;G;+;A||R;ALU;-;SINE/AluSq2;intronic;RNF144B;-;-;intronic;RNF144B;-;-;intronic;RNF144B;-;-;-;16;6;6	Name=AluSq2	TRUE	Alu	intronic
chr6:26096234:A:G	chr6:26096234:A:G	A:G	HFE	UTR3	unknown	A;G;+;A||R||D;ALU;-;SINE/AluSg;UTR3;HFE;-;-;downstream;HFE;-;-;downstream;HFE;-;-;-;1291;30;49	Name=AluSg	TRUE	Alu	UTR3
chr6:34635767:T:C	chr6:34635767:A:G	A:G	ILRUN	intronic	unknown	T;C;-;R||D;ALU;-;SINE/AluSx1;intronic;C6orf106;-;-;intronic;C6orf106;-;-;intronic;C6orf106;-;-;-;3;3;3	Name=AluSx1	TRUE	Alu	intronic
chr6:73594291:T:C	chr6:73594291:A:G	A:G	SLC17A5	UTR3	unknown	T;C;-;A||R||D;ALU;-;SINE/AluSx3;UTR3;SLC17A5;-;-;UTR3;SLC17A5;-;-;UTR3;SLC17A5;-;-;-;1790;30;55	Name=AluSx3	TRUE	Alu	UTR3
chr6:111267678:A:G	chr6:111267678:A:G	A:G	MFSD4B	UTR3	unknown	.	Name=AluYm1	FALSE	Alu	UTR3
chr6:111267697:T:C	chr6:111267697:T:C	A:G	MFSD4B	UTR3	unknown	.	Name=AluYm1	FALSE	Alu	UTR3
chr6:32761689:G:A	chr6:32761689:C:T	C:T	HLA-DQB2	exonic	nonsynonymous SNV	.	.	FALSE	None	exonic
chr6:166924787:T:C	chr6:166924787:A:G	A:G	RNASET2	UTR3	unknown	T;C;-;A||R||D;ALU;-;SINE/AluSp;intronic;RP11-514O12.4;-;-;intergenic;RPS6KA2-AS1||RNASET2;-;-;intergenic;RPS6KA2||RNASET2;-;-;-;12;6;9	Name=AluSp	TRUE	Alu	UTR3
chr6:35223152:T:C	chr6:35223152:T:C	A:G	SCUBE3	intronic	unknown	T;C;-;R||D;ALU;-;SINE/AluJr;ncRNA_exonic;RP3-329A5.8;-;-;intronic;SCUBE3;-;-;intronic;SCUBE3;-;-;-;429;27;46	Name=AluJr	TRUE	Alu	intronic
chr6:70591432:A:G	chr6:70591432:A:G	A:G	SDHAF4	downstream	unknown	A;G;+;A||R;ALU;-;SINE/AluSc5;intergenic;C6orf57||RP11-134K13.4;-;-;intergenic;SDHAF4||SMAP1;-;-;intergenic;C6orf57||SMAP1;-;-;-;37;15;23	Name=AluSc5	TRUE	Alu	downstream
chr6:111140999:A:G	chr6:111140999:A:G	A:G	SLC16A10	intronic	unknown	A;G;+;A||R;ALU;-;SINE/AluJb;intronic;SLC16A10;-;-;intronic;SLC16A10;-;-;intronic;SLC16A10;-;-;-;6;4;4	Name=AluJb	TRUE	Alu	intronic
chr6:136759563:T:C	chr6:136759563:A:G	A:G	MAP3K5	intronic	unknown	T;C;-;A||R;ALU;-;SINE/AluJb;intronic;MAP3K5;-;-;intronic;MAP3K5;-;-;intronic;MAP3K5;-;-;-;9;5;5	Name=AluJb	TRUE	Alu	intronic
chr6:16409571:T:C	chr6:16409571:A:G	A:G	ATXN1	intronic	unknown	T;C;-;A||R;ALU;-;SINE/AluSz;intronic;ATXN1;-;-;intronic;ATXN1;-;-;intronic;ATXN1;-;-;-;10;6;8	Name=AluSz	TRUE	Alu	intronic
chr6:169715755:G:A	chr6:169715755:C:T	C:T	PHF10	exonic	nonsynonymous SNV	.	.	FALSE	None	exonic
chr6:169715768:A:G	chr6:169715768:T:C	A:G	PHF10	exonic	synonymous SNV	.	.	FALSE	None	exonic
chr6:35355259:A:G	chr6:35355259:A:G	A:G	PPARD	intronic	unknown	A;G;+;A||R||D;ALU;-;SINE/AluSz;intronic;PPARD;-;-;intronic;PPARD;-;-;intronic;PPARD;-;-;-;68;14;20	Name=AluSz6	TRUE	Alu	intronic
chr6:38465361:T:C	chr6:38465361:A:G	A:G	BTBD9	intronic	unknown	T;C;-;A||R||D;ALU;-;SINE/AluY;intronic;BTBD9;-;-;intronic;BTBD9;-;-;intronic;BTBD9;-;-;-;15;8;11	Name=AluY	TRUE	Alu	intronic
chr6:57058030:A:G	chr6:57058030:A:G	A:G	KIAA1586	downstream	unknown	A;G;+;A||R;ALU;-;SINE/AluJb;intergenic;KIAA1586||ZNF451;-;-;intergenic;KIAA1586||ZNF451;-;-;intergenic;KIAA1586||ZNF451;-;-;-;1709;30;55	Name=AluJb	TRUE	Alu	downstream
chr6:70573067:A:G	chr6:70573067:A:G	A:G	SDHAF4	intronic	unknown	A;G;+;A||R||D;ALU;-;SINE/AluJr;intronic;C6orf57;-;-;intronic;SDHAF4;-;-;intronic;C6orf57;-;-;-;8;6;6	Name=AluJr	TRUE	Alu	intronic
chr6:53076052:A:G	chr6:53076052:A:G	A:G	FBXO9	intronic	unknown	A;G;+;A;REP;-;LINE/L1MD;intronic;FBXO9;-;-;intronic;FBXO9;-;-;intronic;FBXO9;-;-;-;129;25;37	Name=L1MD	TRUE	LINE	intronic
chr6:53541965:T:C	chr6:53541965:A:G	A:G	GCLC	intronic	unknown	T;C;-;A||R||D;ALU;-;SINE/AluJo;intronic;GCLC;-;-;intronic;GCLC;-;-;intronic;GCLC;-;-;-;5;4;4	Name=AluJo	TRUE	Alu	intronic
chr6:111170985:A:G	chr6:111170985:A:G	A:G	SLC16A10	intronic	unknown	A;G;+;A||R||D;ALU;-;SINE/AluJb;intronic;SLC16A10;-;-;intronic;SLC16A10;-;-;intronic;SLC16A10;-;-;-;1;1;1	Name=AluJb	TRUE	Alu	intronic
chr6:38463806:T:C	chr6:38463806:A:G	A:G	BTBD9	intronic	unknown	T;C;-;A||R;ALU;-;SINE/AluJb;intronic;BTBD9;-;-;intronic;BTBD9;-;-;intronic;BTBD9;-;-;-;7;4;4	Name=AluJb	TRUE	Alu	intronic
chr6:38463814:T:C	chr6:38463814:A:G	A:G	BTBD9	intronic	unknown	T;C;-;A||R;ALU;-;SINE/AluJb;intronic;BTBD9;-;-;intronic;BTBD9;-;-;intronic;BTBD9;-;-;-;10;7;7	Name=AluJb	TRUE	Alu	intronic
chr6:129648515:T:C	chr6:129648515:A:G	A:G	ARHGAP18	intronic	unknown	T;C;-;A||R||D;REP;-;SINE/FLAM_C;intronic;ARHGAP18;-;-;intronic;ARHGAP18;-;-;intronic;ARHGAP18;-;-;-;2;1;1	Name=FLAM_C	TRUE	Other	intronic
chr6:42233427:A:G	chr6:42233427:T:C	A:G	TRERF1	intronic	unknown	.	Name=AluY	FALSE	Alu	intronic
chr6:26096259:A:G	chr6:26096259:A:G	A:G	HFE	UTR3	unknown	A;G;+;A||R;ALU;-;SINE/AluSg;UTR3;HFE;-;-;intergenic;HFE||HIST1H4C;-;-;intergenic;HFE||HIST1H4C;-;-;-;1051;30;48	Name=AluSg	TRUE	Alu	UTR3
chr6:32577388:C:T	chr6:32577388:G:A	C:T	HLA-DRB1	downstream	unknown	.	.	FALSE	None	downstream
chr6:144732732:A:G	chr6:144732732:A:G	A:G	UTRN	intronic	unknown	A;G;+;A||R;ALU;-;SINE/AluJb;intronic;UTRN;-;-;intronic;UTRN;-;-;intronic;UTRN;-;-;-;7;4;4	Name=AluJb	TRUE	Alu	intronic
chr6:57118616:A:G	chr6:57118616:T:C	A:G	ZNF451-AS1	ncRNA
intronic	unknown	A;G;+;A||R;ALU;-;SINE/AluJo;ncRNA_intronic;RP11-203B9.4;-;-;ncRNA_intronic;LOC101927211;-;-;ncRNA_intronic;BC032020;-;-;-;15;7;8	Name=AluJo	TRUE	Alu	ncRNA
chr6:158976083:T:C	chr6:158976083:A:G	A:G	RSPH3	UTR3	unknown	T;C;-;A||R;ALU;-;SINE/AluJb;UTR3;RSPH3;-;-;intergenic;C6orf99||RSPH3;-;-;intergenic;C6orf99||RSPH3;-;-;-;717;29;50	Name=AluJb	TRUE	Alu	UTR3
chr6:158976131:T:C	chr6:158976131:A:G	A:G	RSPH3	UTR3	unknown	T;C;-;A||R;ALU;-;SINE/AluJb;UTR3;RSPH3;-;-;intergenic;C6orf99||RSPH3;-;-;intergenic;C6orf99||RSPH3;-;-;-;657;29;53	Name=AluJb	TRUE	Alu	UTR3
chr6:159692865:T:C	chr6:159692865:A:G	A:G	SOD2	splicing	unknown	.	.	FALSE	None	splicing
chr6:29829552:G:A	chr6:29829552:G:A	C:T	HLA-G	exonic	nonsynonymous SNV	.	.	FALSE	None	exonic
chr6:29829553:T:C	chr6:29829553:T:C	A:G	HLA-G	exonic	nonsynonymous SNV	.	.	FALSE	None	exonic
chr6:159666711:T:C	chr6:159666711:A:G	A:G	SOD2	downstream	unknown	T;C;-;R;REP;-;SINE/FLAM_C;intergenic;RP3-393E18.2||SOD2;-;-;intergenic;LOC102724053||SOD2;-;-;intergenic;Mir_633||BC016015;-;-;-;8;7;7	Name=AluJb	TRUE	Alu	downstream
chr6:17970356:T:C	chr6:17970356:A:G	A:G	KIF13A	intronic	unknown	T;C;-;A;ALU;-;SINE/AluSz;intronic;KIF13A;-;-;intronic;KIF13A;-;-;intronic;KIF13A;-;-;-;4;2;2	Name=AluSz	TRUE	Alu	intronic
chr6:31415907:A:G	chr6:31415907:A:G	A:G	MICA	downstream	unknown	A;G;+;R;ALU;-;SINE/AluSz6;ncRNA_intronic;HCP5;-;-;downstream;MICA;-;-;downstream;MICA;-;-;-;0;0;0	Name=AluSz6	TRUE	Alu	downstream
chr6:38463980:T:C	chr6:38463980:A:G	A:G	BTBD9	intronic	unknown	T;C;-;A||R;ALU;-;SINE/AluJb;intronic;BTBD9;-;-;intronic;BTBD9;-;-;intronic;BTBD9;-;-;-;21;7;10	Name=AluJb	TRUE	Alu	intronic
chr6:113623951:T:C	chr6:113623951:A:G	A:G	LINC02541	ncRNA
intronic	unknown	T;C;-;A||R||D;ALU;-;SINE/AluJr4;ncRNA_intronic;RP11-367G18.1;-;-;ncRNA_intronic;LOC101927686;-;-;intergenic;RFPL4B||MARCKS;-;-;-;198;15;17	Name=AluJr4	TRUE	Alu	ncRNA
chr6:3452408:T:C	chr6:3452408:A:G	A:G	SLC22A23	intronic	unknown	T;C;-;A||R;ALU;-;SINE/AluJr;intronic;SLC22A23;-;-;intronic;SLC22A23;-;-;intronic;SLC22A23;-;-;-;3;2;2	Name=AluJr	TRUE	Alu	intronic
chr6:18377571:A:G	chr6:18377571:A:G	A:G	RNF144B	upstream	unknown	A;G;+;R;ALU;-;SINE/AluJr;intronic;RNF144B;-;-;intergenic;DEK||RNF144B;-;-;intergenic;DQ599995||RNF144B;-;-;-;0;0;0	Name=AluJr	TRUE	Alu	upstream
chr6:18377632:A:G	chr6:18377632:A:G	A:G	RNF144B	upstream	unknown	.	Name=AluJr	FALSE	Alu	upstream
chr6:35996646:A:G	chr6:35996646:T:C	A:G	SLC26A8	intronic	unknown	.	Name=AluJb	FALSE	Alu	intronic
chr6:111170646:A:G	chr6:111170646:A:G	A:G	SLC16A10	intronic	unknown	A;G;+;R;ALU;-;SINE/AluSx1;intronic;SLC16A10;-;-;intronic;SLC16A10;-;-;intronic;SLC16A10;-;-;300;22;0;0;0	Name=AluSx1	TRUE	Alu	intronic
chr6:111208022:A:G	chr6:111208022:A:G	A:G	SLC16A10	intronic	unknown	A;G;+;R;ALU;-;SINE/AluJb;intronic;SLC16A10;-;-;intronic;SLC16A10;-;-;intronic;SLC16A10;-;-;-;8;4;4	Name=AluJb	TRUE	Alu	intronic
chr7:100386390:A:G	chr7:100386390:A:G	A:G	PILRA	intronic	unknown	A;G;+;R||D;ALU;-;SINE/AluSx;intronic;PILRA;-;-;intronic;PILRA;-;-;intronic;PILRA;-;-;-;19;6;7	Name=AluSz6	TRUE	Alu	intronic
chr7:112126074:T:C	chr7:112126074:A:G	A:G	DOCK4	intronic	unknown	T;C;-;A||R;ALU;-;SINE/AluJb;intronic;DOCK4;-;-;intronic;DOCK4;-;-;intronic;DOCK4;-;-;-;14;5;6	Name=AluJb	TRUE	Alu	intronic
chr7:128307926:T:C	chr7:128307926:A:G	A:G	RBM28	UTR3	unknown	T;C;-;R||D;ALU;-;SINE/AluJr;UTR3;RBM28;-;-;upstream;MGC27345;-;-;upstream;MGC27345;-;-;-;1635;29;52	Name=AluJr	TRUE	Alu	UTR3
chr7:17344729:A:G	chr7:17344729:A:G	A:G	AHR	UTR3	unknown	A;G;+;A||R||D;ALU;-;SINE/AluSx;UTR3;AHR;-;-;UTR3;AHR;-;-;UTR3;AHR;-;-;-;1539;30;54	Name=AluSx	TRUE	Alu	UTR3
chr7:17344734:A:G	chr7:17344734:A:G	A:G	AHR	UTR3	unknown	A;G;+;A||R||D;ALU;-;SINE/AluSx;UTR3;AHR;-;-;UTR3;AHR;-;-;UTR3;AHR;-;-;-;1295;30;55	Name=AluSx	TRUE	Alu	UTR3
chr7:17344810:A:G	chr7:17344810:A:G	A:G	AHR	UTR3	unknown	A;G;+;A||R||D;ALU;-;SINE/AluSx;UTR3;AHR;-;-;UTR3;AHR;-;-;UTR3;AHR;-;-;-;1896;30;55	Name=AluSx	TRUE	Alu	UTR3
chr7:17344903:A:G	chr7:17344903:A:G	A:G	AHR	UTR3	unknown	A;G;+;A||R||D;ALU;-;SINE/AluSx;UTR3;AHR;-;-;UTR3;AHR;-;-;UTR3;AHR;-;-;-;1796;30;55	Name=AluSx	TRUE	Alu	UTR3
chr7:17345106:A:G	chr7:17345106:A:G	A:G	AHR	UTR3	unknown	A;G;+;A||R||D;ALU;-;SINE/AluSc;UTR3;AHR;-;-;UTR3;AHR;-;-;UTR3;AHR;-;-;-;1905;30;55	Name=AluSc	TRUE	Alu	UTR3
chr7:17345156:A:G	chr7:17345156:A:G	A:G	AHR	UTR3	unknown	A;G;+;A||R||D;ALU;rs542539241;SINE/AluSc;UTR3;AHR;-;-;UTR3;AHR;-;-;UTR3;AHR;-;-;-;12;6;6	Name=AluSc	TRUE	Alu	UTR3
chr7:17345168:A:G	chr7:17345168:A:G	A:G	AHR	UTR3	unknown	A;G;+;A||R||D;ALU;-;SINE/AluSc;UTR3;AHR;-;-;UTR3;AHR;-;-;UTR3;AHR;-;-;-;1991;30;55	Name=AluSc	TRUE	Alu	UTR3
chr7:17345208:A:G	chr7:17345208:A:G	A:G	AHR	UTR3	unknown	A;G;+;A||R||D;ALU;-;SINE/AluSc;UTR3;AHR;-;-;UTR3;AHR;-;-;UTR3;AHR;-;-;-;2346;30;55	Name=AluSc	TRUE	Alu	UTR3
chr7:17345256:A:G	chr7:17345256:A:G	A:G	AHR	UTR3	unknown	A;G;+;A||R||D;ALU;-;SINE/AluSc;UTR3;AHR;-;-;UTR3;AHR;-;-;UTR3;AHR;-;-;-;2303;30;55	Name=AluSc	TRUE	Alu	UTR3
chr7:17345258:A:G	chr7:17345258:A:G	A:G	AHR	UTR3	unknown	A;G;+;A||R||D;ALU;-;SINE/AluSc;UTR3;AHR;-;-;UTR3;AHR;-;-;UTR3;AHR;-;-;-;2056;30;55	Name=AluSc	TRUE	Alu	UTR3
chr7:2237277:T:C	chr7:2237277:A:G	A:G	MRM2	intronic	unknown	T;C;-;A||R||D;ALU;-;SINE/AluJb;intronic;FTSJ2;-;-;intronic;FTSJ2;-;-;intronic;FTSJ2;-;-;-;68;16;20	Name=AluJb	TRUE	Alu	intronic
chr7:32524461:A:G	chr7:32524461:A:G	A:G	AVL9	intronic	unknown	A;G;+;A||R||D;ALU;-;SINE/AluSx1;intronic;AVL9;-;-;intronic;AVL9;-;-;intronic;AVL9;-;-;-;9;6;6	Name=AluSx1	TRUE	Alu	intronic
chr7:36536692:T:C	chr7:36536692:A:G	A:G	AOAH	intronic	unknown	T;C;-;R;ALU;-;SINE/AluSx1;intronic;AOAH;-;-;intronic;AOAH;-;-;intronic;AOAH;-;-;-;151;11;11	Name=AluSx1	TRUE	Alu	intronic
chr7:36720443:T:C	chr7:36720443:A:G	A:G	AOAH	intronic	unknown	T;C;-;A;ALU;-;SINE/AluSx4;intronic;AOAH;-;-;intronic;AOAH;-;-;intronic;AOAH;-;-;-;4;4;4	Name=AluSx4	TRUE	Alu	intronic
chr7:38723468:T:C	chr7:38723468:A:G	A:G	VPS41	UTR3	unknown	T;C;-;A||R||D;ALU;-;SINE/AluSx3;UTR3;VPS41;-;-;downstream;VPS41;-;-;downstream;VPS41;-;-;-;2279;30;55	Name=AluSx3	TRUE	Alu	UTR3
chr7:66154305:A:G	chr7:66154305:A:G	A:G	CRCP	UTR3	unknown	A;G;+;A||R||D;ALU;-;SINE/AluSz6;ncRNA_intronic;RP5-1132H15.1;-;-;UTR3;CRCP;-;-;UTR3;CRCP;-;-;-;2485;30;55	Name=AluSz6	TRUE	Alu	UTR3
chr7:66155673:A:G	chr7:66155673:A:G	A:G	CRCP	downstream	unknown	A;G;+;A||R||D;ALU;-;SINE/AluJb;ncRNA_intronic;RP5-1132H15.1;-;-;intergenic;CRCP||TPST1;-;-;intergenic;CRCP||TPST1;-;-;-;409;27;44	Name=AluJb	TRUE	Alu	downstream
chr7:66687264:A:G	chr7:66687264:A:G	A:G	RABGEF1	intronic	unknown	A;G;+;A||R||D;ALU;-;SINE/AluSx;intergenic;RP4-756H11.3||RP11-792A8.4;-;-;intronic;RABGEF1;-;-;intronic;RABGEF1;-;-;-;28;13;21	Name=AluSx	TRUE	Alu	intronic
chr7:66687335:A:G	chr7:66687335:A:G	A:G	RABGEF1	intronic	unknown	A;G;+;A||R||D;ALU;-;SINE/AluSx;intergenic;RP4-756H11.3||RP11-792A8.4;-;-;intronic;RABGEF1;-;-;intronic;RABGEF1;-;-;-;63;15;28	Name=AluSx	TRUE	Alu	intronic
chr7:75159355:T:C	chr7:75159355:A:G	A:G	NCF1C	ncRNA
intronic	unknown	T;C;-;R;ALU;-;SINE/AluJr;intergenic;GTF2IRD2B||Y_RNA;-;-;ncRNA_intronic;NCF1C;-;-;intronic;NCF1C;-;-;-;94;4;5	Name=AluJr	TRUE	Alu	ncRNA
chr7:75159856:T:C	chr7:75159856:A:G	A:G	NCF1C	ncRNA
intronic	unknown	T;C;-;R;ALU;-;SINE/AluJr;intergenic;GTF2IRD2B||Y_RNA;-;-;ncRNA_intronic;NCF1C;-;-;intronic;NCF1C;-;-;-;85;4;5	Name=AluJr	TRUE	Alu	ncRNA
chr7:76474290:A:G	chr7:76474290:T:C	A:G	FDPSP2	ncRNA
exonic	unknown	A;G;+;A||R||D;REP;-;SINE/FLAM_C;intronic;DTX2;-;-;ncRNA_exonic;FDPSP2;-;-;ncRNA_exonic;FDPSP2;-;-;-;7;4;4	Name=FLAM_C	TRUE	Other	ncRNA
chr7:100386029:A:G	chr7:100386029:A:G	A:G	PILRA	intronic	unknown	.	Name=AluSq2	FALSE	Alu	intronic
chr7:100386030:A:G	chr7:100386030:A:G	A:G	PILRA	intronic	unknown	.	Name=AluSq2	FALSE	Alu	intronic
chr7:100386069:A:G	chr7:100386069:A:G	A:G	PILRA	intronic	unknown	A;G;+;R;ALU;-;SINE/AluSq2;intronic;PILRA;-;-;intronic;PILRA;-;-;intronic;PILRA;-;-;-;19;7;8	Name=AluSq2	TRUE	Alu	intronic
chr7:100386072:A:G	chr7:100386072:A:G	A:G	PILRA	intronic	unknown	A;G;+;R;ALU;-;SINE/AluSq2;intronic;PILRA;-;-;intronic;PILRA;-;-;intronic;PILRA;-;-;-;27;8;11	Name=AluSq2	TRUE	Alu	intronic
chr7:111913681:T:C	chr7:111913681:A:G	A:G	DOCK4	intronic	unknown	.	Name=AluY	FALSE	Alu	intronic
chr7:111913766:T:C	chr7:111913766:A:G	A:G	DOCK4	intronic	unknown	T;C;-;R;ALU;-;SINE/AluJb;intronic;DOCK4;-;-;intronic;DOCK4;-;-;intronic;DOCK4;-;-;-;3;2;2	Name=AluJr	TRUE	Alu	intronic
chr7:112098892:T:C	chr7:112098892:A:G	A:G	DOCK4	intronic	unknown	.	.	FALSE	None	intronic
chr7:112105786:T:C	chr7:112105786:A:G	A:G	DOCK4	intronic	unknown	T;C;-;A||R;ALU;-;SINE/AluJr;intronic;DOCK4;-;-;intronic;DOCK4;-;-;intronic;DOCK4;-;-;-;13;5;8	Name=AluJr	TRUE	Alu	intronic
chr7:112105950:T:C	chr7:112105950:A:G	A:G	DOCK4	intronic	unknown	T;C;-;A||R;ALU;-;SINE/AluJr;intronic;DOCK4;-;-;intronic;DOCK4;-;-;intronic;DOCK4;-;-;-;10;3;4	Name=AluJr	TRUE	Alu	intronic
chr7:112113707:T:C	chr7:112113707:A:G	A:G	DOCK4	intronic	unknown	T;C;-;A||R;ALU;-;SINE/AluJr;intronic;DOCK4;-;-;intronic;DOCK4;-;-;intronic;DOCK4;-;-;-;65;10;21	Name=AluJr	TRUE	Alu	intronic
chr7:130889567:T:C	chr7:130889567:A:G	A:G	LINC-PINT	ncRNA
intronic	unknown	T;C;-;R||D;ALU;-;SINE/AluSx;ncRNA_intronic;AC016831.7;-;-;ncRNA_intronic;LINC-PINT;-;-;ncRNA_intronic;LOC646329;-;-;-;0;0;0	Name=AluSx	TRUE	Alu	ncRNA
chr7:130889568:T:C	chr7:130889568:A:G	A:G	LINC-PINT	ncRNA
intronic	unknown	T;C;-;A||R;ALU;-;SINE/AluSx;ncRNA_intronic;AC016831.7;-;-;ncRNA_intronic;LINC-PINT;-;-;ncRNA_intronic;LOC646329;-;-;-;1;1;1	Name=AluSx	TRUE	Alu	ncRNA
chr7:17344769:A:G	chr7:17344769:A:G	A:G	AHR	UTR3	unknown	A;G;+;A||R||D;ALU;-;SINE/AluSx;UTR3;AHR;-;-;UTR3;AHR;-;-;UTR3;AHR;-;-;-;1573;30;55	Name=AluSx	TRUE	Alu	UTR3
chr7:17344771:A:G	chr7:17344771:A:G	A:G	AHR	UTR3	unknown	A;G;+;A||R||D;ALU;-;SINE/AluSx;UTR3;AHR;-;-;UTR3;AHR;-;-;UTR3;AHR;-;-;-;1964;30;55	Name=AluSx	TRUE	Alu	UTR3
chr7:17345061:A:G	chr7:17345061:A:G	A:G	AHR	UTR3	unknown	A;G;+;A||R||D;ALU;-;SINE/AluSc;UTR3;AHR;-;-;UTR3;AHR;-;-;UTR3;AHR;-;-;-;1315;30;53	Name=AluSc	TRUE	Alu	UTR3
chr7:17345062:A:G	chr7:17345062:A:G	A:G	AHR	UTR3	unknown	A;G;+;A||R||D;ALU;-;SINE/AluSc;UTR3;AHR;-;-;UTR3;AHR;-;-;UTR3;AHR;-;-;-;1315;30;55	Name=AluSc	TRUE	Alu	UTR3
chr7:17345139:A:G	chr7:17345139:A:G	A:G	AHR	UTR3	unknown	A;G;+;A||R||D;ALU;-;SINE/AluSc;UTR3;AHR;-;-;UTR3;AHR;-;-;UTR3;AHR;-;-;-;1012;30;52	Name=AluSc	TRUE	Alu	UTR3
chr7:17345154:A:G	chr7:17345154:A:G	A:G	AHR	UTR3	unknown	A;G;+;A||R||D;ALU;-;SINE/AluSc;UTR3;AHR;-;-;UTR3;AHR;-;-;UTR3;AHR;-;-;-;12;6;6	Name=AluSc	TRUE	Alu	UTR3
chr7:17345155:A:G	chr7:17345155:A:G	A:G	AHR	UTR3	unknown	A;G;+;A||R||D;ALU;-;SINE/AluSc;UTR3;AHR;-;-;UTR3;AHR;-;-;UTR3;AHR;-;-;-;12;6;6	Name=AluSc	TRUE	Alu	UTR3
chr7:17345159:A:G	chr7:17345159:A:G	A:G	AHR	UTR3	unknown	A;G;+;A||R||D;ALU;-;SINE/AluSc;UTR3;AHR;-;-;UTR3;AHR;-;-;UTR3;AHR;-;-;-;1640;30;55	Name=AluSc	TRUE	Alu	UTR3
chr7:17345263:A:G	chr7:17345263:A:G	A:G	AHR	UTR3	unknown	A;G;+;A||R||D;ALU;-;SINE/AluSc;UTR3;AHR;-;-;UTR3;AHR;-;-;UTR3;AHR;-;-;-;2134;30;55	Name=AluSc	TRUE	Alu	UTR3
chr7:36250137:A:G	chr7:36250137:A:G	A:G	EEPD1	intronic	unknown	A;G;+;A||R;ALU;-;SINE/AluJb;intronic;EEPD1;-;-;intronic;EEPD1;-;-;intronic;EEPD1;-;-;-;7;7;7	Name=AluJb	TRUE	Alu	intronic
chr7:37723110:A:G	chr7:37723110:A:G	A:G	GPR141	intronic	unknown	A;G;+;A||R;ALU;-;SINE/AluSx;intronic;EPDR1||GPR141;-;-;intergenic;ELMO1||GPR141;-;-;ncRNA_intronic;BC043356;-;-;-;6;4;4	Name=AluSx	TRUE	Alu	intronic
chr7:44005461:T:C	chr7:44005461:A:G	A:G	POLR2J4	ncRNA
intronic	unknown	.	Name=AluSx	FALSE	Alu	ncRNA
chr7:5390307:T:C	chr7:5390307:A:G	A:G	TNRC18	intronic	unknown	T;C;-;A||R||D;ALU;-;SINE/AluJr;UTR3;TNRC18;-;-;intronic;TNRC18;-;-;UTR3;TNRC18;-;-;-;119;20;26	Name=AluJr	TRUE	Alu	intronic
chr7:66155637:A:G	chr7:66155637:A:G	A:G	CRCP	downstream	unknown	A;G;+;A||R||D;ALU;-;SINE/AluJb;ncRNA_intronic;RP5-1132H15.1;-;-;intergenic;CRCP||TPST1;-;-;intergenic;CRCP||TPST1;-;-;-;467;27;49	Name=AluJb	TRUE	Alu	downstream
chr7:66155663:A:G	chr7:66155663:A:G	A:G	CRCP	downstream	unknown	A;G;+;A||R||D;ALU;-;SINE/AluJb;ncRNA_intronic;RP5-1132H15.1;-;-;intergenic;CRCP||TPST1;-;-;intergenic;CRCP||TPST1;-;-;-;513;29;50	Name=AluJb	TRUE	Alu	downstream
chr7:75629724:T:C	chr7:75629724:A:G	A:G	HIP1	intronic	unknown	T;C;-;A||R;ALU;-;SINE/AluSx;intronic;HIP1;-;-;intronic;HIP1;-;-;intronic;HIP1;-;-;-;5;4;4	Name=AluSx	TRUE	Alu	intronic
chr7:75630145:T:C	chr7:75630145:A:G	A:G	HIP1	intronic	unknown	T;C;-;A||R;ALU;-;SINE/AluJr;intronic;HIP1;-;-;intronic;HIP1;-;-;intronic;HIP1;-;-;-;4;3;3	Name=AluJr	TRUE	Alu	intronic
chr7:75727620:T:C	chr7:75727620:A:G	A:G	HIP1	intronic	unknown	T;C;-;A||R;ALU;-;SINE/AluSx;intronic;HIP1;-;-;intronic;HIP1;-;-;intronic;HIP1;-;-;-;6;4;5	Name=AluSx	TRUE	Alu	intronic
chr7:75727683:T:C	chr7:75727683:A:G	A:G	HIP1	intronic	unknown	T;C;-;A||R;ALU;-;SINE/AluSx;intronic;HIP1;-;-;intronic;HIP1;-;-;intronic;HIP1;-;-;-;9;4;6	Name=AluSx	TRUE	Alu	intronic
chr7:75727800:T:C	chr7:75727800:A:G	A:G	HIP1	intronic	unknown	T;C;-;A||R;ALU;-;SINE/AluSx;intronic;HIP1;-;-;intronic;HIP1;-;-;intronic;HIP1;-;-;-;7;3;4	Name=AluSx	TRUE	Alu	intronic
chr7:77572195:A:G	chr7:77572195:A:G	A:G	PTPN12	intronic	unknown	A;G;+;A||R||D;ALU;-;SINE/AluSx3;intronic;PTPN12;-;-;intronic;PTPN12;-;-;intronic;PTPN12;-;-;-;12;7;7	Name=AluSx3	TRUE	Alu	intronic
chr7:77646478:A:G	chr7:77646478:A:G	A:G	PTPN12	downstream	unknown	A;G;+;R;REP;-;SINE/FRAM;intergenic;PTPN12||RSBN1L-AS1;-;-;intergenic;PTPN12||APTR;-;-;intergenic;PTPN12||BC037783;-;-;-;1;1;1	Name=FRAM	TRUE	Other	downstream
chr7:20827400:G:A	chr7:20827400:G:A	C:T	RPL23P8	ncRNA
exonic	unknown	.	.	FALSE	None	ncRNA
chr7:23275201:A:G	chr7:23275201:A:G	A:G	GPNMB	downstream	unknown	A;G;+;A||R;REP;-;SINE/FLAM_C;downstream;GPNMB;-;-;downstream;GPNMB;-;-;downstream;GPNMB;-;-;-;124;18;25	Name=FLAM_C	TRUE	Other	downstream
chr7:23275468:A:G	chr7:23275468:A:G	A:G	GPNMB	downstream	unknown	A;G;+;R;ALU;-;SINE/AluJb;downstream;GPNMB;-;-;downstream;GPNMB;-;-;downstream;GPNMB;-;-;-;0;0;0	Name=AluJb	TRUE	Alu	downstream
chr7:23275470:A:G	chr7:23275470:A:G	A:G	GPNMB	downstream	unknown	A;G;+;R;ALU;-;SINE/AluJb;downstream;GPNMB;-;-;downstream;GPNMB;-;-;downstream;GPNMB;-;-;-;1;1;1	Name=AluJb	TRUE	Alu	downstream
chr7:23275471:A:G	chr7:23275471:A:G	A:G	GPNMB	downstream	unknown	A;G;+;R;ALU;-;SINE/AluJb;downstream;GPNMB;-;-;downstream;GPNMB;-;-;downstream;GPNMB;-;-;-;0;0;0	Name=AluJb	TRUE	Alu	downstream
chr7:23275510:A:G	chr7:23275510:A:G	A:G	GPNMB	downstream	unknown	A;G;+;R;ALU;-;SINE/AluJb;downstream;GPNMB;-;-;downstream;GPNMB;-;-;downstream;GPNMB;-;-;-;15;7;11	Name=AluJb	TRUE	Alu	downstream
chr7:44005512:T:C	chr7:44005512:A:G	A:G	POLR2J4	ncRNA
intronic	unknown	T;C;-;R;ALU;-;SINE/AluSx;ncRNA_intronic;AC004951.6||POLR2J4||RP5-1165K10.2;-;-;ncRNA_intronic;POLR2J4;-;-;ncRNA_intronic;AX747182;-;-;-;21;14;15	Name=AluSx	TRUE	Alu	ncRNA
chr7:66491459:T:C	chr7:66491459:T:C	A:G	GS1-124K5.4	upstream	unknown	T;C;-;A||R||D;ALU;-;SINE/AluSz;ncRNA_exonic;GS1-124K5.3;-;-;intergenic;LINC00174||GS1-124K5.11;-;-;intergenic;LINC00174||LOC493754;-;-;-;290;27;36	Name=AluSz	TRUE	Alu	upstream
chr7:66685422:A:G	chr7:66685422:A:G	A:G	RABGEF1	intronic	unknown	A;G;+;A||R||D;ALU;-;SINE/AluJr;intergenic;RP4-756H11.3||RP11-792A8.4;-;-;intronic;RABGEF1;-;-;intronic;RABGEF1;-;-;-;1409;30;54	Name=AluJr4	TRUE	Alu	intronic
chr7:72995872:T:C	chr7:72995872:A:G	A:G	STAG3L3	downstream	unknown	T;C;-;R||D;ALU;-;SINE/AluSx;intergenic;AC005488.1||STAG3L3;-;-;intergenic;LOC541473||STAG3L1;-;-;ncRNA_intronic;STAG3L3;-;-;-;0;0;0	Name=AluSz	TRUE	Alu	downstream
chr7:75499715:T:C	chr7:75499715:T:C	A:G	SPDYE5	intronic	unknown	T;C;-;A||R||D;ALU;-;SINE/AluSx;intergenic;POM121C||PMS2P3;-;-;intronic;SPDYE5;-;-;intronic;SPDYE5;-;-;-;10;7;8	Name=AluSx	TRUE	Alu	intronic
chr7:75595993:T:C	chr7:75595993:A:G	A:G	HIP1	intronic	unknown	T;C;-;A||R;ALU;-;SINE/AluJr;intronic;HIP1;-;-;intronic;HIP1;-;-;intronic;HIP1;-;-;-;10;4;7	Name=AluJr	TRUE	Alu	intronic
chr7:76535843:A:G	chr7:76535843:T:C	A:G	SPDYE16	intronic	unknown	.	Name=AluSx	FALSE	Alu	intronic
chr7:101852861:A:G	chr7:101852861:A:G	A:G	CUX1	intronic	unknown	A;G;+;A||R;ALU;-;SINE/AluSq2;intronic;CUX1;-;-;intronic;CUX1;-;-;intronic;CUX1;-;-;-;6;5;5	Name=AluSq2	TRUE	Alu	intronic
chr7:111740196:T:C	chr7:111740196:A:G	A:G	DOCK4	intronic	unknown	T;C;-;A||R;ALU;-;SINE/AluSx;intronic;DOCK4;-;-;intronic;DOCK4;-;-;UTR5;DOCK4;-;-;-;251;23;43	Name=AluSz	TRUE	Alu	intronic
chr7:151827350:T:C	chr7:151827350:A:G	A:G	PRKAG2	intronic	unknown	T;C;-;A||R;ALU;-;SINE/AluSx1;intronic;PRKAG2;-;-;intronic;PRKAG2;-;-;intronic;PRKAG2;-;-;-;2;2;2	Name=AluSx1	TRUE	Alu	intronic
chr7:36719841:T:C	chr7:36719841:A:G	A:G	AOAH	intronic	unknown	T;C;-;A||R;ALU;-;SINE/AluJo;intronic;AOAH;-;-;intronic;AOAH;-;-;intronic;AOAH;-;-;-;7;4;4	Name=AluJo	TRUE	Alu	intronic
chr7:37844702:A:G	chr7:37844702:A:G	A:G	NME8	upstream	unknown	A;G;+;R||D;REP;-;LINE/L1PA16;intronic;EPDR1;-;-;intergenic;GPR141||NME8;-;-;intergenic;BC043356||NME8;-;-;-;20;7;9	Name=L1PA16	TRUE	LINE	upstream
chr7:44005530:T:C	chr7:44005530:A:G	A:G	POLR2J4	ncRNA
intronic	unknown	T;C;-;A||R;ALU;-;SINE/AluSx;ncRNA_intronic;AC004951.6||POLR2J4||RP5-1165K10.2;-;-;ncRNA_intronic;POLR2J4;-;-;ncRNA_intronic;AX747182;-;-;-;10;8;8	Name=AluSx	TRUE	Alu	ncRNA
chr7:4679286:T:C	chr7:4679286:T:C	A:G	FOXK1	upstream	unknown	T;C;-;R||D;ALU;-;SINE/AluSc;intronic;FOXK1;-;-;intergenic;SDK1||FOXK1;-;-;intronic;FOXK1;-;-;-;4;2;2	Name=AluSc	TRUE	Alu	upstream
chr7:47562524:T:C	chr7:47562524:A:G	A:G	TNS3	intronic	unknown	T;C;-;A;ALU;-;SINE/AluSq2;intronic;TNS3;-;-;intronic;TNS3;-;-;intronic;TNS3;-;-;-;4;3;3	Name=AluSq2	TRUE	Alu	intronic
chr7:4769693:A:G	chr7:4769693:A:G	A:G	FOXK1	UTR3	unknown	A;G;+;A||R||D;ALU;-;SINE/AluSx1;UTR3;FOXK1;-;-;UTR3;FOXK1;-;-;UTR3;FOXK1;-;-;-;1848;30;54	Name=AluSx1	TRUE	Alu	UTR3
chr7:4770388:A:G	chr7:4770388:A:G	A:G	FOXK1	UTR3	unknown	A;G;+;A||R||D;ALU;-;SINE/AluSx;UTR3;FOXK1;-;-;UTR3;FOXK1;-;-;UTR3;FOXK1;-;-;-;1893;30;54	Name=AluSx	TRUE	Alu	UTR3
chr7:48106573:A:G	chr7:48106573:A:G	A:G	UPP1	intronic	unknown	A;G;+;A||R||D;ALU;-;SINE/AluSq;intronic;UPP1;-;-;intronic;UPP1;-;-;intronic;UPP1;-;-;-;2306;30;54	Name=AluSq	TRUE	Alu	intronic
chr7:55466772:T:C	chr7:55466772:A:G	A:G	VOPP1	downstream	unknown	T;C;-;A||R||D;ALU;-;SINE/AluJb;intergenic;LANCL2||VOPP1;-;-;intergenic;LANCL2||VOPP1;-;-;intergenic;LANCL2||VOPP1;-;-;-;69;14;19	Name=AluJb	TRUE	Alu	downstream
chr7:55468029:T:C	chr7:55468029:A:G	A:G	VOPP1	downstream	unknown	T;C;-;A||R;ALU;-;SINE/AluSc;intergenic;LANCL2||VOPP1;-;-;intergenic;LANCL2||VOPP1;-;-;intergenic;LANCL2||VOPP1;-;-;-;18;8;9	Name=AluSc	TRUE	Alu	downstream
chr7:55468030:T:C	chr7:55468030:A:G	A:G	VOPP1	downstream	unknown	T;C;-;A||R;ALU;-;SINE/AluSc;intergenic;LANCL2||VOPP1;-;-;intergenic;LANCL2||VOPP1;-;-;intergenic;LANCL2||VOPP1;-;-;-;8;5;5	Name=AluSc	TRUE	Alu	downstream
chr7:55468084:T:C	chr7:55468084:A:G	A:G	VOPP1	downstream	unknown	T;C;-;A||R||D;ALU;-;SINE/AluSc;intergenic;LANCL2||VOPP1;-;-;intergenic;LANCL2||VOPP1;-;-;intergenic;LANCL2||VOPP1;-;-;-;7;5;6	Name=AluSc	TRUE	Alu	downstream
chr7:73233147:A:G	chr7:73233147:A:G	A:G	NCF1B	ncRNA
intronic	unknown	A;G;+;R;ALU;-;SINE/AluJr;ncRNA_intronic;NCF1B;-;-;ncRNA_intronic;NCF1B;-;-;intronic;FKBP6;-;-;399;56;5;1;2	Name=AluJr	TRUE	Alu	ncRNA
chr7:73233157:A:G	chr7:73233157:A:G	A:G	NCF1B	ncRNA
intronic	unknown	.	Name=AluJr	FALSE	Alu	ncRNA
chr7:76002058:T:C	chr7:76002058:A:G	A:G	STYXL1	intronic	unknown	T;C;-;R||D;ALU;-;SINE/AluJo;intronic;STYXL1;-;-;intronic;STYXL1;-;-;intronic;STYXL1;-;-;-;0;0;0	Name=AluJo	TRUE	Alu	intronic
chr7:101925162:A:G	chr7:101925162:A:G	A:G	CUX1	intronic	unknown	A;G;+;A||R||D;ALU;-;SINE/AluSz;intronic;CUX1;-;-;intronic;CUX1;-;-;intronic;CUX1;-;-;-;16;9;9	Name=AluSz	TRUE	Alu	intronic
chr7:102152083:A:G	chr7:102152083:A:G	A:G	CUX1	intronic	unknown	A;G;+;A||R;ALU;-;SINE/AluJo;intronic;CUX1;-;-;intronic;CUX1;-;-;intronic;CUX1;-;-;-;8;4;4	Name=AluJo	TRUE	Alu	intronic
chr7:111743948:T:C	chr7:111743948:A:G	A:G	DOCK4	intronic	unknown	T;C;-;A||R;ALU;-;SINE/AluJr;intronic;DOCK4;-;-;intronic;DOCK4;-;-;intronic;DOCK4;-;-;-;31;10;10	Name=AluJr	TRUE	Alu	intronic
chr7:111908955:T:C	chr7:111908955:A:G	A:G	DOCK4	intronic	unknown	T;C;-;A||R;REP;-;LINE/L1PA8;intronic;DOCK4;-;-;intronic;DOCK4;-;-;intronic;DOCK4;-;-;-;7;3;3	Name=L1PA8	TRUE	LINE	intronic
chr7:111908965:T:C	chr7:111908965:A:G	A:G	DOCK4	intronic	unknown	T;C;-;A;REP;-;LINE/L1PA8;intronic;DOCK4;-;-;intronic;DOCK4;-;-;intronic;DOCK4;-;-;-;7;3;4	Name=L1PA8	TRUE	LINE	intronic
chr7:111913402:T:C	chr7:111913402:A:G	A:G	DOCK4	intronic	unknown	.	Name=AluJr	FALSE	Alu	intronic
chr7:112103671:T:C	chr7:112103671:A:G	A:G	DOCK4	intronic	unknown	T;C;-;A||R;ALU;-;SINE/AluSz6;intronic;DOCK4;-;-;intronic;DOCK4;-;-;intronic;DOCK4;-;-;-;10;5;6	Name=AluSz6	TRUE	Alu	intronic
chr7:112105781:T:C	chr7:112105781:A:G	A:G	DOCK4	intronic	unknown	T;C;-;A||R;ALU;-;SINE/AluJr;intronic;DOCK4;-;-;intronic;DOCK4;-;-;intronic;DOCK4;-;-;-;17;5;9	Name=AluJr	TRUE	Alu	intronic
chr7:130889532:T:C	chr7:130889532:A:G	A:G	LINC-PINT	ncRNA
intronic	unknown	T;C;-;A;ALU;-;SINE/AluSx;ncRNA_intronic;AC016831.7;-;-;ncRNA_intronic;LINC-PINT;-;-;ncRNA_intronic;LOC646329;-;-;-;7;5;5	Name=AluSx	TRUE	Alu	ncRNA
chr7:130889644:T:C	chr7:130889644:A:G	A:G	LINC-PINT	ncRNA
intronic	unknown	T;C;-;A||R||D;ALU;-;SINE/AluJr;ncRNA_intronic;AC016831.7;-;-;ncRNA_intronic;LINC-PINT;-;-;ncRNA_intronic;LOC646329;-;-;-;3;3;3	Name=AluJr	TRUE	Alu	ncRNA
chr7:148870519:T:C	chr7:148870519:A:G	A:G	EZH2	intronic	unknown	T;C;-;R||D;ALU;-;SINE/AluJb;intronic;EZH2;-;-;intronic;EZH2;-;-;intronic;EZH2;-;-;-;0;0;0	Name=AluJb	TRUE	Alu	intronic
chr7:23275479:A:G	chr7:23275479:A:G	A:G	GPNMB	downstream	unknown	A;G;+;R;ALU;-;SINE/AluJb;downstream;GPNMB;-;-;downstream;GPNMB;-;-;downstream;GPNMB;-;-;-;1;1;1	Name=AluJb	TRUE	Alu	downstream
chr7:32520900:A:G	chr7:32520900:A:G	A:G	AVL9	intronic	unknown	A;G;+;A||R;REP;-;LTR/THE1A;intronic;AVL9;-;-;intronic;AVL9;-;-;intronic;AVL9;-;-;-;8;3;3	Name=THE1A	TRUE	Other	intronic
chr7:4678521:T:C	chr7:4678521:T:C	A:G	FOXK1	upstream	unknown	T;C;-;R;ALU;-;SINE/AluSx1;intronic;FOXK1;-;-;intergenic;SDK1||FOXK1;-;-;intronic;FOXK1;-;-;-;10;6;6	Name=AluSx1	TRUE	Alu	upstream
chr7:48106411:A:G	chr7:48106411:A:G	A:G	UPP1	intronic	unknown	A;G;+;A||R||D;ALU;-;SINE/AluSq;intronic;UPP1;-;-;intronic;UPP1;-;-;intronic;UPP1;-;-;-;1743;30;53	Name=AluSq	TRUE	Alu	intronic
chr7:48106428:A:G	chr7:48106428:A:G	A:G	UPP1	intronic	unknown	A;G;+;A||R||D;ALU;-;SINE/AluSq;intronic;UPP1;-;-;intronic;UPP1;-;-;intronic;UPP1;-;-;-;1924;30;53	Name=AluSq	TRUE	Alu	intronic
chr7:48106494:A:G	chr7:48106494:A:G	A:G	UPP1	intronic	unknown	A;G;+;A||R||D;ALU;-;SINE/AluSq;intronic;UPP1;-;-;intronic;UPP1;-;-;intronic;UPP1;-;-;-;2146;30;54	Name=AluSq	TRUE	Alu	intronic
chr7:6441487:G:A	chr7:6441487:C:T	C:T	DAGLB	intronic	unknown	.	Name=AluSc8	FALSE	Alu	intronic
chr7:65049368:A:G	chr7:65049368:A:G	A:G	CCT6P3	ncRNA
intronic	unknown	A;G;+;A||R||D;ALU;-;SINE/AluSz;ncRNA_intronic;CCT6P3;-;-;ncRNA_intronic;CCT6P3;-;-;ncRNA_intronic;CCT6P3;-;-;-;13;9;9	Name=AluSz	TRUE	Alu	ncRNA
chr7:66154360:A:G	chr7:66154360:A:G	A:G	CRCP	UTR3	unknown	A;G;+;A||R||D;ALU;-;SINE/AluSz6;ncRNA_intronic;RP5-1132H15.1;-;-;UTR3;CRCP;-;-;UTR3;CRCP;-;-;-;2348;30;55	Name=AluSz6	TRUE	Alu	UTR3
chr7:75621515:T:C	chr7:75621515:A:G	A:G	HIP1	intronic	unknown	T;C;-;A||R;ALU;-;SINE/AluJr4;intronic;HIP1;-;-;intronic;HIP1;-;-;intronic;HIP1;-;-;-;6;4;4	Name=AluJo	TRUE	Alu	intronic
chr7:75629639:T:C	chr7:75629639:A:G	A:G	HIP1	intronic	unknown	.	Name=AluSx	FALSE	Alu	intronic
chr7:77925988:A:G	chr7:77925988:A:G	A:G	PHTF2	intronic	unknown	A;G;+;A||R||D;ALU;-;SINE/AluSc;intronic;PHTF2;-;-;intronic;PHTF2;-;-;intronic;PHTF2;-;-;-;2;2;2	Name=AluSc	TRUE	Alu	intronic
chr7:128470264:A:G	chr7:128470264:A:G	A:G	METTL2B	upstream	unknown	A;G;+;A||R;ALU;-;SINE/AluSx;ncRNA_intronic;RP11-212P7.3;-;-;intergenic;HILPDA||METTL2B;-;-;intergenic;HILPDA||METTL2B;-;-;-;1225;30;53	Name=AluSx	TRUE	Alu	upstream
chr7:23263564:A:G	chr7:23263564:A:G	A:G	GPNMB	intronic	unknown	A;G;+;A||R;ALU;-;SINE/AluSq2;intronic;GPNMB;-;-;intronic;GPNMB;-;-;intronic;GPNMB;-;-;-;37;12;14	Name=AluSq2	TRUE	Alu	intronic
chr7:2901049:A:G	chr7:2901049:T:C	A:G	CARD11	downstream	unknown	.	Name=AluY	FALSE	Alu	downstream
chr7:2901052:A:G	chr7:2901052:T:C	A:G	CARD11	downstream	unknown	.	Name=AluY	FALSE	Alu	downstream
chr7:44042195:T:C	chr7:44042195:T:C	A:G	LINC00957	ncRNA
intronic	unknown	.	Name=AluSc	FALSE	Alu	ncRNA
chr7:5830413:A:G	chr7:5830413:A:G	A:G	ZNF815P	ncRNA
intronic	unknown	A;G;+;R||D;ALU;-;SINE/AluY;ncRNA_intronic;ZNF815P;-;-;ncRNA_intronic;ZNF815P;-;-;ncRNA_intronic;ZNF815P;-;-;-;3;2;2	Name=AluY	TRUE	Alu	ncRNA
chr7:111484860:T:C	chr7:111484860:A:G	A:G	IMMP2L	intronic	unknown	T;C;-;A||R||D;ALU;-;SINE/AluJb;intronic;IMMP2L;-;-;intronic;IMMP2L;-;-;intronic;IMMP2L;-;-;-;22;10;11	Name=AluJb	TRUE	Alu	intronic
chr7:111485434:T:C	chr7:111485434:A:G	A:G	IMMP2L	intronic	unknown	T;C;-;A||R||D;ALU;-;SINE/AluY;intronic;IMMP2L;-;-;intronic;IMMP2L;-;-;intronic;IMMP2L;-;-;-;5;3;3	Name=AluY	TRUE	Alu	intronic
chr7:122075146:T:C	chr7:122075146:A:G	A:G	AASS	UTR3	unknown	T;C;-;A||R||D;ALU;-;SINE/AluJb;downstream;AASS;-;-;UTR3;AASS;-;-;UTR3;AASS;-;-;-;2169;30;55	Name=AluJr	TRUE	Alu	UTR3
chr7:6012178:A:G	chr7:6012178:A:G	A:G	AIMP2	intronic	unknown	A;G;+;A||R||D;ALU;-;SINE/AluJb;intronic;AIMP2;-;-;intronic;AIMP2;-;-;intronic;AIMP2;-;-;-;49;16;21	Name=AluJb	TRUE	Alu	intronic
chr7:65975657:T:C	chr7:65975657:A:G	A:G	GUSB	intronic	unknown	T;C;-;A||R||D;ALU;-;SINE/AluSz;intronic;GUSB;-;-;intronic;GUSB;-;-;intronic;GUSB;-;-;-;944;30;53	Name=AluSz	TRUE	Alu	intronic
chr7:76039745:T:C	chr7:76039745:A:G	A:G	STYXL1	intronic	unknown	T;C;-;A||R;ALU;-;SINE/AluSx;intronic;STYXL1;-;-;intronic;STYXL1;-;-;intronic;STYXL1;-;-;-;6;5;5	Name=AluSx	TRUE	Alu	intronic
chr7:92492269:A:G	chr7:92492269:T:C	A:G	PEX1	intronic	unknown	A;G;+;A||R||D;ALU;-;SINE/AluJb;intronic;PEX1;-;-;intronic;PEX1;-;-;intronic;PEX1;-;-;-;1754;30;55	Name=AluJb	TRUE	Alu	intronic
chr7:92492277:A:G	chr7:92492277:T:C	A:G	PEX1	intronic	unknown	A;G;+;A||R||D;ALU;-;SINE/AluJb;intronic;PEX1;-;-;intronic;PEX1;-;-;intronic;PEX1;-;-;-;1760;30;55	Name=AluJb	TRUE	Alu	intronic
chr7:101834274:A:G	chr7:101834274:A:G	A:G	CUX1	intronic	unknown	A;G;+;A||R||D;ALU;-;SINE/AluSx1;intronic;CUX1;-;-;intronic;CUX1;-;-;intronic;CUX1;-;-;-;3;2;2	Name=AluSx1	TRUE	Alu	intronic
chr7:104991210:A:G	chr7:104991210:T:C	A:G	LINC01004	upstream	unknown	.	Name=AluSx	FALSE	Alu	upstream
chr7:111740488:T:C	chr7:111740488:A:G	A:G	DOCK4	intronic	unknown	T;C;-;A||R;ALU;-;SINE/AluSz;intronic;DOCK4;-;-;intronic;DOCK4;-;-;intronic;DOCK4;-;-;-;65;16;24	Name=AluSz	TRUE	Alu	intronic
chr7:111909502:T:C	chr7:111909502:A:G	A:G	DOCK4	intronic	unknown	T;C;-;A;REP;-;LINE/L1P3;intronic;DOCK4;-;-;intronic;DOCK4;-;-;intronic;DOCK4;-;-;-;4;3;3	Name=L1P3	TRUE	LINE	intronic
chr7:112059225:T:C	chr7:112059225:A:G	A:G	DOCK4	intronic	unknown	T;C;-;A||R;ALU;-;SINE/AluSx3;intronic;DOCK4;-;-;intronic;DOCK4;-;-;intronic;DOCK4;-;-;-;14;4;10	Name=AluSx3	TRUE	Alu	intronic
chr7:48104097:A:G	chr7:48104097:A:G	A:G	UPP1	intronic	unknown	A;G;+;A||R||D;ALU;-;SINE/AluSc;intronic;UPP1;-;-;intronic;UPP1;-;-;intronic;UPP1;-;-;-;1100;30;53	Name=AluSc	TRUE	Alu	intronic
chr7:48106410:A:G	chr7:48106410:A:G	A:G	UPP1	intronic	unknown	A;G;+;A||R||D;ALU;-;SINE/AluSq;intronic;UPP1;-;-;intronic;UPP1;-;-;intronic;UPP1;-;-;-;1622;30;53	Name=AluSq	TRUE	Alu	intronic
chr7:48106491:A:G	chr7:48106491:A:G	A:G	UPP1	intronic	unknown	A;G;+;A||R||D;ALU;-;SINE/AluSq;intronic;UPP1;-;-;intronic;UPP1;-;-;intronic;UPP1;-;-;-;2030;30;53	Name=AluSq	TRUE	Alu	intronic
chr7:66157884:A:G	chr7:66157884:A:G	A:G	CRCP	downstream	unknown	A;G;+;A||R||D;ALU;-;SINE/AluSz;ncRNA_intronic;RP5-1132H15.1;-;-;intergenic;CRCP||TPST1;-;-;intergenic;CRCP||TPST1;-;-;-;1291;30;54	Name=AluSz	TRUE	Alu	downstream
chr7:66157969:A:G	chr7:66157969:A:G	A:G	CRCP	downstream	unknown	A;G;+;A||R;ALU;-;SINE/AluSz;ncRNA_intronic;RP5-1132H15.1;-;-;intergenic;CRCP||TPST1;-;-;intergenic;CRCP||TPST1;-;-;-;1209;30;54	Name=AluSz	TRUE	Alu	downstream
chr7:75596103:T:C	chr7:75596103:A:G	A:G	HIP1	intronic	unknown	T;C;-;A||R;ALU;-;SINE/AluJr;intronic;HIP1;-;-;intronic;HIP1;-;-;intronic;HIP1;-;-;-;4;3;4	Name=AluJr	TRUE	Alu	intronic
chr7:23272368:A:G	chr7:23272368:A:G	A:G	GPNMB	intronic	unknown	A;G;+;R;REP;-;SINE/FLAM_A;intronic;GPNMB;-;-;intronic;GPNMB;-;-;intronic;GPNMB;-;-;-;83;14;19	Name=FLAM_A	TRUE	Other	intronic
chr7:37722632:A:G	chr7:37722632:A:G	A:G	GPR141	intronic	unknown	.	Name=AluSx1	FALSE	Alu	intronic
chr7:56076233:A:G	chr7:56076233:A:G	A:G	SUMF2	intronic	unknown	A;G;+;A||R||D;ALU;-;SINE/AluY;intronic;SUMF2;-;-;intronic;SUMF2;-;-;intronic;PSPH||SUMF2;-;-;-;944;30;53	Name=AluYf1	TRUE	Alu	intronic
chr7:148810784:T:C	chr7:148810784:A:G	A:G	EZH2	intronic	unknown	T;C;-;A||R||D;ALU;-;SINE/AluSp;intronic;EZH2;-;-;intronic;EZH2;-;-;intronic;EZH2;-;-;-;138;17;23	Name=AluSp	TRUE	Alu	intronic
chr7:4679283:T:C	chr7:4679283:T:C	A:G	FOXK1	upstream	unknown	T;C;-;R||D;ALU;-;SINE/AluSc;intronic;FOXK1;-;-;intergenic;SDK1||FOXK1;-;-;intronic;FOXK1;-;-;-;5;2;2	Name=AluSc	TRUE	Alu	upstream
chr7:72995620:T:C	chr7:72995620:A:G	A:G	STAG3L3	downstream	unknown	.	Name=FRAM	FALSE	Other	downstream
chr7:98254462:A:G	chr7:98254462:T:C	A:G	TECPR1	upstream	unknown	A;G;+;A||R;ALU;-;SINE/AluSx;intergenic;TECPR1||BRI3;-;-;intergenic;TECPR1||BRI3;-;-;intergenic;TECPR1||BRI3;-;-;-;60;21;26	Name=AluSx	TRUE	Alu	upstream
chr7:32549318:A:G	chr7:32549318:A:G	A:G	AVL9	intronic	unknown	A;G;+;A||R;ALU;-;SINE/AluJb;intronic;AVL9;-;-;intronic;AVL9;-;-;intronic;AVL9;-;-;-;1;1;1	Name=AluJb	TRUE	Alu	intronic
chr7:66715181:A:G	chr7:66715181:A:G	A:G	RABGEF1	intronic	unknown	A;G;+;A||R||D;ALU;-;SINE/AluJr;intergenic;RP4-756H11.3||RP11-792A8.4;-;-;intronic;RABGEF1;-;-;intronic;RABGEF1;-;-;-;486;29;51	Name=AluJr	TRUE	Alu	intronic
chr7:66715197:A:G	chr7:66715197:A:G	A:G	RABGEF1	intronic	unknown	A;G;+;A||R||D;ALU;-;SINE/AluJr;intergenic;RP4-756H11.3||RP11-792A8.4;-;-;intronic;RABGEF1;-;-;intronic;RABGEF1;-;-;-;753;30;52	Name=AluJr	TRUE	Alu	intronic
chr7:76437140:T:C	chr7:76437140:T:C	A:G	ZP3	intronic	unknown	.	Name=FRAM	FALSE	Other	intronic
chr7:76978667:A:G	chr7:76978667:A:G	A:G	DTX2P1-UPK3BP1-PMS2P11	upstream	unknown	.	.	FALSE	None	upstream
chr7:2605500:G:A	chr7:2605500:G:A	C:T	IQCE	intronic	unknown	.	Name=AluY	FALSE	Alu	intronic
chr7:74110087:A:G	chr7:74110087:A:G	A:G	LIMK1	intronic	unknown	A;G;+;A||R;ALU;-;SINE/AluJr;intronic;LIMK1;-;-;intronic;LIMK1;-;-;UTR3;LIMK1;-;-;-;100;17;26	Name=AluJb	TRUE	Alu	intronic
chr7:112059245:T:C	chr7:112059245:A:G	A:G	DOCK4	intronic	unknown	T;C;-;A||R;ALU;-;SINE/AluSx3;intronic;DOCK4;-;-;intronic;DOCK4;-;-;intronic;DOCK4;-;-;-;14;5;11	Name=AluSx3	TRUE	Alu	intronic
chr7:74178413:A:G	chr7:74178413:A:G	A:G	EIF4H	intronic	unknown	A;G;+;A||R;ALU;-;SINE/AluSz6;intronic;EIF4H;-;-;intronic;EIF4H;-;-;intronic;EIF4H;-;-;-;4;3;3	Name=AluSz6	TRUE	Alu	intronic
chr7:99497453:T:C	chr7:99497453:A:G	A:G	ZNF394	intronic	unknown	T;C;-;A||R;ALU;-;SINE/AluY;intronic;ZNF394||ZNF789;-;-;intronic;ZNF394;-;-;intronic;ZNF394;-;-;-;271;28;39	Name=AluY	TRUE	Alu	intronic
chr7:2605445:T:C	chr7:2605445:T:C	A:G	IQCE	intronic	unknown	.	Name=AluY	FALSE	Alu	intronic
chr7:2605513:A:G	chr7:2605513:A:G	A:G	IQCE	intronic	unknown	.	Name=AluY	FALSE	Alu	intronic
chr7:77609836:A:G	chr7:77609836:A:G	A:G	PTPN12	intronic	unknown	A;G;+;A;ALU;-;SINE/AluY;intronic;PTPN12;-;-;intronic;PTPN12;-;-;intronic;PTPN12;-;-;-;12;5;7	Name=AluY	TRUE	Alu	intronic
chr7:23279130:A:G	chr7:23279130:A:G	A:G	GPNMB	downstream	unknown	A;G;+;A||R;ALU;-;SINE/AluSz6;intergenic;GPNMB||MALSU1;-;-;intergenic;GPNMB||MALSU1;-;-;intergenic;GPNMB||MALSU1;-;-;-;38;8;14	Name=AluSz6	TRUE	Alu	downstream
chr7:74873963:T:C	chr7:74873963:A:G	A:G	STAG3L2	downstream	unknown	T;C;-;R||D;ALU;-;SINE/AluJo;intergenic;GTF2IRD2||STAG3L2;-;-;intergenic;GTF2IRD2||STAG3L2;-;-;intergenic;GTF2IRD2||STAG3L2;-;-;-;21;11;12	Name=AluJo	TRUE	Alu	downstream
chr7:149068541:T:C	chr7:149068541:A:G	A:G	ZNF786	downstream	unknown	T;C;-;A||R;ALU;-;SINE/AluSx;intergenic;RNU6-650P||ZNF786;-;-;intergenic;PDIA4||ZNF786;-;-;intergenic;PDIA4||ZNF786;-;-;-;93;18;32	Name=AluSx	TRUE	Alu	downstream
chr7:44475250:T:C	chr7:44475250:A:G	A:G	NUDCD3	intronic	unknown	T;C;-;A||R||D;ALU;-;SINE/AluSx4;intronic;NUDCD3;-;-;intronic;NUDCD3;-;-;intronic;NUDCD3;-;-;-;13;6;6	Name=AluSx4	TRUE	Alu	intronic
chr7:76535804:A:G	chr7:76535804:T:C	A:G	SPDYE16	intronic	unknown	.	Name=AluSx	FALSE	Alu	intronic
chr7:73708080:A:G	chr7:73708080:T:C	A:G	STX1A	intronic	unknown	.	Name=AluSc	FALSE	Alu	intronic
chr7:80886625:T:C	chr7:80886625:A:G	A:G	SEMA3C	intronic	unknown	T;C;-;A||R;ALU;-;SINE/AluSg;intronic;SEMA3C;-;-;intronic;SEMA3C;-;-;intronic;SEMA3C;-;-;-;2;2;2	Name=AluSg	TRUE	Alu	intronic
chr7:156970054:A:G	chr7:156970054:A:G	A:G	NOM1	UTR3	unknown	A;G;+;A||R||D;ALU;-;SINE/AluSz6;UTR3;NOM1;-;-;UTR3;NOM1;-;-;UTR3;NOM1;-;-;-;1490;30;54	Name=AluSz6	TRUE	Alu	UTR3
chr7:4678381:T:C	chr7:4678381:T:C	A:G	FOXK1	upstream	unknown	T;C;-;R||D;ALU;-;SINE/AluSx1;intronic;FOXK1;-;-;intergenic;SDK1||FOXK1;-;-;intronic;FOXK1;-;-;-;10;4;4	Name=AluSx1	TRUE	Alu	upstream
chr7:106253153:T:C	chr7:106253153:A:G	A:G	NAMPT	splicing	unknown	.	.	FALSE	None	splicing
chr7:4679366:T:C	chr7:4679366:T:C	A:G	FOXK1	upstream	unknown	.	Name=AluSc	FALSE	Alu	upstream
chr7:48103964:A:G	chr7:48103964:A:G	A:G	UPP1	intronic	unknown	A;G;+;A||R||D;ALU;-;SINE/AluSc;intronic;UPP1;-;-;intronic;UPP1;-;-;UTR3;UPP1;-;-;-;1318;30;53	Name=AluSc	TRUE	Alu	intronic
chr7:4677694:T:C	chr7:4677694:T:C	A:G	FOXK1	upstream	unknown	.	Name=AluSz	FALSE	Alu	upstream
chr7:112055673:T:C	chr7:112055673:A:G	A:G	DOCK4	intronic	unknown	T;C;-;A||R;ALU;-;SINE/AluSx1;intronic;DOCK4;-;-;intronic;DOCK4;-;-;intronic;DOCK4;-;-;-;7;5;5	Name=AluSx1	TRUE	Alu	intronic
chr7:112103758:T:C	chr7:112103758:A:G	A:G	DOCK4	intronic	unknown	T;C;-;A||R;ALU;-;SINE/AluSz6;intronic;DOCK4;-;-;intronic;DOCK4;-;-;intronic;DOCK4;-;-;-;6;4;4	Name=AluSz6	TRUE	Alu	intronic
chr7:112103760:T:C	chr7:112103760:A:G	A:G	DOCK4	intronic	unknown	T;C;-;A||R;ALU;-;SINE/AluSz6;intronic;DOCK4;-;-;intronic;DOCK4;-;-;intronic;DOCK4;-;-;-;5;4;4	Name=AluSz6	TRUE	Alu	intronic
chr7:112103773:T:C	chr7:112103773:A:G	A:G	DOCK4	intronic	unknown	T;C;-;A||R;ALU;-;SINE/AluSz6;intronic;DOCK4;-;-;intronic;DOCK4;-;-;intronic;DOCK4;-;-;-;3;2;2	Name=AluSz6	TRUE	Alu	intronic
chr7:66715359:A:G	chr7:66715359:A:G	A:G	RABGEF1	intronic	unknown	A;G;+;A||R||D;ALU;-;SINE/AluJr;intergenic;RP4-756H11.3||RP11-792A8.4;-;-;intronic;RABGEF1;-;-;intronic;RABGEF1;-;-;-;113;21;37	Name=AluJr	TRUE	Alu	intronic
chr7:4679362:T:C	chr7:4679362:T:C	A:G	FOXK1	upstream	unknown	.	Name=AluSc	FALSE	Alu	upstream
chr7:43794018:A:G	chr7:43794018:A:G	A:G	BLVRA	intronic	unknown	A;G;+;R||D;ALU;-;SINE/AluJb;intronic;BLVRA;-;-;intronic;BLVRA;-;-;intronic;BLVRA;-;-;-;2;2;2	Name=AluJb	TRUE	Alu	intronic
chr7:43794001:A:G	chr7:43794001:A:G	A:G	BLVRA	intronic	unknown	A;G;+;A||R||D;ALU;-;SINE/AluJb;intronic;BLVRA;-;-;intronic;BLVRA;-;-;intronic;BLVRA;-;-;-;4;4;4	Name=AluJb	TRUE	Alu	intronic
chr7:4677495:T:C	chr7:4677495:T:C	A:G	FOXK1	upstream	unknown	.	Name=AluSz	FALSE	Alu	upstream
chr7:153918578:C:T	chr7:153918578:C:T	C:T	DPP6	intronic	unknown	.	Name=(TC)n	FALSE	Simple
repeat	intronic
chr7:24711353:T:C	chr7:24711353:A:G	A:G	GSDME	intronic	unknown	T;C;-;A||R;ALU;-;SINE/AluSx1;intronic;DFNA5;-;-;intronic;DFNA5;-;-;intronic;DFNA5;-;-;-;79;19;20	Name=AluSx1	TRUE	Alu	intronic
chr8:11842704:T:C	chr8:11842704:A:G	A:G	CTSB	UTR3	unknown	T;C;-;A||R||D;ALU;-;SINE/AluSq2;UTR3;CTSB;-;-;UTR3;CTSB;-;-;UTR3;CTSB;-;-;-;2370;30;54	Name=AluSq2	TRUE	Alu	UTR3
chr8:11842709:T:C	chr8:11842709:A:G	A:G	CTSB	UTR3	unknown	T;C;-;A||R||D;ALU;-;SINE/AluSq2;UTR3;CTSB;-;-;UTR3;CTSB;-;-;UTR3;CTSB;-;-;-;2197;30;54	Name=AluSq2	TRUE	Alu	UTR3
chr8:11842734:T:C	chr8:11842734:A:G	A:G	CTSB	UTR3	unknown	T;C;-;A||R||D;ALU;-;SINE/AluSq2;UTR3;CTSB;-;-;UTR3;CTSB;-;-;UTR3;CTSB;-;-;-;1560;30;55	Name=AluSq2	TRUE	Alu	UTR3
chr8:11842742:T:C	chr8:11842742:A:G	A:G	CTSB	UTR3	unknown	T;C;-;A||R||D;ALU;-;SINE/AluSq2;UTR3;CTSB;-;-;UTR3;CTSB;-;-;UTR3;CTSB;-;-;-;1748;30;54	Name=AluSq2	TRUE	Alu	UTR3
chr8:11842752:T:C	chr8:11842752:A:G	A:G	CTSB	UTR3	unknown	T;C;-;A||R||D;ALU;-;SINE/AluSq2;UTR3;CTSB;-;-;UTR3;CTSB;-;-;UTR3;CTSB;-;-;-;2382;30;54	Name=AluSq2	TRUE	Alu	UTR3
chr8:11842815:T:C	chr8:11842815:A:G	A:G	CTSB	UTR3	unknown	T;C;-;A||R||D;ALU;-;SINE/AluSq2;UTR3;CTSB;-;-;UTR3;CTSB;-;-;UTR3;CTSB;-;-;-;13;6;6	Name=AluSq2	TRUE	Alu	UTR3
chr8:11842854:T:C	chr8:11842854:A:G	A:G	CTSB	UTR3	unknown	T;C;-;A||R||D;ALU;-;SINE/AluSq2;UTR3;CTSB;-;-;UTR3;CTSB;-;-;UTR3;CTSB;-;-;-;2365;30;55	Name=AluSq2	TRUE	Alu	UTR3
chr8:11842887:T:C	chr8:11842887:A:G	A:G	CTSB	UTR3	unknown	T;C;-;A||R||D;ALU;-;SINE/AluSq2;UTR3;CTSB;-;-;UTR3;CTSB;-;-;UTR3;CTSB;-;-;-;1907;30;54	Name=AluSq2	TRUE	Alu	UTR3
chr8:11842904:T:C	chr8:11842904:A:G	A:G	CTSB	UTR3	unknown	T;C;-;A||R;ALU;-;SINE/AluSq2;UTR3;CTSB;-;-;UTR3;CTSB;-;-;UTR3;CTSB;-;-;-;2090;30;54	Name=AluSq2	TRUE	Alu	UTR3
chr8:11842910:T:C	chr8:11842910:A:G	A:G	CTSB	UTR3	unknown	T;C;-;A||R||D;ALU;rs778278521;SINE/AluSq2;UTR3;CTSB;-;-;UTR3;CTSB;-;-;UTR3;CTSB;-;-;-;1463;30;54	Name=AluSq2	TRUE	Alu	UTR3
chr8:11843016:T:C	chr8:11843016:A:G	A:G	CTSB	UTR3	unknown	T;C;-;A||R||D;ALU;-;SINE/AluSg;UTR3;CTSB;-;-;UTR3;CTSB;-;-;UTR3;CTSB;-;-;-;2036;30;54	Name=AluSg	TRUE	Alu	UTR3
chr8:11843046:T:C	chr8:11843046:A:G	A:G	CTSB	UTR3	unknown	T;C;-;A||R||D;ALU;-;SINE/AluSg;UTR3;CTSB;-;-;UTR3;CTSB;-;-;UTR3;CTSB;-;-;-;1316;30;54	Name=AluSg	TRUE	Alu	UTR3
chr8:11843774:T:C	chr8:11843774:A:G	A:G	CTSB	UTR3	unknown	T;C;-;A||R||D;ALU;-;SINE/AluSx1;UTR3;CTSB;-;-;UTR3;CTSB;-;-;UTR3;CTSB;-;-;-;2458;30;55	Name=AluSx1	TRUE	Alu	UTR3
chr8:11843814:T:C	chr8:11843814:A:G	A:G	CTSB	UTR3	unknown	T;C;-;A||R||D;ALU;-;SINE/AluSx1;UTR3;CTSB;-;-;UTR3;CTSB;-;-;UTR3;CTSB;-;-;-;2476;30;55	Name=AluSx1	TRUE	Alu	UTR3
chr8:11843920:T:C	chr8:11843920:A:G	A:G	CTSB	UTR3	unknown	T;C;-;A||R||D;ALU;-;SINE/AluSx1;UTR3;CTSB;-;-;UTR3;CTSB;-;-;UTR3;CTSB;-;-;-;2554;30;55	Name=AluSx1	TRUE	Alu	UTR3
chr8:11850176:T:C	chr8:11850176:A:G	A:G	CTSB	intronic	unknown	T;C;-;A||R;ALU;-;SINE/AluSg;intronic;CTSB;-;-;intronic;CTSB;-;-;intronic;CTSB;-;-;-;992;30;52	Name=AluSg	TRUE	Alu	intronic
chr8:11854677:T:C	chr8:11854677:A:G	A:G	CTSB	intronic	unknown	T;C;-;A||R||D;ALU;-;SINE/AluSx;intronic;CTSB;-;-;intronic;CTSB;-;-;intronic;CTSB;-;-;-;115;18;24	Name=AluSx	TRUE	Alu	intronic
chr8:11857175:T:C	chr8:11857175:A:G	A:G	CTSB	intronic	unknown	T;C;-;A||R||D;ALU;-;SINE/AluSz6;intronic;CTSB;-;-;intronic;CTSB;-;-;intronic;CTSB;-;-;-;282;24;34	Name=AluSz6	TRUE	Alu	intronic
chr8:11868069:T:C	chr8:11868069:A:G	A:G	CTSB	UTR5	unknown	.	.	FALSE	None	UTR5
chr8:11868076:A:G	chr8:11868076:T:C	A:G	CTSB	UTR5	unknown	.	.	FALSE	None	UTR5
chr8:11868078:C:T	chr8:11868078:G:A	C:T	CTSB	UTR5	unknown	.	.	FALSE	None	UTR5
chr8:30678463:T:C	chr8:30678463:A:G	A:G	GSR	UTR3	unknown	T;C;-;A||R||D;ALU;-;SINE/AluJb;UTR3;GSR;-;-;UTR3;GSR;-;-;UTR3;GSR;-;-;-;1670;30;55	Name=AluJb	TRUE	Alu	UTR3
chr8:30678498:T:C	chr8:30678498:A:G	A:G	GSR	UTR3	unknown	T;C;-;A||R||D;ALU;-;SINE/AluJb;UTR3;GSR;-;-;UTR3;GSR;-;-;UTR3;GSR;-;-;-;1849;30;54	Name=AluJb	TRUE	Alu	UTR3
chr8:30678499:T:C	chr8:30678499:A:G	A:G	GSR	UTR3	unknown	T;C;-;A||R||D;ALU;-;SINE/AluJb;UTR3;GSR;-;-;UTR3;GSR;-;-;UTR3;GSR;-;-;-;1674;30;55	Name=AluJb	TRUE	Alu	UTR3
chr8:30678634:T:C	chr8:30678634:A:G	A:G	GSR	UTR3	unknown	T;C;-;A||R||D;ALU;-;SINE/AluJb;UTR3;GSR;-;-;UTR3;GSR;-;-;UTR3;GSR;-;-;-;2077;30;55	Name=AluJb	TRUE	Alu	UTR3
chr8:30679027:T:C	chr8:30679027:A:G	A:G	GSR	UTR3	unknown	T;C;-;A||R||D;ALU;-;SINE/AluSp;UTR3;GSR;-;-;UTR3;GSR;-;-;UTR3;GSR;-;-;-;2191;30;55	Name=AluSp	TRUE	Alu	UTR3
chr8:30679037:T:C	chr8:30679037:A:G	A:G	GSR	UTR3	unknown	T;C;-;A||R||D;ALU;-;SINE/AluSp;UTR3;GSR;-;-;UTR3;GSR;-;-;UTR3;GSR;-;-;-;2143;30;55	Name=AluSp	TRUE	Alu	UTR3
chr8:30679066:T:C	chr8:30679066:A:G	A:G	GSR	UTR3	unknown	T;C;-;A||R||D;ALU;-;SINE/AluSp;UTR3;GSR;-;-;UTR3;GSR;-;-;UTR3;GSR;-;-;-;1960;30;55	Name=AluSp	TRUE	Alu	UTR3
chr8:30679086:T:C	chr8:30679086:A:G	A:G	GSR	UTR3	unknown	T;C;-;A||R||D;ALU;-;SINE/AluSp;UTR3;GSR;-;-;UTR3;GSR;-;-;UTR3;GSR;-;-;-;1427;30;55	Name=AluSp	TRUE	Alu	UTR3
chr8:38972218:A:G	chr8:38972218:A:G	A:G	PLEKHA2	UTR3	unknown	A;G;+;A||R;ALU;-;SINE/AluJr4;ncRNA_intronic;CTD-2544N14.3;-;-;UTR3;PLEKHA2;-;-;UTR3;PLEKHA2;-;-;-;1725;30;55	Name=AluJr4	TRUE	Alu	UTR3
chr8:38972235:A:G	chr8:38972235:A:G	A:G	PLEKHA2	UTR3	unknown	A;G;+;A||R||D;ALU;-;SINE/AluJr4;ncRNA_intronic;CTD-2544N14.3;-;-;UTR3;PLEKHA2;-;-;UTR3;PLEKHA2;-;-;-;2292;30;55	Name=AluJr4	TRUE	Alu	UTR3
chr8:38972320:A:G	chr8:38972320:A:G	A:G	PLEKHA2	UTR3	unknown	A;G;+;A||R||D;ALU;-;SINE/AluJr4;ncRNA_intronic;CTD-2544N14.3;-;-;UTR3;PLEKHA2;-;-;UTR3;PLEKHA2;-;-;-;2399;30;55	Name=AluJr4	TRUE	Alu	UTR3
chr8:38973017:A:G	chr8:38973017:A:G	A:G	PLEKHA2	UTR3	unknown	A;G;+;A||R||D;ALU;-;SINE/AluJb;UTR3;PLEKHA2;-;-;UTR3;PLEKHA2;-;-;UTR3;PLEKHA2;-;-;-;2318;30;55	Name=AluJb	TRUE	Alu	UTR3
chr8:38973067:A:G	chr8:38973067:A:G	A:G	PLEKHA2	UTR3	unknown	A;G;+;A||R||D;ALU;-;SINE/AluJb;UTR3;PLEKHA2;-;-;UTR3;PLEKHA2;-;-;UTR3;PLEKHA2;-;-;-;2338;30;54	Name=AluJb	TRUE	Alu	UTR3
chr8:55890918:A:G	chr8:55890918:A:G	A:G	LYN	intronic	unknown	A;G;+;A||R||D;ALU;-;SINE/AluJb;intronic;LYN;-;-;intronic;LYN;-;-;intronic;LYN;-;-;-;6;2;2	Name=AluJb	TRUE	Alu	intronic
chr8:55890919:A:G	chr8:55890919:A:G	A:G	LYN	intronic	unknown	A;G;+;A;ALU;rs149138666;SINE/AluJb;intronic;LYN;-;-;intronic;LYN;-;-;intronic;LYN;-;-;-;4;2;2	Name=AluJb	TRUE	Alu	intronic
chr8:55906537:A:G	chr8:55906537:A:G	A:G	LYN	intronic	unknown	A;G;+;A||R||D;ALU;-;SINE/AluSx1;intronic;LYN;-;-;intronic;LYN;-;-;intronic;LYN;-;-;-;9;5;5	Name=AluSx1	TRUE	Alu	intronic
chr8:65715866:T:C	chr8:65715866:A:G	A:G	PDE7A	UTR3	unknown	T;C;-;R||D;ALU;-;SINE/AluY;intergenic;RP11-707M3.3||PDE7A;-;-;UTR3;PDE7A;-;-;UTR3;PDE7A;-;-;-;58;9;10	Name=AluY	TRUE	Alu	UTR3
chr8:11843787:T:C	chr8:11843787:A:G	A:G	CTSB	UTR3	unknown	T;C;-;A||R||D;ALU;-;SINE/AluSx1;UTR3;CTSB;-;-;UTR3;CTSB;-;-;UTR3;CTSB;-;-;-;1979;30;54	Name=AluSx1	TRUE	Alu	UTR3
chr8:11852186:T:C	chr8:11852186:A:G	A:G	CTSB	intronic	unknown	T;C;-;A||R||D;ALU;-;SINE/AluSz6;intronic;CTSB;-;-;intronic;CTSB;-;-;intronic;CTSB;-;-;-;461;29;47	Name=AluSz6	TRUE	Alu	intronic
chr8:11857161:T:C	chr8:11857161:A:G	A:G	CTSB	intronic	unknown	T;C;-;A||R;ALU;-;SINE/AluSz6;intronic;CTSB;-;-;intronic;CTSB;-;-;intronic;CTSB;-;-;-;182;22;29	Name=AluSz6	TRUE	Alu	intronic
chr8:11857162:T:C	chr8:11857162:A:G	A:G	CTSB	intronic	unknown	T;C;-;A||R;ALU;-;SINE/AluSz6;intronic;CTSB;-;-;intronic;CTSB;-;-;intronic;CTSB;-;-;-;202;25;36	Name=AluSz6	TRUE	Alu	intronic
chr8:11857172:T:C	chr8:11857172:A:G	A:G	CTSB	intronic	unknown	T;C;-;A||R;ALU;-;SINE/AluSz6;intronic;CTSB;-;-;intronic;CTSB;-;-;intronic;CTSB;-;-;-;212;22;32	Name=AluSz6	TRUE	Alu	intronic
chr8:11857260:T:C	chr8:11857260:A:G	A:G	CTSB	intronic	unknown	T;C;-;A||R||D;ALU;-;SINE/AluSz6;intronic;CTSB;-;-;intronic;CTSB;-;-;intronic;CTSB;-;-;-;321;27;40	Name=AluSz6	TRUE	Alu	intronic
chr8:130353949:T:C	chr8:130353949:A:G	A:G	ASAP1	intronic	unknown	T;C;-;A;ALU;-;SINE/AluY;intronic;ASAP1;-;-;intronic;ASAP1;-;-;intronic;ASAP1;-;-;-;7;5;5	Name=AluYm1	TRUE	Alu	intronic
chr8:130354119:T:C	chr8:130354119:A:G	A:G	ASAP1	intronic	unknown	T;C;-;A||R||D;ALU;-;SINE/AluY;intronic;ASAP1;-;-;intronic;ASAP1;-;-;intronic;ASAP1;-;-;-;22;8;8	Name=AluYm1	TRUE	Alu	intronic
chr8:133520880:T:C	chr8:133520880:A:G	A:G	ST3GAL1	intronic	unknown	T;C;-;A||R;ALU;-;SINE/AluSx;intronic;ST3GAL1;-;-;intronic;ST3GAL1;-;-;intronic;ST3GAL1;-;-;-;19;7;7	Name=AluSz6	TRUE	Alu	intronic
chr8:1782325:A:G	chr8:1782325:A:G	A:G	CLN8	UTR3	unknown	A;G;+;A||R||D;ALU;-;SINE/AluSz;UTR3;CLN8;-;-;UTR3;CLN8;-;-;UTR3;CLN8;-;-;-;1708;30;54	Name=AluSz	TRUE	Alu	UTR3
chr8:38971692:A:G	chr8:38971692:A:G	A:G	PLEKHA2	UTR3	unknown	A;G;+;A||R||D;ALU;-;SINE/AluYc;ncRNA_intronic;CTD-2544N14.3;-;-;UTR3;PLEKHA2;-;-;UTR3;PLEKHA2;-;-;-;851;30;53	Name=AluYc	TRUE	Alu	UTR3
chr8:38972447:A:G	chr8:38972447:A:G	A:G	PLEKHA2	UTR3	unknown	A;G;+;A||R||D;ALU;-;SINE/AluJr4;ncRNA_exonic;CTD-2544N14.3;-;-;UTR3;PLEKHA2;-;-;UTR3;PLEKHA2;-;-;-;2169;30;55	Name=AluJr4	TRUE	Alu	UTR3
chr8:55890802:A:G	chr8:55890802:A:G	A:G	LYN	intronic	unknown	A;G;+;A||R||D;ALU;-;SINE/AluJb;intronic;LYN;-;-;intronic;LYN;-;-;intronic;LYN;-;-;-;7;2;2	Name=AluJb	TRUE	Alu	intronic
chr8:55891232:A:G	chr8:55891232:A:G	A:G	LYN	intronic	unknown	A;G;+;A||R||D;ALU;-;SINE/AluSp;intronic;LYN;-;-;intronic;LYN;-;-;intronic;LYN;-;-;-;12;4;4	Name=AluSp	TRUE	Alu	intronic
chr8:55897721:A:G	chr8:55897721:A:G	A:G	LYN	intronic	unknown	A;G;+;A||R||D;ALU;-;SINE/AluJb;intronic;LYN;-;-;intronic;LYN;-;-;intronic;LYN;-;-;352;36;8;3;3	Name=AluJb	TRUE	Alu	intronic
chr8:55922682:A:G	chr8:55922682:A:G	A:G	LYN	intronic	unknown	A;G;+;A||R||D;ALU;-;SINE/AluSq;intronic;LYN;-;-;intronic;LYN;-;-;intronic;LYN;-;-;-;8;4;4	Name=AluSq	TRUE	Alu	intronic
chr8:56013548:A:G	chr8:56013548:A:G	A:G	LYN	UTR3	unknown	A;G;+;A;ALU;-;SINE/AluSx;ncRNA_exonic;RP11-446E9.2;-;-;intergenic;LYN||RPS20;-;-;intergenic;LYN||RPS20;-;-;-;111;5;6	Name=AluSx	TRUE	Alu	UTR3
chr8:65715581:T:C	chr8:65715581:A:G	A:G	PDE7A	UTR3	unknown	T;C;-;A||R||D;ALU;-;SINE/AluSx;upstream;RP11-707M3.3;-;-;UTR3;PDE7A;-;-;UTR3;PDE7A;-;-;-;106;15;18	Name=AluSx	TRUE	Alu	UTR3
chr8:65730279:T:C	chr8:65730279:A:G	A:G	PDE7A	intronic	unknown	T;C;-;A||R||D;ALU;-;SINE/AluSp;intronic;PDE7A;-;-;intronic;PDE7A;-;-;intronic;PDE7A;-;-;-;387;26;42	Name=AluSp	TRUE	Alu	intronic
chr8:65730283:T:C	chr8:65730283:A:G	A:G	PDE7A	intronic	unknown	T;C;-;A||R||D;ALU;-;SINE/AluSp;intronic;PDE7A;-;-;intronic;PDE7A;-;-;intronic;PDE7A;-;-;-;480;26;44	Name=AluSp	TRUE	Alu	intronic
chr8:65730841:T:C	chr8:65730841:A:G	A:G	PDE7A	intronic	unknown	T;C;-;A||R||D;ALU;-;SINE/AluSz;intronic;PDE7A;-;-;intronic;PDE7A;-;-;intronic;PDE7A;-;-;-;543;26;39	Name=AluSz	TRUE	Alu	intronic
chr8:71890559:A:G	chr8:71890559:A:G	A:G	MSC-AS1	ncRNA
intronic	unknown	A;G;+;R||D;ALU;-;SINE/AluY;intronic;RP11-383H13.1;-;-;ncRNA_intronic;MSC-AS1;-;-;ncRNA_intronic;LOC100132891;-;-;-;1;1;1	Name=AluY	TRUE	Alu	ncRNA
chr8:8136398:A:G	chr8:8136398:T:C	A:G	FAM85B	ncRNA
intronic	unknown	A;G;+;R;ALU;-;SINE/AluJr;intergenic;MIR548I3||AC068020.1;-;-;intergenic;MIR548I3||FAM86B3P;-;-;intergenic;MIR548I3||FAM86B3P;-;-;-;7;6;6	Name=AluJr	TRUE	Alu	ncRNA
chr8:98043265:T:C	chr8:98043265:A:G	A:G	RPL30	intronic	unknown	T;C;-;A||R||D;ALU;-;SINE/AluSz;ncRNA_exonic;KB-1208A12.3;-;-;intronic;RPL30;-;-;intronic;RPL30;-;-;-;1568;30;54	Name=AluSz	TRUE	Alu	intronic
chr8:115534488:T:C	chr8:115534488:A:G	A:G	TRPS1	intronic	unknown	T;C;-;A||R||D;NONREP;-;-/-;intronic;TRPS1;-;-;intronic;TRPS1;-;-;intronic;TRPS1;-;-;-;20;9;10	.	TRUE	None	intronic
chr8:11843228:T:C	chr8:11843228:A:G	A:G	CTSB	UTR3	unknown	T;C;-;A||R||D;ALU;-;SINE/AluSg;UTR3;CTSB;-;-;UTR3;CTSB;-;-;UTR3;CTSB;-;-;-;2540;30;55	Name=AluSg	TRUE	Alu	UTR3
chr8:130353795:T:C	chr8:130353795:A:G	A:G	ASAP1	intronic	unknown	T;C;-;A||R||D;ALU;-;SINE/AluSz;intronic;ASAP1;-;-;intronic;ASAP1;-;-;intronic;ASAP1;-;-;-;14;7;7	Name=AluSz	TRUE	Alu	intronic
chr8:144212624:T:C	chr8:144212624:T:C	A:G	MROH1	intronic	unknown	.	Name=AluSz	FALSE	Alu	intronic
chr8:144212628:T:C	chr8:144212628:T:C	A:G	MROH1	intronic	unknown	.	Name=AluSz	FALSE	Alu	intronic
chr8:22530360:T:C	chr8:22530360:T:C	A:G	PPP3CC	intronic	unknown	.	Name=AluSx1	FALSE	Alu	intronic
chr8:39051465:A:G	chr8:39051465:A:G	A:G	ADAM9	intronic	unknown	A;G;+;A||R;REP;-;LINE/L1M5;intronic;ADAM9;-;-;intronic;ADAM9;-;-;intronic;ADAM9;-;-;-;21;9;10	Name=L1ME3G	TRUE	LINE	intronic
chr8:42533530:T:C	chr8:42533530:A:G	A:G	SLC20A2	intronic	unknown	T;C;-;A||R||D;ALU;-;SINE/AluSz6;intronic;SLC20A2;-;-;intronic;SLC20A2;-;-;intronic;SLC20A2;-;-;-;1970;30;55	Name=AluSz6	TRUE	Alu	intronic
chr8:42533534:T:C	chr8:42533534:A:G	A:G	SLC20A2	intronic	unknown	T;C;-;A||R;ALU;-;SINE/AluSz6;intronic;SLC20A2;-;-;intronic;SLC20A2;-;-;intronic;SLC20A2;-;-;-;1808;30;55	Name=AluSz6	TRUE	Alu	intronic
chr8:43023006:A:G	chr8:43023006:A:G	A:G	HOOK3	UTR3	unknown	A;G;+;A||R||D;ALU;-;SINE/AluSx1;UTR3;HOOK3;-;-;UTR3;HOOK3;-;-;UTR3;HOOK3;-;-;-;172;25;35	Name=AluSx1	TRUE	Alu	UTR3
chr8:56067521:T:C	chr8:56067521:A:G	A:G	RPS20	UTR3	unknown	T;C;-;A||R;ALU;-;SINE/AluY;UTR3;RPS20;-;-;downstream;RPS20;-;-;downstream;RPS20;-;-;-;1811;30;55	Name=AluY	TRUE	Alu	UTR3
chr8:56068426:T:C	chr8:56068426:A:G	A:G	RPS20	UTR3	unknown	T;C;-;A||R||D;ALU;-;SINE/AluSz6;UTR3;RPS20;-;-;UTR3;RPS20;-;-;UTR3;RPS20;-;-;-;1536;30;55	Name=AluSz6	TRUE	Alu	UTR3
chr8:11856491:T:C	chr8:11856491:A:G	A:G	CTSB	intronic	unknown	T;C;-;A||R||D;ALU;-;SINE/AluSx;intronic;CTSB;-;-;intronic;CTSB;-;-;intronic;CTSB;-;-;-;254;25;37	Name=AluSx	TRUE	Alu	intronic
chr8:144032483:A:G	chr8:144032483:A:G	A:G	SPATC1	intronic	unknown	.	Name=AluYm1	FALSE	Alu	intronic
chr8:144212620:T:C	chr8:144212620:T:C	A:G	MROH1	intronic	unknown	.	Name=AluSz	FALSE	Alu	intronic
chr8:144212690:A:G	chr8:144212690:A:G	A:G	MROH1	intronic	unknown	A;G;+;A||R||D;ALU;-;SINE/AluSz;intronic;MROH1;-;-;intronic;MROH1;-;-;intronic;MROH1;-;-;-;59;17;19	Name=AluSz	TRUE	Alu	intronic
chr8:18704430:T:C	chr8:18704430:A:G	A:G	PSD3	intronic	unknown	T;C;-;A||R;ALU;-;SINE/AluSg;intronic;PSD3;-;-;intronic;PSD3;-;-;intronic;PSD3;-;-;-;9;4;4	Name=AluSg	TRUE	Alu	intronic
chr8:18704434:T:C	chr8:18704434:A:G	A:G	PSD3	intronic	unknown	T;C;-;A||R;ALU;-;SINE/AluSg;intronic;PSD3;-;-;intronic;PSD3;-;-;intronic;PSD3;-;-;-;8;5;5	Name=AluSg	TRUE	Alu	intronic
chr8:29221340:T:C	chr8:29221340:A:G	A:G	KIF13B	intronic	unknown	T;C;-;A;ALU;-;SINE/AluSz;intronic;KIF13B;-;-;intronic;KIF13B;-;-;intronic;KIF13B;-;-;-;4;3;3	Name=AluSz	TRUE	Alu	intronic
chr8:38972977:A:G	chr8:38972977:A:G	A:G	PLEKHA2	UTR3	unknown	A;G;+;A||R||D;ALU;-;SINE/AluJb;ncRNA_exonic;CTD-2544N14.3;-;-;UTR3;PLEKHA2;-;-;UTR3;PLEKHA2;-;-;-;1487;30;54	Name=AluJb	TRUE	Alu	UTR3
chr8:39966289:A:G	chr8:39966289:A:G	A:G	IDO2	intronic	unknown	A;G;+;A;ALU;-;SINE/AluSg4;ncRNA_intronic;RP11-44K6.3;-;-;intronic;IDO2;-;-;intronic;IDO2;-;-;-;1;1;1	Name=AluSg4	TRUE	Alu	intronic
chr8:42533450:T:C	chr8:42533450:A:G	A:G	SLC20A2	intronic	unknown	T;C;-;A||R||D;ALU;-;SINE/AluSz6;intronic;SLC20A2;-;-;intronic;SLC20A2;-;-;intronic;SLC20A2;-;-;-;1541;30;54	Name=AluSz6	TRUE	Alu	intronic
chr8:43022974:A:G	chr8:43022974:A:G	A:G	HOOK3	UTR3	unknown	A;G;+;A||R||D;ALU;-;SINE/AluSx1;UTR3;HOOK3;-;-;UTR3;HOOK3;-;-;UTR3;HOOK3;-;-;-;192;23;35	Name=AluSx1	TRUE	Alu	UTR3
chr8:55987659:A:G	chr8:55987659:A:G	A:G	LYN	intronic	unknown	A;G;+;A||R||D;ALU;-;SINE/AluSx1;intronic;LYN;-;-;intronic;LYN;-;-;intronic;LYN;-;-;-;17;2;3	Name=AluSx1	TRUE	Alu	intronic
chr8:56004918:A:G	chr8:56004918:A:G	A:G	LYN	intronic	unknown	A;G;+;R||D;ALU;-;SINE/AluJr4;intronic;LYN;-;-;intronic;LYN;-;-;intronic;LYN;-;-;-;72;7;8	Name=AluJr4	TRUE	Alu	intronic
chr8:56012596:A:G	chr8:56012596:A:G	A:G	LYN	UTR3	unknown	A;G;+;A||R;ALU;-;SINE/AluJr;upstream;RP11-446E9.2;-;-;downstream;LYN;-;-;downstream;LYN;-;-;-;89;5;6	Name=AluJr	TRUE	Alu	UTR3
chr8:65715650:T:C	chr8:65715650:A:G	A:G	PDE7A	UTR3	unknown	.	Name=AluSx	FALSE	Alu	UTR3
chr8:65730286:T:C	chr8:65730286:A:G	A:G	PDE7A	intronic	unknown	T;C;-;A||R||D;ALU;-;SINE/AluSp;intronic;PDE7A;-;-;intronic;PDE7A;-;-;intronic;PDE7A;-;-;-;371;26;43	Name=AluSp	TRUE	Alu	intronic
chr8:89782060:A:G	chr8:89782060:A:G	A:G	RIPK2	intronic	unknown	A;G;+;A||R||D;REP;-;DNA/MER44D;intronic;RIPK2;-;-;intronic;RIPK2;-;-;intronic;RIPK2;-;-;-;26;8;10	Name=AluJb	TRUE	Alu	intronic
chr8:117987843:T:C	chr8:117987843:A:G	A:G	EXT1	intronic	unknown	T;C;-;A||R||D;ALU;-;SINE/AluJb;intronic;EXT1;-;-;intronic;EXT1;-;-;intronic;EXT1;-;-;-;12;5;6	Name=AluJb	TRUE	Alu	intronic
chr8:18059465:C:T	chr8:18059465:G:A	C:T	ASAH1	splicing	unknown	.	.	FALSE	None	splicing
chr8:18704420:T:C	chr8:18704420:A:G	A:G	PSD3	intronic	unknown	T;C;-;A||R;ALU;-;SINE/AluSg;intronic;PSD3;-;-;intronic;PSD3;-;-;intronic;PSD3;-;-;-;6;3;3	Name=AluSg	TRUE	Alu	intronic
chr8:38969996:T:C	chr8:38969996:T:C	A:G	PLEKHA2	UTR3	unknown	.	.	FALSE	None	UTR3
chr8:38971897:A:G	chr8:38971897:A:G	A:G	PLEKHA2	UTR3	unknown	A;G;+;A||R||D;ALU;-;SINE/AluYc;ncRNA_intronic;CTD-2544N14.3;-;-;UTR3;PLEKHA2;-;-;UTR3;PLEKHA2;-;-;-;1905;30;55	Name=AluYc	TRUE	Alu	UTR3
chr8:55891133:A:G	chr8:55891133:A:G	A:G	LYN	intronic	unknown	A;G;+;A||R||D;ALU;-;SINE/AluSp;intronic;LYN;-;-;intronic;LYN;-;-;intronic;LYN;-;-;-;6;3;3	Name=AluSp	TRUE	Alu	intronic
chr8:55898498:A:G	chr8:55898498:A:G	A:G	LYN	intronic	unknown	A;G;+;A||R||D;ALU;-;SINE/AluSz;intronic;LYN;-;-;intronic;LYN;-;-;intronic;LYN;-;-;527;185;8;3;3	Name=AluSz	TRUE	Alu	intronic
chr8:56004843:A:G	chr8:56004843:A:G	A:G	LYN	intronic	unknown	A;G;+;A||R||D;ALU;-;SINE/AluJr4;intronic;LYN;-;-;intronic;LYN;-;-;intronic;LYN;-;-;-;62;7;9	Name=AluJr4	TRUE	Alu	intronic
chr8:65715818:T:C	chr8:65715818:A:G	A:G	PDE7A	UTR3	unknown	T;C;-;R||D;ALU;-;SINE/AluY;intergenic;RP11-707M3.3||PDE7A;-;-;UTR3;PDE7A;-;-;UTR3;PDE7A;-;-;-;37;9;10	Name=AluY	TRUE	Alu	UTR3
chr8:65736656:T:C	chr8:65736656:A:G	A:G	PDE7A	intronic	unknown	T;C;-;A||R||D;ALU;-;SINE/AluJr;intronic;PDE7A;-;-;intronic;PDE7A;-;-;intronic;PDE7A;-;-;-;217;20;26	Name=AluJr	TRUE	Alu	intronic
chr8:71890741:A:G	chr8:71890741:A:G	A:G	MSC-AS1	ncRNA
intronic	unknown	A;G;+;A||R||D;ALU;-;SINE/AluY;intronic;RP11-383H13.1;-;-;ncRNA_intronic;MSC-AS1;-;-;ncRNA_intronic;LOC100132891;-;-;-;1;1;1	Name=AluY	TRUE	Alu	ncRNA
chr8:71890745:A:G	chr8:71890745:A:G	A:G	MSC-AS1	ncRNA
intronic	unknown	A;G;+;A||R||D;ALU;-;SINE/AluY;intronic;RP11-383H13.1;-;-;ncRNA_intronic;MSC-AS1;-;-;ncRNA_intronic;LOC100132891;-;-;-;1;1;1	Name=AluY	TRUE	Alu	ncRNA
chr8:81026346:T:C	chr8:81026346:A:G	A:G	PAG1	intronic	unknown	T;C;-;A;ALU;-;SINE/AluSz6;intronic;PAG1;-;-;intronic;PAG1;-;-;intronic;PAG1;-;-;-;14;3;3	Name=AluSz6	TRUE	Alu	intronic
chr8:81027125:T:C	chr8:81027125:A:G	A:G	PAG1	intronic	unknown	T;C;-;A||R||D;ALU;-;SINE/AluJb;intronic;PAG1;-;-;intronic;PAG1;-;-;intronic;PAG1;-;-;-;12;5;5	Name=AluJb	TRUE	Alu	intronic
chr8:22530424:T:C	chr8:22530424:T:C	A:G	PPP3CC	intronic	unknown	.	Name=AluSx1	FALSE	Alu	intronic
chr8:48066709:A:G	chr8:48066709:A:G	A:G	UBE2V2	downstream	unknown	A;G;+;A||R;ALU;-;SINE/AluSx;intergenic;UBE2V2||RNU6-295P;-;-;intergenic;UBE2V2||LOC101929268;-;-;intergenic;UBE2V2||EFCAB1;-;-;-;40;10;19	Name=AluSx	TRUE	Alu	downstream
chr8:56067574:T:C	chr8:56067574:A:G	A:G	RPS20	UTR3	unknown	T;C;-;A||R;ALU;-;SINE/AluY;UTR3;RPS20;-;-;downstream;RPS20;-;-;downstream;RPS20;-;-;-;1982;30;55	Name=AluY	TRUE	Alu	UTR3
chr8:38288099:T:C	chr8:38288099:A:G	A:G	NSD3	intronic	unknown	T;C;-;A||R||D;ALU;-;SINE/AluJr;intronic;WHSC1L1;-;-;intronic;WHSC1L1;-;-;intronic;WHSC1L1;-;-;-;50;16;20	Name=AluJr	TRUE	Alu	intronic
chr8:38288100:T:C	chr8:38288100:A:G	A:G	NSD3	intronic	unknown	T;C;-;A||R||D;ALU;-;SINE/AluJr;intronic;WHSC1L1;-;-;intronic;WHSC1L1;-;-;intronic;WHSC1L1;-;-;-;48;16;19	Name=AluJr	TRUE	Alu	intronic
chr8:48066565:A:G	chr8:48066565:A:G	A:G	UBE2V2	downstream	unknown	A;G;+;A||R;ALU;-;SINE/AluSx;intergenic;UBE2V2||RNU6-295P;-;-;intergenic;UBE2V2||LOC101929268;-;-;intergenic;UBE2V2||EFCAB1;-;-;-;16;7;11	Name=AluSx	TRUE	Alu	downstream
chr8:56068438:T:C	chr8:56068438:A:G	A:G	RPS20	UTR3	unknown	T;C;-;A||R||D;ALU;-;SINE/AluSz6;UTR3;RPS20;-;-;UTR3;RPS20;-;-;UTR3;RPS20;-;-;-;1470;30;55	Name=AluSz6	TRUE	Alu	UTR3
chr8:95056323:A:G	chr8:95056323:A:G	A:G	NDUFAF6	intronic	unknown	A;G;+;A||R||D;ALU;-;SINE/AluJb;intronic;NDUFAF6;-;-;intronic;NDUFAF6;-;-;intronic;NDUFAF6;-;-;-;11;9;9	Name=AluJb	TRUE	Alu	intronic
chr8:125270309:A:G	chr8:125270309:A:G	A:G	NSMCE2	intronic	unknown	A;G;+;A||R||D;ALU;-;SINE/AluSx1;intronic;NSMCE2;-;-;intronic;NSMCE2;-;-;intronic;NSMCE2;-;-;-;8;5;5	Name=AluSx1	TRUE	Alu	intronic
chr8:65715812:T:C	chr8:65715812:A:G	A:G	PDE7A	UTR3	unknown	T;C;-;R;ALU;-;SINE/AluY;intergenic;RP11-707M3.3||PDE7A;-;-;UTR3;PDE7A;-;-;UTR3;PDE7A;-;-;-;36;8;9	Name=AluY	TRUE	Alu	UTR3
chr8:71890297:A:G	chr8:71890297:A:G	A:G	MSC-AS1	ncRNA
intronic	unknown	A;G;+;A||R;ALU;-;SINE/AluSq2;intronic;RP11-383H13.1;-;-;ncRNA_intronic;MSC-AS1;-;-;ncRNA_intronic;LOC100132891;-;-;-;1;1;1	Name=AluSq2	TRUE	Alu	ncRNA
chr8:71890692:A:G	chr8:71890692:A:G	A:G	MSC-AS1	ncRNA
intronic	unknown	A;G;+;A||R||D;ALU;-;SINE/AluY;intronic;RP11-383H13.1;-;-;ncRNA_intronic;MSC-AS1;-;-;ncRNA_intronic;LOC100132891;-;-;-;5;5;5	Name=AluY	TRUE	Alu	ncRNA
chr8:81521731:T:C	chr8:81521731:A:G	A:G	FABP12	downstream	unknown	.	.	FALSE	None	downstream
chr8:99540286:A:G	chr8:99540286:A:G	A:G	VPS13B	intronic	unknown	.	Name=AluY	FALSE	Alu	intronic
chr8:140538980:T:C	chr8:140538980:A:G	A:G	AGO2	intronic	unknown	T;C;-;A||R||D;ALU;-;SINE/AluJo;intronic;AGO2;-;-;intronic;AGO2;-;-;intronic;AGO2;-;-;-;12;6;6	Name=AluJo	TRUE	Alu	intronic
chr8:71890200:A:G	chr8:71890200:A:G	A:G	MSC-AS1	ncRNA
intronic	unknown	A;G;+;A||R||D;ALU;-;SINE/AluSq2;intronic;RP11-383H13.1;-;-;ncRNA_intronic;MSC-AS1;-;-;ncRNA_intronic;LOC100132891;-;-;-;1;1;1	Name=AluSq2	TRUE	Alu	ncRNA
chr8:118284822:G:A	chr8:118284822:C:T	C:T	SAMD12	intronic	unknown	.	Name=AluY	FALSE	Alu	intronic
chr8:86463387:A:G	chr8:86463387:A:G	A:G	WWP1	intronic	unknown	A;G;+;A||R;ALU;-;SINE/AluSg;intronic;WWP1;-;-;intronic;WWP1;-;-;intronic;WWP1;-;-;-;56;21;24	Name=AluSg	TRUE	Alu	intronic
chr8:71890177:A:G	chr8:71890177:A:G	A:G	MSC-AS1	ncRNA
intronic	unknown	A;G;+;A||R||D;ALU;-;SINE/AluSq2;intronic;RP11-383H13.1;-;-;ncRNA_intronic;MSC-AS1;-;-;ncRNA_intronic;LOC100132891;-;-;-;2;2;2	Name=AluSq2	TRUE	Alu	ncRNA
chr8:117991700:T:C	chr8:117991700:A:G	A:G	EXT1	intronic	unknown	T;C;-;A||R||D;ALU;-;SINE/AluSz;intronic;EXT1;-;-;intronic;EXT1;-;-;intronic;EXT1;-;-;-;5;4;4	Name=AluSz	TRUE	Alu	intronic
chr8:81522060:A:G	chr8:81522060:T:C	A:G	FABP12	downstream	unknown	.	.	FALSE	None	downstream
chr8:65600909:T:C	chr8:65600909:A:G	A:G	ARMC1	downstream	unknown	T;C;-;A||R;ALU;-;SINE/AluSx1;intergenic;Y_RNA||ARMC1;-;-;intergenic;LINC01299||ARMC1;-;-;intergenic;LOC286186||ARMC1;-;-;-;12;9;9	Name=AluSx1	TRUE	Alu	downstream
chr8:6644171:A:G	chr8:6644171:T:C	A:G	MCPH1-AS1	ncRNA
intronic	unknown	A;G;+;A||R||D;ALU;-;SINE/AluSz;ncRNA_intronic;CTD-2541M15.1;-;-;ncRNA_intronic;MCPH1-AS1;-;-;downstream;MCPH1;-;-;-;623;30;54	Name=AluSz	TRUE	Alu	ncRNA
chr8:55891231:A:G	chr8:55891231:A:G	A:G	LYN	intronic	unknown	A;G;+;R||D;ALU;-;SINE/AluSp;intronic;LYN;-;-;intronic;LYN;-;-;intronic;LYN;-;-;-;5;2;2	Name=AluSp	TRUE	Alu	intronic
chr8:39966270:A:G	chr8:39966270:A:G	A:G	IDO2	intronic	unknown	A;G;+;A;ALU;-;SINE/AluSg4;ncRNA_intronic;RP11-44K6.3;-;-;intronic;IDO2;-;-;intronic;IDO2;-;-;-;2;1;1	Name=AluSg4	TRUE	Alu	intronic
chr8:39970906:A:G	chr8:39970906:A:G	A:G	IDO2	intronic	unknown	A;G;+;A;ALU;-;SINE/AluSc;ncRNA_intronic;RP11-44K6.3;-;-;intronic;IDO2;-;-;intronic;IDO2;-;-;-;2;2;2	Name=AluSc	TRUE	Alu	intronic
chr8:39970950:A:G	chr8:39970950:A:G	A:G	IDO2	intronic	unknown	A;G;+;A;ALU;rs753994453;SINE/AluSc;ncRNA_intronic;RP11-44K6.3;-;-;intronic;IDO2;-;-;intronic;IDO2;-;-;-;1;1;1	Name=AluSc	TRUE	Alu	intronic
chr8:39983609:A:G	chr8:39983609:A:G	A:G	IDO2	intronic	unknown	A;G;+;A||R;ALU;-;SINE/AluSx;ncRNA_intronic;RP11-44K6.3;-;-;intronic;IDO2;-;-;intronic;IDO2;-;-;-;4;2;2	Name=AluSx	TRUE	Alu	intronic
chr8:39985197:A:G	chr8:39985197:A:G	A:G	IDO2	intronic	unknown	A;G;+;A;ALU;-;SINE/AluSx1;ncRNA_intronic;RP11-44K6.3;-;-;intronic;IDO2;-;-;intronic;IDO2;-;-;-;17;5;5	Name=AluSx1	TRUE	Alu	intronic
chr8:118038005:T:C	chr8:118038005:A:G	A:G	EXT1	intronic	unknown	T;C;-;A||R||D;ALU;-;SINE/AluSq2;intronic;EXT1;-;-;intronic;EXT1;-;-;intronic;EXT1;-;-;-;7;5;5	Name=AluSq2	TRUE	Alu	intronic
chr8:118039498:T:C	chr8:118039498:A:G	A:G	EXT1	intronic	unknown	T;C;-;A||R||D;ALU;-;SINE/AluSx;intronic;EXT1;-;-;intronic;EXT1;-;-;intronic;EXT1;-;-;-;11;6;6	Name=AluSx	TRUE	Alu	intronic
chr8:144015234:A:G	chr8:144015234:A:G	A:G	SPATC1	intronic	unknown	A;G;+;R;ALU;-;SINE/AluSx;intronic;SPATC1;-;-;intronic;SPATC1;-;-;intronic;SPATC1;-;-;-;3;2;2	Name=AluSx	TRUE	Alu	intronic
chr8:144032342:A:G	chr8:144032342:A:G	A:G	SPATC1	intronic	unknown	.	Name=AluYm1	FALSE	Alu	intronic
chr8:144032538:A:G	chr8:144032538:A:G	A:G	SPATC1	intronic	unknown	.	Name=AluYm1	FALSE	Alu	intronic
chr8:39971909:A:G	chr8:39971909:A:G	A:G	IDO2	intronic	unknown	A;G;+;A;ALU;-;SINE/AluSq;ncRNA_intronic;RP11-44K6.3;-;-;intronic;IDO2;-;-;intronic;IDO2;-;-;-;4;2;2	Name=AluSq	TRUE	Alu	intronic
chr8:39971942:A:G	chr8:39971942:A:G	A:G	IDO2	intronic	unknown	A;G;+;A||R;ALU;-;SINE/AluSq;ncRNA_intronic;RP11-44K6.3;-;-;intronic;IDO2;-;-;intronic;IDO2;-;-;-;6;5;5	Name=AluSq	TRUE	Alu	intronic
chr8:39971974:A:G	chr8:39971974:A:G	A:G	IDO2	intronic	unknown	A;G;+;A;ALU;-;SINE/AluSq;ncRNA_intronic;RP11-44K6.3;-;-;intronic;IDO2;-;-;intronic;IDO2;-;-;-;3;1;1	Name=AluSq	TRUE	Alu	intronic
chr8:39972053:A:G	chr8:39972053:A:G	A:G	IDO2	intronic	unknown	A;G;+;A;ALU;-;SINE/AluSq;ncRNA_intronic;RP11-44K6.3;-;-;intronic;IDO2;-;-;intronic;IDO2;-;-;-;1;1;1	Name=AluSq	TRUE	Alu	intronic
chr8:39972463:A:G	chr8:39972463:A:G	A:G	IDO2	intronic	unknown	A;G;+;A;ALU;-;SINE/AluSx1;ncRNA_intronic;RP11-44K6.3;-;-;intronic;IDO2;-;-;intronic;IDO2;-;-;-;4;2;2	Name=AluSx1	TRUE	Alu	intronic
chr8:39983608:A:G	chr8:39983608:A:G	A:G	IDO2	intronic	unknown	A;G;+;A;ALU;-;SINE/AluSx;ncRNA_intronic;RP11-44K6.3;-;-;intronic;IDO2;-;-;intronic;IDO2;-;-;-;4;2;2	Name=AluSx	TRUE	Alu	intronic
chr8:39985061:A:G	chr8:39985061:A:G	A:G	IDO2	intronic	unknown	A;G;+;A||R||D;ALU;-;SINE/AluSx1;ncRNA_intronic;RP11-44K6.3;-;-;intronic;IDO2;-;-;intronic;IDO2;-;-;-;4;2;2	Name=AluSx1	TRUE	Alu	intronic
chr8:39985084:A:G	chr8:39985084:A:G	A:G	IDO2	intronic	unknown	A;G;+;A||R||D;ALU;-;SINE/AluSx1;ncRNA_intronic;RP11-44K6.3;-;-;intronic;IDO2;-;-;intronic;IDO2;-;-;-;4;2;2	Name=AluSx1	TRUE	Alu	intronic
chr8:39985112:A:G	chr8:39985112:A:G	A:G	IDO2	intronic	unknown	A;G;+;A||R||D;ALU;-;SINE/AluSx1;ncRNA_intronic;RP11-44K6.3;-;-;intronic;IDO2;-;-;intronic;IDO2;-;-;-;9;4;4	Name=AluSx1	TRUE	Alu	intronic
chr8:39985114:A:G	chr8:39985114:A:G	A:G	IDO2	intronic	unknown	A;G;+;A||R||D;ALU;-;SINE/AluSx1;ncRNA_intronic;RP11-44K6.3;-;-;intronic;IDO2;-;-;intronic;IDO2;-;-;-;7;2;2	Name=AluSx1	TRUE	Alu	intronic
chr8:39985167:A:G	chr8:39985167:A:G	A:G	IDO2	intronic	unknown	A;G;+;A||R||D;ALU;-;SINE/AluSx1;ncRNA_intronic;RP11-44K6.3;-;-;intronic;IDO2;-;-;intronic;IDO2;-;-;-;11;3;3	Name=AluSx1	TRUE	Alu	intronic
chr8:39987319:A:G	chr8:39987319:A:G	A:G	IDO2	intronic	unknown	A;G;+;A;REP;-;LTR/THE1D;ncRNA_intronic;RP11-44K6.3;-;-;intronic;IDO2;-;-;intronic;IDO2;-;-;-;55;5;5	Name=THE1D	TRUE	Other	intronic
chr8:39972495:A:G	chr8:39972495:A:G	A:G	IDO2	intronic	unknown	A;G;+;A;ALU;-;SINE/AluSx1;ncRNA_intronic;RP11-44K6.3;-;-;intronic;IDO2;-;-;intronic;IDO2;-;-;-;4;2;2	Name=AluSx1	TRUE	Alu	intronic
chr8:39985191:A:G	chr8:39985191:A:G	A:G	IDO2	intronic	unknown	A;G;+;A;ALU;-;SINE/AluSx1;ncRNA_intronic;RP11-44K6.3;-;-;intronic;IDO2;-;-;intronic;IDO2;-;-;-;12;3;3	Name=AluSx1	TRUE	Alu	intronic
chr8:130179369:T:C	chr8:130179369:A:G	A:G	ASAP1	intronic	unknown	.	.	FALSE	None	intronic
chr8:130179371:T:C	chr8:130179371:A:G	A:G	ASAP1	intronic	unknown	.	.	FALSE	None	intronic
chr8:69752051:T:C	chr8:69752051:A:G	A:G	SLCO5A1	intronic	unknown	T;C;-;R||D;ALU;-;SINE/AluJb;intronic;SLCO5A1;-;-;intronic;SLCO5A1;-;-;intronic;SLCO5A1;-;-;-;0;0;0	Name=AluJb	TRUE	Alu	intronic
chr8:71890255:A:G	chr8:71890255:A:G	A:G	MSC-AS1	ncRNA
intronic	unknown	A;G;+;A||R;ALU;-;SINE/AluSq2;intronic;RP11-383H13.1;-;-;ncRNA_intronic;MSC-AS1;-;-;ncRNA_intronic;LOC100132891;-;-;-;1;1;1	Name=AluSq2	TRUE	Alu	ncRNA
chr9:112040388:T:C	chr9:112040388:A:G	A:G	SUSD1	downstream	unknown	T;C;-;A||R||D;ALU;-;SINE/AluSx1;downstream;SUSD1;-;-;ncRNA_intronic;MIR3134;-;-;ncRNA_intronic;MIR3134;-;-;-;42;14;18	Name=AluSx1	TRUE	Alu	downstream
chr9:121290879:A:G	chr9:121290879:A:G	A:G	GSN	intronic	unknown	A;G;+;A||R;ALU;-;SINE/AluJb;intronic;GSN;-;-;intronic;GSN;-;-;intronic;GSN;-;-;-;236;23;41	Name=AluJb	TRUE	Alu	intronic
chr9:121290929:A:G	chr9:121290929:A:G	A:G	GSN	intronic	unknown	A;G;+;A||R;ALU;-;SINE/AluJb;intronic;GSN;-;-;intronic;GSN;-;-;intronic;GSN;-;-;-;401;27;47	Name=AluJb	TRUE	Alu	intronic
chr9:121290938:A:G	chr9:121290938:A:G	A:G	GSN	intronic	unknown	A;G;+;A||R;ALU;-;SINE/AluJb;intronic;GSN;-;-;intronic;GSN;-;-;intronic;GSN;-;-;-;269;23;41	Name=AluJb	TRUE	Alu	intronic
chr9:127805365:A:G	chr9:127805365:A:G	A:G	FPGS	intronic	unknown	A;G;+;A||R||D;ALU;-;SINE/AluJb;intronic;FPGS;-;-;intronic;FPGS;-;-;intronic;FPGS;-;-;-;1033;30;52	Name=AluJb	TRUE	Alu	intronic
chr9:129504234:A:G	chr9:129504234:A:G	A:G	LINC00963	ncRNA
intronic	unknown	A;G;+;A||R;ALU;-;SINE/AluSx;ncRNA_exonic;LINC00963;-;-;ncRNA_intronic;LINC00963;-;-;ncRNA_exonic;LOC100506190;-;-;-;551;30;52	Name=AluSx	TRUE	Alu	ncRNA
chr9:129943569:T:C	chr9:129943569:A:G	A:G	FNBP1	intronic	unknown	T;C;-;A||R||D;ALU;-;SINE/AluSq;intronic;FNBP1;-;-;intronic;FNBP1;-;-;intronic;FNBP1;-;-;-;3;2;3	Name=AluSq	TRUE	Alu	intronic
chr9:134906200:T:C	chr9:134906200:A:G	A:G	FCN1	UTR3	unknown	T;C;-;R;ALU;-;SINE/AluSz;intergenic;FCN2||FCN1;-;-;intergenic;FCN2||FCN1;-;-;intergenic;FCN2||FCN1;-;-;-;172;7;8	Name=AluSz	TRUE	Alu	UTR3
chr9:32456318:T:C	chr9:32456318:A:G	A:G	DDX58	UTR3	unknown	T;C;-;A||R||D;NONREP;-;-/-;UTR3;DDX58;-;-;UTR3;DDX58;-;-;UTR3;DDX58;-;-;-;2179;30;55	.	TRUE	None	UTR3
chr9:332797:A:G	chr9:332797:A:G	A:G	DOCK8	intronic	unknown	A;G;+;A||R;ALU;-;SINE/AluJr;intronic;DOCK8;-;-;intronic;DOCK8;-;-;intronic;DOCK8;-;-;-;2;1;1	Name=AluJr	TRUE	Alu	intronic
chr9:87541402:A:G	chr9:87541402:A:G	A:G	DAPK1	intronic	unknown	A;G;+;A||R;ALU;-;SINE/AluSz6;intronic;DAPK1;-;-;intronic;DAPK1;-;-;intronic;DAPK1;-;-;-;12;5;5	Name=AluSz6	TRUE	Alu	intronic
chr9:98217784:T:C	chr9:98217784:A:G	A:G	TBC1D2	intronic	unknown	T;C;-;A||R;ALU;-;SINE/AluJo;intronic;TBC1D2;-;-;intronic;TBC1D2;-;-;intronic;TBC1D2;-;-;-;103;14;27	Name=AluJo	TRUE	Alu	intronic
chr9:98218047:T:C	chr9:98218047:A:G	A:G	TBC1D2	intronic	unknown	T;C;-;A||R;ALU;-;SINE/AluJr4;intronic;TBC1D2;-;-;intronic;TBC1D2;-;-;intronic;TBC1D2;-;-;-;74;13;18	Name=AluJr4	TRUE	Alu	intronic
chr9:98218050:T:C	chr9:98218050:A:G	A:G	TBC1D2	intronic	unknown	T;C;-;A||R;ALU;-;SINE/AluJr4;intronic;TBC1D2;-;-;intronic;TBC1D2;-;-;intronic;TBC1D2;-;-;-;108;12;19	Name=AluJr4	TRUE	Alu	intronic
chr9:98218323:T:C	chr9:98218323:A:G	A:G	TBC1D2	intronic	unknown	T;C;-;A||R;ALU;-;SINE/AluY;intronic;TBC1D2;-;-;intronic;TBC1D2;-;-;intronic;TBC1D2;-;-;-;122;14;27	Name=AluY	TRUE	Alu	intronic
chr9:98218445:T:C	chr9:98218445:A:G	A:G	TBC1D2	intronic	unknown	.	Name=AluY	FALSE	Alu	intronic
chr9:98218455:T:C	chr9:98218455:A:G	A:G	TBC1D2	intronic	unknown	T;C;-;A;ALU;-;SINE/AluY;intronic;TBC1D2;-;-;intronic;TBC1D2;-;-;intronic;TBC1D2;-;-;-;14;5;7	Name=AluY	TRUE	Alu	intronic
chr9:110246029:T:C	chr9:110246029:A:G	A:G	TXN	intronic	unknown	T;C;-;A||R||D;ALU;-;SINE/AluSx;intronic;TXN;-;-;intronic;TXN;-;-;intronic;TXN;-;-;-;966;30;51	Name=AluSx	TRUE	Alu	intronic
chr9:111027444:T:C	chr9:111027444:A:G	A:G	LPAR1	intronic	unknown	T;C;-;A;ALU;-;SINE/AluJb;intronic;LPAR1;-;-;intronic;LPAR1;-;-;intronic;LPAR1;-;-;-;7;4;4	Name=AluJo	TRUE	Alu	intronic
chr9:112684441:T:C	chr9:112684441:A:G	A:G	INIP	UTR3	unknown	T;C;-;A||R||D;ALU;-;SINE/AluJr;UTR3;INIP;-;-;intergenic;KIAA1958||INIP;-;-;intergenic;KIAA1958||INIP;-;-;-;2221;30;54	Name=AluJr	TRUE	Alu	UTR3
chr9:112685300:T:C	chr9:112685300:A:G	A:G	INIP	UTR3	unknown	T;C;-;A||R;ALU;-;SINE/AluJb;UTR3;INIP;-;-;intergenic;KIAA1958||INIP;-;-;intergenic;KIAA1958||INIP;-;-;-;2127;30;55	Name=AluJb	TRUE	Alu	UTR3
chr9:121290912:A:G	chr9:121290912:A:G	A:G	GSN	intronic	unknown	A;G;+;A||R;ALU;-;SINE/AluJb;intronic;GSN;-;-;intronic;GSN;-;-;intronic;GSN;-;-;-;270;25;45	Name=AluJb	TRUE	Alu	intronic
chr9:122817679:T:C	chr9:122817679:A:G	A:G	PDCL	downstream	unknown	T;C;-;A||R;ALU;rs780787582;SINE/AluJb;downstream;PDCL;-;-;downstream;PDCL;-;-;upstream;BC010186;-;-;-;1356;30;55	Name=AluJb	TRUE	Alu	downstream
chr9:130114114:A:G	chr9:130114114:A:G	A:G	GPR107	intronic	unknown	A;G;+;A||R;ALU;-;SINE/AluSz;intronic;GPR107;-;-;intronic;GPR107;-;-;intronic;GPR107;-;-;-;2;2;2	Name=AluSz	TRUE	Alu	intronic
chr9:131543977:T:C	chr9:131543977:T:C	A:G	PRRT1B	upstream	unknown	T;C;-;R;ALU;-;SINE/AluSz6;intergenic;UCK1||RAPGEF1;-;-;intergenic;UCK1||RAPGEF1;-;-;intergenic;UCK1||RAPGEF1;-;-;-;2;2;2	Name=AluSz6	TRUE	Alu	upstream
chr9:36285960:A:G	chr9:36285960:T:C	A:G	GNE	upstream	unknown	.	Name=AluSx	FALSE	Alu	upstream
chr9:98218054:T:C	chr9:98218054:A:G	A:G	TBC1D2	intronic	unknown	T;C;-;A||R;ALU;-;SINE/AluJr4;intronic;TBC1D2;-;-;intronic;TBC1D2;-;-;intronic;TBC1D2;-;-;-;55;9;15	Name=AluJr4	TRUE	Alu	intronic
chr9:100454761:A:G	chr9:100454761:A:G	A:G	MSANTD3-TMEFF1	intronic	unknown	A;G;+;A||R;ALU;-;SINE/AluSq2;intronic;MSANTD3-TMEFF1||TMEFF1;-;-;intronic;MSANTD3-TMEFF1;-;-;intronic;MSANTD3-TMEFF1;-;-;-;540;28;51	Name=AluSq2	TRUE	Alu	intronic
chr9:126828444:A:G	chr9:126828444:A:G	A:G	ZBTB43	intronic	unknown	A;G;+;A||R;ALU;-;SINE/AluY;intronic;ZBTB43;-;-;intronic;ZBTB43;-;-;intronic;ZBTB43;-;-;-;1;1;1	Name=AluY	TRUE	Alu	intronic
chr9:127827919:T:C	chr9:127827919:A:G	A:G	ENG	intronic	unknown	T;C;-;A||R;ALU;-;SINE/AluSq2;intronic;ENG;-;-;intronic;ENG;-;-;intronic;ENG;-;-;-;197;24;32	Name=AluSq2	TRUE	Alu	intronic
chr9:33042260:T:C	chr9:33042260:A:G	A:G	SMU1	UTR3	unknown	T;C;-;A||R||D;NONREP;-;-/-;UTR3;SMU1;-;-;UTR3;SMU1;-;-;UTR3;SMU1;-;-;-;718;29;52	.	TRUE	None	UTR3
chr9:33042269:T:C	chr9:33042269:A:G	A:G	SMU1	UTR3	unknown	T;C;-;A||R||D;NONREP;-;-/-;UTR3;SMU1;-;-;UTR3;SMU1;-;-;UTR3;SMU1;-;-;-;897;29;53	.	TRUE	None	UTR3
chr9:33042279:T:C	chr9:33042279:A:G	A:G	SMU1	UTR3	unknown	T;C;-;A||R||D;NONREP;-;-/-;UTR3;SMU1;-;-;UTR3;SMU1;-;-;UTR3;SMU1;-;-;-;720;29;53	.	TRUE	None	UTR3
chr9:33042281:T:C	chr9:33042281:A:G	A:G	SMU1	UTR3	unknown	T;C;-;A||R;NONREP;-;-/-;UTR3;SMU1;-;-;UTR3;SMU1;-;-;UTR3;SMU1;-;-;-;524;28;51	.	TRUE	None	UTR3
chr9:33042297:T:C	chr9:33042297:A:G	A:G	SMU1	UTR3	unknown	T;C;-;A||R||D;NONREP;-;-/-;UTR3;SMU1;-;-;UTR3;SMU1;-;-;UTR3;SMU1;-;-;-;746;29;53	.	TRUE	None	UTR3
chr9:33042301:T:C	chr9:33042301:A:G	A:G	SMU1	UTR3	unknown	T;C;-;A||R||D;NONREP;-;-/-;UTR3;SMU1;-;-;UTR3;SMU1;-;-;UTR3;SMU1;-;-;-;707;29;53	.	TRUE	None	UTR3
chr9:33042315:T:C	chr9:33042315:A:G	A:G	SMU1	UTR3	unknown	T;C;-;A||R||D;NONREP;-;-/-;UTR3;SMU1;-;-;UTR3;SMU1;-;-;UTR3;SMU1;-;-;-;916;29;53	.	TRUE	None	UTR3
chr9:33042332:T:C	chr9:33042332:A:G	A:G	SMU1	UTR3	unknown	T;C;-;A||R||D;NONREP;-;-/-;UTR3;SMU1;-;-;UTR3;SMU1;-;-;UTR3;SMU1;-;-;-;1071;30;54	.	TRUE	None	UTR3
chr9:96015791:A:G	chr9:96015791:A:G	A:G	ERCC6L2	UTR3	unknown	A;G;+;A||R;ALU;-;SINE/AluY;intergenic;ERCC6L2||LINC00092;-;-;UTR3;ERCC6L2;-;-;intronic;C9orf102;-;-;-;676;30;54	Name=AluY	TRUE	Alu	UTR3
chr9:121065535:T:C	chr9:121065535:A:G	A:G	C5	intronic	unknown	T;C;-;A||R;ALU;-;SINE/AluJr;intergenic;C5||CNTRL;-;-;intronic;C5;-;-;intergenic;C5||CNTRL;-;-;-;3;3;3	Name=AluJr	TRUE	Alu	intronic
chr9:121290911:A:G	chr9:121290911:A:G	A:G	GSN	intronic	unknown	A;G;+;A||R;ALU;rs546095698;SINE/AluJb;intronic;GSN;-;-;intronic;GSN;-;-;intronic;GSN;-;-;-;220;23;43	Name=AluJb	TRUE	Alu	intronic
chr9:122817268:T:C	chr9:122817268:A:G	A:G	PDCL	downstream	unknown	T;C;-;A||R;ALU;-;SINE/AluSx1;intergenic;OR1K1||PDCL;-;-;downstream;PDCL;-;-;upstream;BC010186;-;-;-;1520;30;53	Name=AluSx1	TRUE	Alu	downstream
chr9:122817293:T:C	chr9:122817293:A:G	A:G	PDCL	downstream	unknown	T;C;-;A||R;ALU;-;SINE/AluSx1;intergenic;OR1K1||PDCL;-;-;downstream;PDCL;-;-;upstream;BC010186;-;-;-;1176;30;54	Name=AluSx1	TRUE	Alu	downstream
chr9:127400364:A:G	chr9:127400364:A:G	A:G	SLC2A8	intronic	unknown	A;G;+;A||R||D;ALU;-;SINE/AluSc8;intronic;SLC2A8;-;-;intronic;SLC2A8;-;-;intronic;SLC2A8;-;-;-;246;30;44	Name=AluSc8	TRUE	Alu	intronic
chr9:127401004:A:G	chr9:127401004:A:G	A:G	SLC2A8	intronic	unknown	A;G;+;A||R;ALU;-;SINE/AluSx1;intronic;SLC2A8;-;-;intronic;SLC2A8;-;-;intronic;SLC2A8;-;-;-;377;28;40	Name=AluSx1	TRUE	Alu	intronic
chr9:129939307:T:C	chr9:129939307:A:G	A:G	FNBP1	intronic	unknown	T;C;-;A||R||D;ALU;-;SINE/AluSq;intronic;FNBP1;-;-;intronic;FNBP1;-;-;intronic;FNBP1;-;-;-;9;3;5	Name=AluSq	TRUE	Alu	intronic
chr9:19373163:A:G	chr9:19373163:A:G	A:G	DENND4C	UTR3	unknown	A;G;+;R;REP;-;DNA/MADE1;UTR3;DENND4C;-;-;UTR3;DENND4C;-;-;UTR3;DENND4C;-;-;-;0;0;0	Name=MADE1	TRUE	Other	UTR3
chr9:33042188:T:C	chr9:33042188:A:G	A:G	SMU1	UTR3	unknown	T;C;-;A||R||D;REP;-;DNA/MADE1;ncRNA_exonic;AL162590.1;-;-;UTR3;SMU1;-;-;UTR3;SMU1;-;-;-;1164;30;55	Name=MADE1	TRUE	Other	UTR3
chr9:33042289:T:C	chr9:33042289:A:G	A:G	SMU1	UTR3	unknown	T;C;-;A||R||D;NONREP;-;-/-;UTR3;SMU1;-;-;UTR3;SMU1;-;-;UTR3;SMU1;-;-;-;686;29;52	.	TRUE	None	UTR3
chr9:33042311:T:C	chr9:33042311:A:G	A:G	SMU1	UTR3	unknown	T;C;-;A||R||D;NONREP;-;-/-;UTR3;SMU1;-;-;UTR3;SMU1;-;-;UTR3;SMU1;-;-;-;728;29;52	.	TRUE	None	UTR3
chr9:100452513:A:G	chr9:100452513:A:G	A:G	MSANTD3-TMEFF1	intronic	unknown	A;G;+;A||R;ALU;-;SINE/AluY;intronic;MSANTD3-TMEFF1||TMEFF1;-;-;intronic;MSANTD3-TMEFF1;-;-;intronic;MSANTD3-TMEFF1;-;-;-;126;20;31	Name=AluY	TRUE	Alu	intronic
chr9:100452523:A:G	chr9:100452523:A:G	A:G	MSANTD3-TMEFF1	intronic	unknown	A;G;+;A||R;ALU;-;SINE/AluY;intronic;MSANTD3-TMEFF1||TMEFF1;-;-;intronic;MSANTD3-TMEFF1;-;-;intronic;MSANTD3-TMEFF1;-;-;-;150;20;32	Name=AluY	TRUE	Alu	intronic
chr9:100452591:A:G	chr9:100452591:A:G	A:G	MSANTD3-TMEFF1	intronic	unknown	A;G;+;A||R;ALU;-;SINE/AluY;intronic;MSANTD3-TMEFF1||TMEFF1;-;-;intronic;MSANTD3-TMEFF1;-;-;intronic;MSANTD3-TMEFF1;-;-;-;67;15;23	Name=AluY	TRUE	Alu	intronic
chr9:100454760:A:G	chr9:100454760:A:G	A:G	MSANTD3-TMEFF1	intronic	unknown	A;G;+;A||R;ALU;-;SINE/AluSq2;intronic;MSANTD3-TMEFF1||TMEFF1;-;-;intronic;MSANTD3-TMEFF1;-;-;intronic;MSANTD3-TMEFF1;-;-;-;527;28;50	Name=AluSq2	TRUE	Alu	intronic
chr9:111918804:A:G	chr9:111918804:A:G	A:G	UGCG	intronic	unknown	A;G;+;A||R||D;ALU;-;SINE/AluYd8;intronic;UGCG;-;-;intronic;UGCG;-;-;intronic;UGCG;-;-;-;28;12;15	Name=AluYd8	TRUE	Alu	intronic
chr9:120624708:T:C	chr9:120624708:A:G	A:G	MEGF9	intronic	unknown	T;C;-;A||R;ALU;-;SINE/AluSz;intronic;MEGF9;-;-;intronic;MEGF9;-;-;intronic;MEGF9;-;-;-;5;4;4	Name=AluSz	TRUE	Alu	intronic
chr9:126828611:A:G	chr9:126828611:A:G	A:G	ZBTB43	intronic	unknown	A;G;+;A||R;ALU;-;SINE/AluJo;intronic;ZBTB43;-;-;intronic;ZBTB43;-;-;intronic;ZBTB43;-;-;-;2;2;2	Name=AluJo	TRUE	Alu	intronic
chr9:127401016:A:G	chr9:127401016:A:G	A:G	SLC2A8	intronic	unknown	A;G;+;A||R;ALU;-;SINE/AluSx1;intronic;SLC2A8;-;-;intronic;SLC2A8;-;-;intronic;SLC2A8;-;-;-;278;28;38	Name=AluSx1	TRUE	Alu	intronic
chr9:127585746:A:G	chr9:127585746:T:C	A:G	NIBAN2	upstream	unknown	.	Name=AluJr4	FALSE	Alu	upstream
chr9:127585755:A:G	chr9:127585755:T:C	A:G	NIBAN2	upstream	unknown	.	Name=AluJr4	FALSE	Alu	upstream
chr9:129921482:T:C	chr9:129921482:A:G	A:G	FNBP1	intronic	unknown	T;C;-;A||R||D;ALU;-;SINE/AluSx1;intronic;FNBP1;-;-;intronic;FNBP1;-;-;intronic;FNBP1;-;-;-;111;14;22	Name=AluSx1	TRUE	Alu	intronic
chr9:32456488:T:C	chr9:32456488:A:G	A:G	DDX58	UTR3	unknown	T;C;-;R||D;REP;-;Simple_repeat/(TA)n;UTR3;DDX58;-;-;UTR3;DDX58;-;-;UTR3;DDX58;-;-;-;1514;30;53	.	TRUE	None	UTR3
chr9:33043861:T:C	chr9:33043861:A:G	A:G	SMU1	UTR3	unknown	T;C;-;A||R||D;NONREP;-;-/-;UTR3;SMU1;-;-;UTR3;SMU1;-;-;UTR3;SMU1;-;-;-;199;23;45	.	TRUE	None	UTR3
chr9:33043862:T:C	chr9:33043862:A:G	A:G	SMU1	UTR3	unknown	T;C;-;A||R;NONREP;-;-/-;UTR3;SMU1;-;-;UTR3;SMU1;-;-;UTR3;SMU1;-;-;-;270;25;47	.	TRUE	None	UTR3
chr9:33043917:T:C	chr9:33043917:A:G	A:G	SMU1	UTR3	unknown	T;C;-;A||R;NONREP;-;-/-;UTR3;SMU1;-;-;UTR3;SMU1;-;-;UTR3;SMU1;-;-;-;170;23;42	.	TRUE	None	UTR3
chr9:33898740:A:G	chr9:33898740:A:G	A:G	UBE2R2	intronic	unknown	A;G;+;A||R;REP;-;SINE/FAM;intronic;UBE2R2;-;-;intronic;UBE2R2;-;-;intronic;UBE2R2;-;-;-;33;11;14	Name=AluJr	TRUE	Alu	intronic
chr9:35032060:T:C	chr9:35032060:T:C	A:G	C9orf131	upstream	unknown	T;C;-;A||R;ALU;-;SINE/AluSx1;intergenic;DNAJB5||C9orf131;-;-;intergenic;DNAJB5||C9orf131;-;-;intergenic;DNAJB5||C9orf131;-;-;-;9;5;6	Name=AluSx1	TRUE	Alu	upstream
chr9:98218385:T:C	chr9:98218385:A:G	A:G	TBC1D2	intronic	unknown	T;C;-;A;ALU;-;SINE/AluY;intronic;TBC1D2;-;-;intronic;TBC1D2;-;-;intronic;TBC1D2;-;-;-;19;7;7	Name=AluY	TRUE	Alu	intronic
chr9:109064990:T:C	chr9:109064990:A:G	A:G	TMEM245	intronic	unknown	T;C;-;A||R;ALU;-;SINE/AluSq2;intronic;TMEM245;-;-;intronic;TMEM245;-;-;intronic;TMEM245;-;-;-;19;9;9	Name=AluSq2	TRUE	Alu	intronic
chr9:121065614:T:C	chr9:121065614:A:G	A:G	C5	intronic	unknown	T;C;-;A||R;ALU;-;SINE/AluJr;intergenic;C5||CNTRL;-;-;intronic;C5;-;-;intergenic;C5||CNTRL;-;-;-;6;5;5	Name=AluJr	TRUE	Alu	intronic
chr9:126827753:A:G	chr9:126827753:A:G	A:G	ZBTB43	intronic	unknown	A;G;+;A||R;ALU;-;SINE/AluSp;intronic;ZBTB43;-;-;intronic;ZBTB43;-;-;intronic;ZBTB43;-;-;-;5;3;4	Name=AluSp	TRUE	Alu	intronic
chr9:127400275:A:G	chr9:127400275:A:G	A:G	SLC2A8	intronic	unknown	A;G;+;A||R;ALU;-;SINE/AluSc8;intronic;SLC2A8;-;-;intronic;SLC2A8;-;-;intronic;SLC2A8;-;-;-;194;25;39	Name=AluSc8	TRUE	Alu	intronic
chr9:127400284:A:G	chr9:127400284:A:G	A:G	SLC2A8	intronic	unknown	A;G;+;A||R;ALU;-;SINE/AluSc8;intronic;SLC2A8;-;-;intronic;SLC2A8;-;-;intronic;SLC2A8;-;-;-;148;27;38	Name=AluSc8	TRUE	Alu	intronic
chr9:127400831:A:G	chr9:127400831:A:G	A:G	SLC2A8	intronic	unknown	A;G;+;A||R||D;ALU;-;SINE/AluSx1;intronic;SLC2A8;-;-;intronic;SLC2A8;-;-;intronic;SLC2A8;-;-;-;203;28;40	Name=AluSx1	TRUE	Alu	intronic
chr9:127400839:A:G	chr9:127400839:A:G	A:G	SLC2A8	intronic	unknown	A;G;+;A||R;ALU;-;SINE/AluSx1;intronic;SLC2A8;-;-;intronic;SLC2A8;-;-;intronic;SLC2A8;-;-;-;153;26;37	Name=AluSx1	TRUE	Alu	intronic
chr9:127565234:T:C	chr9:127565234:A:G	A:G	NIBAN2	intronic	unknown	T;C;-;A;ALU;-;SINE/AluJo;intronic;FAM129B;-;-;intronic;FAM129B;-;-;intronic;FAM129B;-;-;-;15;6;6	Name=AluJo	TRUE	Alu	intronic
chr9:128681911:T:C	chr9:128681911:T:C	A:G	SET	upstream	unknown	T;C;-;R||D;ALU;-;SINE/AluSz;intergenic;HMGA1P4||SET;-;-;intergenic;MIR1268A||SET;-;-;intergenic;WDR34||SET;-;-;-;5;4;4	Name=AluSz	TRUE	Alu	upstream
chr9:96015325:A:G	chr9:96015325:A:G	A:G	ERCC6L2	UTR3	unknown	A;G;+;A||R;ALU;-;SINE/AluSz;intergenic;ERCC6L2||LINC00092;-;-;UTR3;ERCC6L2;-;-;intronic;C9orf102;-;-;-;21;11;12	Name=AluSz	TRUE	Alu	UTR3
chr9:96015385:A:G	chr9:96015385:A:G	A:G	ERCC6L2	UTR3	unknown	A;G;+;R;ALU;-;SINE/AluSz;intergenic;ERCC6L2||LINC00092;-;-;UTR3;ERCC6L2;-;-;intronic;C9orf102;-;-;-;19;12;15	Name=AluSz	TRUE	Alu	UTR3
chr9:111918095:A:G	chr9:111918095:A:G	A:G	UGCG	intronic	unknown	A;G;+;A||R||D;ALU;rs578134038;SINE/AluSx;intronic;UGCG;-;-;intronic;UGCG;-;-;intronic;UGCG;-;-;-;378;27;37	Name=AluSx	TRUE	Alu	intronic
chr9:126828543:A:G	chr9:126828543:A:G	A:G	ZBTB43	intronic	unknown	.	Name=AluJo	FALSE	Alu	intronic
chr9:128331630:A:G	chr9:128331630:A:G	A:G	COQ4	intronic	unknown	A;G;+;A||R||D;ALU;-;SINE/AluJo;intronic;COQ4;-;-;intronic;COQ4;-;-;intronic;COQ4;-;-;-;1998;30;55	Name=AluJo	TRUE	Alu	intronic
chr9:15167509:T:C	chr9:15167509:A:G	A:G	TTC39B	UTR3	unknown	T;C;-;A||R;ALU;-;SINE/AluSp;UTR3;TTC39B;-;-;intergenic;LOC389705||TTC39B;-;-;intergenic;AK021570||TTC39B;-;-;-;818;30;53	Name=AluSp	TRUE	Alu	UTR3
chr9:33043866:T:C	chr9:33043866:A:G	A:G	SMU1	UTR3	unknown	T;C;-;A||R||D;NONREP;-;-/-;UTR3;SMU1;-;-;UTR3;SMU1;-;-;UTR3;SMU1;-;-;-;262;25;46	.	TRUE	None	UTR3
chr9:33043875:T:C	chr9:33043875:A:G	A:G	SMU1	UTR3	unknown	T;C;-;A||R||D;NONREP;-;-/-;UTR3;SMU1;-;-;UTR3;SMU1;-;-;UTR3;SMU1;-;-;-;204;26;49	.	TRUE	None	UTR3
chr9:33043876:T:C	chr9:33043876:A:G	A:G	SMU1	UTR3	unknown	T;C;-;A||R||D;NONREP;-;-/-;UTR3;SMU1;-;-;UTR3;SMU1;-;-;UTR3;SMU1;-;-;-;161;21;42	.	TRUE	None	UTR3
chr9:33043880:T:C	chr9:33043880:A:G	A:G	SMU1	UTR3	unknown	T;C;-;A||R;NONREP;-;-/-;UTR3;SMU1;-;-;UTR3;SMU1;-;-;UTR3;SMU1;-;-;-;171;25;44	.	TRUE	None	UTR3
chr9:33043894:T:C	chr9:33043894:A:G	A:G	SMU1	UTR3	unknown	T;C;-;A||R||D;NONREP;-;-/-;UTR3;SMU1;-;-;UTR3;SMU1;-;-;UTR3;SMU1;-;-;-;141;22;42	.	TRUE	None	UTR3
chr9:33043914:T:C	chr9:33043914:A:G	A:G	SMU1	UTR3	unknown	T;C;-;A||R||D;NONREP;-;-/-;UTR3;SMU1;-;-;UTR3;SMU1;-;-;UTR3;SMU1;-;-;-;189;26;46	.	TRUE	None	UTR3
chr9:35032021:T:C	chr9:35032021:T:C	A:G	C9orf131	upstream	unknown	T;C;-;A||R;ALU;-;SINE/AluSx1;intergenic;DNAJB5||C9orf131;-;-;intergenic;DNAJB5||C9orf131;-;-;intergenic;DNAJB5||C9orf131;-;-;-;7;5;5	Name=AluSx1	TRUE	Alu	upstream
chr9:96015388:A:G	chr9:96015388:A:G	A:G	ERCC6L2	UTR3	unknown	A;G;+;R;ALU;-;SINE/AluSz;intergenic;ERCC6L2||LINC00092;-;-;UTR3;ERCC6L2;-;-;intronic;C9orf102;-;-;-;22;12;15	Name=AluSz	TRUE	Alu	UTR3
chr9:100452412:A:G	chr9:100452412:A:G	A:G	MSANTD3-TMEFF1	intronic	unknown	A;G;+;A||R;ALU;-;SINE/AluY;intronic;MSANTD3-TMEFF1||TMEFF1;-;-;intronic;MSANTD3-TMEFF1;-;-;intronic;MSANTD3-TMEFF1;-;-;-;69;12;22	Name=AluY	TRUE	Alu	intronic
chr9:100452646:A:G	chr9:100452646:A:G	A:G	MSANTD3-TMEFF1	intronic	unknown	A;G;+;A||R;ALU;-;SINE/AluY;intronic;MSANTD3-TMEFF1||TMEFF1;-;-;intronic;MSANTD3-TMEFF1;-;-;intronic;MSANTD3-TMEFF1;-;-;-;227;24;43	Name=AluY	TRUE	Alu	intronic
chr9:100452657:A:G	chr9:100452657:A:G	A:G	MSANTD3-TMEFF1	intronic	unknown	A;G;+;A||R;ALU;-;SINE/AluY;intronic;MSANTD3-TMEFF1||TMEFF1;-;-;intronic;MSANTD3-TMEFF1;-;-;intronic;MSANTD3-TMEFF1;-;-;-;233;27;46	Name=AluY	TRUE	Alu	intronic
chr9:100454625:A:G	chr9:100454625:A:G	A:G	MSANTD3-TMEFF1	intronic	unknown	A;G;+;A||R;ALU;-;SINE/AluSq2;intronic;MSANTD3-TMEFF1||TMEFF1;-;-;intronic;MSANTD3-TMEFF1;-;-;intronic;MSANTD3-TMEFF1;-;-;-;594;29;52	Name=AluSq2	TRUE	Alu	intronic
chr9:100454694:A:G	chr9:100454694:A:G	A:G	MSANTD3-TMEFF1	intronic	unknown	A;G;+;A||R||D;ALU;-;SINE/AluSq2;intronic;MSANTD3-TMEFF1||TMEFF1;-;-;intronic;MSANTD3-TMEFF1;-;-;intronic;MSANTD3-TMEFF1;-;-;-;355;29;50	Name=AluSq2	TRUE	Alu	intronic
chr9:104913934:T:C	chr9:104913934:A:G	A:G	ABCA1	intronic	unknown	T;C;-;A;ALU;rs537940387;SINE/AluY;intronic;ABCA1;-;-;intronic;ABCA1;-;-;intronic;ABCA1;-;-;-;7;6;6	Name=AluY	TRUE	Alu	intronic
chr9:111918778:A:G	chr9:111918778:A:G	A:G	UGCG	intronic	unknown	A;G;+;A||R||D;ALU;-;SINE/AluYd8;intronic;UGCG;-;-;intronic;UGCG;-;-;intronic;UGCG;-;-;-;76;15;19	Name=AluYd8	TRUE	Alu	intronic
chr9:35032141:T:C	chr9:35032141:T:C	A:G	C9orf131	upstream	unknown	T;C;-;R;ALU;-;SINE/AluSx1;intergenic;DNAJB5||C9orf131;-;-;intergenic;DNAJB5||C9orf131;-;-;intergenic;DNAJB5||C9orf131;-;-;-;9;5;5	Name=AluSx1	TRUE	Alu	upstream
chr9:94611028:T:C	chr9:94611028:A:G	A:G	FBP1	intronic	unknown	T;C;-;A||R;ALU;-;SINE/AluY;intronic;FBP1;-;-;intronic;FBP1;-;-;intronic;FBP1;-;-;-;24;6;6	Name=AluY	TRUE	Alu	intronic
chr9:129911688:T:C	chr9:129911688:A:G	A:G	FNBP1	intronic	unknown	T;C;-;A||R||D;ALU;-;SINE/AluSx3;intronic;FNBP1;-;-;intronic;FNBP1;-;-;intronic;FNBP1;-;-;-;538;25;46	Name=AluSx3	TRUE	Alu	intronic
chr9:96015431:A:G	chr9:96015431:A:G	A:G	ERCC6L2	UTR3	unknown	A;G;+;R;ALU;-;SINE/AluSz;intergenic;ERCC6L2||LINC00092;-;-;UTR3;ERCC6L2;-;-;intronic;C9orf102;-;-;-;27;13;17	Name=AluSz	TRUE	Alu	UTR3
chr9:100454788:A:G	chr9:100454788:A:G	A:G	MSANTD3-TMEFF1	intronic	unknown	A;G;+;A||R||D;ALU;-;SINE/AluSq2;intronic;MSANTD3-TMEFF1||TMEFF1;-;-;intronic;MSANTD3-TMEFF1;-;-;intronic;MSANTD3-TMEFF1;-;-;-;656;29;52	Name=AluSq2	TRUE	Alu	intronic
chr9:35528636:A:G	chr9:35528636:A:G	A:G	RUSC2	intronic	unknown	A;G;+;A||R;ALU;-;SINE/AluJr4;intergenic;ATP8B5P||RUSC2;-;-;intronic;RUSC2;-;-;intronic;RUSC2;-;-;-;6;4;4	Name=AluJo	TRUE	Alu	intronic
chr9:75012424:T:C	chr9:75012424:A:G	A:G	CARNMT1	intronic	unknown	T;C;-;A||R||D;ALU;-;SINE/AluSz;ncRNA_intronic;RP11-197P3.5;-;-;intronic;CARNMT1;-;-;intronic;C9orf41;-;-;-;9;6;6	Name=AluSz	TRUE	Alu	intronic
chr9:98112556:T:C	chr9:98112556:A:G	A:G	TRIM14	intronic	unknown	T;C;-;A||R;ALU;-;SINE/AluSg;intronic;TRIM14;-;-;intronic;TRIM14;-;-;intronic;TRIM14;-;-;-;125;19;23	Name=AluSg	TRUE	Alu	intronic
chr9:112897566:A:G	chr9:112897566:T:C	A:G	SLC46A2	upstream	unknown	A;G;+;A;ALU;-;SINE/AluJr;intergenic;SLC46A2||ZNF883;-;-;intergenic;SLC46A2||ZNF883;-;-;intergenic;SLC46A2||ZNF883;-;-;-;21;3;3	Name=AluJr	TRUE	Alu	upstream
chr9:76399481:G:A	chr9:76399481:G:A	C:T	RPSAP9	ncRNA
exonic	unknown	.	.	FALSE	None	ncRNA
chr9:128342377:A:G	chr9:128342377:A:G	A:G	SLC27A4	intronic	unknown	.	.	FALSE	None	intronic
chr9:128342391:T:C	chr9:128342391:T:C	A:G	SLC27A4	intronic	unknown	.	.	FALSE	None	intronic
chr9:5573078:A:G	chr9:5573078:A:G	A:G	PDCD1LG2	downstream	unknown	A;G;+;A;ALU;-;SINE/AluSz;intergenic;PDCD1LG2||RP11-574F11.3;-;-;intergenic;PDCD1LG2||RIC1;-;-;intronic;PLGRKT;-;-;-;33;10;11	Name=AluSz	TRUE	Alu	downstream
chr9:132738325:T:C	chr9:132738325:A:G	A:G	AK8	intronic	unknown	.	Name=AluSc8	FALSE	Alu	intronic
chr9:69214106:A:G	chr9:69214106:A:G	A:G	TJP2	intronic	unknown	A;G;+;A||R;ALU;-;SINE/AluSz6;intronic;TJP2;-;-;intronic;TJP2;-;-;intronic;TJP2;-;-;-;7;5;5	Name=AluSz6	TRUE	Alu	intronic
chr9:69214107:A:G	chr9:69214107:A:G	A:G	TJP2	intronic	unknown	A;G;+;A||R;ALU;-;SINE/AluSz6;intronic;TJP2;-;-;intronic;TJP2;-;-;intronic;TJP2;-;-;-;7;5;5	Name=AluSz6	TRUE	Alu	intronic
chr9:132739205:T:C	chr9:132739205:A:G	A:G	AK8	intronic	unknown	.	Name=AluSx1	FALSE	Alu	intronic
chr9:132758570:T:C	chr9:132758570:A:G	A:G	AK8	intronic	unknown	.	Name=AluSz	FALSE	Alu	intronic
chr9:132764087:T:C	chr9:132764087:A:G	A:G	AK8	intronic	unknown	.	Name=AluJb	FALSE	Alu	intronic
chr9:69214211:A:G	chr9:69214211:A:G	A:G	TJP2	intronic	unknown	A;G;+;A||R;ALU;-;SINE/AluSz6;intronic;TJP2;-;-;intronic;TJP2;-;-;intronic;TJP2;-;-;-;8;5;5	Name=AluSz6	TRUE	Alu	intronic
chr9:132738857:T:C	chr9:132738857:A:G	A:G	AK8	intronic	unknown	T;C;-;R;ALU;-;SINE/AluJb;intronic;AK8;-;-;intronic;AK8;-;-;intronic;AK8;-;-;-;1;1;1	Name=AluJb	TRUE	Alu	intronic
chr9:132739028:T:C	chr9:132739028:A:G	A:G	AK8	intronic	unknown	T;C;-;A;ALU;-;SINE/AluJb;intronic;AK8;-;-;intronic;AK8;-;-;intronic;AK8;-;-;-;1;1;1	Name=AluJb	TRUE	Alu	intronic
chr10:100232668:T:C	chr10:100232668:A:G	A:G	CWF19L1	UTR3	unknown	T;C;-;A||R||D;ALU;-;SINE/AluSq2;ncRNA_intronic;RP11-316M21.6;-;-;UTR3;CWF19L1;-;-;UTR3;CWF19L1;-;-;-;2495;30;55	Name=AluSq2	TRUE	Alu	UTR3
chr10:100233026:T:C	chr10:100233026:A:G	A:G	CWF19L1	UTR3	unknown	T;C;-;A||R||D;ALU;-;SINE/AluJo;ncRNA_intronic;RP11-316M21.6;-;-;UTR3;CWF19L1;-;-;UTR3;CWF19L1;-;-;-;2394;30;55	Name=AluJo	TRUE	Alu	UTR3
chr10:100233036:T:C	chr10:100233036:A:G	A:G	CWF19L1	UTR3	unknown	T;C;-;A||R||D;ALU;-;SINE/AluJo;ncRNA_intronic;RP11-316M21.6;-;-;UTR3;CWF19L1;-;-;UTR3;CWF19L1;-;-;-;2505;30;55	Name=AluJo	TRUE	Alu	UTR3
chr10:100233053:T:C	chr10:100233053:A:G	A:G	CWF19L1	UTR3	unknown	T;C;-;A||R||D;ALU;-;SINE/AluJo;ncRNA_intronic;RP11-316M21.6;-;-;UTR3;CWF19L1;-;-;UTR3;CWF19L1;-;-;-;2336;30;55	Name=AluJo	TRUE	Alu	UTR3
chr10:17686516:A:G	chr10:17686516:A:G	A:G	STAM	intronic	unknown	A;G;+;A||R||D;ALU;-;SINE/AluSg;intronic;STAM;-;-;intronic;STAM;-;-;intronic;STAM;-;-;-;17;8;11	Name=AluSg	TRUE	Alu	intronic
chr10:17687273:A:G	chr10:17687273:A:G	A:G	STAM	intronic	unknown	A;G;+;A||R;ALU;-;SINE/AluSz;intronic;STAM;-;-;intronic;STAM;-;-;intronic;STAM;-;-;-;12;7;8	Name=AluSz	TRUE	Alu	intronic
chr10:17687315:A:G	chr10:17687315:A:G	A:G	STAM	intronic	unknown	A;G;+;A||R;ALU;-;SINE/AluSz;intronic;STAM;-;-;intronic;STAM;-;-;intronic;STAM;-;-;-;13;6;7	Name=AluSz	TRUE	Alu	intronic
chr10:17687322:A:G	chr10:17687322:A:G	A:G	STAM	intronic	unknown	A;G;+;A||R;ALU;-;SINE/AluSz;intronic;STAM;-;-;intronic;STAM;-;-;intronic;STAM;-;-;-;6;3;3	Name=AluSz	TRUE	Alu	intronic
chr10:17687354:A:G	chr10:17687354:A:G	A:G	STAM	intronic	unknown	A;G;+;A||R||D;ALU;-;SINE/AluSz;intronic;STAM;-;-;intronic;STAM;-;-;intronic;STAM;-;-;-;29;10;13	Name=AluSz	TRUE	Alu	intronic
chr10:26761083:T:C	chr10:26761083:A:G	A:G	ABI1	intronic	unknown	T;C;-;A||R||D;ALU;-;SINE/AluJo;intronic;ABI1;-;-;intronic;ABI1;-;-;intronic;ABI1;-;-;-;734;29;45	Name=AluJo	TRUE	Alu	intronic
chr10:28525726:T:C	chr10:28525726:A:G	A:G	WAC-AS1	ncRNA
intronic	unknown	T;C;-;A||R||D;ALU;-;SINE/AluSx1;ncRNA_intronic;WAC-AS1;-;-;ncRNA_intronic;WAC-AS1;-;-;ncRNA_intronic;WAC-AS1;-;-;-;1753;30;55	Name=AluSx1	TRUE	Alu	ncRNA
chr10:46007836:A:G	chr10:46007836:T:C	A:G	NCOA4	intronic	unknown	.	Name=AluJo	FALSE	Alu	intronic
chr10:73248973:T:C	chr10:73248973:T:C	A:G	DNAJC9-AS1	ncRNA
intronic	unknown	T;C;-;A||R;ALU;-;SINE/AluJr;ncRNA_exonic;DNAJC9-AS1;-;-;ncRNA_intronic;DNAJC9-AS1;-;-;ncRNA_intronic;DNAJC9-AS1;-;-;-;2414;30;55	Name=AluJr	TRUE	Alu	ncRNA
chr10:73249057:T:C	chr10:73249057:T:C	A:G	DNAJC9-AS1	ncRNA
intronic	unknown	T;C;-;A||R;ALU;-;SINE/AluJr;ncRNA_exonic;DNAJC9-AS1;-;-;ncRNA_intronic;DNAJC9-AS1;-;-;ncRNA_intronic;DNAJC9-AS1;-;-;-;2533;30;55	Name=AluJr	TRUE	Alu	ncRNA
chr10:73249118:T:C	chr10:73249118:T:C	A:G	DNAJC9-AS1	ncRNA
intronic	unknown	T;C;-;A||R;ALU;-;SINE/AluJr;ncRNA_exonic;DNAJC9-AS1;-;-;ncRNA_intronic;DNAJC9-AS1;-;-;ncRNA_intronic;DNAJC9-AS1;-;-;-;2572;30;55	Name=AluJr	TRUE	Alu	ncRNA
chr10:73249197:T:C	chr10:73249197:T:C	A:G	DNAJC9-AS1	ncRNA
intronic	unknown	T;C;-;A||R||D;ALU;-;SINE/AluJr;ncRNA_exonic;DNAJC9-AS1;-;-;ncRNA_intronic;DNAJC9-AS1;-;-;ncRNA_intronic;DNAJC9-AS1;-;-;-;2551;30;55	Name=AluJr	TRUE	Alu	ncRNA
chr10:73249833:T:C	chr10:73249833:T:C	A:G	DNAJC9-AS1	ncRNA
intronic	unknown	T;C;-;A||R||D;ALU;-;SINE/AluY;ncRNA_intronic;DNAJC9-AS1;-;-;ncRNA_intronic;DNAJC9-AS1;-;-;ncRNA_intronic;DNAJC9-AS1;-;-;-;2288;30;55	Name=AluSc	TRUE	Alu	ncRNA
chr10:12386257:A:G	chr10:12386257:A:G	A:G	CAMK1D	intronic	unknown	A;G;+;A||R||D;ALU;-;SINE/AluJo;intronic;CAMK1D;-;-;intronic;CAMK1D;-;-;intronic;CAMK1D;-;-;-;7;3;3	Name=AluJo	TRUE	Alu	intronic
chr10:17686446:A:G	chr10:17686446:A:G	A:G	STAM	intronic	unknown	A;G;+;A||R||D;ALU;-;SINE/AluSg;intronic;STAM;-;-;intronic;STAM;-;-;intronic;STAM;-;-;-;18;6;8	Name=AluSg	TRUE	Alu	intronic
chr10:17686476:A:G	chr10:17686476:A:G	A:G	STAM	intronic	unknown	A;G;+;A||R;ALU;-;SINE/AluSg;intronic;STAM;-;-;intronic;STAM;-;-;intronic;STAM;-;-;-;14;9;11	Name=AluSg	TRUE	Alu	intronic
chr10:17686574:A:G	chr10:17686574:A:G	A:G	STAM	intronic	unknown	A;G;+;A||R;ALU;-;SINE/AluSg;intronic;STAM;-;-;intronic;STAM;-;-;intronic;STAM;-;-;-;15;7;10	Name=AluSg	TRUE	Alu	intronic
chr10:17687279:A:G	chr10:17687279:A:G	A:G	STAM	intronic	unknown	A;G;+;A||R;ALU;-;SINE/AluSz;intronic;STAM;-;-;intronic;STAM;-;-;intronic;STAM;-;-;-;11;9;9	Name=AluSz	TRUE	Alu	intronic
chr10:19823480:A:G	chr10:19823480:A:G	A:G	PLXDC2	intronic	unknown	A;G;+;A||R;ALU;-;SINE/AluSc8;intronic;PLXDC2;-;-;intronic;PLXDC2;-;-;intronic;PLXDC2;-;-;-;10;6;6	Name=AluSc8	TRUE	Alu	intronic
chr10:20026574:A:G	chr10:20026574:A:G	A:G	PLXDC2	intronic	unknown	A;G;+;A;REP;-;DNA/MER5B;intronic;PLXDC2;-;-;intronic;PLXDC2;-;-;intronic;PLXDC2;-;-;-;2;2;2	Name=MER5B	TRUE	Other	intronic
chr10:20284378:A:G	chr10:20284378:A:G	A:G	PLXDC2	UTR3	unknown	A;G;+;R||D;REP;-;Simple_repeat/(TA)n;UTR3;PLXDC2;-;-;UTR3;PLXDC2;-;-;intergenic;PLXDC2||MIR4675;-;-;-;279;24;36	Name=(TA)n	TRUE	Simple
repeat	UTR3
chr10:28538708:A:G	chr10:28538708:A:G	A:G	WAC	intronic	unknown	A;G;+;A||R||D;ALU;-;SINE/AluJr4;intronic;WAC;-;-;intronic;WAC;-;-;intronic;WAC;-;-;-;207;23;37	Name=AluJr4	TRUE	Alu	intronic
chr10:42517939:T:C	chr10:42517939:A:G	A:G	ZNF37BP	ncRNA
exonic	unknown	T;C;-;A||R||D;ALU;-;SINE/AluSx;ncRNA_exonic;ZNF37BP;-;-;ncRNA_exonic;ZNF37BP;-;-;ncRNA_exonic;ZNF37BP;-;-;-;1789;30;55	Name=AluSx	TRUE	Alu	ncRNA
chr10:64826806:A:G	chr10:64826806:A:G	A:G	ANXA2P3	ncRNA
exonic	unknown	.	.	FALSE	None	ncRNA
chr10:74535724:A:G	chr10:74535724:A:G	A:G	ADK	intronic	unknown	A;G;+;A||R||D;ALU;-;SINE/AluSz6;intronic;ADK;-;-;intronic;ADK;-;-;intronic;ADK;-;-;-;23;12;15	Name=AluSz6	TRUE	Alu	intronic
chr10:75526760:A:G	chr10:75526760:A:G	A:G	LRMDA	intronic	unknown	A;G;+;A||R;ALU;-;SINE/AluJo;intergenic;RP11-399K21.10||MIR606;-;-;intronic;C10orf11;-;-;intergenic;ZNF503-AS2||C10orf11;-;-;-;13;6;6	Name=AluJo	TRUE	Alu	intronic
chr10:79513665:C:T	chr10:79513665:C:T	C:T	EIF5AL1	UTR3	unknown	.	.	FALSE	None	UTR3
chr10:96707966:T:C	chr10:96707966:A:G	A:G	PIK3AP1	intronic	unknown	T;C;-;A||R||D;NONREP;-;-/-;intronic;PIK3AP1;-;-;intronic;PIK3AP1;-;-;intronic;PIK3AP1;-;-;-;69;9;10	.	TRUE	None	intronic
chr10:101987887:T:C	chr10:101987887:A:G	A:G	ARMH3	intronic	unknown	T;C;-;A||R;NONREP;-;-/-;intronic;C10orf76;-;-;intronic;C10orf76;-;-;intronic;C10orf76;-;-;-;2;1;2	.	TRUE	None	intronic
chr10:12674901:A:G	chr10:12674901:A:G	A:G	CAMK1D	intronic	unknown	A;G;+;A||R;ALU;-;SINE/AluSg7;intronic;CAMK1D;-;-;intronic;CAMK1D;-;-;intronic;CAMK1D;-;-;-;1;1;1	Name=AluSg7	TRUE	Alu	intronic
chr10:12674912:A:G	chr10:12674912:A:G	A:G	CAMK1D	intronic	unknown	A;G;+;A||R;ALU;-;SINE/AluSg7;intronic;CAMK1D;-;-;intronic;CAMK1D;-;-;intronic;CAMK1D;-;-;-;3;2;2	Name=AluSg7	TRUE	Alu	intronic
chr10:13673869:A:G	chr10:13673869:T:C	A:G	FRMD4A	intronic	unknown	A;G;+;R||D;ALU;-;SINE/AluJb;intronic;FRMD4A;-;-;intronic;FRMD4A;-;-;intronic;FRMD4A;-;-;-;272;27;40	Name=AluJb	TRUE	Alu	intronic
chr10:20153224:A:G	chr10:20153224:A:G	A:G	PLXDC2	intronic	unknown	A;G;+;A;NONREP;-;-/-;intronic;PLXDC2;-;-;intronic;PLXDC2;-;-;intronic;PLXDC2;-;-;-;8;6;6	.	TRUE	None	intronic
chr10:20284286:A:G	chr10:20284286:A:G	A:G	PLXDC2	UTR3	unknown	A;G;+;A||R;ALU;-;SINE/AluJo;UTR3;PLXDC2;-;-;UTR3;PLXDC2;-;-;intergenic;PLXDC2||MIR4675;-;-;-;860;30;52	Name=AluJo	TRUE	Alu	UTR3
chr10:20286904:A:G	chr10:20286904:A:G	A:G	PLXDC2	UTR3	unknown	A;G;+;A||R;ALU;-;SINE/AluSp;UTR3;PLXDC2;-;-;UTR3;PLXDC2;-;-;intergenic;PLXDC2||MIR4675;-;-;-;2023;30;55	Name=AluSp	TRUE	Alu	UTR3
chr10:73249962:T:C	chr10:73249962:T:C	A:G	DNAJC9-AS1	ncRNA
intronic	unknown	T;C;-;A||R||D;ALU;-;SINE/AluY;ncRNA_intronic;DNAJC9-AS1;-;-;ncRNA_intronic;DNAJC9-AS1;-;-;ncRNA_intronic;DNAJC9-AS1;-;-;-;2012;30;55	Name=AluY	TRUE	Alu	ncRNA
chr10:75526709:A:G	chr10:75526709:A:G	A:G	LRMDA	intronic	unknown	A;G;+;A||R;ALU;-;SINE/AluJo;intergenic;RP11-399K21.10||MIR606;-;-;intronic;C10orf11;-;-;intergenic;ZNF503-AS2||C10orf11;-;-;-;11;5;5	Name=AluJo	TRUE	Alu	intronic
chr10:101800913:T:C	chr10:101800913:A:G	A:G	OGA	intronic	unknown	T;C;-;A||R;ALU;-;SINE/AluSg;intronic;MGEA5;-;-;intronic;MGEA5;-;-;intronic;MGEA5;-;-;-;42;15;19	Name=AluSg	TRUE	Alu	intronic
chr10:101800991:T:C	chr10:101800991:A:G	A:G	OGA	intronic	unknown	T;C;-;A||R;ALU;-;SINE/AluSg;intronic;MGEA5;-;-;intronic;MGEA5;-;-;intronic;MGEA5;-;-;-;34;18;20	Name=AluSg	TRUE	Alu	intronic
chr10:101801038:T:C	chr10:101801038:A:G	A:G	OGA	intronic	unknown	T;C;-;A||R;ALU;-;SINE/AluSg;intronic;MGEA5;-;-;intronic;MGEA5;-;-;intronic;MGEA5;-;-;-;124;22;31	Name=AluSg	TRUE	Alu	intronic
chr10:101801270:T:C	chr10:101801270:A:G	A:G	OGA	intronic	unknown	T;C;-;A||R;ALU;-;SINE/AluSq2;intronic;MGEA5;-;-;intronic;MGEA5;-;-;intronic;MGEA5;-;-;-;58;19;23	Name=AluSq2	TRUE	Alu	intronic
chr10:101801280:T:C	chr10:101801280:A:G	A:G	OGA	intronic	unknown	T;C;-;A||R;ALU;-;SINE/AluSq2;intronic;MGEA5;-;-;intronic;MGEA5;-;-;intronic;MGEA5;-;-;-;86;24;30	Name=AluSq2	TRUE	Alu	intronic
chr10:102826261:A:G	chr10:102826261:T:C	A:G	CYP17A1	downstream	unknown	A;G;+;A;ALU;-;SINE/AluSz;intergenic;WBP1L||CYP17A1;-;-;intergenic;WBP1L||CYP17A1;-;-;intergenic;WBP1L||CYP17A1;-;-;-;27;7;7	Name=AluSz	TRUE	Alu	downstream
chr10:103173098:T:C	chr10:103173098:A:G	A:G	NT5C2	intronic	unknown	T;C;-;A||R;ALU;-;SINE/AluJo;intronic;NT5C2;-;-;intronic;NT5C2;-;-;intronic;NT5C2;-;-;-;87;26;29	Name=AluJo	TRUE	Alu	intronic
chr10:12372551:A:G	chr10:12372551:A:G	A:G	CAMK1D	intronic	unknown	A;G;+;A||R||D;NONREP;-;-/-;intronic;CAMK1D;-;-;intronic;CAMK1D;-;-;intronic;CAMK1D;-;-;-;21;4;8	.	TRUE	None	intronic
chr10:12423299:A:G	chr10:12423299:A:G	A:G	CAMK1D	intronic	unknown	A;G;+;A||R;ALU;-;SINE/AluJr;intronic;CAMK1D;-;-;intronic;CAMK1D;-;-;intronic;CAMK1D;-;-;-;2;2;2	Name=AluJr	TRUE	Alu	intronic
chr10:26772977:T:C	chr10:26772977:A:G	A:G	ABI1	intronic	unknown	T;C;-;A||R;ALU;-;SINE/AluJb;intronic;ABI1;-;-;intronic;ABI1;-;-;intronic;ABI1;-;-;-;113;18;29	Name=AluJo	TRUE	Alu	intronic
chr10:26773313:T:C	chr10:26773313:A:G	A:G	ABI1	intronic	unknown	T;C;-;A||R;ALU;-;SINE/AluSz;intronic;ABI1;-;-;intronic;ABI1;-;-;intronic;ABI1;-;-;-;74;14;23	Name=AluSz	TRUE	Alu	intronic
chr10:30989292:T:C	chr10:30989292:A:G	A:G	ZNF438	intronic	unknown	T;C;-;A;NONREP;-;-/-;intronic;ZNF438;-;-;intronic;ZNF438;-;-;intronic;ZNF438;-;-;-;24;7;7	.	TRUE	None	intronic
chr10:49985966:A:G	chr10:49985966:A:G	A:G	TIMM23B-AGAP6	ncRNA
intronic	unknown	A;G;+;R;ALU;-;SINE/AluSx1;intergenic;LINC00843||AGAP6;-;-;intergenic;TIMM23B||AGAP6;-;-;intergenic;TIMM23||AGAP6;-;-;-;615;30;49	Name=AluSx1	TRUE	Alu	ncRNA
chr10:61950258:A:G	chr10:61950258:A:G	A:G	ARID5B	intronic	unknown	A;G;+;A||R;ALU;-;SINE/AluSg;intronic;ARID5B;-;-;intronic;ARID5B;-;-;intronic;ARID5B;-;-;-;7;5;5	Name=AluSg	TRUE	Alu	intronic
chr10:71366063:A:G	chr10:71366063:A:G	A:G	SLC29A3	downstream	unknown	A;G;+;A||R;ALU;-;SINE/AluJr;intergenic;SLC29A3||CDH23;-;-;intergenic;SLC29A3||CDH23;-;-;intergenic;SLC29A3||CDH23;-;-;-;62;19;26	Name=AluJb	TRUE	Alu	downstream
chr10:75589537:A:G	chr10:75589537:A:G	A:G	LRMDA	intronic	unknown	A;G;+;A||R;ALU;-;SINE/AluJb;intergenic;MIR606||RP11-310J24.3;-;-;intronic;C10orf11;-;-;intergenic;ZNF503-AS2||C10orf11;-;-;-;10;5;5	Name=AluJb	TRUE	Alu	intronic
chr10:76464049:A:G	chr10:76464049:A:G	A:G	LRMDA	intronic	unknown	A;G;+;A;ALU;-;SINE/AluSx;intronic;C10orf11;-;-;intronic;C10orf11;-;-;intronic;C10orf11;-;-;-;2;2;2	Name=AluSx	TRUE	Alu	intronic
chr10:119071858:T:C	chr10:119071858:A:G	A:G	EIF3A	intronic	unknown	T;C;-;R;ALU;-;SINE/AluY;intronic;EIF3A;-;-;intronic;EIF3A;-;-;intronic;EIF3A;-;-;-;2;2;2	Name=AluY	TRUE	Alu	intronic
chr10:17686594:A:G	chr10:17686594:A:G	A:G	STAM	intronic	unknown	A;G;+;A||R;ALU;-;SINE/AluSg;intronic;STAM;-;-;intronic;STAM;-;-;intronic;STAM;-;-;-;16;8;10	Name=AluSg	TRUE	Alu	intronic
chr10:26853677:T:C	chr10:26853677:A:G	A:G	ABI1	intronic	unknown	T;C;-;A||R;ALU;-;SINE/AluY;intronic;ABI1;-;-;intronic;ABI1;-;-;intronic;ABI1;-;-;-;3;3;3	Name=AluY	TRUE	Alu	intronic
chr10:5953452:T:C	chr10:5953452:A:G	A:G	IL15RA	intronic	unknown	T;C;-;A||R||D;ALU;-;SINE/AluJo;intronic;IL15RA;-;-;intronic;IL15RA;-;-;intronic;IL15RA;-;-;-;260;25;36	Name=SVA_E,AluJo	TRUE	Alu	intronic
chr10:6198190:A:G	chr10:6198190:A:G	A:G	PFKFB3	intronic	unknown	A;G;+;A||R;ALU;-;SINE/AluSx;ncRNA_intronic;RP11-414H17.5;-;-;intronic;PFKFB3;-;-;intronic;PFKFB3;-;-;-;1;1;1	Name=AluSx	TRUE	Alu	intronic
chr10:6336896:A:G	chr10:6336896:A:G	A:G	LINC02649	downstream	unknown	A;G;+;A||R;ALU;-;SINE/AluJo;downstream;RP11-563J2.2;-;-;downstream;LOC399715;-;-;downstream;LOC399715;-;-;-;63;13;17	Name=AluJo	TRUE	Alu	downstream
chr10:78947045:T:C	chr10:78947045:A:G	A:G	ZMIZ1-AS1	ncRNA
intronic	unknown	T;C;-;A;ALU;-;SINE/AluSz;ncRNA_intronic;ZMIZ1-AS1;-;-;ncRNA_intronic;ZMIZ1-AS1;-;-;ncRNA_intronic;ZMIZ1-AS1;-;-;-;14;7;8	Name=AluSz	TRUE	Alu	ncRNA
chr10:80199571:T:C	chr10:80199571:A:G	A:G	ANXA11	intronic	unknown	T;C;-;A||R||D;ALU;-;SINE/AluSz6;intronic;ANXA11;-;-;intronic;ANXA11;-;-;intronic;ANXA11;-;-;-;18;9;10	Name=AluSz6	TRUE	Alu	intronic
chr10:96604998:T:C	chr10:96604998:A:G	A:G	PIK3AP1	intronic	unknown	T;C;-;A||R;ALU;-;SINE/AluSg;intronic;PIK3AP1;-;-;intronic;PIK3AP1;-;-;intronic;PIK3AP1;-;-;-;27;6;7	Name=AluSg	TRUE	Alu	intronic
chr10:96678352:T:C	chr10:96678352:A:G	A:G	PIK3AP1	intronic	unknown	T;C;-;R;ALU;-;SINE/AluSx3;intronic;PIK3AP1;-;-;intronic;PIK3AP1;-;-;intronic;PIK3AP1;-;-;-;0;0;0	Name=AluSx3	TRUE	Alu	intronic
chr10:96707430:T:C	chr10:96707430:A:G	A:G	PIK3AP1	intronic	unknown	T;C;-;A||R;ALU;-;SINE/AluSg;intronic;PIK3AP1;-;-;intronic;PIK3AP1;-;-;intronic;PIK3AP1;-;-;-;19;3;4	Name=AluSx4	TRUE	Alu	intronic
chr10:96893503:A:G	chr10:96893503:A:G	A:G	LCOR	intronic	unknown	A;G;+;A||R;ALU;-;SINE/AluSg;intronic;LCOR;-;-;intronic;LCOR;-;-;intronic;LCOR;-;-;-;7;4;5	Name=AluSx4	TRUE	Alu	intronic
chr10:102826266:A:G	chr10:102826266:T:C	A:G	CYP17A1	downstream	unknown	A;G;+;R;ALU;-;SINE/AluSz;intergenic;WBP1L||CYP17A1;-;-;intergenic;WBP1L||CYP17A1;-;-;intergenic;WBP1L||CYP17A1;-;-;-;8;4;4	Name=AluSz	TRUE	Alu	downstream
chr10:119572891:T:C	chr10:119572891:A:G	A:G	TIAL1	downstream	unknown	T;C;-;A||R||D;ALU;-;SINE/AluSc;intergenic;RGS10||TIAL1;-;-;downstream;TIAL1;-;-;downstream;TIAL1;-;-;-;1895;30;54	Name=AluSc	TRUE	Alu	downstream
chr10:42518832:T:C	chr10:42518832:A:G	A:G	ZNF37BP	ncRNA
exonic	unknown	T;C;-;A||R;ALU;-;SINE/AluYc;ncRNA_exonic;ZNF37BP;-;-;ncRNA_exonic;ZNF37BP;-;-;ncRNA_exonic;ZNF37BP;-;-;-;1007;30;54	Name=AluYc	TRUE	Alu	ncRNA
chr10:101967589:T:C	chr10:101967589:A:G	A:G	ARMH3	intronic	unknown	T;C;-;R;ALU;-;SINE/AluSg;intronic;C10orf76;-;-;intronic;C10orf76;-;-;intronic;C10orf76;-;-;-;1;1;1	Name=AluSg	TRUE	Alu	intronic
chr10:6259585:T:C	chr10:6259585:T:C	A:G	PFKFB3	downstream	unknown	.	Name=(CATC)n	FALSE	Simple
repeat	downstream
chr10:6259586:C:T	chr10:6259586:C:T	C:T	PFKFB3	downstream	unknown	.	Name=(CATC)n	FALSE	Simple
repeat	downstream
chr10:104296556:A:G	chr10:104296556:A:G	A:G	GSTO2	intronic	unknown	A;G;+;A||R||D;ALU;-;SINE/AluJb;intronic;GSTO2;-;-;intronic;GSTO2;-;-;intronic;GSTO2;-;-;-;366;24;36	Name=AluJb	TRUE	Alu	intronic
chr10:33183223:T:C	chr10:33183223:A:G	A:G	NRP1	intronic	unknown	T;C;-;A||R;ALU;-;SINE/AluJr;intronic;NRP1;-;-;intronic;NRP1;-;-;intronic;NRP1;-;-;-;270;25;31	Name=AluJr	TRUE	Alu	intronic
chr10:73237465:A:G	chr10:73237465:A:G	A:G	FAM149B1	intronic	unknown	A;G;+;A;ALU;-;SINE/AluSx1;intronic;FAM149B1;-;-;intronic;FAM149B1;-;-;intronic;FAM149B1;-;-;-;147;24;36	Name=AluSx1	TRUE	Alu	intronic
chr10:78946979:T:C	chr10:78946979:A:G	A:G	ZMIZ1-AS1	ncRNA
intronic	unknown	T;C;-;R;ALU;-;SINE/AluSz;ncRNA_intronic;ZMIZ1-AS1;-;-;ncRNA_intronic;ZMIZ1-AS1;-;-;ncRNA_intronic;ZMIZ1-AS1;-;-;-;19;7;8	Name=AluSz	TRUE	Alu	ncRNA
chr10:78947022:T:C	chr10:78947022:A:G	A:G	ZMIZ1-AS1	ncRNA
intronic	unknown	T;C;-;A||R;ALU;-;SINE/AluSz;ncRNA_intronic;ZMIZ1-AS1;-;-;ncRNA_intronic;ZMIZ1-AS1;-;-;ncRNA_intronic;ZMIZ1-AS1;-;-;-;8;6;6	Name=AluSz	TRUE	Alu	ncRNA
chr10:87048446:T:C	chr10:87048446:A:G	A:G	GLUD1	downstream	unknown	T;C;-;A||R;ALU;-;SINE/AluY;intergenic;RNU6-529P||GLUD1;-;-;intergenic;FAM25A||GLUD1;-;-;intergenic;FAM25A||GLUD1;-;-;-;17;5;11	Name=AluY	TRUE	Alu	downstream
chr10:102103714:T:C	chr10:102103714:A:G	A:G	LDB1	downstream	unknown	T;C;-;R;ALU;-;SINE/AluSz;intergenic;SNORD112||LDB1;-;-;intergenic;HPS6||LDB1;-;-;intergenic;HPS6||LDB1;-;-;-;2;2;2	Name=AluSz	TRUE	Alu	downstream
chr10:74412816:A:G	chr10:74412816:A:G	A:G	ADK	intronic	unknown	A;G;+;A||R;ALU;-;SINE/AluSq2;intronic;ADK;-;-;intronic;ADK;-;-;intronic;ADK;-;-;-;13;6;6	Name=AluSq2	TRUE	Alu	intronic
chr10:103178588:T:C	chr10:103178588:A:G	A:G	NT5C2	intronic	unknown	T;C;-;A||R||D;ALU;-;SINE/AluSc8;intronic;NT5C2;-;-;intronic;NT5C2;-;-;intronic;NT5C2;-;-;-;356;28;46	Name=AluSc8	TRUE	Alu	intronic
chr10:12372554:A:G	chr10:12372554:A:G	A:G	CAMK1D	intronic	unknown	A;G;+;A||R||D;NONREP;-;-/-;intronic;CAMK1D;-;-;intronic;CAMK1D;-;-;intronic;CAMK1D;-;-;-;20;5;8	.	TRUE	None	intronic
chr10:19823123:A:G	chr10:19823123:A:G	A:G	PLXDC2	intronic	unknown	A;G;+;A;ALU;-;SINE/AluY;intronic;PLXDC2;-;-;intronic;PLXDC2;-;-;intronic;PLXDC2;-;-;-;6;5;5	Name=AluY	TRUE	Alu	intronic
chr10:71368150:A:G	chr10:71368150:A:G	A:G	SLC29A3	downstream	unknown	A;G;+;A||R;ALU;-;SINE/AluJr4;intergenic;SLC29A3||CDH23;-;-;intergenic;SLC29A3||CDH23;-;-;intergenic;SLC29A3||CDH23;-;-;-;10;6;8	Name=AluJr4	TRUE	Alu	downstream
chr10:97663770:A:G	chr10:97663770:A:G	A:G	PI4K2A	intronic	unknown	A;G;+;A||R;ALU;-;SINE/AluSx1;intronic;PI4K2A;-;-;intronic;PI4K2A;-;-;intronic;PI4K2A;-;-;-;3;3;3	Name=AluSx1	TRUE	Alu	intronic
chr10:133296580:T:C	chr10:133296580:A:G	A:G	TUBGCP2	intronic	unknown	T;C;-;A||R;ALU;-;SINE/AluJb;intronic;TUBGCP2;-;-;intronic;TUBGCP2;-;-;intronic;TUBGCP2;-;-;-;721;30;49	Name=AluJb	TRUE	Alu	intronic
chr10:73480687:T:C	chr10:73480687:A:G	A:G	PPP3CB	intronic	unknown	T;C;-;A||R||D;ALU;-;SINE/AluSx1;intronic;PPP3CB;-;-;intronic;PPP3CB;-;-;intronic;PPP3CB;-;-;-;4;4;4	Name=AluSx1	TRUE	Alu	intronic
chr10:12826058:A:G	chr10:12826058:A:G	A:G	CAMK1D	UTR3	unknown	A;G;+;A||R;ALU;-;SINE/AluSz;UTR3;CAMK1D;-;-;UTR3;CAMK1D;-;-;UTR3;CAMK1D;-;-;-;717;27;48	Name=AluSz	TRUE	Alu	UTR3
chr10:74536960:A:G	chr10:74536960:A:G	A:G	ADK	intronic	unknown	A;G;+;A||R;REP;-;LINE/L1MB4;intronic;ADK;-;-;intronic;ADK;-;-;intronic;ADK;-;-;-;20;10;12	Name=L1MB4	TRUE	LINE	intronic
chr10:12177395:T:C	chr10:12177395:A:G	A:G	NUDT5	intronic	unknown	.	Name=AluSc8	FALSE	Alu	intronic
chr10:133296660:T:C	chr10:133296660:A:G	A:G	TUBGCP2	intronic	unknown	T;C;-;A||R||D;ALU;-;SINE/AluJb;intronic;TUBGCP2;-;-;intronic;TUBGCP2;-;-;intronic;TUBGCP2;-;-;-;1311;30;54	Name=AluJb	TRUE	Alu	intronic
chr10:74536936:A:G	chr10:74536936:A:G	A:G	ADK	intronic	unknown	A;G;+;A||R;REP;-;LINE/L1MB4;intronic;ADK;-;-;intronic;ADK;-;-;intronic;ADK;-;-;-;17;11;12	Name=L1MB4	TRUE	LINE	intronic
chr10:74535722:A:G	chr10:74535722:A:G	A:G	ADK	intronic	unknown	A;G;+;A||R;ALU;-;SINE/AluSz6;intronic;ADK;-;-;intronic;ADK;-;-;intronic;ADK;-;-;-;17;10;10	Name=AluSz6	TRUE	Alu	intronic
chr10:74536904:A:G	chr10:74536904:A:G	A:G	ADK	intronic	unknown	A;G;+;A||R;REP;-;LINE/L1MB4;intronic;ADK;-;-;intronic;ADK;-;-;intronic;ADK;-;-;-;19;10;11	Name=L1MB4	TRUE	LINE	intronic
chr10:74065570:A:G	chr10:74065570:A:G	A:G	VCL	intronic	unknown	A;G;+;A||R;ALU;-;SINE/AluJo;intronic;VCL;-;-;intronic;VCL;-;-;intronic;VCL;-;-;569;274;12;9;11	Name=AluJo	TRUE	Alu	intronic
chr10:74719195:A:G	chr10:74719195:A:G	A:G	ADK	downstream	unknown	A;G;+;A||R;ALU;-;SINE/AluJo;intergenic;ADK||RP11-222G7.2;-;-;intergenic;ADK||KAT6B;-;-;intergenic;ADK||KAT6B;-;-;-;45;12;21	Name=AluJo	TRUE	Alu	downstream
chr10:91174052:A:G	chr10:91174052:A:G	A:G	PCGF5	intronic	unknown	A;G;+;A||R;NONREP;-;-/-;intergenic;LINC00502||PCGF5;-;-;intronic;PCGF5;-;-;intronic;PCGF5;-;-;-;3;3;3	.	TRUE	None	intronic
chr10:62395764:A:G	chr10:62395764:A:G	A:G	ZNF365	intronic	unknown	A;G;+;A||R;REP;-;DNA/Tigger4a;intronic;ZNF365;-;-;intronic;ZNF365;-;-;intronic;ZNF365;-;-;-;16;5;10	Name=Tigger4a	TRUE	Other	intronic
chr10:112408192:A:G	chr10:112408192:A:G	A:G	ACSL5	intronic	unknown	A;G;+;R;ALU;-;SINE/AluJb;ncRNA_intronic;RP11-324O2.3;-;-;intronic;ACSL5;-;-;intronic;ACSL5;-;-;-;192;25;32	Name=AluJb	TRUE	Alu	intronic
chr10:6192080:A:G	chr10:6192080:A:G	A:G	PFKFB3	intronic	unknown	A;G;+;A||R;NONREP;-;-/-;intronic;PFKFB3;-;-;intronic;PFKFB3;-;-;intronic;PFKFB3;-;-;-;6;5;5	.	TRUE	None	intronic
chr10:6192926:A:G	chr10:6192926:A:G	A:G	PFKFB3	intronic	unknown	A;G;+;A||R;REP;-;SINE/MIRc;intronic;PFKFB3;-;-;intronic;PFKFB3;-;-;intronic;PFKFB3;-;-;-;2;2;2	Name=MIRc	TRUE	Other	intronic
chr10:35203113:A:G	chr10:35203113:A:G	A:G	CREM	intronic	unknown	A;G;+;A||R||D;ALU;-;SINE/AluJb;intronic;CREM;-;-;intronic;CREM;-;-;intronic;CREM;-;-;-;41;17;19	Name=AluJb	TRUE	Alu	intronic
chr10:35203309:A:G	chr10:35203309:A:G	A:G	CREM	intronic	unknown	A;G;+;A||R;ALU;-;SINE/AluJb;intronic;CREM;-;-;intronic;CREM;-;-;intronic;CREM;-;-;-;35;18;18	Name=AluJb	TRUE	Alu	intronic
chr10:84437846:A:G	chr10:84437846:A:G	A:G	CCSER2	intronic	unknown	A;G;+;A||R||D;ALU;-;SINE/AluSc8;intronic;CCSER2;-;-;intronic;CCSER2;-;-;intronic;CCSER2;-;-;-;16;9;9	Name=AluSc8	TRUE	Alu	intronic
chr10:35203545:A:G	chr10:35203545:A:G	A:G	CREM	intronic	unknown	A;G;+;R;ALU;-;SINE/AluSg4;intronic;CREM;-;-;intronic;CREM;-;-;intronic;CREM;-;-;-;19;9;10	Name=AluSg4	TRUE	Alu	intronic
chr10:6192876:A:G	chr10:6192876:A:G	A:G	PFKFB3	intronic	unknown	A;G;+;A||R;REP;-;SINE/MIRc;intronic;PFKFB3;-;-;intronic;PFKFB3;-;-;intronic;PFKFB3;-;-;-;3;3;3	Name=MIRc	TRUE	Other	intronic
chr10:96709540:T:C	chr10:96709540:A:G	A:G	PIK3AP1	intronic	unknown	T;C;-;A||R||D;NONREP;-;-/-;intronic;PIK3AP1;-;-;intronic;PIK3AP1;-;-;intronic;PIK3AP1;-;-;-;65;9;10	.	TRUE	None	intronic
chr11:107946832:A:G	chr11:107946832:A:G	A:G	RAB39A	intronic	unknown	.	Name=AluSx	FALSE	Alu	intronic
chr11:119017529:T:C	chr11:119017529:A:G	A:G	RPS25	exonic	nonsynonymous SNV	.	.	FALSE	None	exonic
chr11:13723280:A:G	chr11:13723280:A:G	A:G	FAR1	intronic	unknown	A;G;+;A||R;ALU;-;SINE/AluJr;intronic;FAR1;-;-;intronic;FAR1;-;-;intronic;FAR1;-;-;-;90;21;27	Name=AluJr	TRUE	Alu	intronic
chr11:17355138:A:G	chr11:17355138:A:G	A:G	NCR3LG1	intronic	unknown	A;G;+;A||R;ALU;-;SINE/AluJo;intronic;NCR3LG1;-;-;intronic;NCR3LG1;-;-;intronic;NCR3LG1;-;-;-;37;9;19	Name=AluJo	TRUE	Alu	intronic
chr11:47229848:A:G	chr11:47229848:A:G	A:G	DDB2	intronic	unknown	A;G;+;A||R||D;ALU;-;SINE/AluJr;intronic;DDB2;-;-;intronic;DDB2;-;-;intronic;DDB2;-;-;-;26;12;15	Name=AluJr	TRUE	Alu	intronic
chr11:68755869:T:C	chr11:68755869:A:G	A:G	CPT1A	UTR3	unknown	T;C;-;A||R||D;ALU;-;SINE/AluSq;UTR3;CPT1A;-;-;UTR3;CPT1A;-;-;UTR3;CPT1A;-;-;-;1985;30;55	Name=AluSq	TRUE	Alu	UTR3
chr11:68755888:T:C	chr11:68755888:A:G	A:G	CPT1A	UTR3	unknown	T;C;-;A||R;ALU;-;SINE/AluSq;UTR3;CPT1A;-;-;UTR3;CPT1A;-;-;UTR3;CPT1A;-;-;-;1317;30;54	Name=AluSq	TRUE	Alu	UTR3
chr11:72288442:T:C	chr11:72288442:A:G	A:G	CLPB	UTR3	unknown	T;C;-;A||R;ALU;-;SINE/AluSz6;intergenic;PHOX2A||CLPB;-;-;intergenic;PHOX2A||CLPB;-;-;intergenic;PHOX2A||CLPB;-;-;-;162;23;43	Name=AluSz6	TRUE	Alu	UTR3
chr11:72291800:T:C	chr11:72291800:A:G	A:G	CLPB	UTR3	unknown	T;C;-;A||R;ALU;-;SINE/AluY;downstream;CLPB;-;-;downstream;CLPB;-;-;downstream;CLPB;-;-;-;226;26;44	Name=AluY	TRUE	Alu	UTR3
chr11:72291876:T:C	chr11:72291876:A:G	A:G	CLPB	UTR3	unknown	T;C;-;A||R;ALU;-;SINE/AluY;downstream;CLPB;-;-;downstream;CLPB;-;-;downstream;CLPB;-;-;-;190;24;45	Name=AluY	TRUE	Alu	UTR3
chr11:74455856:T:C	chr11:74455856:A:G	A:G	KCNE3	UTR3	unknown	T;C;-;A;ALU;rs181492231;SINE/AluSx1;ncRNA_intronic;RP11-702H23.4||RP11-702H23.6;-;-;UTR3;KCNE3;-;-;UTR3;KCNE3;-;-;-;781;30;51	Name=AluSx1	TRUE	Alu	UTR3
chr11:74456220:T:C	chr11:74456220:A:G	A:G	KCNE3	UTR3	unknown	T;C;-;A||R||D;ALU;-;SINE/AluSx;ncRNA_intronic;RP11-702H23.4||RP11-702H23.6;-;-;UTR3;KCNE3;-;-;UTR3;KCNE3;-;-;-;412;29;45	Name=AluSx1	TRUE	Alu	UTR3
chr11:74456245:T:C	chr11:74456245:A:G	A:G	KCNE3	UTR3	unknown	T;C;-;A||R;ALU;-;SINE/AluSx;ncRNA_intronic;RP11-702H23.4||RP11-702H23.6;-;-;UTR3;KCNE3;-;-;UTR3;KCNE3;-;-;-;485;30;47	Name=AluSx1	TRUE	Alu	UTR3
chr11:74456249:T:C	chr11:74456249:A:G	A:G	KCNE3	UTR3	unknown	T;C;-;A||R;ALU;-;SINE/AluSx;ncRNA_intronic;RP11-702H23.4||RP11-702H23.6;-;-;UTR3;KCNE3;-;-;UTR3;KCNE3;-;-;-;578;29;46	Name=AluSx1	TRUE	Alu	UTR3
chr11:9230796:T:C	chr11:9230796:A:G	A:G	DENND5A	intronic	unknown	T;C;-;A||R;ALU;-;SINE/AluJb;intronic;DENND5A;-;-;intronic;DENND5A;-;-;intronic;DENND5A;-;-;-;12;6;7	Name=AluJb	TRUE	Alu	intronic
chr11:107966048:A:G	chr11:107966048:A:G	A:G	RAB39A	downstream	unknown	.	Name=AluSp	FALSE	Alu	downstream
chr11:107966954:A:G	chr11:107966954:A:G	A:G	RAB39A	downstream	unknown	A;G;+;A||R;ALU;-;SINE/AluY;intergenic;RAB39A||CUL5;-;-;intergenic;RAB39A||CUL5;-;-;intergenic;RAB39A||CUL5;-;-;-;331;19;35	Name=AluY	TRUE	Alu	downstream
chr11:107966964:A:G	chr11:107966964:A:G	A:G	RAB39A	downstream	unknown	A;G;+;A||R;ALU;-;SINE/AluY;intergenic;RAB39A||CUL5;-;-;intergenic;RAB39A||CUL5;-;-;intergenic;RAB39A||CUL5;-;-;-;204;12;27	Name=AluY	TRUE	Alu	downstream
chr11:107967317:A:G	chr11:107967317:A:G	A:G	RAB39A	downstream	unknown	A;G;+;A||R;ALU;-;SINE/AluJr;intergenic;RAB39A||CUL5;-;-;intergenic;RAB39A||CUL5;-;-;intergenic;RAB39A||CUL5;-;-;-;380;20;38	Name=AluJr	TRUE	Alu	downstream
chr11:117085734:T:C	chr11:117085734:A:G	A:G	SIK3	intronic	unknown	T;C;-;A||R;ALU;-;SINE/AluSx;intronic;SIK3;-;-;intronic;SIK3;-;-;intronic;SIK3;-;-;-;22;7;8	Name=AluSx	TRUE	Alu	intronic
chr11:119216452:A:G	chr11:119216452:A:G	A:G	CBL	intronic	unknown	A;G;+;A||R;ALU;-;SINE/AluSc;intronic;CBL;-;-;intronic;CBL;-;-;intronic;CBL;-;-;-;1;1;1	Name=AluSc	TRUE	Alu	intronic
chr11:16756339:A:G	chr11:16756339:A:G	A:G	C11orf58	UTR3	unknown	A;G;+;A||R||D;ALU;-;SINE/AluSc8;downstream;C11orf58;-;-;UTR3;C11orf58;-;-;UTR3;C11orf58;-;-;-;1712;30;55	Name=AluSc8	TRUE	Alu	UTR3
chr11:16756863:A:G	chr11:16756863:A:G	A:G	C11orf58	UTR3	unknown	A;G;+;A||R;ALU;-;SINE/AluSp;downstream;C11orf58;-;-;UTR3;C11orf58;-;-;UTR3;C11orf58;-;-;-;692;30;54	Name=AluSp	TRUE	Alu	UTR3
chr11:44613742:A:G	chr11:44613742:A:G	A:G	CD82	intronic	unknown	A;G;+;A||R||D;ALU;-;SINE/AluSz;intronic;CD82;-;-;intronic;CD82;-;-;intronic;CD82;-;-;-;28;6;7	Name=AluSz	TRUE	Alu	intronic
chr11:44613758:A:G	chr11:44613758:A:G	A:G	CD82	intronic	unknown	A;G;+;A||R;ALU;-;SINE/AluSz;intronic;CD82;-;-;intronic;CD82;-;-;intronic;CD82;-;-;-;39;6;8	Name=AluSz	TRUE	Alu	intronic
chr11:47362743:T:C	chr11:47362743:A:G	A:G	SPI1	intronic	unknown	.	Name=AluSg	FALSE	Alu	intronic
chr11:47994399:A:G	chr11:47994399:A:G	A:G	PTPRJ	intronic	unknown	A;G;+;A||R;ALU;-;SINE/AluSx3;intronic;PTPRJ;-;-;intronic;PTPRJ;-;-;intronic;PTPRJ;-;-;-;7;4;4	Name=AluSx3	TRUE	Alu	intronic
chr11:47994615:A:G	chr11:47994615:A:G	A:G	PTPRJ	intronic	unknown	A;G;+;A||R||D;ALU;-;SINE/AluSx3;intronic;PTPRJ;-;-;intronic;PTPRJ;-;-;intronic;PTPRJ;-;-;-;13;6;6	Name=AluSx3	TRUE	Alu	intronic
chr11:48001179:A:G	chr11:48001179:A:G	A:G	PTPRJ	intronic	unknown	A;G;+;A||R;ALU;-;SINE/AluSz6;intronic;PTPRJ;-;-;intronic;PTPRJ;-;-;intronic;PTPRJ;-;-;-;4;2;2	Name=AluSz6	TRUE	Alu	intronic
chr11:48023622:A:G	chr11:48023622:A:G	A:G	PTPRJ	intronic	unknown	A;G;+;A||R;ALU;-;SINE/AluSg;intronic;PTPRJ;-;-;intronic;PTPRJ;-;-;intronic;PTPRJ;-;-;-;3;3;3	Name=AluSx4	TRUE	Alu	intronic
chr11:48023714:A:G	chr11:48023714:A:G	A:G	PTPRJ	intronic	unknown	A;G;+;A||R;ALU;-;SINE/AluSg;intronic;PTPRJ;-;-;intronic;PTPRJ;-;-;intronic;PTPRJ;-;-;-;10;4;4	Name=AluSx4	TRUE	Alu	intronic
chr11:66635261:A:G	chr11:66635261:A:G	A:G	RBM14-RBM4	intronic	unknown	A;G;+;A||R||D;ALU;-;SINE/AluSp;intronic;RBM14-RBM4||RBM4;-;-;intronic;RBM14-RBM4;-;-;intronic;RBM14-RBM4;-;-;-;955;29;52	Name=AluSp	TRUE	Alu	intronic
chr11:66657254:A:G	chr11:66657254:A:G	A:G	RBM4	intronic	unknown	A;G;+;A||R;ALU;-;SINE/AluJb;intronic;RBM4;-;-;intronic;RBM4;-;-;intronic;RBM4;-;-;-;1033;30;53	Name=AluJr	TRUE	Alu	intronic
chr11:68755548:T:C	chr11:68755548:A:G	A:G	CPT1A	UTR3	unknown	T;C;-;A||R;ALU;-;SINE/AluY;UTR3;CPT1A;-;-;UTR3;CPT1A;-;-;UTR3;CPT1A;-;-;-;1939;30;54	Name=AluY	TRUE	Alu	UTR3
chr11:72288291:T:C	chr11:72288291:A:G	A:G	CLPB	UTR3	unknown	T;C;-;A||R;ALU;-;SINE/AluSz6;intergenic;PHOX2A||CLPB;-;-;intergenic;PHOX2A||CLPB;-;-;intergenic;PHOX2A||CLPB;-;-;-;185;18;35	Name=AluSz6	TRUE	Alu	UTR3
chr11:72288321:T:C	chr11:72288321:A:G	A:G	CLPB	UTR3	unknown	T;C;-;A||R;ALU;-;SINE/AluSz6;intergenic;PHOX2A||CLPB;-;-;intergenic;PHOX2A||CLPB;-;-;intergenic;PHOX2A||CLPB;-;-;-;55;15;25	Name=AluSz6	TRUE	Alu	UTR3
chr11:72288369:T:C	chr11:72288369:A:G	A:G	CLPB	UTR3	unknown	T;C;-;A||R;ALU;-;SINE/AluSz6;intergenic;PHOX2A||CLPB;-;-;intergenic;PHOX2A||CLPB;-;-;intergenic;PHOX2A||CLPB;-;-;-;144;23;43	Name=AluSz6	TRUE	Alu	UTR3
chr11:72291885:T:C	chr11:72291885:A:G	A:G	CLPB	UTR3	unknown	T;C;-;A||R;ALU;-;SINE/AluY;downstream;CLPB;-;-;downstream;CLPB;-;-;downstream;CLPB;-;-;-;106;25;40	Name=AluY	TRUE	Alu	UTR3
chr11:9173121:T:C	chr11:9173121:A:G	A:G	DENND5A	intronic	unknown	T;C;-;R;ALU;-;SINE/AluSz;intronic;DENND5A;-;-;intronic;DENND5A;-;-;intronic;DENND5A;-;-;-;22;7;8	Name=AluSz	TRUE	Alu	intronic
chr11:9253139:T:C	chr11:9253139:A:G	A:G	DENND5A	intronic	unknown	T;C;-;A||R;ALU;-;SINE/AluJr;intronic;DENND5A;-;-;intronic;DENND5A;-;-;intronic;DENND5A;-;-;-;16;5;7	Name=AluJr	TRUE	Alu	intronic
chr11:112093196:A:G	chr11:112093196:A:G	A:G	SDHD	exonic	stoploss	A;G;+;A||R;ALU;-;SINE/AluSp;exonic;SDHD;stoploss;SDHD:ENST00000526592.1:exon4:c.A431G:p.X144W;exonic;SDHD;stoploss;SDHD:NM_001276506:exon4:c.A431G:p.X144W;exonic;SDHD;stoploss;SDHD:uc031qee.1:exon4:c.A431G:p.X144W;-;87;19;23	Name=AluSp	TRUE	Alu	exonic
chr11:2965833:C:T	chr11:2965833:G:A	C:T	NAP1L4	intronic	unknown	.	.	FALSE	None	intronic
chr11:35218723:A:G	chr11:35218723:A:G	A:G	CD44	intronic	unknown	A;G;+;A||R||D;REP;rs757039215;DNA/MER5A1;intronic;CD44;-;-;intronic;CD44;-;-;intronic;CD44;-;-;-;306;23;32	Name=MER5A1	TRUE	Other	intronic
chr11:47492620:T:C	chr11:47492620:A:G	A:G	CELF1	intronic	unknown	T;C;-;A||R;ALU;-;SINE/AluSz6;intronic;CELF1;-;-;intronic;CELF1;-;-;intronic;CELF1;-;-;-;9;5;5	Name=AluSz6	TRUE	Alu	intronic
chr11:48027147:A:G	chr11:48027147:A:G	A:G	PTPRJ	intronic	unknown	A;G;+;A||R;ALU;-;SINE/AluY;intronic;PTPRJ;-;-;intronic;PTPRJ;-;-;intronic;PTPRJ;-;-;-;8;5;5	Name=AluY	TRUE	Alu	intronic
chr11:48062038:A:G	chr11:48062038:A:G	A:G	PTPRJ	intronic	unknown	A;G;+;A||R;ALU;-;SINE/AluJr;intronic;PTPRJ;-;-;intronic;PTPRJ;-;-;intronic;PTPRJ;-;-;-;10;5;5	Name=AluJr	TRUE	Alu	intronic
chr11:48066026:A:G	chr11:48066026:A:G	A:G	PTPRJ	intronic	unknown	A;G;+;A||R;ALU;-;SINE/AluJo;intronic;PTPRJ;-;-;intronic;PTPRJ;-;-;intronic;PTPRJ;-;-;-;9;4;4	Name=AluJr	TRUE	Alu	intronic
chr11:63724269:G:A	chr11:63724269:G:A	C:T	RTN3	intronic	unknown	.	Name=AluY	FALSE	Alu	intronic
chr11:72286630:T:C	chr11:72286630:A:G	A:G	CLPB	UTR3	unknown	T;C;-;A||R;ALU;-;SINE/AluSx;intergenic;PHOX2A||CLPB;-;-;intergenic;PHOX2A||CLPB;-;-;intergenic;PHOX2A||CLPB;-;-;-;811;29;53	Name=AluSx	TRUE	Alu	UTR3
chr11:72288325:T:C	chr11:72288325:A:G	A:G	CLPB	UTR3	unknown	T;C;-;A||R;ALU;-;SINE/AluSz6;intergenic;PHOX2A||CLPB;-;-;intergenic;PHOX2A||CLPB;-;-;intergenic;PHOX2A||CLPB;-;-;-;91;20;33	Name=AluSz6	TRUE	Alu	UTR3
chr11:75002079:A:G	chr11:75002079:A:G	A:G	NEU3	intronic	unknown	A;G;+;A||R||D;ALU;-;SINE/AluJr4;intronic;NEU3;-;-;intronic;NEU3;-;-;intronic;NEU3;-;-;-;81;19;24	Name=AluJr4	TRUE	Alu	intronic
chr11:34306384:T:C	chr11:34306384:A:G	A:G	ABTB2	intronic	unknown	T;C;-;A||R;ALU;-;SINE/AluSx;intronic;ABTB2;-;-;intronic;ABTB2;-;-;intronic;ABTB2;-;-;-;3;2;3	Name=AluSx	TRUE	Alu	intronic
chr11:34306519:T:C	chr11:34306519:A:G	A:G	ABTB2	intronic	unknown	T;C;-;A||R;ALU;-;SINE/AluSx;intronic;ABTB2;-;-;intronic;ABTB2;-;-;intronic;ABTB2;-;-;-;2;1;1	Name=AluSx	TRUE	Alu	intronic
chr11:34306520:T:C	chr11:34306520:A:G	A:G	ABTB2	intronic	unknown	T;C;-;A||R;ALU;-;SINE/AluSx;intronic;ABTB2;-;-;intronic;ABTB2;-;-;intronic;ABTB2;-;-;-;1;1;1	Name=AluSx	TRUE	Alu	intronic
chr11:34306718:T:C	chr11:34306718:A:G	A:G	ABTB2	intronic	unknown	T;C;-;A||R;ALU;-;SINE/AluJr;intronic;ABTB2;-;-;intronic;ABTB2;-;-;intronic;ABTB2;-;-;-;1;1;1	Name=AluJr	TRUE	Alu	intronic
chr11:47168588:T:C	chr11:47168588:A:G	A:G	ARFGAP2	intronic	unknown	T;C;-;A||R||D;ALU;-;SINE/AluSx4;ncRNA_splicing;RP11-390K5.6;-;-;intronic;ARFGAP2;-;-;intronic;ARFGAP2;-;-;-;2053;30;54	Name=AluSz6	TRUE	Alu	intronic
chr11:47168589:T:C	chr11:47168589:A:G	A:G	ARFGAP2	intronic	unknown	T;C;-;A||R||D;ALU;-;SINE/AluSx4;ncRNA_intronic;RP11-390K5.6;-;-;intronic;ARFGAP2;-;-;intronic;ARFGAP2;-;-;-;2019;30;54	Name=AluSz6	TRUE	Alu	intronic
chr11:47362744:T:C	chr11:47362744:A:G	A:G	SPI1	intronic	unknown	T;C;-;R;ALU;-;SINE/AluSg;intronic;SPI1;-;-;intronic;SPI1;-;-;intronic;SLC39A13||SPI1;-;-;-;0;0;0	Name=AluSg	TRUE	Alu	intronic
chr11:47987155:A:G	chr11:47987155:A:G	A:G	PTPRJ	intronic	unknown	A;G;+;A||R;ALU;-;SINE/AluJb;intronic;PTPRJ;-;-;intronic;PTPRJ;-;-;intronic;PTPRJ;-;-;-;10;5;5	Name=AluJb	TRUE	Alu	intronic
chr11:48038621:A:G	chr11:48038621:A:G	A:G	PTPRJ	intronic	unknown	A;G;+;A||R;ALU;-;SINE/AluSx4;intronic;PTPRJ;-;-;intronic;PTPRJ;-;-;intronic;PTPRJ;-;-;-;2;2;2	Name=AluSx4	TRUE	Alu	intronic
chr11:65320392:A:G	chr11:65320392:A:G	A:G	CDC42EP2	intronic	unknown	.	Name=AluSz	FALSE	Alu	intronic
chr11:72286613:T:C	chr11:72286613:A:G	A:G	CLPB	UTR3	unknown	T;C;-;A||R;ALU;-;SINE/AluSx;intergenic;PHOX2A||CLPB;-;-;intergenic;PHOX2A||CLPB;-;-;intergenic;PHOX2A||CLPB;-;-;-;797;30;55	Name=AluSx	TRUE	Alu	UTR3
chr11:72287451:T:C	chr11:72287451:A:G	A:G	CLPB	UTR3	unknown	T;C;-;A||R;ALU;-;SINE/AluSz6;intergenic;PHOX2A||CLPB;-;-;intergenic;PHOX2A||CLPB;-;-;intergenic;PHOX2A||CLPB;-;-;-;952;30;54	Name=AluSz6	TRUE	Alu	UTR3
chr11:72287555:T:C	chr11:72287555:A:G	A:G	CLPB	UTR3	unknown	T;C;-;A||R;ALU;-;SINE/AluSz6;intergenic;PHOX2A||CLPB;-;-;intergenic;PHOX2A||CLPB;-;-;intergenic;PHOX2A||CLPB;-;-;-;636;30;53	Name=AluSz6	TRUE	Alu	UTR3
chr11:72288361:T:C	chr11:72288361:A:G	A:G	CLPB	UTR3	unknown	T;C;-;A||R;ALU;-;SINE/AluSz6;intergenic;PHOX2A||CLPB;-;-;intergenic;PHOX2A||CLPB;-;-;intergenic;PHOX2A||CLPB;-;-;-;90;18;32	Name=AluSz6	TRUE	Alu	UTR3
chr11:72288408:T:C	chr11:72288408:A:G	A:G	CLPB	UTR3	unknown	T;C;-;A||R;ALU;-;SINE/AluSz6;intergenic;PHOX2A||CLPB;-;-;intergenic;PHOX2A||CLPB;-;-;intergenic;PHOX2A||CLPB;-;-;-;148;23;41	Name=AluSz6	TRUE	Alu	UTR3
chr11:72288483:T:C	chr11:72288483:A:G	A:G	CLPB	UTR3	unknown	T;C;-;A||R;ALU;-;SINE/AluSz6;intergenic;PHOX2A||CLPB;-;-;intergenic;PHOX2A||CLPB;-;-;intergenic;PHOX2A||CLPB;-;-;-;325;28;49	Name=AluSz6	TRUE	Alu	UTR3
chr11:9241898:T:C	chr11:9241898:A:G	A:G	DENND5A	intronic	unknown	T;C;-;A||R;ALU;-;SINE/AluSp;intronic;DENND5A;-;-;intronic;DENND5A;-;-;intronic;DENND5A;-;-;-;3;3;3	Name=AluSp	TRUE	Alu	intronic
chr11:110282761:T:C	chr11:110282761:A:G	A:G	RDX	intronic	unknown	T;C;-;A||R;ALU;-;SINE/AluJr;intronic;RDX;-;-;intronic;RDX;-;-;intronic;RDX;-;-;-;8;4;4	Name=AluJr	TRUE	Alu	intronic
chr11:116982778:T:C	chr11:116982778:A:G	A:G	SIK3	intronic	unknown	T;C;-;A||R;ALU;-;SINE/AluSc;intronic;SIK3;-;-;intronic;SIK3;-;-;intronic;SIK3;-;-;-;4;3;3	Name=AluSc8	TRUE	Alu	intronic
chr11:117014724:T:C	chr11:117014724:A:G	A:G	SIK3	intronic	unknown	T;C;-;A||R||D;REP;-;LINE/L1MA9;intronic;SIK3;-;-;intronic;SIK3;-;-;intronic;SIK3;-;-;-;20;12;15	Name=L1MA9	TRUE	LINE	intronic
chr11:117210456:T:C	chr11:117210456:A:G	A:G	PCSK7	intronic	unknown	T;C;-;A||R||D;ALU;-;SINE/AluSc;intronic;PCSK7;-;-;intronic;PCSK7;-;-;intronic;PCSK7;-;-;-;532;29;49	Name=AluSc	TRUE	Alu	intronic
chr11:35216773:A:G	chr11:35216773:A:G	A:G	CD44	intronic	unknown	A;G;+;A||R||D;REP;-;DNA/MER5A1;intronic;CD44;-;-;intronic;CD44;-;-;intronic;CD44;-;-;-;271;19;28	Name=MER5A1	TRUE	Other	intronic
chr11:35216806:A:G	chr11:35216806:A:G	A:G	CD44	intronic	unknown	A;G;+;A||R||D;REP;-;DNA/MER5A1;intronic;CD44;-;-;intronic;CD44;-;-;intronic;CD44;-;-;-;328;23;33	Name=MER5A1	TRUE	Other	intronic
chr11:3698430:T:C	chr11:3698430:A:G	A:G	NUP98	intronic	unknown	T;C;-;A||R||D;NONREP;-;-/-;intronic;NUP98;-;-;intronic;NUP98;-;-;intronic;NUP98;-;-;-;682;30;51	.	TRUE	None	intronic
chr11:3698462:T:C	chr11:3698462:A:G	A:G	NUP98	intronic	unknown	T;C;-;A||R||D;ALU;-;SINE/AluSq2;intronic;NUP98;-;-;intronic;NUP98;-;-;intronic;NUP98;-;-;-;830;30;53	Name=AluSq2	TRUE	Alu	intronic
chr11:3698471:T:C	chr11:3698471:A:G	A:G	NUP98	intronic	unknown	T;C;-;A||R||D;ALU;-;SINE/AluSq2;intronic;NUP98;-;-;intronic;NUP98;-;-;intronic;NUP98;-;-;-;893;29;52	Name=AluSq2	TRUE	Alu	intronic
chr11:3698483:T:C	chr11:3698483:A:G	A:G	NUP98	intronic	unknown	T;C;-;A||R||D;ALU;-;SINE/AluSq2;intronic;NUP98;-;-;intronic;NUP98;-;-;intronic;NUP98;-;-;-;949;30;53	Name=AluSq2	TRUE	Alu	intronic
chr11:4208287:G:A	chr11:4208287:G:A	C:T	LINC02749	downstream	unknown	.	.	FALSE	None	downstream
chr11:4208401:T:C	chr11:4208401:T:C	A:G	LINC02749	downstream	unknown	.	.	FALSE	None	downstream
chr11:4208417:C:T	chr11:4208417:C:T	C:T	LINC02749	downstream	unknown	.	.	FALSE	None	downstream
chr11:4208459:C:T	chr11:4208459:C:T	C:T	LINC02749	downstream	unknown	.	.	FALSE	None	downstream
chr11:4209635:T:C	chr11:4209635:T:C	A:G	LINC02749	downstream	unknown	.	.	FALSE	None	downstream
chr11:47288156:A:G	chr11:47288156:A:G	A:G	MADD	intronic	unknown	A;G;+;A||R||D;ALU;-;SINE/AluJr4;intronic;MADD;-;-;intronic;MADD;-;-;intronic;MADD;-;-;-;137;24;37	Name=AluJr4	TRUE	Alu	intronic
chr11:48092682:A:G	chr11:48092682:A:G	A:G	PTPRJ	intronic	unknown	A;G;+;A||R;ALU;-;SINE/AluSx1;intronic;PTPRJ;-;-;intronic;PTPRJ;-;-;intronic;PTPRJ;-;-;-;8;5;5	Name=AluSx1	TRUE	Alu	intronic
chr11:75295091:T:C	chr11:75295091:A:G	A:G	ARRB1	intronic	unknown	T;C;-;A||R;ALU;-;SINE/AluJb;intronic;ARRB1;-;-;intronic;ARRB1;-;-;intronic;ARRB1;-;-;-;7;5;5	Name=AluJb	TRUE	Alu	intronic
chr11:77614626:T:C	chr11:77614626:A:G	A:G	CLNS1A	UTR3	unknown	T;C;-;A||R||D;ALU;-;SINE/AluSx1;UTR3;CLNS1A;-;-;intergenic;AQP11||CLNS1A;-;-;intergenic;AQP11||CLNS1A;-;-;-;105;22;34	Name=AluSx1	TRUE	Alu	UTR3
chr11:94416656:T:C	chr11:94416656:A:G	A:G	MRE11	UTR3	unknown	T;C;-;A||R;ALU;-;SINE/AluY;upstream;AP000765.1;-;-;downstream;MRE11A;-;-;downstream;MRE11A;-;-;-;144;26;37	Name=AluYm1	TRUE	Alu	UTR3
chr11:108365909:A:G	chr11:108365909:A:G	A:G	ATM	UTR3	unknown	A;G;+;A||R;ALU;-;SINE/AluSq2;UTR3;ATM;-;-;UTR3;ATM;-;-;UTR3;ATM;-;-;-;1583;30;55	Name=AluSq2	TRUE	Alu	UTR3
chr11:46847688:A:G	chr11:46847688:A:G	A:G	LRP4-AS1	ncRNA
intronic	unknown	.	Name=AluSc8	FALSE	Alu	ncRNA
chr11:46847705:G:A	chr11:46847705:G:A	C:T	LRP4-AS1	ncRNA
intronic	unknown	.	Name=AluSc8	FALSE	Alu	ncRNA
chr11:65102201:A:G	chr11:65102201:A:G	A:G	VPS51	intronic	unknown	A;G;+;A||R;ALU;-;SINE/AluSx1;intronic;VPS51;-;-;intronic;VPS51;-;-;intronic;VPS51;-;-;-;106;23;34	Name=AluSx1	TRUE	Alu	intronic
chr11:112104888:A:G	chr11:112104888:A:G	A:G	SDHD	downstream	unknown	A;G;+;A||R;ALU;rs747368783;SINE/AluSx4;intronic;SDHD;-;-;intergenic;SDHD||IL18;-;-;intergenic;SDHD||IL18;-;-;-;1;1;1	Name=AluSx4	TRUE	Alu	downstream
chr11:47986996:A:G	chr11:47986996:A:G	A:G	PTPRJ	intronic	unknown	A;G;+;A||R;ALU;-;SINE/AluJb;intronic;PTPRJ;-;-;intronic;PTPRJ;-;-;intronic;PTPRJ;-;-;-;15;7;7	Name=AluJb	TRUE	Alu	intronic
chr11:48062392:A:G	chr11:48062392:A:G	A:G	PTPRJ	intronic	unknown	A;G;+;R;ALU;-;SINE/AluYa5;intronic;PTPRJ;-;-;intronic;PTPRJ;-;-;intronic;PTPRJ;-;-;-;0;0;0	Name=AluYa5	TRUE	Alu	intronic
chr11:63732228:A:G	chr11:63732228:A:G	A:G	RTN3	intronic	unknown	A;G;+;A||R;ALU;-;SINE/AluJr4;intronic;RTN3;-;-;intronic;RTN3;-;-;intronic;RTN3;-;-;-;12;4;6	Name=AluJr4	TRUE	Alu	intronic
chr11:116982781:T:C	chr11:116982781:A:G	A:G	SIK3	intronic	unknown	T;C;-;A||R;ALU;-;SINE/AluSc;intronic;SIK3;-;-;intronic;SIK3;-;-;intronic;SIK3;-;-;-;3;3;3	Name=AluSc8	TRUE	Alu	intronic
chr11:48062173:A:G	chr11:48062173:A:G	A:G	PTPRJ	intronic	unknown	A;G;+;A||R;ALU;-;SINE/AluJr;intronic;PTPRJ;-;-;intronic;PTPRJ;-;-;intronic;PTPRJ;-;-;-;7;4;4	Name=AluJr	TRUE	Alu	intronic
chr11:48062236:A:G	chr11:48062236:A:G	A:G	PTPRJ	intronic	unknown	A;G;+;A||R;ALU;-;SINE/AluYa5;intronic;PTPRJ;-;-;intronic;PTPRJ;-;-;intronic;PTPRJ;-;-;-;3;3;3	Name=AluYa5	TRUE	Alu	intronic
chr11:48062259:A:G	chr11:48062259:A:G	A:G	PTPRJ	intronic	unknown	A;G;+;A||R;ALU;-;SINE/AluYa5;intronic;PTPRJ;-;-;intronic;PTPRJ;-;-;intronic;PTPRJ;-;-;-;3;3;3	Name=AluYa5	TRUE	Alu	intronic
chr11:48062264:A:G	chr11:48062264:A:G	A:G	PTPRJ	intronic	unknown	A;G;+;R;ALU;-;SINE/AluYa5;intronic;PTPRJ;-;-;intronic;PTPRJ;-;-;intronic;PTPRJ;-;-;-;0;0;0	Name=AluYa5	TRUE	Alu	intronic
chr11:65319335:A:G	chr11:65319335:A:G	A:G	CDC42EP2	intronic	unknown	A;G;+;R;ALU;-;SINE/AluSc8;intronic;CDC42EP2;-;-;intronic;CDC42EP2;-;-;intronic;CDC42EP2;-;-;-;1;1;1	Name=AluSc8	TRUE	Alu	intronic
chr11:72291370:T:C	chr11:72291370:A:G	A:G	CLPB	UTR3	unknown	T;C;-;A;ALU;rs58372465;SINE/AluSx;intergenic;PHOX2A||CLPB;-;-;intergenic;PHOX2A||CLPB;-;-;intergenic;PHOX2A||CLPB;-;-;-;429;29;52	Name=AluSx	TRUE	Alu	UTR3
chr11:108365908:A:G	chr11:108365908:A:G	A:G	ATM	UTR3	unknown	A;G;+;A||R;ALU;-;SINE/AluSq2;UTR3;ATM;-;-;UTR3;ATM;-;-;UTR3;ATM;-;-;-;1633;30;54	Name=AluSq2	TRUE	Alu	UTR3
chr11:65098096:A:G	chr11:65098096:A:G	A:G	VPS51	intronic	unknown	A;G;+;A||R||D;ALU;-;SINE/AluSx1;intronic;VPS51;-;-;intronic;VPS51;-;-;intronic;VPS51;-;-;-;172;25;37	Name=AluSx1	TRUE	Alu	intronic
chr11:72287378:T:C	chr11:72287378:A:G	A:G	CLPB	UTR3	unknown	T;C;-;A||R;ALU;-;SINE/AluSz6;intergenic;PHOX2A||CLPB;-;-;intergenic;PHOX2A||CLPB;-;-;intergenic;PHOX2A||CLPB;-;-;-;720;29;53	Name=AluSz6	TRUE	Alu	UTR3
chr11:61383975:A:G	chr11:61383975:A:G	A:G	TMEM216	upstream	unknown	A;G;+;A||R;ALU;-;SINE/AluJo;intergenic;TMEM138||TMEM216;-;-;intergenic;TMEM138||TMEM216;-;-;intergenic;TMEM138||TMEM216;-;-;-;17;8;11	Name=AluJo	TRUE	Alu	upstream
chr11:6496719:A:G	chr11:6496719:A:G	A:G	DNHD1	upstream	unknown	A;G;+;A||R;ALU;-;SINE/AluY;intronic;TIMM10B;-;-;upstream;DNHD1;-;-;upstream;DNHD1;-;-;-;86;18;29	Name=AluY	TRUE	Alu	upstream
chr11:65320280:A:G	chr11:65320280:A:G	A:G	CDC42EP2	intronic	unknown	.	Name=AluSz	FALSE	Alu	intronic
chr11:72291446:T:C	chr11:72291446:A:G	A:G	CLPB	UTR3	unknown	T;C;-;A||R;ALU;-;SINE/AluSx;downstream;CLPB;-;-;downstream;CLPB;-;-;downstream;CLPB;-;-;-;62;22;36	Name=AluSx	TRUE	Alu	UTR3
chr11:86293304:A:G	chr11:86293304:A:G	A:G	HIKESHI	upstream	unknown	.	Name=AluJb	FALSE	Alu	upstream
chr11:86293848:A:G	chr11:86293848:A:G	A:G	HIKESHI	upstream	unknown	A;G;+;A||R;ALU;-;SINE/AluSq2;intergenic;EED||C11orf73;-;-;intergenic;EED||C11orf73;-;-;intergenic;EED||C11orf73;-;-;-;6;4;4	Name=AluSq2	TRUE	Alu	upstream
chr11:86293883:A:G	chr11:86293883:A:G	A:G	HIKESHI	upstream	unknown	A;G;+;R;ALU;-;SINE/AluSq2;intergenic;EED||C11orf73;-;-;intergenic;EED||C11orf73;-;-;intergenic;EED||C11orf73;-;-;-;4;3;3	Name=AluSq2	TRUE	Alu	upstream
chr11:108016468:A:G	chr11:108016468:A:G	A:G	CUL5	intronic	unknown	A;G;+;A||R;ALU;-;SINE/AluJb;intronic;CUL5;-;-;intronic;CUL5;-;-;intronic;CUL5;-;-;-;4;4;4	Name=AluJb	TRUE	Alu	intronic
chr11:48062258:A:G	chr11:48062258:A:G	A:G	PTPRJ	intronic	unknown	A;G;+;A||R;ALU;-;SINE/AluYa5;intronic;PTPRJ;-;-;intronic;PTPRJ;-;-;intronic;PTPRJ;-;-;-;1;1;1	Name=AluYa5	TRUE	Alu	intronic
chr11:48062419:A:G	chr11:48062419:A:G	A:G	PTPRJ	intronic	unknown	.	Name=AluYa5	FALSE	Alu	intronic
chr11:86293289:A:G	chr11:86293289:A:G	A:G	HIKESHI	upstream	unknown	.	Name=AluJb	FALSE	Alu	upstream
chr11:32906532:A:G	chr11:32906532:A:G	A:G	QSER1	intronic	unknown	A;G;+;A||R;ALU;-;SINE/AluJb;intronic;QSER1;-;-;intronic;QSER1;-;-;intronic;QSER1;-;-;-;17;10;11	Name=AluJr4	TRUE	Alu	intronic
chr11:72291445:T:C	chr11:72291445:A:G	A:G	CLPB	UTR3	unknown	T;C;-;A||R||D;ALU;-;SINE/AluSx;downstream;CLPB;-;-;downstream;CLPB;-;-;downstream;CLPB;-;-;-;61;23;34	Name=AluSx	TRUE	Alu	UTR3
chr11:72289094:T:C	chr11:72289094:A:G	A:G	CLPB	UTR3	unknown	T;C;-;A||R;ALU;-;SINE/AluSc;intergenic;PHOX2A||CLPB;-;-;intergenic;PHOX2A||CLPB;-;-;intergenic;PHOX2A||CLPB;-;-;-;99;19;35	Name=AluSc	TRUE	Alu	UTR3
chr11:116884508:T:C	chr11:116884508:A:G	A:G	SIK3	intronic	unknown	T;C;-;A||R||D;ALU;-;SINE/AluSc8;intronic;SIK3;-;-;intronic;SIK3;-;-;intronic;SIK3;-;-;-;18;10;12	Name=AluSc8	TRUE	Alu	intronic
chr11:64309811:A:G	chr11:64309811:A:G	A:G	ESRRA	intronic	unknown	A;G;+;A||R||D;ALU;-;SINE/AluSg;intronic;ESRRA;-;-;intronic;ESRRA;-;-;intronic;ESRRA;-;-;-;88;18;23	Name=AluSg	TRUE	Alu	intronic
chr11:32906538:A:G	chr11:32906538:A:G	A:G	QSER1	intronic	unknown	A;G;+;A||R;ALU;-;SINE/AluJb;intronic;QSER1;-;-;intronic;QSER1;-;-;intronic;QSER1;-;-;-;13;7;8	Name=AluJr4	TRUE	Alu	intronic
chr11:72811771:T:C	chr11:72811771:T:C	A:G	ATG16L2	upstream	unknown	T;C;-;A||R;ALU;-;SINE/AluJb;intergenic;STARD10||ATG16L2;-;-;intergenic;STARD10||ATG16L2;-;-;intergenic;ARAP1||ATG16L2;-;-;-;19;4;5	Name=AluJr	TRUE	Alu	upstream
chr11:65323796:A:G	chr11:65323796:A:G	A:G	CDC42EP2	downstream	unknown	A;G;+;A||R;ALU;-;SINE/AluSx1;intergenic;CDC42EP2||DPF2;-;-;intergenic;CDC42EP2||DPF2;-;-;intergenic;CDC42EP2||DPF2;-;-;-;427;27;48	Name=AluSx1	TRUE	Alu	downstream
chr11:72289029:T:C	chr11:72289029:A:G	A:G	CLPB	UTR3	unknown	T;C;-;A||R;ALU;-;SINE/AluSc;intergenic;PHOX2A||CLPB;-;-;intergenic;PHOX2A||CLPB;-;-;intergenic;PHOX2A||CLPB;-;-;-;34;10;17	Name=AluSc	TRUE	Alu	UTR3
chr11:65373847:T:C	chr11:65373847:A:G	A:G	SLC25A45	downstream	unknown	T;C;-;A||R||D;ALU;-;SINE/AluJr;ncRNA_intronic;RP11-867O8.5;-;-;intergenic;TIGD3||SLC25A45;-;-;intergenic;TIGD3||SLC25A45;-;-;-;724;29;41	Name=AluJr	TRUE	Alu	downstream
chr11:64310731:A:G	chr11:64310731:A:G	A:G	ESRRA	intronic	unknown	A;G;+;A||R||D;ALU;-;SINE/AluSq2;intronic;ESRRA;-;-;intronic;ESRRA;-;-;intronic;ESRRA;-;-;-;352;25;38	Name=AluSq2	TRUE	Alu	intronic
chr11:77734526:T:C	chr11:77734526:A:G	A:G	RSF1	intronic	unknown	.	.	FALSE	None	intronic
chr11:77734666:A:G	chr11:77734666:T:C	A:G	RSF1	intronic	unknown	.	.	FALSE	None	intronic
chr11:77734832:C:T	chr11:77734832:G:A	C:T	RSF1	intronic	unknown	.	.	FALSE	None	intronic
chr11:77734727:C:T	chr11:77734727:G:A	C:T	RSF1	intronic	unknown	.	.	FALSE	None	intronic
chr11:77734728:A:G	chr11:77734728:T:C	A:G	RSF1	intronic	unknown	.	.	FALSE	None	intronic
chr11:77734895:A:G	chr11:77734895:T:C	A:G	RSF1	intronic	unknown	.	.	FALSE	None	intronic
chr11:117014729:T:C	chr11:117014729:A:G	A:G	SIK3	intronic	unknown	T;C;-;A||R||D;REP;-;LINE/L1MA9;intronic;SIK3;-;-;intronic;SIK3;-;-;intronic;SIK3;-;-;-;28;13;18	Name=L1MA9	TRUE	LINE	intronic
chr11:18346923:A:G	chr11:18346923:A:G	A:G	GTF2H1	intronic	unknown	A;G;+;A||R||D;ALU;-;SINE/AluSx;intronic;GTF2H1;-;-;intronic;GTF2H1;-;-;intronic;GTF2H1;-;-;-;9;6;6	Name=AluSx	TRUE	Alu	intronic
chr11:34271521:T:C	chr11:34271521:A:G	A:G	ABTB2	intronic	unknown	T;C;-;A||R;ALU;-;SINE/AluJo;intronic;ABTB2;-;-;intronic;ABTB2;-;-;intronic;ABTB2;-;-;-;5;4;4	Name=AluJo	TRUE	Alu	intronic
chr11:34271573:T:C	chr11:34271573:A:G	A:G	ABTB2	intronic	unknown	T;C;-;A||R;ALU;-;SINE/AluJo;intronic;ABTB2;-;-;intronic;ABTB2;-;-;intronic;ABTB2;-;-;-;3;3;3	Name=AluJo	TRUE	Alu	intronic
chr11:34271651:T:C	chr11:34271651:A:G	A:G	ABTB2	intronic	unknown	T;C;-;A||R;ALU;-;SINE/AluJo;intronic;ABTB2;-;-;intronic;ABTB2;-;-;intronic;ABTB2;-;-;-;3;3;3	Name=AluJo	TRUE	Alu	intronic
chr11:34271681:T:C	chr11:34271681:A:G	A:G	ABTB2	intronic	unknown	T;C;-;A||R;ALU;-;SINE/AluJo;intronic;ABTB2;-;-;intronic;ABTB2;-;-;intronic;ABTB2;-;-;-;3;3;3	Name=AluJo	TRUE	Alu	intronic
chr11:65319209:A:G	chr11:65319209:A:G	A:G	CDC42EP2	intronic	unknown	A;G;+;A||R;ALU;-;SINE/AluSc8;intronic;CDC42EP2;-;-;intronic;CDC42EP2;-;-;intronic;CDC42EP2;-;-;-;2;2;2	Name=AluSc8	TRUE	Alu	intronic
chr11:65319268:A:G	chr11:65319268:A:G	A:G	CDC42EP2	intronic	unknown	A;G;+;A||R;ALU;-;SINE/AluSc8;intronic;CDC42EP2;-;-;intronic;CDC42EP2;-;-;intronic;CDC42EP2;-;-;-;3;2;2	Name=AluSc8	TRUE	Alu	intronic
chr11:65320391:A:G	chr11:65320391:A:G	A:G	CDC42EP2	intronic	unknown	.	Name=AluSz	FALSE	Alu	intronic
chr11:96184208:T:C	chr11:96184208:A:G	A:G	MAML2	intronic	unknown	T;C;-;A||R;ALU;-;SINE/AluSg;intronic;MAML2;-;-;intronic;MAML2;-;-;intronic;MAML2;-;-;-;4;3;3	Name=AluSg	TRUE	Alu	intronic
chr11:34271639:T:C	chr11:34271639:A:G	A:G	ABTB2	intronic	unknown	T;C;-;A||R;ALU;-;SINE/AluJo;intronic;ABTB2;-;-;intronic;ABTB2;-;-;intronic;ABTB2;-;-;-;4;4;4	Name=AluJo	TRUE	Alu	intronic
chr11:48070316:A:G	chr11:48070316:A:G	A:G	PTPRJ	intronic	unknown	A;G;+;A;ALU;-;SINE/AluSx1;intronic;PTPRJ;-;-;intronic;PTPRJ;-;-;intronic;PTPRJ;-;-;-;5;3;3	Name=AluSx1	TRUE	Alu	intronic
chr11:65320350:A:G	chr11:65320350:A:G	A:G	CDC42EP2	intronic	unknown	A;G;+;R;ALU;-;SINE/AluSz;intronic;CDC42EP2;-;-;intronic;CDC42EP2;-;-;intronic;CDC42EP2;-;-;-;2;2;2	Name=AluSz	TRUE	Alu	intronic
chr11:78390477:T:C	chr11:78390477:A:G	A:G	GAB2	intronic	unknown	T;C;-;A||R;ALU;-;SINE/AluSq2;ncRNA_intronic;RP11-452H21.1||RP11-452H21.2;-;-;intronic;GAB2;-;-;intronic;GAB2;-;-;-;13;6;6	Name=AluSq2	TRUE	Alu	intronic
chr11:116995098:T:C	chr11:116995098:A:G	A:G	SIK3	intronic	unknown	.	Name=AluSx	FALSE	Alu	intronic
chr11:65323569:A:G	chr11:65323569:A:G	A:G	CDC42EP2	downstream	unknown	A;G;+;A||R;ALU;-;SINE/AluSx1;intergenic;CDC42EP2||DPF2;-;-;intergenic;CDC42EP2||DPF2;-;-;intergenic;CDC42EP2||DPF2;-;-;-;377;24;41	Name=AluSx1	TRUE	Alu	downstream
chr11:34294986:T:C	chr11:34294986:A:G	A:G	ABTB2	intronic	unknown	T;C;-;R;ALU;-;SINE/AluSx3;intronic;ABTB2;-;-;intronic;ABTB2;-;-;intronic;ABTB2;-;-;-;0;0;0	Name=AluSg4	TRUE	Alu	intronic
chr11:64855950:C:T	chr11:64855950:G:A	C:T	EHD1	intronic	unknown	.	.	FALSE	None	intronic
chr12:113391119:A:G	chr12:113391119:A:G	A:G	PLBD2	UTR3	unknown	A;G;+;A||R;NONREP;-;-/-;intergenic;PLBD2||SDS;-;-;intergenic;PLBD2||SDS;-;-;intergenic;PLBD2||SDS;-;-;-;1995;30;53	.	TRUE	None	UTR3
chr12:113391120:A:G	chr12:113391120:A:G	A:G	PLBD2	UTR3	unknown	A;G;+;A||R||D;NONREP;-;-/-;intergenic;PLBD2||SDS;-;-;intergenic;PLBD2||SDS;-;-;intergenic;PLBD2||SDS;-;-;-;2515;30;54	.	TRUE	None	UTR3
chr12:113814730:T:C	chr12:113814730:A:G	A:G	RBM19	downstream	unknown	T;C;-;A||R;ALU;-;SINE/AluJr;intergenic;RP11-438N16.1||RBM19;-;-;intergenic;LINC01234||RBM19;-;-;intergenic;AK096932||RBM19;-;-;-;14;7;8	Name=AluJr	TRUE	Alu	downstream
chr12:121215801:A:G	chr12:121215801:A:G	A:G	P2RX4	intronic	unknown	A;G;+;A||R;ALU;-;SINE/AluJb;intronic;P2RX4;-;-;intronic;P2RX4;-;-;intronic;P2RX4;-;-;-;64;13;18	Name=AluJb	TRUE	Alu	intronic
chr12:130802714:T:C	chr12:130802714:A:G	A:G	STX2	intronic	unknown	T;C;-;A||R;ALU;-;SINE/AluJr;intronic;STX2;-;-;intronic;STX2;-;-;intronic;STX2;-;-;-;947;30;54	Name=AluJr	TRUE	Alu	intronic
chr12:49137046:A:G	chr12:49137046:T:C	A:G	TUBA1B	upstream	unknown	A;G;+;A||R||D;ALU;-;SINE/AluSz;ncRNA_intronic;RP11-386G11.10;-;-;intergenic;TUBA1B||TUBA1A;-;-;intergenic;TUBA1B||TUBA1A;-;-;-;4;3;4	Name=AluSz	TRUE	Alu	upstream
chr12:50931455:A:G	chr12:50931455:A:G	A:G	METTL7A	UTR3	unknown	A;G;+;A||R||D;ALU;-;SINE/AluSq2;UTR3;METTL7A;-;-;UTR3;METTL7A;-;-;UTR3;METTL7A;-;-;-;1787;30;55	Name=AluSq2	TRUE	Alu	UTR3
chr12:50931497:A:G	chr12:50931497:A:G	A:G	METTL7A	UTR3	unknown	A;G;+;A||R||D;ALU;-;SINE/AluSq2;UTR3;METTL7A;-;-;UTR3;METTL7A;-;-;UTR3;METTL7A;-;-;-;1756;30;55	Name=AluSq2	TRUE	Alu	UTR3
chr12:50931657:A:G	chr12:50931657:A:G	A:G	METTL7A	UTR3	unknown	A;G;+;A||R||D;ALU;-;SINE/AluSq2;UTR3;METTL7A;-;-;UTR3;METTL7A;-;-;UTR3;METTL7A;-;-;-;1208;30;55	Name=AluSq2	TRUE	Alu	UTR3
chr12:56353828:T:C	chr12:56353828:A:G	A:G	STAT2	intronic	unknown	T;C;-;A||R||D;ALU;-;SINE/AluSx;intronic;STAT2;-;-;intronic;STAT2;-;-;intronic;STAT2;-;-;-;281;25;39	Name=AluSx	TRUE	Alu	intronic
chr12:64733174:T:C	chr12:64733174:A:G	A:G	GNS	intronic	unknown	T;C;-;A;ALU;-;SINE/AluJb;intronic;GNS;-;-;intronic;GNS;-;-;intronic;GNS;-;-;-;9;6;6	Name=AluJb	TRUE	Alu	intronic
chr12:6537133:C:T	chr12:6537133:C:T	C:T	GAPDH	exonic	synonymous SNV	.	.	FALSE	None	exonic
chr12:68843243:A:G	chr12:68843243:A:G	A:G	MDM2	UTR3	unknown	A;G;+;A||R;NONREP;-;-/-;UTR3;MDM2;-;-;UTR3;MDM2;-;-;UTR3;MDM2;-;-;-;2141;30;55	.	TRUE	None	UTR3
chr12:68843273:A:G	chr12:68843273:A:G	A:G	MDM2	UTR3	unknown	A;G;+;A||R||D;NONREP;-;-/-;UTR3;MDM2;-;-;UTR3;MDM2;-;-;UTR3;MDM2;-;-;-;2274;30;55	.	TRUE	None	UTR3
chr12:68843276:A:G	chr12:68843276:A:G	A:G	MDM2	UTR3	unknown	A;G;+;A||R||D;NONREP;-;-/-;UTR3;MDM2;-;-;UTR3;MDM2;-;-;UTR3;MDM2;-;-;-;2056;30;55	.	TRUE	None	UTR3
chr12:68843730:A:G	chr12:68843730:A:G	A:G	MDM2	UTR3	unknown	A;G;+;A||R||D;NONREP;-;-/-;UTR3;MDM2;-;-;UTR3;MDM2;-;-;UTR3;MDM2;-;-;-;1797;30;54	.	TRUE	None	UTR3
chr12:68843749:A:G	chr12:68843749:A:G	A:G	MDM2	UTR3	unknown	A;G;+;A||R;NONREP;-;-/-;UTR3;MDM2;-;-;UTR3;MDM2;-;-;UTR3;MDM2;-;-;-;2584;30;54	.	TRUE	None	UTR3
chr12:68843772:A:G	chr12:68843772:A:G	A:G	MDM2	UTR3	unknown	A;G;+;A||R||D;NONREP;-;-/-;UTR3;MDM2;-;-;UTR3;MDM2;-;-;UTR3;MDM2;-;-;-;2494;30;54	.	TRUE	None	UTR3
chr12:68849818:A:G	chr12:68849818:A:G	A:G	MDM2	UTR3	unknown	A;G;+;A||R||D;ALU;-;SINE/AluSx;intergenic;MDM2||CPM;-;-;intergenic;MDM2||CPM;-;-;intergenic;MDM2||CPM;-;-;-;1640;30;53	Name=AluSx	TRUE	Alu	UTR3
chr12:8384360:T:C	chr12:8384360:A:G	A:G	LINC00937	ncRNA
intronic	unknown	T;C;-;R||D;ALU;-;SINE/AluSx;ncRNA_intronic;LINC00937;-;-;ncRNA_intronic;LINC00937;-;-;intronic;LINC00937;-;-;-;398;25;40	Name=AluSx	TRUE	Alu	ncRNA
chr12:113124136:T:C	chr12:113124136:A:G	A:G	RASAL1	intronic	unknown	T;C;-;A||R;ALU;-;SINE/AluSz6;intronic;RASAL1;-;-;intronic;RASAL1;-;-;intronic;RASAL1;-;-;-;20;7;8	Name=AluSz6	TRUE	Alu	intronic
chr12:120460911:A:G	chr12:120460911:A:G	A:G	GATC	UTR3	unknown	A;G;+;A||R||D;ALU;-;SINE/AluY;UTR3;GATC;-;-;UTR3;GATC;-;-;UTR3;GATC;-;-;-;2302;30;55	Name=AluY	TRUE	Alu	UTR3
chr12:122210979:T:C	chr12:122210979:A:G	A:G	DIABLO	intronic	unknown	T;C;-;R||D;ALU;-;SINE/AluJr;intronic;DIABLO||RP11-512M8.5;-;-;intronic;DIABLO;-;-;intronic;DIABLO;-;-;-;52;14;16	Name=AluJr	TRUE	Alu	intronic
chr12:122342746:T:C	chr12:122342746:A:G	A:G	CLIP1	intronic	unknown	T;C;-;A||R||D;ALU;-;SINE/AluJr;intronic;CLIP1;-;-;intronic;CLIP1;-;-;intronic;CLIP1;-;-;-;23;10;13	Name=AluJr	TRUE	Alu	intronic
chr12:130803297:T:C	chr12:130803297:A:G	A:G	STX2	intronic	unknown	T;C;-;A||R;ALU;-;SINE/AluJr;intronic;STX2;-;-;intronic;STX2;-;-;intronic;STX2;-;-;-;245;26;41	Name=AluJr	TRUE	Alu	intronic
chr12:132770000:T:C	chr12:132770000:A:G	A:G	GOLGA3	UTR3	unknown	T;C;-;A||R||D;ALU;-;SINE/AluSx1;UTR3;GOLGA3;-;-;UTR3;GOLGA3;-;-;UTR3;GOLGA3;-;-;-;2495;30;55	Name=AluSx1	TRUE	Alu	UTR3
chr12:27421321:A:G	chr12:27421321:T:C	A:G	ARNTL2-AS1	ncRNA
intronic	unknown	A;G;+;A||R||D;ALU;-;SINE/AluSz;ncRNA_intronic;RP11-165P7.1;-;-;ncRNA_intronic;ARNTL2-AS1;-;-;ncRNA_intronic;BC043511;-;-;-;461;24;40	Name=AluSz	TRUE	Alu	ncRNA
chr12:50930856:A:G	chr12:50930856:A:G	A:G	METTL7A	UTR3	unknown	A;G;+;A||R||D;ALU;-;SINE/AluSp;UTR3;METTL7A;-;-;UTR3;METTL7A;-;-;UTR3;METTL7A;-;-;-;2313;30;55	Name=AluSp	TRUE	Alu	UTR3
chr12:51393215:A:G	chr12:51393215:A:G	A:G	SLC4A8	intronic	unknown	A;G;+;A||R||D;ALU;-;SINE/AluJb;intronic;SLC4A8;-;-;intronic;SLC4A8;-;-;intronic;SLC4A8;-;-;-;28;10;14	Name=AluJb	TRUE	Alu	intronic
chr12:56202035:T:C	chr12:56202035:A:G	A:G	RNF41	downstream	unknown	T;C;-;R;ALU;-;SINE/AluJb;intergenic;RN7SL770P||RNF41;-;-;downstream;RNF41;-;-;downstream;RNF41;-;-;-;14;8;8	Name=AluJb	TRUE	Alu	downstream
chr12:66194682:A:G	chr12:66194682:A:G	A:G	IRAK3	intronic	unknown	A;G;+;A||R||D;ALU;-;SINE/AluSx1;intronic;IRAK3;-;-;intronic;IRAK3;-;-;intronic;IRAK3;-;-;-;87;6;9	Name=AluSx1	TRUE	Alu	intronic
chr12:66202517:A:G	chr12:66202517:A:G	A:G	IRAK3	intronic	unknown	A;G;+;A||R||D;ALU;-;SINE/AluJb;intronic;IRAK3;-;-;intronic;IRAK3;-;-;intronic;IRAK3;-;-;-;248;23;30	Name=AluJb	TRUE	Alu	intronic
chr12:68832673:T:C	chr12:68832673:T:C	A:G	MDM2	intronic	unknown	T;C;-;A||R;ALU;-;SINE/AluJb;intronic;MDM2;-;-;intronic;MDM2;-;-;intronic;MDM2;-;-;-;213;22;35	Name=AluJb	TRUE	Alu	intronic
chr12:68851489:T:C	chr12:68851489:A:G	A:G	CPM	UTR3	unknown	T;C;-;A||R||D;ALU;-;SINE/AluSc8;UTR3;CPM;-;-;UTR3;CPM;-;-;UTR3;CPM;-;-;-;925;27;49	Name=AluSc8	TRUE	Alu	UTR3
chr12:75496101:T:C	chr12:75496101:A:G	A:G	KRR1	UTR3	unknown	T;C;-;A||R||D;ALU;-;SINE/AluSx;intronic;GLIPR1;-;-;intronic;GLIPR1;-;-;intronic;GLIPR1;-;-;-;1071;30;55	Name=AluSx	TRUE	Alu	UTR3
chr12:111815280:A:G	chr12:111815280:A:G	A:G	ALDH2	UTR3	unknown	A;G;+;A||R;ALU;-;SINE/AluJr;intergenic;RP3-462E2.3||MAPKAPK5-AS1;-;-;intergenic;ALDH2||MAPKAPK5-AS1;-;-;intergenic;ALDH2||MAPKAPK5-AS1;-;-;-;309;27;44	Name=AluJb	TRUE	Alu	UTR3
chr12:125027396:A:G	chr12:125027396:T:C	A:G	THRIL	ncRNA
exonic	unknown	A;G;+;A;ALU;rs111457986;SINE/AluSx1;UTR3;BRI3BP;-;-;ncRNA_exonic;THRIL;-;-;downstream;DL490908;-;-;-;565;25;48	Name=AluSx1	TRUE	Alu	ncRNA
chr12:125027949:A:G	chr12:125027949:A:G	A:G	BRI3BP	UTR3	unknown	A;G;+;A||R||D;ALU;-;SINE/AluY;UTR3;BRI3BP;-;-;upstream;THRIL;-;-;downstream;DL490908;-;-;-;653;26;48	Name=AluY	TRUE	Alu	UTR3
chr12:132721318:A:G	chr12:132721318:A:G	A:G	PGAM5	UTR3	unknown	A;G;+;A||R||D;ALU;-;SINE/AluJo;UTR3;PGAM5;-;-;UTR3;PGAM5;-;-;UTR3;PGAM5;-;-;-;2513;30;55	Name=AluJo	TRUE	Alu	UTR3
chr12:24883226:T:C	chr12:24883226:A:G	A:G	BCAT1	intronic	unknown	T;C;-;A||R||D;ALU;-;SINE/AluSz;intronic;BCAT1;-;-;intronic;BCAT1;-;-;intronic;BCAT1;-;-;-;1;1;1	Name=AluSz	TRUE	Alu	intronic
chr12:50930336:A:G	chr12:50930336:A:G	A:G	METTL7A	UTR3	unknown	A;G;+;A||R||D;ALU;-;SINE/AluSq2;UTR3;METTL7A;-;-;UTR3;METTL7A;-;-;UTR3;METTL7A;-;-;-;1201;30;55	Name=AluSq2	TRUE	Alu	UTR3
chr12:50930339:A:G	chr12:50930339:A:G	A:G	METTL7A	UTR3	unknown	A;G;+;A||R||D;ALU;-;SINE/AluSq2;UTR3;METTL7A;-;-;UTR3;METTL7A;-;-;UTR3;METTL7A;-;-;-;1054;30;55	Name=AluSq2	TRUE	Alu	UTR3
chr12:50930380:A:G	chr12:50930380:A:G	A:G	METTL7A	UTR3	unknown	A;G;+;A||R||D;ALU;-;SINE/AluSq2;UTR3;METTL7A;-;-;UTR3;METTL7A;-;-;UTR3;METTL7A;-;-;-;1615;30;55	Name=AluSq2	TRUE	Alu	UTR3
chr12:50930419:A:G	chr12:50930419:A:G	A:G	METTL7A	UTR3	unknown	A;G;+;A||R||D;ALU;-;SINE/AluSq2;UTR3;METTL7A;-;-;UTR3;METTL7A;-;-;UTR3;METTL7A;-;-;-;1972;30;55	Name=AluSq2	TRUE	Alu	UTR3
chr12:50930684:A:G	chr12:50930684:A:G	A:G	METTL7A	UTR3	unknown	A;G;+;A||R||D;ALU;-;SINE/AluSp;UTR3;METTL7A;-;-;UTR3;METTL7A;-;-;UTR3;METTL7A;-;-;-;2515;30;55	Name=AluSp	TRUE	Alu	UTR3
chr12:51449176:A:G	chr12:51449176:A:G	A:G	SLC4A8	intronic	unknown	A;G;+;A||R;ALU;-;SINE/AluJo;intronic;SLC4A8;-;-;intronic;SLC4A8;-;-;intronic;SLC4A8;-;-;-;8;5;7	Name=AluJo	TRUE	Alu	intronic
chr12:55980063:C:T	chr12:55980063:C:T	C:T	RAB5B	intronic	unknown	.	.	FALSE	None	intronic
chr12:68766774:A:G	chr12:68766774:A:G	A:G	SLC35E3	UTR3	unknown	A;G;+;A||R||D;ALU;-;SINE/AluJb;UTR3;SLC35E3;-;-;downstream;SLC35E3;-;-;downstream;SLC35E3;-;-;-;1315;30;54	Name=AluJb	TRUE	Alu	UTR3
chr12:68766837:A:G	chr12:68766837:A:G	A:G	SLC35E3	UTR3	unknown	A;G;+;A||R;ALU;-;SINE/AluJb;UTR3;SLC35E3;-;-;downstream;SLC35E3;-;-;downstream;SLC35E3;-;-;-;1311;29;53	Name=AluJb	TRUE	Alu	UTR3
chr12:68849822:A:G	chr12:68849822:A:G	A:G	MDM2	UTR3	unknown	A;G;+;A||R;ALU;-;SINE/AluSx;intergenic;MDM2||CPM;-;-;intergenic;MDM2||CPM;-;-;intergenic;MDM2||CPM;-;-;-;1343;30;53	Name=AluSx	TRUE	Alu	UTR3
chr12:101881226:A:G	chr12:101881226:A:G	A:G	DRAM1	intronic	unknown	A;G;+;A||R||D;ALU;-;SINE/AluSz6;intronic;DRAM1;-;-;intronic;DRAM1;-;-;intronic;DRAM1;-;-;-;4;1;1	Name=AluSz6	TRUE	Alu	intronic
chr12:101889860:A:G	chr12:101889860:A:G	A:G	DRAM1	intronic	unknown	A;G;+;A||R||D;ALU;-;SINE/AluSq2;intronic;DRAM1;-;-;intronic;DRAM1;-;-;intronic;DRAM1;-;-;-;2;2;2	Name=AluSq2	TRUE	Alu	intronic
chr12:113809234:T:C	chr12:113809234:A:G	A:G	RBM19	downstream	unknown	T;C;-;A||R;ALU;-;SINE/AluSz6;intergenic;RP11-438N16.1||RBM19;-;-;intergenic;LINC01234||RBM19;-;-;intergenic;AK096932||RBM19;-;-;-;192;22;40	Name=AluSz6	TRUE	Alu	downstream
chr12:113814383:T:C	chr12:113814383:A:G	A:G	RBM19	downstream	unknown	T;C;-;A||R;ALU;-;SINE/AluSx;intergenic;RP11-438N16.1||RBM19;-;-;intergenic;LINC01234||RBM19;-;-;intergenic;AK096932||RBM19;-;-;-;19;14;16	Name=AluSx	TRUE	Alu	downstream
chr12:120461196:A:G	chr12:120461196:A:G	A:G	GATC	UTR3	unknown	A;G;+;A||R||D;ALU;-;SINE/AluJr;UTR3;GATC;-;-;UTR3;GATC;-;-;UTR3;GATC;-;-;-;2292;30;55	Name=AluJr	TRUE	Alu	UTR3
chr12:121226423:A:G	chr12:121226423:A:G	A:G	P2RX4	intronic	unknown	A;G;+;A||R||D;ALU;-;SINE/AluSz6;intronic;P2RX4;-;-;intronic;P2RX4;-;-;intronic;P2RX4;-;-;-;177;23;29	Name=AluSz6	TRUE	Alu	intronic
chr12:121226424:A:G	chr12:121226424:A:G	A:G	P2RX4	intronic	unknown	A;G;+;A||R||D;ALU;-;SINE/AluSz6;intronic;P2RX4;-;-;intronic;P2RX4;-;-;intronic;P2RX4;-;-;-;150;24;28	Name=AluSz6	TRUE	Alu	intronic
chr12:122337229:T:C	chr12:122337229:A:G	A:G	CLIP1	intronic	unknown	T;C;-;A||R||D;ALU;-;SINE/AluSz;intronic;CLIP1;-;-;intronic;CLIP1;-;-;intronic;CLIP1;-;-;-;121;13;19	Name=AluSz	TRUE	Alu	intronic
chr12:12633356:A:G	chr12:12633356:A:G	A:G	CREBL2	intronic	unknown	A;G;+;A||R||D;ALU;-;SINE/AluSq2;intronic;CREBL2;-;-;intronic;CREBL2;-;-;intronic;CREBL2;-;-;-;10;7;8	Name=AluSq2	TRUE	Alu	intronic
chr12:24828031:T:C	chr12:24828031:A:G	A:G	BCAT1	intronic	unknown	.	Name=AluJr	FALSE	Alu	intronic
chr12:27421500:A:G	chr12:27421500:T:C	A:G	ARNTL2-AS1	ncRNA
intronic	unknown	A;G;+;A||D;ALU;rs113632419;SINE/AluSz;ncRNA_intronic;RP11-165P7.1;-;-;ncRNA_intronic;ARNTL2-AS1;-;-;ncRNA_intronic;BC043511;-;-;-;676;25;45	Name=AluSz	TRUE	Alu	ncRNA
chr12:49137032:A:G	chr12:49137032:T:C	A:G	TUBA1B	upstream	unknown	A;G;+;A||R||D;ALU;-;SINE/AluSz;ncRNA_intronic;RP11-386G11.10;-;-;intergenic;TUBA1B||TUBA1A;-;-;intergenic;TUBA1B||TUBA1A;-;-;-;4;4;4	Name=AluSz	TRUE	Alu	upstream
chr12:50930653:A:G	chr12:50930653:A:G	A:G	METTL7A	UTR3	unknown	A;G;+;A||R||D;ALU;-;SINE/AluSp;UTR3;METTL7A;-;-;UTR3;METTL7A;-;-;UTR3;METTL7A;-;-;-;2566;30;55	Name=AluSp	TRUE	Alu	UTR3
chr12:50997528:T:C	chr12:50997528:A:G	A:G	SLC11A2	intronic	unknown	T;C;-;A||R;ALU;-;SINE/AluJo;intronic;SLC11A2;-;-;intronic;SLC11A2;-;-;intronic;SLC11A2;-;-;-;12;8;8	Name=AluJo	TRUE	Alu	intronic
chr12:64450354:A:G	chr12:64450354:A:G	A:G	XPOT	UTR3	unknown	A;G;+;A||R||D;ALU;-;SINE/AluJr4;UTR3;XPOT;-;-;intergenic;XPOT||TBK1;-;-;intergenic;XPOT||TBK1;-;-;-;1870;30;55	Name=AluJr4	TRUE	Alu	UTR3
chr12:67318130:A:G	chr12:67318130:A:G	A:G	CAND1	UTR3	unknown	A;G;+;A||R||D;ALU;-;SINE/AluSz;UTR3;CAND1;-;-;intergenic;CAND1||LOC100507175;-;-;intergenic;CAND1||AK055974;-;-;-;673;29;53	Name=AluSz	TRUE	Alu	UTR3
chr12:67318134:A:G	chr12:67318134:A:G	A:G	CAND1	UTR3	unknown	A;G;+;A||R||D;ALU;-;SINE/AluSz;UTR3;CAND1;-;-;intergenic;CAND1||LOC100507175;-;-;intergenic;CAND1||AK055974;-;-;-;653;30;54	Name=AluSz	TRUE	Alu	UTR3
chr12:67318198:A:G	chr12:67318198:A:G	A:G	CAND1	UTR3	unknown	A;G;+;A||R||D;ALU;-;SINE/AluSz;UTR3;CAND1;-;-;intergenic;CAND1||LOC100507175;-;-;intergenic;CAND1||AK055974;-;-;-;631;28;50	Name=AluSz	TRUE	Alu	UTR3
chr12:8669915:T:C	chr12:8669915:A:G	A:G	MFAP5	upstream	unknown	.	Name=AluY	FALSE	Alu	upstream
chr12:101883876:A:G	chr12:101883876:A:G	A:G	DRAM1	intronic	unknown	A;G;+;A||R||D;ALU;-;SINE/AluSc;intronic;DRAM1;-;-;intronic;DRAM1;-;-;intronic;DRAM1;-;-;-;2;2;2	Name=AluSc	TRUE	Alu	intronic
chr12:103986511:A:G	chr12:103986511:A:G	A:G	TDG	intronic	unknown	A;G;+;R||D;ALU;-;SINE/AluSx1;intronic;TDG;-;-;intronic;TDG;-;-;intronic;TDG;-;-;-;67;19;26	Name=AluSx1	TRUE	Alu	intronic
chr12:105229976:C:T	chr12:105229976:G:A	C:T	APPL2	intronic	unknown	.	Name=AluSq2	FALSE	Alu	intronic
chr12:110497673:T:C	chr12:110497673:A:G	A:G	VPS29	intronic	unknown	T;C;-;A||R;ALU;-;SINE/AluSx1;intronic;VPS29;-;-;intronic;VPS29;-;-;intronic;VPS29;-;-;-;1054;30;46	Name=AluSx1	TRUE	Alu	intronic
chr12:110498261:T:C	chr12:110498261:A:G	A:G	VPS29	intronic	unknown	T;C;-;A||R||D;ALU;-;SINE/AluSq2;intronic;VPS29;-;-;intronic;VPS29;-;-;intronic;VPS29;-;-;-;1720;30;54	Name=AluSq2	TRUE	Alu	intronic
chr12:122215826:T:C	chr12:122215826:A:G	A:G	DIABLO	intronic	unknown	T;C;-;R||D;REP;-;SINE/FLAM_C;intronic;DIABLO||RP11-512M8.5;-;-;intronic;DIABLO;-;-;intronic;DIABLO;-;-;-;17;13;13	Name=FLAM_C	TRUE	Other	intronic
chr12:122404436:T:C	chr12:122404436:A:G	A:G	CLIP1	intronic	unknown	T;C;-;A||R||D;ALU;-;SINE/AluSz;intronic;CLIP1;-;-;intronic;CLIP1;-;-;intronic;CLIP1;-;-;-;9;6;7	Name=AluSz	TRUE	Alu	intronic
chr12:53012286:A:G	chr12:53012286:A:G	A:G	EIF4B	intronic	unknown	A;G;+;A||R||D;ALU;-;SINE/AluSp;ncRNA_intronic;RP11-983P16.2;-;-;intronic;EIF4B;-;-;intronic;EIF4B;-;-;-;13;10;10	Name=AluSp	TRUE	Alu	intronic
chr12:64493534:A:G	chr12:64493534:A:G	A:G	TBK1	intronic	unknown	A;G;+;A||R||D;ALU;-;SINE/AluSx1;intronic;TBK1;-;-;intronic;TBK1;-;-;intronic;TBK1;-;-;-;245;24;35	Name=AluSx1	TRUE	Alu	intronic
chr12:101889720:A:G	chr12:101889720:A:G	A:G	DRAM1	intronic	unknown	A;G;+;A||R||D;ALU;-;SINE/AluSq2;intronic;DRAM1;-;-;intronic;DRAM1;-;-;intronic;DRAM1;-;-;-;3;3;3	Name=AluSq2	TRUE	Alu	intronic
chr12:111815310:A:G	chr12:111815310:A:G	A:G	ALDH2	UTR3	unknown	A;G;+;A||R;ALU;-;SINE/AluJr;intergenic;RP3-462E2.3||MAPKAPK5-AS1;-;-;intergenic;ALDH2||MAPKAPK5-AS1;-;-;intergenic;ALDH2||MAPKAPK5-AS1;-;-;-;399;29;47	Name=AluJb	TRUE	Alu	UTR3
chr12:111815710:A:G	chr12:111815710:A:G	A:G	ALDH2	UTR3	unknown	A;G;+;A||R;ALU;-;SINE/AluJr;intergenic;RP3-462E2.3||MAPKAPK5-AS1;-;-;intergenic;ALDH2||MAPKAPK5-AS1;-;-;intergenic;ALDH2||MAPKAPK5-AS1;-;-;-;869;30;51	Name=AluJr	TRUE	Alu	UTR3
chr12:111815894:A:G	chr12:111815894:A:G	A:G	ALDH2	UTR3	unknown	A;G;+;A||R;ALU;-;SINE/AluJr;intergenic;RP3-462E2.3||MAPKAPK5-AS1;-;-;intergenic;ALDH2||MAPKAPK5-AS1;-;-;intergenic;ALDH2||MAPKAPK5-AS1;-;-;-;1132;30;53	Name=AluJr	TRUE	Alu	UTR3
chr12:116850028:A:G	chr12:116850028:A:G	A:G	RNFT2	intronic	unknown	A;G;+;A||R||D;ALU;-;SINE/AluSx1;UTR3;RNFT2;-;-;intronic;RNFT2;-;-;intronic;RNFT2;-;-;-;35;5;13	Name=AluSx1	TRUE	Alu	intronic
chr12:121332965:T:C	chr12:121332965:A:G	A:G	ANAPC5	intronic	unknown	T;C;-;A||R||D;REP;-;SINE/FLAM_C;intronic;ANAPC5;-;-;intronic;ANAPC5;-;-;intronic;ANAPC5;-;-;-;1169;30;54	Name=AluJb	TRUE	Alu	intronic
chr12:125027948:A:G	chr12:125027948:A:G	A:G	BRI3BP	UTR3	unknown	A;G;+;A||R||D;ALU;-;SINE/AluY;UTR3;BRI3BP;-;-;upstream;THRIL;-;-;downstream;DL490908;-;-;-;420;24;46	Name=AluY	TRUE	Alu	UTR3
chr12:125027961:A:G	chr12:125027961:A:G	A:G	BRI3BP	UTR3	unknown	A;G;+;A||R||D;ALU;-;SINE/AluY;UTR3;BRI3BP;-;-;upstream;THRIL;-;-;downstream;DL490908;-;-;-;730;28;50	Name=AluY	TRUE	Alu	UTR3
chr12:1304931:A:G	chr12:1304931:A:G	A:G	ERC1	intronic	unknown	.	Name=AluY	FALSE	Alu	intronic
chr12:1559093:A:G	chr12:1559093:T:C	A:G	FBXL14	downstream	unknown	A;G;+;R;ALU;-;SINE/AluY;intergenic;LINC00942||FBXL14;-;-;intergenic;LINC00942||FBXL14;-;-;intergenic;AX746535||FBXL14;-;-;-;4;2;4	Name=AluY	TRUE	Alu	downstream
chr12:64449075:A:G	chr12:64449075:A:G	A:G	XPOT	UTR3	unknown	A;G;+;A||R||D;ALU;-;SINE/AluSz;UTR3;XPOT;-;-;downstream;XPOT;-;-;downstream;XPOT;-;-;-;1529;30;55	Name=AluSz	TRUE	Alu	UTR3
chr12:64450291:A:G	chr12:64450291:A:G	A:G	XPOT	UTR3	unknown	A;G;+;A||R||D;ALU;-;SINE/AluJr4;UTR3;XPOT;-;-;intergenic;XPOT||TBK1;-;-;intergenic;XPOT||TBK1;-;-;-;2088;30;55	Name=AluJr4	TRUE	Alu	UTR3
chr12:67317583:A:G	chr12:67317583:A:G	A:G	CAND1	UTR3	unknown	A;G;+;A||R||D;ALU;-;SINE/AluSx;UTR3;CAND1;-;-;intergenic;CAND1||LOC100507175;-;-;intergenic;CAND1||AK055974;-;-;-;287;26;48	Name=AluSx	TRUE	Alu	UTR3
chr12:68766805:A:G	chr12:68766805:A:G	A:G	SLC35E3	UTR3	unknown	A;G;+;A||R||D;ALU;-;SINE/AluJb;UTR3;SLC35E3;-;-;downstream;SLC35E3;-;-;downstream;SLC35E3;-;-;-;1307;30;53	Name=AluJb	TRUE	Alu	UTR3
chr12:68850129:A:G	chr12:68850129:A:G	A:G	MDM2	UTR3	unknown	A;G;+;A||R;ALU;-;SINE/AluSz;intergenic;MDM2||CPM;-;-;intergenic;MDM2||CPM;-;-;intergenic;MDM2||CPM;-;-;-;895;30;51	Name=AluSz	TRUE	Alu	UTR3
chr12:68850138:A:G	chr12:68850138:A:G	A:G	MDM2	UTR3	unknown	A;G;+;A||R;ALU;-;SINE/AluSz;intergenic;MDM2||CPM;-;-;intergenic;MDM2||CPM;-;-;intergenic;MDM2||CPM;-;-;-;1033;30;53	Name=AluSz	TRUE	Alu	UTR3
chr12:121334265:T:C	chr12:121334265:A:G	A:G	ANAPC5	intronic	unknown	T;C;-;A||R||D;ALU;-;SINE/AluJr;intronic;ANAPC5;-;-;intronic;ANAPC5;-;-;intronic;ANAPC5;-;-;-;1514;30;54	Name=AluJr	TRUE	Alu	intronic
chr12:27421344:A:G	chr12:27421344:T:C	A:G	ARNTL2-AS1	ncRNA
intronic	unknown	A;G;+;A||R||D;ALU;-;SINE/AluSz;ncRNA_intronic;RP11-165P7.1;-;-;ncRNA_intronic;ARNTL2-AS1;-;-;ncRNA_intronic;BC043511;-;-;-;365;24;43	Name=AluSz	TRUE	Alu	ncRNA
chr12:64450281:A:G	chr12:64450281:A:G	A:G	XPOT	UTR3	unknown	A;G;+;A||R||D;ALU;-;SINE/AluJr4;UTR3;XPOT;-;-;intergenic;XPOT||TBK1;-;-;intergenic;XPOT||TBK1;-;-;-;2290;30;55	Name=AluJr4	TRUE	Alu	UTR3
chr12:64450369:A:G	chr12:64450369:A:G	A:G	XPOT	UTR3	unknown	A;G;+;A||R||D;ALU;-;SINE/AluJr4;UTR3;XPOT;-;-;intergenic;XPOT||TBK1;-;-;intergenic;XPOT||TBK1;-;-;-;2071;30;54	Name=AluJr4	TRUE	Alu	UTR3
chr12:122213497:T:C	chr12:122213497:A:G	A:G	DIABLO	intronic	unknown	T;C;-;A||R||D;ALU;-;SINE/AluJb;intronic;DIABLO||RP11-512M8.5;-;-;intronic;DIABLO;-;-;intronic;DIABLO;-;-;-;14;7;10	Name=AluJb	TRUE	Alu	intronic
chr12:42171888:T:C	chr12:42171888:A:G	A:G	YAF2	intronic	unknown	T;C;-;A||R||D;ALU;-;SINE/AluJb;intronic;YAF2;-;-;intronic;YAF2;-;-;intronic;YAF2;-;-;-;4;2;3	Name=AluJb	TRUE	Alu	intronic
chr12:51007562:T:C	chr12:51007562:A:G	A:G	SLC11A2	intronic	unknown	T;C;-;A||R||D;ALU;-;SINE/AluSx1;intronic;SLC11A2;-;-;intronic;SLC11A2;-;-;intronic;SLC11A2;-;-;-;191;21;31	Name=AluSx1	TRUE	Alu	intronic
chr12:51207161:T:C	chr12:51207161:A:G	A:G	POU6F1	intronic	unknown	T;C;-;A||R;ALU;-;SINE/AluSz;intronic;POU6F1;-;-;intergenic;POU6F1||DAZAP2;-;-;intronic;POU6F1;-;-;-;157;25;39	Name=AluSz	TRUE	Alu	intronic
chr12:51207172:T:C	chr12:51207172:A:G	A:G	POU6F1	intronic	unknown	T;C;-;A||R;ALU;-;SINE/AluSz;intronic;POU6F1;-;-;intergenic;POU6F1||DAZAP2;-;-;intronic;POU6F1;-;-;-;133;26;40	Name=AluSz	TRUE	Alu	intronic
chr12:59784250:A:G	chr12:59784250:A:G	A:G	SLC16A7	UTR3	unknown	A;G;+;A||R;ALU;-;SINE/AluJr;intergenic;SLC16A7||AC091517.1;-;-;UTR3;SLC16A7;-;-;UTR3;SLC16A7;-;-;-;1037;29;45	Name=AluJr	TRUE	Alu	UTR3
chr12:107374627:A:G	chr12:107374627:A:G	A:G	BTBD11	intronic	unknown	.	.	FALSE	None	intronic
chr12:107374635:A:G	chr12:107374635:A:G	A:G	BTBD11	intronic	unknown	.	.	FALSE	None	intronic
chr12:14562365:T:C	chr12:14562365:A:G	A:G	PLBD1	intronic	unknown	T;C;-;A;ALU;-;SINE/AluSx;intronic;PLBD1;-;-;intronic;PLBD1;-;-;intronic;PLBD1;-;-;-;2;1;1	Name=AluSx	TRUE	Alu	intronic
chr12:68848817:A:G	chr12:68848817:A:G	A:G	MDM2	UTR3	unknown	A;G;+;A||R;ALU;-;SINE/AluSx1;intergenic;MDM2||CPM;-;-;intergenic;MDM2||CPM;-;-;intergenic;MDM2||CPM;-;-;-;314;27;41	Name=AluSx1	TRUE	Alu	UTR3
chr12:68849584:A:G	chr12:68849584:A:G	A:G	MDM2	UTR3	unknown	A;G;+;A||R||D;ALU;rs550986331;SINE/AluSx3;intergenic;MDM2||CPM;-;-;intergenic;MDM2||CPM;-;-;intergenic;MDM2||CPM;-;-;-;1603;30;53	Name=AluSx3	TRUE	Alu	UTR3
chr12:68850166:A:G	chr12:68850166:A:G	A:G	MDM2	UTR3	unknown	A;G;+;A||R;ALU;-;SINE/AluSz;intergenic;MDM2||CPM;-;-;intergenic;MDM2||CPM;-;-;intergenic;MDM2||CPM;-;-;-;721;30;53	Name=AluSz	TRUE	Alu	UTR3
chr12:68850201:A:G	chr12:68850201:A:G	A:G	MDM2	UTR3	unknown	A;G;+;A||R;ALU;-;SINE/AluSz;downstream;CPM;-;-;downstream;CPM;-;-;downstream;CPM;-;-;-;626;30;52	Name=AluSz	TRUE	Alu	UTR3
chr12:101883815:A:G	chr12:101883815:A:G	A:G	DRAM1	intronic	unknown	A;G;+;A||R||D;ALU;-;SINE/AluSc;intronic;DRAM1;-;-;intronic;DRAM1;-;-;intronic;DRAM1;-;-;-;1;1;1	Name=AluSc	TRUE	Alu	intronic
chr12:110682056:T:C	chr12:110682056:A:G	A:G	HVCN1	intronic	unknown	T;C;-;A||R||D;ALU;-;SINE/AluSq2;intronic;HVCN1;-;-;intronic;HVCN1;-;-;intronic;HVCN1;-;-;-;19;5;5	Name=AluSq2	TRUE	Alu	intronic
chr12:111749914:A:G	chr12:111749914:A:G	A:G	ACAD10	intronic	unknown	A;G;+;A||R||D;ALU;-;SINE/AluSc;intronic;ACAD10;-;-;intronic;ACAD10;-;-;intronic;ACAD10;-;-;-;13;10;10	Name=AluSc	TRUE	Alu	intronic
chr12:49136928:A:G	chr12:49136928:T:C	A:G	TUBA1B	upstream	unknown	A;G;+;A||R||D;ALU;-;SINE/AluSz;ncRNA_intronic;RP11-386G11.10;-;-;intergenic;TUBA1B||TUBA1A;-;-;intergenic;TUBA1B||TUBA1A;-;-;-;3;2;3	Name=AluSz	TRUE	Alu	upstream
chr12:51207188:T:C	chr12:51207188:A:G	A:G	POU6F1	intronic	unknown	T;C;-;A||R;ALU;-;SINE/AluSz;intronic;POU6F1;-;-;intergenic;POU6F1||DAZAP2;-;-;intronic;POU6F1;-;-;-;66;20;29	Name=AluSz	TRUE	Alu	intronic
chr12:65245346:A:G	chr12:65245346:A:G	A:G	LEMD3	intronic	unknown	A;G;+;A||R||D;ALU;-;SINE/AluY;intronic;LEMD3;-;-;intronic;LEMD3;-;-;intronic;LEMD3;-;-;-;63;22;27	Name=AluY	TRUE	Alu	intronic
chr12:123925989:T:C	chr12:123925989:T:C	A:G	DNAH10	intronic	unknown	T;C;-;A||R;ALU;-;SINE/AluJr;ncRNA_exonic;RP11-380L11.4;-;-;intronic;DNAH10;-;-;intronic;DNAH10;-;-;-;1264;29;53	Name=AluJr	TRUE	Alu	intronic
chr12:56540910:A:G	chr12:56540910:A:G	A:G	RBMS2	intronic	unknown	A;G;+;A||R;ALU;-;SINE/AluJo;intronic;RBMS2;-;-;intronic;RBMS2;-;-;intronic;RBMS2;-;-;-;7;4;4	Name=AluJo	TRUE	Alu	intronic
chr12:69526884:T:C	chr12:69526884:T:C	A:G	FRS2	intronic	unknown	.	Name=AluSc8	FALSE	Alu	intronic
chr12:123926019:T:C	chr12:123926019:T:C	A:G	DNAH10	intronic	unknown	T;C;-;A||R;ALU;-;SINE/AluJr;ncRNA_exonic;RP11-380L11.4;-;-;intronic;DNAH10;-;-;intronic;DNAH10;-;-;-;645;28;51	Name=AluJr	TRUE	Alu	intronic
chr12:1559109:A:G	chr12:1559109:T:C	A:G	FBXL14	downstream	unknown	A;G;+;R;ALU;-;SINE/AluY;intergenic;LINC00942||FBXL14;-;-;intergenic;LINC00942||FBXL14;-;-;intergenic;AX746535||FBXL14;-;-;-;1;1;1	Name=AluY	TRUE	Alu	downstream
chr12:56202084:T:C	chr12:56202084:A:G	A:G	RNF41	downstream	unknown	T;C;-;R;ALU;-;SINE/AluJb;intergenic;RN7SL770P||RNF41;-;-;downstream;RNF41;-;-;downstream;RNF41;-;-;-;1;1;1	Name=AluJb	TRUE	Alu	downstream
chr12:121025662:T:C	chr12:121025662:A:G	A:G	OASL	intronic	unknown	T;C;-;R||D;ALU;-;SINE/AluSx1;intronic;OASL;-;-;intronic;OASL;-;-;intronic;OASL;-;-;-;46;8;9	Name=AluSx1	TRUE	Alu	intronic
chr12:49788571:T:C	chr12:49788571:A:G	A:G	NCKAP5L	downstream	unknown	T;C;-;A||R||D;ALU;-;SINE/AluSp;intergenic;TMBIM6||NCKAP5L;-;-;intergenic;TMBIM6||NCKAP5L;-;-;intergenic;TMBIM6||NCKAP5L;-;-;-;3;2;3	Name=AluSp	TRUE	Alu	downstream
chr12:53508203:T:C	chr12:53508203:A:G	A:G	ATF7-NPFF	intronic	unknown	T;C;-;R||D;ALU;-;SINE/AluSq;intronic;ATF7||RP11-793H13.10;-;-;upstream;NPFF;-;-;upstream;NPFF;-;-;-;1160;29;52	Name=AluSq	TRUE	Alu	intronic
chr12:64449074:A:G	chr12:64449074:A:G	A:G	XPOT	UTR3	unknown	A;G;+;A||R||D;ALU;-;SINE/AluSz;UTR3;XPOT;-;-;downstream;XPOT;-;-;downstream;XPOT;-;-;-;1641;30;55	Name=AluSz	TRUE	Alu	UTR3
chr12:51399817:A:G	chr12:51399817:A:G	A:G	SLC4A8	intronic	unknown	.	Name=AluSc5	FALSE	Alu	intronic
chr12:116851507:A:G	chr12:116851507:A:G	A:G	RNFT2	intronic	unknown	A;G;+;A||R||D;ALU;-;SINE/AluSx1;UTR3;RNFT2;-;-;intronic;RNFT2;-;-;ncRNA_exonic;UNQ514;-;-;-;241;13;26	Name=AluSx1	TRUE	Alu	intronic
chr12:1158519:T:C	chr12:1158519:T:C	A:G	ERC1	intronic	unknown	.	Name=AluSp	FALSE	Alu	intronic
chr12:121334222:T:C	chr12:121334222:A:G	A:G	ANAPC5	intronic	unknown	T;C;-;A||R||D;ALU;-;SINE/AluJr;intronic;ANAPC5;-;-;intronic;ANAPC5;-;-;intronic;ANAPC5;-;-;-;1159;30;53	Name=AluJr	TRUE	Alu	intronic
chr12:93508946:A:G	chr12:93508946:A:G	A:G	MRPL42	UTR3	unknown	A;G;+;A||R||D;ALU;-;SINE/AluSx1;upstream;RN7SL737P;-;-;intergenic;MRPL42||SOCS2-AS1;-;-;intergenic;MRPL42||SOCS2-AS1;-;-;-;382;27;48	Name=AluSx1	TRUE	Alu	UTR3
chr12:132721837:A:G	chr12:132721837:A:G	A:G	PGAM5	UTR3	unknown	A;G;+;A||R;ALU;-;SINE/AluSq;UTR3;PGAM5;-;-;UTR3;PGAM5;-;-;UTR3;PGAM5;-;-;-;2538;30;55	Name=AluSq	TRUE	Alu	UTR3
chr12:125027894:A:G	chr12:125027894:A:G	A:G	BRI3BP	UTR3	unknown	A;G;+;A||R||D;ALU;-;SINE/AluY;UTR3;BRI3BP;-;-;upstream;THRIL;-;-;downstream;DL490908;-;-;-;80;9;17	Name=AluY	TRUE	Alu	UTR3
chr12:27421384:A:G	chr12:27421384:T:C	A:G	ARNTL2-AS1	ncRNA
intronic	unknown	A;G;+;A||R||D;ALU;-;SINE/AluSz;ncRNA_intronic;RP11-165P7.1;-;-;ncRNA_intronic;ARNTL2-AS1;-;-;ncRNA_intronic;BC043511;-;-;-;3;3;3	Name=AluSz	TRUE	Alu	ncRNA
chr12:27421566:A:G	chr12:27421566:T:C	A:G	ARNTL2-AS1	ncRNA
intronic	unknown	A;G;+;A||R||D;ALU;-;SINE/AluSz;ncRNA_intronic;RP11-165P7.1;-;-;ncRNA_intronic;ARNTL2-AS1;-;-;ncRNA_intronic;BC043511;-;-;-;300;21;36	Name=AluSz	TRUE	Alu	ncRNA
chr12:27421578:A:G	chr12:27421578:T:C	A:G	ARNTL2-AS1	ncRNA
intronic	unknown	A;G;+;A||R||D;ALU;-;SINE/AluSz;ncRNA_intronic;RP11-165P7.1;-;-;ncRNA_intronic;ARNTL2-AS1;-;-;ncRNA_intronic;BC043511;-;-;-;271;18;32	Name=AluSz	TRUE	Alu	ncRNA
chr12:23973599:T:C	chr12:23973599:A:G	A:G	SOX5	intronic	unknown	T;C;-;A||R||D;REP;-;DNA/MER44A;intergenic;SOX5||MIR920;-;-;intronic;SOX5;-;-;intronic;SOX5;-;-;-;5;3;3	Name=MER44A	TRUE	Other	intronic
chr12:24112655:T:C	chr12:24112655:A:G	A:G	SOX5	intronic	unknown	T;C;-;A||R||D;ALU;-;SINE/AluJb;intergenic;SOX5||MIR920;-;-;intronic;SOX5;-;-;intronic;SOX5;-;-;-;13;7;9	Name=AluJb	TRUE	Alu	intronic
chr12:112943040:A:G	chr12:112943040:A:G	A:G	OAS3	intronic	unknown	A;G;+;A||R||D;ALU;-;SINE/AluJb;ncRNA_intronic;RP1-71H24.1;-;-;intronic;OAS3;-;-;intronic;OAS3;-;-;-;32;9;11	Name=AluJb	TRUE	Alu	intronic
chr12:27421603:A:G	chr12:27421603:T:C	A:G	ARNTL2-AS1	ncRNA
intronic	unknown	A;G;+;A||R||D;ALU;-;SINE/AluSz;ncRNA_intronic;RP11-165P7.1;-;-;ncRNA_intronic;ARNTL2-AS1;-;-;ncRNA_intronic;BC043511;-;-;-;209;16;29	Name=AluSz	TRUE	Alu	ncRNA
chr12:31308078:T:C	chr12:31308078:A:G	A:G	SINHCAF	intronic	unknown	T;C;-;A||R||D;ALU;-;SINE/AluSz;intronic;FAM60A;-;-;intronic;FAM60A;-;-;intronic;FAM60A;-;-;-;10;7;7	Name=AluSz	TRUE	Alu	intronic
chr12:76829346:A:G	chr12:76829346:A:G	A:G	ZDHHC17	intronic	unknown	A;G;+;A||R||D;ALU;-;SINE/AluSg;intronic;ZDHHC17;-;-;intronic;ZDHHC17;-;-;intronic;ZDHHC17;-;-;-;11;7;7	Name=AluSx4	TRUE	Alu	intronic
chr12:101911174:A:G	chr12:101911174:A:G	A:G	DRAM1	intronic	unknown	A;G;+;A||R||D;ALU;-;SINE/AluSz;intronic;DRAM1;-;-;intronic;DRAM1;-;-;intronic;DRAM1;-;-;-;51;7;8	Name=AluSz	TRUE	Alu	intronic
chr12:123422433:T:C	chr12:123422433:A:G	A:G	RILPL2	intronic	unknown	T;C;-;R||D;ALU;-;SINE/AluSg;intronic;RILPL2;-;-;intronic;RILPL2;-;-;intronic;RILPL2;-;-;-;36;6;7	Name=AluSg	TRUE	Alu	intronic
chr12:24103493:T:C	chr12:24103493:A:G	A:G	SOX5	intronic	unknown	T;C;-;A||R||D;ALU;-;SINE/AluJr;intergenic;SOX5||MIR920;-;-;intronic;SOX5;-;-;intronic;SOX5;-;-;-;8;4;4	Name=AluJr	TRUE	Alu	intronic
chr12:24174699:T:C	chr12:24174699:A:G	A:G	SOX5	intronic	unknown	T;C;-;A||R||D;ALU;-;SINE/AluSq2;intergenic;SOX5||MIR920;-;-;intronic;SOX5;-;-;intronic;SOX5;-;-;-;6;5;5	Name=AluSq2	TRUE	Alu	intronic
chr12:24103575:T:C	chr12:24103575:A:G	A:G	SOX5	intronic	unknown	T;C;-;A||R||D;ALU;-;SINE/AluJr;intergenic;SOX5||MIR920;-;-;intronic;SOX5;-;-;intronic;SOX5;-;-;-;8;5;5	Name=AluJr	TRUE	Alu	intronic
chr12:24105338:T:C	chr12:24105338:A:G	A:G	SOX5	intronic	unknown	T;C;-;A||R||D;ALU;-;SINE/AluSz;intergenic;SOX5||MIR920;-;-;intronic;SOX5;-;-;intronic;SOX5;-;-;-;8;5;6	Name=AluSz	TRUE	Alu	intronic
chr12:24105458:T:C	chr12:24105458:A:G	A:G	SOX5	intronic	unknown	T;C;-;A;ALU;-;SINE/AluSz;intergenic;SOX5||MIR920;-;-;intronic;SOX5;-;-;intronic;SOX5;-;-;-;5;4;4	Name=AluSz	TRUE	Alu	intronic
chr12:24174176:T:C	chr12:24174176:A:G	A:G	SOX5	intronic	unknown	T;C;-;A||R;ALU;-;SINE/AluSz;intergenic;SOX5||MIR920;-;-;intronic;SOX5;-;-;intronic;SOX5;-;-;-;4;3;3	Name=AluSz	TRUE	Alu	intronic
chr12:24350484:T:C	chr12:24350484:A:G	A:G	SOX5	intronic	unknown	T;C;-;A;ALU;-;SINE/AluJb;intergenic;RP11-778H2.1||RP11-444D3.1;-;-;intronic;SOX5;-;-;intronic;SOX5;-;-;-;9;5;6	Name=AluJb	TRUE	Alu	intronic
chr12:24397988:T:C	chr12:24397988:A:G	A:G	SOX5	intronic	unknown	.	Name=AluY	FALSE	Alu	intronic
chr12:24855466:C:T	chr12:24855466:G:A	C:T	BCAT1	intronic	unknown	.	Name=AluSz	FALSE	Alu	intronic
chr12:24174174:T:C	chr12:24174174:A:G	A:G	SOX5	intronic	unknown	T;C;-;A||R;ALU;-;SINE/AluSz;intergenic;SOX5||MIR920;-;-;intronic;SOX5;-;-;intronic;SOX5;-;-;-;3;2;2	Name=AluSz	TRUE	Alu	intronic
chr12:132126224:C:T	chr12:132126224:C:T	C:T	EP400P1	ncRNA
exonic	unknown	.	.	FALSE	None	ncRNA
chr13:110899029:T:C	chr13:110899029:A:G	A:G	ANKRD10	intronic	unknown	T;C;-;A||R||D;ALU;-;SINE/AluSq;ncRNA_intronic;ANKRD10-IT1;-;-;intronic;ANKRD10;-;-;ncRNA_exonic;AK124233;-;-;-;1606;30;54	Name=AluSq2	TRUE	Alu	intronic
chr13:110899994:T:C	chr13:110899994:A:G	A:G	ANKRD10	intronic	unknown	T;C;-;A||R||D;ALU;-;SINE/AluJr;intronic;ANKRD10;-;-;intronic;ANKRD10;-;-;ncRNA_exonic;AK124233;-;-;-;2189;30;55	Name=AluJr	TRUE	Alu	intronic
chr13:110900009:T:C	chr13:110900009:A:G	A:G	ANKRD10	intronic	unknown	T;C;-;A||R||D;ALU;-;SINE/AluJr;intronic;ANKRD10;-;-;intronic;ANKRD10;-;-;ncRNA_exonic;AK124233;-;-;-;1971;30;53	Name=AluJr	TRUE	Alu	intronic
chr13:19672935:A:G	chr13:19672935:A:G	A:G	MPHOSPH8	UTR3	unknown	A;G;+;A||R||D;ALU;-;SINE/AluJb;UTR3;MPHOSPH8;-;-;UTR3;MPHOSPH8;-;-;UTR3;MPHOSPH8;-;-;-;2563;30;55	Name=AluJb	TRUE	Alu	UTR3
chr13:27945324:T:C	chr13:27945324:T:C	A:G	LINC00543	upstream	unknown	.	.	FALSE	None	upstream
chr13:32525669:T:C	chr13:32525669:A:G	A:G	N4BP2L2	intronic	unknown	T;C;-;A||R||D;ALU;-;SINE/AluJo;intronic;N4BP2L2;-;-;intronic;N4BP2L2;-;-;intronic;N4BP2L2;-;-;-;2253;30;55	Name=AluJb	TRUE	Alu	intronic
chr13:50972291:A:G	chr13:50972291:A:G	A:G	RNASEH2B	downstream	unknown	A;G;+;A||R;ALU;-;SINE/AluJb;intergenic;RNASEH2B||GUCY1B2;-;-;intergenic;RNASEH2B||GUCY1B2;-;-;intergenic;RNASEH2B||GUCY1B2;-;-;-;271;26;48	Name=AluJb	TRUE	Alu	downstream
chr13:110899024:T:C	chr13:110899024:A:G	A:G	ANKRD10	intronic	unknown	T;C;-;A||R||D;ALU;-;SINE/AluSq;ncRNA_intronic;ANKRD10-IT1;-;-;intronic;ANKRD10;-;-;ncRNA_exonic;AK124233;-;-;-;1880;30;54	Name=AluSq2	TRUE	Alu	intronic
chr13:110899967:T:C	chr13:110899967:A:G	A:G	ANKRD10	intronic	unknown	T;C;-;A||R||D;ALU;-;SINE/AluJr;intronic;ANKRD10;-;-;intronic;ANKRD10;-;-;ncRNA_exonic;AK124233;-;-;-;1636;30;54	Name=AluJr	TRUE	Alu	intronic
chr13:19964485:A:G	chr13:19964485:A:G	A:G	ZMYM2	intronic	unknown	A;G;+;A||R;ALU;-;SINE/AluJo;intronic;ZMYM2;-;-;intronic;ZMYM2;-;-;intronic;ZMYM2;-;-;-;18;9;9	Name=AluJo	TRUE	Alu	intronic
chr13:48508586:T:C	chr13:48508586:A:G	A:G	RCBTB2	intronic	unknown	T;C;-;A||R||D;ALU;-;SINE/AluSx;intronic;RCBTB2;-;-;intronic;RCBTB2;-;-;intronic;RCBTB2;-;-;-;102;19;22	Name=AluSx	TRUE	Alu	intronic
chr13:49991337:T:C	chr13:49991337:A:G	A:G	DLEU2	ncRNA
intronic	unknown	T;C;-;A||R||D;ALU;-;SINE/AluJb;intergenic;AL136123.1||MIR3613;-;-;ncRNA_intronic;DLEU2;-;-;ncRNA_intronic;DLEU2;-;-;-;466;27;48	Name=AluJb	TRUE	Alu	ncRNA
chr13:50008976:T:C	chr13:50008976:A:G	A:G	DLEU2	ncRNA
intronic	unknown	T;C;-;A||R;ALU;-;SINE/AluJb;intronic;TRIM13;-;-;ncRNA_intronic;DLEU2;-;-;ncRNA_intronic;DLEU2;-;-;-;23;10;14	Name=AluJb	TRUE	Alu	ncRNA
chr13:50065631:T:C	chr13:50065631:A:G	A:G	DLEU2	ncRNA
intronic	unknown	T;C;-;A||R;ALU;-;SINE/AluY;intergenic;DLEU2||DLEU1;-;-;ncRNA_intronic;DLEU2;-;-;ncRNA_intronic;DLEU2;-;-;-;14;6;8	Name=AluYh3	TRUE	Alu	ncRNA
chr13:21374356:T:C	chr13:21374356:T:C	A:G	MIPEPP3	ncRNA
intronic	unknown	T;C;-;A||R||D;ALU;-;SINE/AluSx;intergenic;RNA5SP25||ZDHHC20;-;-;ncRNA_intronic;MIPEPP3;-;-;ncRNA_intronic;MIPEPP3;-;-;-;1882;30;55	Name=AluSx	TRUE	Alu	ncRNA
chr13:21374431:T:C	chr13:21374431:T:C	A:G	MIPEPP3	ncRNA
intronic	unknown	T;C;-;A||R;ALU;-;SINE/AluSx;intergenic;RNA5SP25||ZDHHC20;-;-;ncRNA_intronic;MIPEPP3;-;-;ncRNA_intronic;MIPEPP3;-;-;-;2071;30;55	Name=AluSx	TRUE	Alu	ncRNA
chr13:21374438:T:C	chr13:21374438:T:C	A:G	MIPEPP3	ncRNA
intronic	unknown	T;C;-;A||R||D;ALU;-;SINE/AluSx;intergenic;RNA5SP25||ZDHHC20;-;-;ncRNA_intronic;MIPEPP3;-;-;ncRNA_intronic;MIPEPP3;-;-;-;1658;30;54	Name=AluSx	TRUE	Alu	ncRNA
chr13:21374485:T:C	chr13:21374485:T:C	A:G	MIPEPP3	ncRNA
intronic	unknown	T;C;-;A||R;ALU;-;SINE/AluSx;intergenic;RNA5SP25||ZDHHC20;-;-;ncRNA_intronic;MIPEPP3;-;-;ncRNA_intronic;MIPEPP3;-;-;-;1909;30;55	Name=AluSx	TRUE	Alu	ncRNA
chr13:21374486:T:C	chr13:21374486:T:C	A:G	MIPEPP3	ncRNA
intronic	unknown	T;C;-;A||R||D;ALU;-;SINE/AluSx;intergenic;RNA5SP25||ZDHHC20;-;-;ncRNA_intronic;MIPEPP3;-;-;ncRNA_intronic;MIPEPP3;-;-;-;1992;30;55	Name=AluSx	TRUE	Alu	ncRNA
chr13:21374507:T:C	chr13:21374507:T:C	A:G	MIPEPP3	ncRNA
intronic	unknown	T;C;-;A||R;ALU;-;SINE/AluSx;intergenic;RNA5SP25||ZDHHC20;-;-;ncRNA_intronic;MIPEPP3;-;-;ncRNA_intronic;MIPEPP3;-;-;-;1469;30;54	Name=AluSx	TRUE	Alu	ncRNA
chr13:21374508:T:C	chr13:21374508:T:C	A:G	MIPEPP3	ncRNA
intronic	unknown	T;C;-;A||R;ALU;-;SINE/AluSx;intergenic;RNA5SP25||ZDHHC20;-;-;ncRNA_intronic;MIPEPP3;-;-;ncRNA_intronic;MIPEPP3;-;-;-;1708;30;55	Name=AluSx	TRUE	Alu	ncRNA
chr13:21375058:T:C	chr13:21375058:T:C	A:G	MIPEPP3	ncRNA
intronic	unknown	T;C;-;A||R;ALU;-;SINE/AluSz;intergenic;RNA5SP25||ZDHHC20;-;-;ncRNA_intronic;MIPEPP3;-;-;ncRNA_intronic;MIPEPP3;-;-;-;2177;30;54	Name=AluSz	TRUE	Alu	ncRNA
chr13:21375072:T:C	chr13:21375072:T:C	A:G	MIPEPP3	ncRNA
intronic	unknown	T;C;-;A||R;ALU;-;SINE/AluSz;intergenic;RNA5SP25||ZDHHC20;-;-;ncRNA_intronic;MIPEPP3;-;-;ncRNA_intronic;MIPEPP3;-;-;-;1687;30;55	Name=AluSz	TRUE	Alu	ncRNA
chr13:21020908:T:C	chr13:21020908:A:G	A:G	LATS2	intronic	unknown	T;C;-;A||R;NONREP;-;-/-;intronic;LATS2;-;-;intronic;LATS2;-;-;intronic;LATS2;-;-;-;9;6;6	.	TRUE	None	intronic
chr13:21374321:T:C	chr13:21374321:T:C	A:G	MIPEPP3	ncRNA
intronic	unknown	T;C;-;A||R;ALU;-;SINE/AluSx;intergenic;RNA5SP25||ZDHHC20;-;-;ncRNA_intronic;MIPEPP3;-;-;ncRNA_intronic;MIPEPP3;-;-;-;967;30;53	Name=AluSx	TRUE	Alu	ncRNA
chr13:21374877:T:C	chr13:21374877:T:C	A:G	MIPEPP3	ncRNA
intronic	unknown	T;C;-;A||R;ALU;-;SINE/AluSz;intergenic;RNA5SP25||ZDHHC20;-;-;ncRNA_intronic;MIPEPP3;-;-;ncRNA_intronic;MIPEPP3;-;-;-;1784;30;55	Name=AluSz	TRUE	Alu	ncRNA
chr13:32525013:T:C	chr13:32525013:A:G	A:G	N4BP2L2	intronic	unknown	T;C;-;A||R||D;ALU;-;SINE/AluJb;intronic;N4BP2L2;-;-;intronic;N4BP2L2;-;-;intronic;N4BP2L2;-;-;-;2172;30;54	Name=AluJb	TRUE	Alu	intronic
chr13:32055245:A:G	chr13:32055245:A:G	A:G	FRY	intronic	unknown	A;G;+;A||R;ALU;rs761089989;SINE/AluJo;intronic;FRY;-;-;intronic;FRY;-;-;intronic;FRY;-;-;-;5;4;4	Name=AluJb	TRUE	Alu	intronic
chr13:50008981:T:C	chr13:50008981:A:G	A:G	DLEU2	ncRNA
intronic	unknown	T;C;-;R;ALU;-;SINE/AluJb;intronic;TRIM13;-;-;ncRNA_intronic;DLEU2;-;-;ncRNA_intronic;DLEU2;-;-;-;17;8;10	Name=AluJb	TRUE	Alu	ncRNA
chr13:50047394:T:C	chr13:50047394:A:G	A:G	DLEU2	ncRNA
intronic	unknown	T;C;-;A||R||D;ALU;-;SINE/AluJo;intergenic;KCNRG||MIR16-1;-;-;ncRNA_intronic;DLEU2;-;-;ncRNA_intronic;DLEU2;-;-;-;261;25;37	Name=AluJo	TRUE	Alu	ncRNA
chr13:45353720:A:G	chr13:45353720:A:G	A:G	TPT1-AS1	ncRNA
intronic	unknown	A;G;+;A||R;ALU;-;SINE/AluJb;ncRNA_intronic;TPT1-AS1;-;-;ncRNA_intronic;TPT1-AS1;-;-;ncRNA_intronic;TPT1-AS1;-;-;-;19;10;10	Name=AluJb	TRUE	Alu	ncRNA
chr13:99638025:A:G	chr13:99638025:A:G	A:G	CLYBL	intronic	unknown	A;G;+;A||R||D;ALU;-;SINE/AluJb;intronic;CLYBL;-;-;intronic;CLYBL;-;-;intronic;CLYBL;-;-;-;5;2;2	Name=AluJb	TRUE	Alu	intronic
chr13:32399063:A:G	chr13:32399063:A:G	A:G	BRCA2	UTR3	unknown	A;G;+;A||R||D;ALU;-;SINE/AluJr;UTR3;BRCA2;-;-;UTR3;BRCA2;-;-;UTR3;BRCA2;-;-;-;407;25;33	Name=FLAM_C	TRUE	Other	UTR3
chr13:50064952:T:C	chr13:50064952:A:G	A:G	DLEU2	ncRNA
intronic	unknown	T;C;-;A||R;ALU;-;SINE/AluSp;intergenic;DLEU2||DLEU1;-;-;ncRNA_intronic;DLEU2;-;-;ncRNA_intronic;DLEU2;-;-;-;3;3;3	Name=AluSp	TRUE	Alu	ncRNA
chr13:32055234:A:G	chr13:32055234:A:G	A:G	FRY	intronic	unknown	A;G;+;A;ALU;-;SINE/AluJo;intronic;FRY;-;-;intronic;FRY;-;-;intronic;FRY;-;-;-;6;5;5	Name=AluJb	TRUE	Alu	intronic
chr13:33342017:T:C	chr13:33342017:A:G	A:G	STARD13	intronic	unknown	T;C;-;A||R;ALU;-;SINE/AluSz;intergenic;AL138999.1||STARD13;-;-;intronic;STARD13;-;-;intronic;STARD13;-;-;-;4;4;4	Name=AluSz	TRUE	Alu	intronic
chr13:46357086:T:C	chr13:46357086:A:G	A:G	RUBCNL	intronic	unknown	.	Name=AluY	FALSE	Alu	intronic
chr13:46357002:T:C	chr13:46357002:A:G	A:G	RUBCNL	intronic	unknown	T;C;-;R;ALU;-;SINE/AluJr;intronic;KIAA0226L;-;-;intronic;KIAA0226L;-;-;intronic;KIAA0226L;-;-;-;4;2;2	Name=AluJr	TRUE	Alu	intronic
chr13:46352109:T:C	chr13:46352109:A:G	A:G	RUBCNL	intronic	unknown	T;C;-;A||R||D;ALU;-;SINE/AluSz;intronic;KIAA0226L;-;-;intronic;KIAA0226L;-;-;intronic;KIAA0226L;-;-;-;144;15;21	Name=AluSz	TRUE	Alu	intronic
chr14:21460342:T:C	chr14:21460342:A:G	A:G	RAB2B	UTR3	unknown	T;C;-;A||R||D;ALU;-;SINE/AluSc;UTR3;RAB2B;-;-;UTR3;RAB2B;-;-;UTR3;RAB2B;-;-;-;1974;30;55	Name=AluSc	TRUE	Alu	UTR3
chr14:21460343:T:C	chr14:21460343:A:G	A:G	RAB2B	UTR3	unknown	T;C;-;A||R||D;ALU;rs538348521;SINE/AluSc;UTR3;RAB2B;-;-;UTR3;RAB2B;-;-;UTR3;RAB2B;-;-;-;1150;30;55	Name=AluSc	TRUE	Alu	UTR3
chr14:21460463:T:C	chr14:21460463:A:G	A:G	RAB2B	UTR3	unknown	T;C;-;A||R||D;ALU;-;SINE/AluSc;UTR3;RAB2B;-;-;UTR3;RAB2B;-;-;UTR3;RAB2B;-;-;-;1529;30;54	Name=AluSc	TRUE	Alu	UTR3
chr14:21460499:T:C	chr14:21460499:A:G	A:G	RAB2B	UTR3	unknown	T;C;-;A||R||D;ALU;-;SINE/AluSc;UTR3;RAB2B;-;-;UTR3;RAB2B;-;-;UTR3;RAB2B;-;-;-;1664;30;54	Name=AluSc	TRUE	Alu	UTR3
chr14:21460523:T:C	chr14:21460523:A:G	A:G	RAB2B	UTR3	unknown	T;C;-;A||R||D;ALU;-;SINE/AluSc;UTR3;RAB2B;-;-;UTR3;RAB2B;-;-;UTR3;RAB2B;-;-;-;1030;29;53	Name=AluSc	TRUE	Alu	UTR3
chr14:45131466:T:C	chr14:45131466:A:G	A:G	FKBP3	intronic	unknown	T;C;-;A||R||D;ALU;-;SINE/AluSx;intronic;FKBP3;-;-;intronic;FKBP3;-;-;intronic;FKBP3;-;-;-;1673;30;55	Name=AluSx	TRUE	Alu	intronic
chr14:55135779:A:G	chr14:55135779:A:G	A:G	LGALS3	intronic	unknown	A;G;+;A||R||D;ALU;-;SINE/AluJb;intronic;LGALS3;-;-;intronic;LGALS3;-;-;intronic;LGALS3;-;-;-;1453;30;51	Name=AluJb	TRUE	Alu	intronic
chr14:102612836:A:G	chr14:102612836:A:G	A:G	RCOR1	intronic	unknown	A;G;+;A||R;ALU;-;SINE/AluJr;intronic;RCOR1;-;-;intronic;RCOR1;-;-;intronic;RCOR1;-;-;-;9;6;6	Name=AluJr	TRUE	Alu	intronic
chr14:103484326:A:G	chr14:103484326:A:G	A:G	MARK3	intronic	unknown	A;G;+;A||R||D;ALU;-;SINE/AluSz;intronic;MARK3;-;-;intronic;MARK3;-;-;intronic;MARK3;-;-;-;270;28;42	Name=AluSz	TRUE	Alu	intronic
chr14:21256940:T:C	chr14:21256940:A:G	A:G	HNRNPC	intronic	unknown	T;C;-;A||R||D;ALU;-;SINE/AluJb;intronic;HNRNPC;-;-;intronic;HNRNPC;-;-;intronic;HNRNPC;-;-;-;49;14;19	Name=AluJb	TRUE	Alu	intronic
chr14:21460331:T:C	chr14:21460331:A:G	A:G	RAB2B	UTR3	unknown	T;C;-;A||R||D;ALU;-;SINE/AluSc;UTR3;RAB2B;-;-;UTR3;RAB2B;-;-;UTR3;RAB2B;-;-;-;1595;30;55	Name=AluSc	TRUE	Alu	UTR3
chr14:21460419:T:C	chr14:21460419:A:G	A:G	RAB2B	UTR3	unknown	T;C;-;A||R||D;ALU;-;SINE/AluSc;UTR3;RAB2B;-;-;UTR3;RAB2B;-;-;UTR3;RAB2B;-;-;-;1858;30;54	Name=AluSc	TRUE	Alu	UTR3
chr14:31095938:A:G	chr14:31095938:A:G	A:G	AP4S1	UTR3	unknown	A;G;+;A||R||D;ALU;-;SINE/AluSz;intergenic;AP4S1||HECTD1;-;-;UTR3;AP4S1;-;-;UTR3;AP4S1;-;-;-;1251;30;55	Name=AluSz	TRUE	Alu	UTR3
chr14:55135839:A:G	chr14:55135839:A:G	A:G	LGALS3	intronic	unknown	A;G;+;A||R||D;ALU;-;SINE/AluJb;intronic;LGALS3;-;-;intronic;LGALS3;-;-;intronic;LGALS3;-;-;-;1580;30;52	Name=AluJb	TRUE	Alu	intronic
chr14:71419827:A:G	chr14:71419827:A:G	A:G	SIPA1L1	intronic	unknown	A;G;+;A||R;ALU;-;SINE/AluJr;intergenic;SNORD56B||RN7SL683P;-;-;intergenic;SNORD56B||LOC145474;-;-;intergenic;SNORD56B||Metazoa_SRP;-;-;-;4;3;3	Name=AluJr	TRUE	Alu	intronic
chr14:92059696:T:C	chr14:92059696:A:G	A:G	ATXN3	UTR3	unknown	T;C;-;A||R||D;ALU;-;SINE/AluSx1;UTR3;ATXN3;-;-;UTR3;ATXN3;-;-;UTR3;ATXN3;-;-;-;170;28;43	Name=AluSx1	TRUE	Alu	UTR3
chr14:74737827:A:G	chr14:74737827:A:G	A:G	FCF1	UTR3	unknown	A;G;+;A||R;ALU;-;SINE/AluSp;intergenic;FCF1||YLPM1;-;-;intergenic;FCF1||YLPM1;-;-;intergenic;FCF1||YLPM1;-;-;-;247;26;39	Name=AluSp	TRUE	Alu	UTR3
chr14:92167145:A:G	chr14:92167145:A:G	A:G	CPSF2	UTR3	unknown	A;G;+;A||R||D;ALU;-;SINE/AluSz;intergenic;CPSF2||RP11-472N19.3;-;-;intergenic;CPSF2||SLC24A4;-;-;intergenic;CPSF2||SLC24A4;-;-;-;5;4;4	Name=AluSz	TRUE	Alu	UTR3
chr14:92167193:A:G	chr14:92167193:A:G	A:G	CPSF2	UTR3	unknown	A;G;+;A||R;ALU;-;SINE/AluSz;intergenic;CPSF2||RP11-472N19.3;-;-;intergenic;CPSF2||SLC24A4;-;-;intergenic;CPSF2||SLC24A4;-;-;-;4;4;4	Name=AluSz	TRUE	Alu	UTR3
chr14:92167274:A:G	chr14:92167274:A:G	A:G	CPSF2	UTR3	unknown	A;G;+;A||R;ALU;-;SINE/AluSz;intergenic;CPSF2||RP11-472N19.3;-;-;intergenic;CPSF2||SLC24A4;-;-;intergenic;CPSF2||SLC24A4;-;-;-;8;6;6	Name=AluSz	TRUE	Alu	UTR3
chr14:92167286:A:G	chr14:92167286:A:G	A:G	CPSF2	UTR3	unknown	A;G;+;A||R;ALU;-;SINE/AluSz;intergenic;CPSF2||RP11-472N19.3;-;-;intergenic;CPSF2||SLC24A4;-;-;intergenic;CPSF2||SLC24A4;-;-;-;11;6;7	Name=AluSz	TRUE	Alu	UTR3
chr14:92167992:A:G	chr14:92167992:A:G	A:G	CPSF2	UTR3	unknown	A;G;+;A||R;ALU;-;SINE/AluSx1;intergenic;CPSF2||RP11-472N19.3;-;-;intergenic;CPSF2||SLC24A4;-;-;intergenic;CPSF2||SLC24A4;-;-;-;7;4;4	Name=AluSx1	TRUE	Alu	UTR3
chr14:92168125:A:G	chr14:92168125:A:G	A:G	CPSF2	UTR3	unknown	A;G;+;A||R;ALU;-;SINE/AluSx1;intergenic;CPSF2||RP11-472N19.3;-;-;intergenic;CPSF2||SLC24A4;-;-;intergenic;CPSF2||SLC24A4;-;-;-;5;4;5	Name=AluSx1	TRUE	Alu	UTR3
chr14:92168133:A:G	chr14:92168133:A:G	A:G	CPSF2	UTR3	unknown	A;G;+;A||R;ALU;-;SINE/AluSx1;intergenic;CPSF2||RP11-472N19.3;-;-;intergenic;CPSF2||SLC24A4;-;-;intergenic;CPSF2||SLC24A4;-;-;-;5;4;5	Name=AluSx1	TRUE	Alu	UTR3
chr14:92799869:A:G	chr14:92799869:A:G	A:G	GOLGA5	intronic	unknown	A;G;+;A||R;ALU;-;SINE/AluSz;intronic;GOLGA5;-;-;intronic;GOLGA5;-;-;intronic;GOLGA5;-;-;-;19;10;10	Name=AluSz	TRUE	Alu	intronic
chr14:105045557:T:C	chr14:105045557:A:G	A:G	GPR132	downstream	unknown	T;C;-;R;ALU;-;SINE/AluSc5;intergenic;CDCA4||GPR132;-;-;intergenic;CDCA4||GPR132;-;-;intergenic;CDCA4||GPR132;-;-;-;9;3;4	Name=AluSc5	TRUE	Alu	downstream
chr14:105049680:T:C	chr14:105049680:A:G	A:G	GPR132	UTR3	unknown	T;C;-;A||R||D;ALU;-;SINE/AluJr;UTR3;GPR132;-;-;UTR3;GPR132;-;-;UTR3;GPR132;-;-;-;810;29;50	Name=AluJr	TRUE	Alu	UTR3
chr14:73215423:A:G	chr14:73215423:A:G	A:G	PSEN1	intronic	unknown	A;G;+;R||D;ALU;-;SINE/AluSx;intronic;PSEN1;-;-;intronic;PSEN1;-;-;intronic;PSEN1;-;-;-;0;0;0	Name=AluSx	TRUE	Alu	intronic
chr14:73877956:A:G	chr14:73877956:A:G	A:G	PTGR2	intronic	unknown	A;G;+;A||R||D;ALU;-;SINE/AluJr4;intronic;PTGR2||RP5-1021I20.4;-;-;intronic;PTGR2;-;-;intronic;PTGR2;-;-;-;247;28;46	Name=AluJr4	TRUE	Alu	intronic
chr14:92167991:A:G	chr14:92167991:A:G	A:G	CPSF2	UTR3	unknown	A;G;+;A||R;ALU;-;SINE/AluSx1;intergenic;CPSF2||RP11-472N19.3;-;-;intergenic;CPSF2||SLC24A4;-;-;intergenic;CPSF2||SLC24A4;-;-;-;8;4;4	Name=AluSx1	TRUE	Alu	UTR3
chr14:92168128:A:G	chr14:92168128:A:G	A:G	CPSF2	UTR3	unknown	A;G;+;A||R;ALU;-;SINE/AluSx1;intergenic;CPSF2||RP11-472N19.3;-;-;intergenic;CPSF2||SLC24A4;-;-;intergenic;CPSF2||SLC24A4;-;-;-;4;3;4	Name=AluSx1	TRUE	Alu	UTR3
chr14:92705760:T:C	chr14:92705760:A:G	A:G	LGMN	intronic	unknown	T;C;-;R;ALU;-;SINE/AluSx;intronic;LGMN;-;-;intronic;LGMN;-;-;intronic;LGMN;-;-;-;79;17;21	Name=AluSx	TRUE	Alu	intronic
chr14:92799868:A:G	chr14:92799868:A:G	A:G	GOLGA5	intronic	unknown	A;G;+;R;ALU;-;SINE/AluSz;intronic;GOLGA5;-;-;intronic;GOLGA5;-;-;intronic;GOLGA5;-;-;-;11;6;6	Name=AluSz	TRUE	Alu	intronic
chr14:92799881:A:G	chr14:92799881:A:G	A:G	GOLGA5	intronic	unknown	A;G;+;R;ALU;-;SINE/AluSz;intronic;GOLGA5;-;-;intronic;GOLGA5;-;-;intronic;GOLGA5;-;-;-;15;7;7	Name=AluSz	TRUE	Alu	intronic
chr14:105046375:T:C	chr14:105046375:A:G	A:G	GPR132	downstream	unknown	.	Name=AluJr	FALSE	Alu	downstream
chr14:105359731:A:G	chr14:105359731:A:G	A:G	PACS2	intronic	unknown	.	Name=AluY	FALSE	Alu	intronic
chr14:105359798:A:G	chr14:105359798:A:G	A:G	PACS2	intronic	unknown	.	Name=AluY	FALSE	Alu	intronic
chr14:105359803:A:G	chr14:105359803:A:G	A:G	PACS2	intronic	unknown	.	Name=AluY	FALSE	Alu	intronic
chr14:39325923:A:G	chr14:39325923:A:G	A:G	MIA2	intronic	unknown	A;G;+;A||R||D;ALU;-;SINE/AluSx1;intronic;CTAGE5||RP11-407N17.3;-;-;intronic;CTAGE5;-;-;intronic;CTAGE5;-;-;-;759;30;52	Name=AluSx1	TRUE	Alu	intronic
chr14:70924066:A:G	chr14:70924066:A:G	A:G	PCNX1	intronic	unknown	A;G;+;A||R||D;ALU;-;SINE/AluJb;intronic;PCNX;-;-;intronic;PCNX;-;-;intronic;PCNX;-;-;-;13;5;5	Name=AluJb	TRUE	Alu	intronic
chr14:73215422:A:G	chr14:73215422:A:G	A:G	PSEN1	intronic	unknown	A;G;+;R||D;ALU;-;SINE/AluSx;intronic;PSEN1;-;-;intronic;PSEN1;-;-;intronic;PSEN1;-;-;-;0;0;0	Name=AluSx	TRUE	Alu	intronic
chr14:73294702:A:G	chr14:73294702:T:C	A:G	NUMB	intronic	unknown	A;G;+;A;ALU;-;SINE/AluSx3;intronic;NUMB;-;-;intronic;NUMB;-;-;intronic;NUMB;-;-;-;10;7;7	Name=AluSz	TRUE	Alu	intronic
chr14:92170018:A:G	chr14:92170018:A:G	A:G	CPSF2	UTR3	unknown	A;G;+;A||R;ALU;-;SINE/AluJo;intergenic;CPSF2||RP11-472N19.3;-;-;intergenic;CPSF2||SLC24A4;-;-;intergenic;CPSF2||SLC24A4;-;-;-;20;12;15	Name=AluJo	TRUE	Alu	UTR3
chr14:92170032:A:G	chr14:92170032:A:G	A:G	CPSF2	UTR3	unknown	A;G;+;A||R;ALU;-;SINE/AluJo;intergenic;CPSF2||RP11-472N19.3;-;-;intergenic;CPSF2||SLC24A4;-;-;intergenic;CPSF2||SLC24A4;-;-;-;27;13;19	Name=AluJo	TRUE	Alu	UTR3
chr14:21265737:T:C	chr14:21265737:A:G	A:G	HNRNPC	intronic	unknown	T;C;-;A||R||D;ALU;-;SINE/AluSx;intronic;HNRNPC;-;-;intronic;HNRNPC;-;-;intronic;HNRNPC;-;-;-;187;27;39	Name=AluSx	TRUE	Alu	intronic
chr14:92169875:A:G	chr14:92169875:A:G	A:G	CPSF2	UTR3	unknown	A;G;+;A||R;ALU;-;SINE/AluJo;intergenic;CPSF2||RP11-472N19.3;-;-;intergenic;CPSF2||SLC24A4;-;-;intergenic;CPSF2||SLC24A4;-;-;-;13;9;9	Name=AluJo	TRUE	Alu	UTR3
chr14:92169956:A:G	chr14:92169956:A:G	A:G	CPSF2	UTR3	unknown	A;G;+;A||R;ALU;-;SINE/AluJo;intergenic;CPSF2||RP11-472N19.3;-;-;intergenic;CPSF2||SLC24A4;-;-;intergenic;CPSF2||SLC24A4;-;-;-;13;6;8	Name=AluJo	TRUE	Alu	UTR3
chr14:92170045:A:G	chr14:92170045:A:G	A:G	CPSF2	UTR3	unknown	A;G;+;A||R;ALU;-;SINE/AluJo;intergenic;CPSF2||RP11-472N19.3;-;-;intergenic;CPSF2||SLC24A4;-;-;intergenic;CPSF2||SLC24A4;-;-;-;19;10;14	Name=AluJo	TRUE	Alu	UTR3
chr14:88013298:A:G	chr14:88013298:A:G	A:G	GPR65	UTR3	unknown	.	Name=AluSx1	FALSE	Alu	UTR3
chr14:92119964:T:C	chr14:92119964:A:G	A:G	NDUFB1	intronic	unknown	T;C;-;A||R||D;ALU;-;SINE/AluJr;intronic;NDUFB1;-;-;intronic;NDUFB1;-;-;intronic;NDUFB1;-;-;-;1397;30;53	Name=AluJr	TRUE	Alu	intronic
chr14:105046441:T:C	chr14:105046441:A:G	A:G	GPR132	downstream	unknown	.	Name=AluJr	FALSE	Alu	downstream
chr14:45249331:T:C	chr14:45249331:A:G	A:G	MIS18BP1	intronic	unknown	T;C;-;A||R;ALU;rs554024097;SINE/AluSx;intronic;MIS18BP1;-;-;intronic;MIS18BP1;-;-;intronic;MIS18BP1;-;-;-;1;1;1	Name=AluSx	TRUE	Alu	intronic
chr14:50197899:T:C	chr14:50197899:A:G	A:G	SOS2	intronic	unknown	T;C;-;A||R||D;ALU;-;SINE/AluSz6;intronic;SOS2;-;-;intronic;SOS2;-;-;intronic;SOS2;-;-;-;27;8;9	Name=AluSz6	TRUE	Alu	intronic
chr14:89475511:T:C	chr14:89475511:A:G	A:G	FOXN3	intronic	unknown	T;C;-;A||R;ALU;-;SINE/AluJo;ncRNA_intronic;RP11-33N16.3;-;-;intronic;FOXN3;-;-;intronic;FOXN3;-;-;-;9;6;6	Name=AluJo	TRUE	Alu	intronic
chr14:39129042:A:G	chr14:39129042:A:G	A:G	GEMIN2	intronic	unknown	A;G;+;A||R||D;ALU;-;SINE/AluJb;intronic;GEMIN2;-;-;intronic;GEMIN2;-;-;intronic;GEMIN2;-;-;-;68;16;22	Name=AluJb	TRUE	Alu	intronic
chr14:45249704:T:C	chr14:45249704:A:G	A:G	MIS18BP1	intronic	unknown	T;C;-;A;ALU;-;SINE/AluSz;intronic;MIS18BP1;-;-;intronic;MIS18BP1;-;-;intronic;MIS18BP1;-;-;-;3;2;2	Name=AluSz	TRUE	Alu	intronic
chr14:45249705:T:C	chr14:45249705:A:G	A:G	MIS18BP1	intronic	unknown	T;C;-;A;ALU;-;SINE/AluSz;intronic;MIS18BP1;-;-;intronic;MIS18BP1;-;-;intronic;MIS18BP1;-;-;-;2;2;2	Name=AluSz	TRUE	Alu	intronic
chr14:71440289:A:G	chr14:71440289:A:G	A:G	SIPA1L1	intronic	unknown	A;G;+;A||R;ALU;-;SINE/AluSx;intergenic;SNORD56B||RN7SL683P;-;-;intergenic;SNORD56B||LOC145474;-;-;intergenic;SNORD56B||Metazoa_SRP;-;-;-;80;10;21	Name=AluSx	TRUE	Alu	intronic
chr14:31014359:T:C	chr14:31014359:A:G	A:G	STRN3	intronic	unknown	T;C;-;A||R||D;ALU;-;SINE/AluSg;intronic;STRN3;-;-;intronic;STRN3;-;-;intronic;STRN3;-;-;-;8;5;5	Name=AluSg	TRUE	Alu	intronic
chr14:61795894:A:G	chr14:61795894:A:G	A:G	SNAPC1	UTR3	unknown	A;G;+;A||R||D;REP;-;SINE/FLAM_C;UTR3;SNAPC1;-;-;UTR3;SNAPC1;-;-;UTR3;SNAPC1;-;-;-;958;30;53	Name=FLAM_C	TRUE	Other	UTR3
chr14:45207568:T:C	chr14:45207568:A:G	A:G	MIS18BP1	intronic	unknown	T;C;-;A||R||D;ALU;-;SINE/AluSx;intronic;MIS18BP1;-;-;intronic;MIS18BP1;-;-;intronic;MIS18BP1;-;-;-;702;29;46	Name=AluSx	TRUE	Alu	intronic
chr14:45207591:T:C	chr14:45207591:A:G	A:G	MIS18BP1	intronic	unknown	T;C;-;A||R||D;ALU;-;SINE/AluSx;intronic;MIS18BP1;-;-;intronic;MIS18BP1;-;-;intronic;MIS18BP1;-;-;-;666;30;46	Name=AluSx	TRUE	Alu	intronic
chr14:61795946:A:G	chr14:61795946:A:G	A:G	SNAPC1	UTR3	unknown	A;G;+;A||R;REP;-;SINE/FLAM_C;UTR3;SNAPC1;-;-;UTR3;SNAPC1;-;-;UTR3;SNAPC1;-;-;-;1672;30;54	Name=FLAM_C	TRUE	Other	UTR3
chr14:92691806:A:G	chr14:92691806:A:G	A:G	RIN3	downstream	unknown	A;G;+;R||D;NONREP;-;-/-;intergenic;RIN3||LGMN;-;-;intergenic;RIN3||LGMN;-;-;intergenic;RIN3||LGMN;-;-;-;7;1;1	.	TRUE	None	downstream
chr14:20451002:T:C	chr14:20451002:A:G	A:G	OSGEP	intronic	unknown	T;C;-;A||R||D;ALU;-;SINE/AluSx;intronic;OSGEP;-;-;intronic;OSGEP;-;-;intronic;OSGEP;-;-;-;1698;30;54	Name=AluSq2	TRUE	Alu	intronic
chr14:22817477:T:C	chr14:22817477:A:G	A:G	SLC7A7	intronic	unknown	T;C;-;R;ALU;-;SINE/AluSx;intronic;AL135998.1||SLC7A7;-;-;intronic;SLC7A7;-;-;intronic;SLC7A7;-;-;-;65;7;8	Name=AluSx	TRUE	Alu	intronic
chr14:22817478:T:C	chr14:22817478:A:G	A:G	SLC7A7	intronic	unknown	T;C;-;R;ALU;-;SINE/AluSx;intronic;AL135998.1||SLC7A7;-;-;intronic;SLC7A7;-;-;intronic;SLC7A7;-;-;-;59;6;7	Name=AluSx	TRUE	Alu	intronic
chr14:22817605:T:C	chr14:22817605:A:G	A:G	SLC7A7	intronic	unknown	T;C;-;R||D;ALU;-;SINE/AluSx;intronic;AL135998.1||SLC7A7;-;-;intronic;SLC7A7;-;-;intronic;SLC7A7;-;-;-;77;7;8	Name=AluSx	TRUE	Alu	intronic
chr14:22817613:T:C	chr14:22817613:A:G	A:G	SLC7A7	intronic	unknown	T;C;-;R;ALU;-;SINE/AluSx;intronic;AL135998.1||SLC7A7;-;-;intronic;SLC7A7;-;-;intronic;SLC7A7;-;-;-;96;6;7	Name=AluSx	TRUE	Alu	intronic
chr14:22817614:T:C	chr14:22817614:A:G	A:G	SLC7A7	intronic	unknown	T;C;-;R||D;ALU;-;SINE/AluSx;intronic;AL135998.1||SLC7A7;-;-;intronic;SLC7A7;-;-;intronic;SLC7A7;-;-;-;89;6;7	Name=AluSx	TRUE	Alu	intronic
chr14:22817673:T:C	chr14:22817673:A:G	A:G	SLC7A7	intronic	unknown	T;C;-;R;ALU;-;SINE/AluSx;intronic;AL135998.1||SLC7A7;-;-;intronic;SLC7A7;-;-;intronic;SLC7A7;-;-;-;81;7;8	Name=AluSz6	TRUE	Alu	intronic
chr14:22817680:T:C	chr14:22817680:A:G	A:G	SLC7A7	intronic	unknown	T;C;-;R;ALU;-;SINE/AluSx;intronic;AL135998.1||SLC7A7;-;-;intronic;SLC7A7;-;-;intronic;SLC7A7;-;-;-;54;6;7	Name=AluSz6	TRUE	Alu	intronic
chr14:22817681:T:C	chr14:22817681:A:G	A:G	SLC7A7	intronic	unknown	T;C;-;R;ALU;-;SINE/AluSx;intronic;AL135998.1||SLC7A7;-;-;intronic;SLC7A7;-;-;intronic;SLC7A7;-;-;-;60;7;8	Name=AluSz6	TRUE	Alu	intronic
chr14:22818871:T:C	chr14:22818871:A:G	A:G	SLC7A7	intronic	unknown	T;C;-;R;ALU;-;SINE/AluSg4;intronic;AL135998.1||SLC7A7;-;-;intronic;SLC7A7;-;-;intronic;SLC7A7;-;-;-;16;4;5	Name=AluSg4	TRUE	Alu	intronic
chr14:22818873:T:C	chr14:22818873:A:G	A:G	SLC7A7	intronic	unknown	.	Name=AluSg4	FALSE	Alu	intronic
chr14:22816247:T:C	chr14:22816247:A:G	A:G	SLC7A7	intronic	unknown	T;C;-;R;ALU;-;SINE/AluY;intronic;SLC7A7;-;-;intronic;SLC7A7;-;-;UTR5;SLC7A7;-;-;-;127;10;12	Name=AluY	TRUE	Alu	intronic
chr14:22816302:T:C	chr14:22816302:A:G	A:G	SLC7A7	intronic	unknown	T;C;-;R;ALU;-;SINE/AluY;intronic;SLC7A7;-;-;intronic;SLC7A7;-;-;UTR5;SLC7A7;-;-;-;83;4;5	Name=AluY	TRUE	Alu	intronic
chr14:22816310:T:C	chr14:22816310:A:G	A:G	SLC7A7	intronic	unknown	T;C;-;R;ALU;-;SINE/AluY;intronic;SLC7A7;-;-;intronic;SLC7A7;-;-;UTR5;SLC7A7;-;-;-;63;5;6	Name=AluY	TRUE	Alu	intronic
chr14:22816386:T:C	chr14:22816386:A:G	A:G	SLC7A7	intronic	unknown	T;C;-;R;ALU;-;SINE/AluY;intronic;SLC7A7;-;-;intronic;SLC7A7;-;-;UTR5;SLC7A7;-;-;-;84;7;8	Name=AluY	TRUE	Alu	intronic
chr14:61796232:A:G	chr14:61796232:A:G	A:G	SNAPC1	UTR3	unknown	A;G;+;A||R;ALU;-;SINE/AluY;UTR3;SNAPC1;-;-;UTR3;SNAPC1;-;-;UTR3;SNAPC1;-;-;-;1168;30;54	Name=AluY	TRUE	Alu	UTR3
chr14:73145851:A:G	chr14:73145851:A:G	A:G	PSEN1	intronic	unknown	A;G;+;A||R||D;ALU;-;SINE/AluSz;intronic;PSEN1;-;-;intronic;PSEN1;-;-;intronic;PSEN1;-;-;-;81;14;23	Name=AluSz	TRUE	Alu	intronic
chr15:50705080:T:C	chr15:50705080:A:G	A:G	SPPL2A	UTR3	unknown	T;C;-;A||R;ALU;-;SINE/AluSg;intergenic;RN7SL354P||SPPL2A;-;-;intergenic;TRPM7||SPPL2A;-;-;intergenic;TRPM7||SPPL2A;-;-;-;1166;30;55	Name=AluSg	TRUE	Alu	UTR3
chr15:50705098:T:C	chr15:50705098:A:G	A:G	SPPL2A	UTR3	unknown	T;C;-;A||R;ALU;-;SINE/AluSg;intergenic;RN7SL354P||SPPL2A;-;-;intergenic;TRPM7||SPPL2A;-;-;intergenic;TRPM7||SPPL2A;-;-;-;927;30;55	Name=AluSg	TRUE	Alu	UTR3
chr15:50705258:T:C	chr15:50705258:A:G	A:G	SPPL2A	UTR3	unknown	T;C;-;A||R;ALU;-;SINE/AluSg;intergenic;RN7SL354P||SPPL2A;-;-;intergenic;TRPM7||SPPL2A;-;-;intergenic;TRPM7||SPPL2A;-;-;-;1472;30;54	Name=AluSg	TRUE	Alu	UTR3
chr15:88642890:A:G	chr15:88642890:A:G	A:G	ISG20	intronic	unknown	A;G;+;A||R||D;ALU;-;SINE/AluSz;intronic;ISG20;-;-;intronic;ISG20;-;-;intronic;ISG20;-;-;-;325;25;36	Name=AluSz	TRUE	Alu	intronic
chr15:89897328:T:C	chr15:89897328:A:G	A:G	ARPIN	UTR3	unknown	T;C;-;A||R||D;ALU;-;SINE/AluSq2;intronic;C15orf38-AP3S2;-;-;UTR3;ARPIN;-;-;intronic;C15orf38-AP3S2;-;-;-;2042;30;55	Name=AluSq2	TRUE	Alu	UTR3
chr15:89897337:T:C	chr15:89897337:A:G	A:G	ARPIN	UTR3	unknown	T;C;-;A||R||D;ALU;-;SINE/AluSq2;intronic;C15orf38-AP3S2;-;-;UTR3;ARPIN;-;-;intronic;C15orf38-AP3S2;-;-;-;2176;30;55	Name=AluSq2	TRUE	Alu	UTR3
chr15:89897402:T:C	chr15:89897402:A:G	A:G	ARPIN	UTR3	unknown	T;C;-;A||R;ALU;-;SINE/AluSq2;intronic;C15orf38-AP3S2;-;-;UTR3;ARPIN;-;-;intronic;C15orf38-AP3S2;-;-;-;2080;30;54	Name=AluSq2	TRUE	Alu	UTR3
chr15:89897428:T:C	chr15:89897428:A:G	A:G	ARPIN	UTR3	unknown	T;C;-;A||R||D;ALU;-;SINE/AluSq2;intronic;C15orf38-AP3S2;-;-;UTR3;ARPIN;-;-;intronic;C15orf38-AP3S2;-;-;-;2073;30;55	Name=AluSq2	TRUE	Alu	UTR3
chr15:34231096:T:C	chr15:34231096:A:G	A:G	SLC12A6	UTR3	unknown	T;C;-;A||R||D;ALU;-;SINE/AluSp;downstream;EMC4;-;-;UTR3;SLC12A6;-;-;UTR3;SLC12A6;-;-;-;1944;30;55	Name=AluSp	TRUE	Alu	UTR3
chr15:41299219:A:G	chr15:41299219:A:G	A:G	OIP5-AS1	ncRNA
exonic	unknown	A;G;+;A||R||D;ALU;-;SINE/AluSx;ncRNA_exonic;OIP5-AS1;-;-;ncRNA_exonic;OIP5-AS1;-;-;ncRNA_exonic;OIP5-AS1;-;-;-;2076;30;55	Name=AluSx	TRUE	Alu	ncRNA
chr15:45473776:A:G	chr15:45473776:T:C	A:G	SLC30A4	downstream	unknown	.	Name=FLAM_C	FALSE	Other	downstream
chr15:45482815:A:G	chr15:45482815:T:C	A:G	SLC30A4	UTR3	unknown	.	Name=AluJr	FALSE	Alu	UTR3
chr15:45491058:A:G	chr15:45491058:T:C	A:G	SLC30A4	intronic	unknown	.	Name=AluJb	FALSE	Alu	intronic
chr15:45491536:A:G	chr15:45491536:T:C	A:G	SLC30A4	intronic	unknown	.	Name=AluJb	FALSE	Alu	intronic
chr15:45491788:A:G	chr15:45491788:T:C	A:G	SLC30A4	intronic	unknown	A;G;+;A;ALU;-;SINE/AluJb;ncRNA_intronic;RP11-519G16.3;-;-;intronic;SLC30A4;-;-;intronic;SLC30A4;-;-;-;2;1;1	Name=AluJb	TRUE	Alu	intronic
chr15:45491789:A:G	chr15:45491789:T:C	A:G	SLC30A4	intronic	unknown	A;G;+;A;ALU;-;SINE/AluJb;ncRNA_intronic;RP11-519G16.3;-;-;intronic;SLC30A4;-;-;intronic;SLC30A4;-;-;-;1;1;1	Name=AluJb	TRUE	Alu	intronic
chr15:45497344:A:G	chr15:45497344:T:C	A:G	SLC30A4	intronic	unknown	A;G;+;A;ALU;-;SINE/AluSx;ncRNA_intronic;RP11-519G16.3;-;-;intronic;SLC30A4;-;-;intronic;SLC30A4;-;-;-;11;4;5	Name=AluSx	TRUE	Alu	intronic
chr15:45502434:A:G	chr15:45502434:T:C	A:G	SLC30A4	UTR3	unknown	A;G;+;A;ALU;-;SINE/AluJo;ncRNA_intronic;RP11-519G16.3;-;-;intronic;SLC30A4;-;-;intronic;SLC30A4;-;-;-;14;6;6	Name=AluJo	TRUE	Alu	UTR3
chr15:45502644:A:G	chr15:45502644:T:C	A:G	SLC30A4	UTR3	unknown	A;G;+;A;ALU;-;SINE/AluJo;ncRNA_intronic;RP11-519G16.3;-;-;intronic;SLC30A4;-;-;intronic;SLC30A4;-;-;-;18;6;7	Name=AluJo	TRUE	Alu	UTR3
chr15:45502912:A:G	chr15:45502912:T:C	A:G	SLC30A4	UTR3	unknown	.	Name=AluJr	FALSE	Alu	UTR3
chr15:45502919:A:G	chr15:45502919:T:C	A:G	SLC30A4	UTR3	unknown	.	Name=AluJr	FALSE	Alu	UTR3
chr15:45507143:A:G	chr15:45507143:T:C	A:G	SLC30A4	intronic	unknown	A;G;+;A;ALU;-;SINE/AluSg;ncRNA_intronic;RP11-519G16.3;-;-;intronic;SLC30A4;-;-;intronic;SLC30A4;-;-;-;7;4;5	Name=AluSg	TRUE	Alu	intronic
chr15:50703459:T:C	chr15:50703459:A:G	A:G	SPPL2A	UTR3	unknown	T;C;-;A||R;ALU;-;SINE/AluSg;intergenic;RN7SL354P||SPPL2A;-;-;intergenic;TRPM7||SPPL2A;-;-;intergenic;TRPM7||SPPL2A;-;-;-;274;27;47	Name=AluSg	TRUE	Alu	UTR3
chr15:50706135:T:C	chr15:50706135:A:G	A:G	SPPL2A	UTR3	unknown	T;C;-;A||R;ALU;-;SINE/AluYa8;intergenic;RN7SL354P||SPPL2A;-;-;intergenic;TRPM7||SPPL2A;-;-;intergenic;TRPM7||SPPL2A;-;-;-;251;27;40	Name=AluYa8	TRUE	Alu	UTR3
chr15:50706147:T:C	chr15:50706147:A:G	A:G	SPPL2A	UTR3	unknown	T;C;-;A||R;ALU;-;SINE/AluYa8;intergenic;RN7SL354P||SPPL2A;-;-;intergenic;TRPM7||SPPL2A;-;-;intergenic;TRPM7||SPPL2A;-;-;-;120;23;34	Name=AluYa8	TRUE	Alu	UTR3
chr15:50706148:T:C	chr15:50706148:A:G	A:G	SPPL2A	UTR3	unknown	T;C;-;A||R;ALU;-;SINE/AluYa8;intergenic;RN7SL354P||SPPL2A;-;-;intergenic;TRPM7||SPPL2A;-;-;intergenic;TRPM7||SPPL2A;-;-;-;76;20;27	Name=AluYa8	TRUE	Alu	UTR3
chr15:72370583:T:C	chr15:72370583:A:G	A:G	HEXA	intronic	unknown	T;C;-;A||R;ALU;-;SINE/AluJr;ncRNA_intronic;RP11-106M3.2;-;-;intronic;HEXA;-;-;intronic;HEXA;-;-;-;203;27;47	Name=AluJr	TRUE	Alu	intronic
chr15:72591101:A:G	chr15:72591101:A:G	A:G	ARIH1	UTR3	unknown	A;G;+;A||R;ALU;-;SINE/AluSg;ncRNA_exonic;RP11-1006G14.4;-;-;intergenic;MIR630||GOLGA6B;-;-;intergenic;MIR630||DQ578838;-;-;-;929;30;55	Name=AluSg	TRUE	Alu	UTR3
chr15:89897422:T:C	chr15:89897422:A:G	A:G	ARPIN	UTR3	unknown	T;C;-;A||R||D;ALU;-;SINE/AluSq2;intronic;C15orf38-AP3S2;-;-;UTR3;ARPIN;-;-;intronic;C15orf38-AP3S2;-;-;-;1526;30;55	Name=AluSq2	TRUE	Alu	UTR3
chr15:89897423:T:C	chr15:89897423:A:G	A:G	ARPIN	UTR3	unknown	T;C;-;A||R||D;ALU;-;SINE/AluSq2;intronic;C15orf38-AP3S2;-;-;UTR3;ARPIN;-;-;intronic;C15orf38-AP3S2;-;-;-;1977;30;55	Name=AluSq2	TRUE	Alu	UTR3
chr15:89901496:T:C	chr15:89901496:A:G	A:G	ARPIN	UTR3	unknown	T;C;-;A||R||D;REP;-;SINE/FLAM_C;UTR3;C15orf38;-;-;UTR3;ARPIN;-;-;UTR3;C15orf38;-;-;-;1831;30;54	Name=FLAM_C	TRUE	Other	UTR3
chr15:90011978:A:G	chr15:90011978:A:G	A:G	ZNF710	intronic	unknown	A;G;+;A||R;ALU;-;SINE/AluSc;intronic;ZNF710;-;-;intronic;ZNF710;-;-;intronic;ZNF710;-;-;-;27;10;13	Name=AluSc	TRUE	Alu	intronic
chr15:90468274:A:G	chr15:90468274:A:G	A:G	IQGAP1	intronic	unknown	A;G;+;A||R;ALU;-;SINE/AluSz6;intronic;IQGAP1;-;-;intronic;IQGAP1;-;-;intronic;IQGAP1;-;-;-;20;9;9	Name=AluSz6	TRUE	Alu	intronic
chr15:94487310:C:T	chr15:94487310:C:T	C:T	MCTP2	downstream	unknown	.	.	FALSE	None	downstream
chr15:45491123:A:G	chr15:45491123:T:C	A:G	SLC30A4	intronic	unknown	.	Name=AluJb	FALSE	Alu	intronic
chr15:45497284:A:G	chr15:45497284:T:C	A:G	SLC30A4	intronic	unknown	A;G;+;A;ALU;-;SINE/AluSx;ncRNA_intronic;RP11-519G16.3;-;-;intronic;SLC30A4;-;-;intronic;SLC30A4;-;-;-;7;4;5	Name=AluSx	TRUE	Alu	intronic
chr15:45509830:A:G	chr15:45509830:T:C	A:G	SLC30A4	intronic	unknown	A;G;+;A||R;ALU;-;SINE$SINE/AluJb$AluYc;ncRNA_intronic;RP11-519G16.3;-;-;intronic;SLC30A4;-;-;intronic;SLC30A4;-;-;-;23;5;6	Name=AluJb	TRUE	Alu	intronic
chr15:45516017:A:G	chr15:45516017:A:G	A:G	HMGN2P46	ncRNA
intronic	unknown	A;G;+;A||R;ALU;-;SINE/AluJb;ncRNA_intronic;HMGN2P46;-;-;ncRNA_intronic;HMGN2P46;-;-;intronic;HMGN2P46||SLC30A4;-;-;-;120;9;10	Name=AluJb	TRUE	Alu	ncRNA
chr15:68814133:T:C	chr15:68814133:A:G	A:G	ANP32A	intronic	unknown	T;C;-;A||R;ALU;-;SINE/AluY;intronic;ANP32A;-;-;intronic;ANP32A;-;-;intronic;ANP32A;-;-;-;13;5;6	Name=AluY	TRUE	Alu	intronic
chr15:89786657:T:C	chr15:89786657:A:G	A:G	ANPEP	intronic	unknown	T;C;-;A||R;ALU;-;SINE/AluJb;intronic;ANPEP;-;-;intronic;ANPEP;-;-;intronic;ANPEP;-;-;-;58;10;13	Name=AluJb	TRUE	Alu	intronic
chr15:89796030:T:C	chr15:89796030:A:G	A:G	ANPEP	intronic	unknown	T;C;-;A||R;ALU;-;SINE/AluJo;intronic;ANPEP;-;-;intronic;ANPEP;-;-;intronic;ANPEP;-;-;-;608;23;30	Name=AluJo	TRUE	Alu	intronic
chr15:89899222:T:C	chr15:89899222:A:G	A:G	ARPIN	UTR3	unknown	T;C;-;A||R||D;ALU;-;SINE/AluSz;intronic;C15orf38-AP3S2;-;-;UTR3;ARPIN;-;-;intronic;C15orf38-AP3S2;-;-;-;1936;30;54	Name=AluSz	TRUE	Alu	UTR3
chr15:91959645:A:G	chr15:91959645:A:G	A:G	SLCO3A1	intronic	unknown	A;G;+;A||R;ALU;-;SINE/AluSx1;intronic;SLCO3A1;-;-;intronic;SLCO3A1;-;-;intronic;SLCO3A1;-;-;-;8;5;6	Name=AluSx1	TRUE	Alu	intronic
chr15:33134810:T:C	chr15:33134810:A:G	A:G	FMN1	intronic	unknown	T;C;-;A||R;ALU;-;SINE/AluSx;intronic;FMN1;-;-;intronic;FMN1;-;-;intronic;FMN1;-;-;-;6;4;4	Name=AluSx	TRUE	Alu	intronic
chr15:45479110:A:G	chr15:45479110:T:C	A:G	SLC30A4	downstream	unknown	A;G;+;R||D;ALU;-;SINE/AluJb;ncRNA_exonic;RP11-519G16.3;-;-;intergenic;C15orf48||SLC30A4;-;-;ncRNA_exonic;AK056686;-;-;-;7;3;4	Name=AluJb	TRUE	Alu	downstream
chr15:45479306:A:G	chr15:45479306:T:C	A:G	SLC30A4	downstream	unknown	A;G;+;A||R||D;ALU;-;SINE/AluJb;ncRNA_exonic;RP11-519G16.3;-;-;intergenic;C15orf48||SLC30A4;-;-;ncRNA_exonic;AK056686;-;-;-;9;3;4	Name=AluJb	TRUE	Alu	downstream
chr15:45482339:A:G	chr15:45482339:T:C	A:G	SLC30A4	UTR3	unknown	.	Name=AluJb	FALSE	Alu	UTR3
chr15:45483748:A:G	chr15:45483748:T:C	A:G	SLC30A4	UTR3	unknown	.	Name=AluSx	FALSE	Alu	UTR3
chr15:45491042:A:G	chr15:45491042:T:C	A:G	SLC30A4	intronic	unknown	A;G;+;A;ALU;-;SINE/AluJb;ncRNA_intronic;RP11-519G16.3;-;-;intronic;SLC30A4;-;-;intronic;SLC30A4;-;-;-;1;1;1	Name=AluJb	TRUE	Alu	intronic
chr15:45491097:A:G	chr15:45491097:T:C	A:G	SLC30A4	intronic	unknown	.	Name=AluJb	FALSE	Alu	intronic
chr15:45491122:A:G	chr15:45491122:T:C	A:G	SLC30A4	intronic	unknown	A;G;+;A||R;ALU;-;SINE/AluJb;ncRNA_intronic;RP11-519G16.3;-;-;intronic;SLC30A4;-;-;intronic;SLC30A4;-;-;-;3;3;3	Name=AluJb	TRUE	Alu	intronic
chr15:45502943:A:G	chr15:45502943:T:C	A:G	SLC30A4	exonic	stoploss	A;G;+;A;ALU;-;SINE/AluJr;ncRNA_intronic;RP11-519G16.3;-;-;intronic;SLC30A4;-;-;intronic;SLC30A4;-;-;-;27;9;10	Name=AluJr	TRUE	Alu	exonic
chr15:45509285:A:G	chr15:45509285:T:C	A:G	SLC30A4	intronic	unknown	.	Name=AluSx	FALSE	Alu	intronic
chr15:45509357:A:G	chr15:45509357:T:C	A:G	SLC30A4	intronic	unknown	.	Name=AluSx	FALSE	Alu	intronic
chr15:45509395:A:G	chr15:45509395:T:C	A:G	SLC30A4	intronic	unknown	A;G;+;A;ALU;-;SINE/AluSx;ncRNA_intronic;RP11-519G16.3;-;-;intronic;SLC30A4;-;-;intronic;SLC30A4;-;-;-;9;3;3	Name=AluSx	TRUE	Alu	intronic
chr15:45509919:A:G	chr15:45509919:T:C	A:G	SLC30A4	intronic	unknown	.	Name=AluJb	FALSE	Alu	intronic
chr15:45509938:A:G	chr15:45509938:T:C	A:G	SLC30A4	intronic	unknown	A;G;+;A;ALU;-;SINE$SINE/AluJb$AluYc;ncRNA_intronic;RP11-519G16.3;-;-;intronic;SLC30A4;-;-;intronic;SLC30A4;-;-;-;8;3;4	Name=AluJb	TRUE	Alu	intronic
chr15:45509987:A:G	chr15:45509987:T:C	A:G	SLC30A4	intronic	unknown	A;G;+;A||R;ALU;-;SINE$SINE/AluJb$AluYc;ncRNA_intronic;RP11-519G16.3;-;-;intronic;SLC30A4;-;-;intronic;SLC30A4;-;-;-;13;3;4	Name=AluJb	TRUE	Alu	intronic
chr15:45509992:A:G	chr15:45509992:T:C	A:G	SLC30A4	intronic	unknown	A;G;+;R;ALU;-;SINE$SINE/AluJb$AluYc;ncRNA_intronic;RP11-519G16.3;-;-;intronic;SLC30A4;-;-;intronic;SLC30A4;-;-;-;11;3;4	Name=AluJb	TRUE	Alu	intronic
chr15:45512919:A:G	chr15:45512919:A:G	A:G	HMGN2P46	ncRNA
intronic	unknown	.	Name=FRAM	FALSE	Other	ncRNA
chr15:45515771:A:G	chr15:45515771:A:G	A:G	HMGN2P46	ncRNA
splicing	unknown	A;G;+;A||R;ALU;-;SINE/AluJb;ncRNA_splicing;HMGN2P46;-;-;ncRNA_splicing;HMGN2P46;-;-;intronic;HMGN2P46||SLC30A4;-;-;-;54;6;7	Name=AluJb	TRUE	Alu	ncRNA
chr15:45516613:A:G	chr15:45516613:A:G	A:G	HMGN2P46	ncRNA
intronic	unknown	A;G;+;R;ALU;-;SINE/AluSz;ncRNA_intronic;HMGN2P46;-;-;ncRNA_intronic;HMGN2P46;-;-;intronic;HMGN2P46||SLC30A4;-;-;-;85;7;8	Name=AluSz	TRUE	Alu	ncRNA
chr15:45516614:A:G	chr15:45516614:A:G	A:G	HMGN2P46	ncRNA
intronic	unknown	A;G;+;A||R;ALU;-;SINE/AluSz;ncRNA_intronic;HMGN2P46;-;-;ncRNA_intronic;HMGN2P46;-;-;intronic;HMGN2P46||SLC30A4;-;-;-;94;10;11	Name=AluSz	TRUE	Alu	ncRNA
chr15:45519331:A:G	chr15:45519331:A:G	A:G	HMGN2P46	ncRNA
intronic	unknown	A;G;+;R;ALU;-;SINE/AluSz;ncRNA_intronic;HMGN2P46;-;-;ncRNA_intronic;HMGN2P46;-;-;intronic;HMGN2P46||SLC30A4;-;-;-;198;13;15	Name=AluSz	TRUE	Alu	ncRNA
chr15:45663202:A:G	chr15:45663202:A:G	A:G	SQOR	intronic	unknown	A;G;+;A||R;ALU;-;SINE/AluSz;intronic;RP11-96O20.4||SQRDL;-;-;intronic;SQRDL;-;-;intronic;SQRDL;-;-;-;6;5;5	Name=AluSz	TRUE	Alu	intronic
chr15:45663668:A:G	chr15:45663668:A:G	A:G	SQOR	intronic	unknown	A;G;+;A||R;ALU;-;SINE/AluJr;intronic;RP11-96O20.4||SQRDL;-;-;intronic;SQRDL;-;-;intronic;SQRDL;-;-;-;7;4;4	Name=AluJr	TRUE	Alu	intronic
chr15:50706126:T:C	chr15:50706126:A:G	A:G	SPPL2A	UTR3	unknown	T;C;-;R;ALU;-;SINE/AluYa8;intergenic;RN7SL354P||SPPL2A;-;-;intergenic;TRPM7||SPPL2A;-;-;intergenic;TRPM7||SPPL2A;-;-;-;178;25;34	Name=AluYa8	TRUE	Alu	UTR3
chr15:50706170:T:C	chr15:50706170:A:G	A:G	SPPL2A	UTR3	unknown	T;C;-;A||R;ALU;-;SINE/AluYa8;intergenic;RN7SL354P||SPPL2A;-;-;intergenic;TRPM7||SPPL2A;-;-;intergenic;TRPM7||SPPL2A;-;-;-;16;10;14	Name=AluYa8	TRUE	Alu	UTR3
chr15:50706224:T:C	chr15:50706224:A:G	A:G	SPPL2A	UTR3	unknown	T;C;-;A;ALU;-;SINE/AluYa8;intergenic;RN7SL354P||SPPL2A;-;-;intergenic;TRPM7||SPPL2A;-;-;intergenic;TRPM7||SPPL2A;-;-;-;12;7;7	Name=AluYa8	TRUE	Alu	UTR3
chr15:50706268:T:C	chr15:50706268:A:G	A:G	SPPL2A	UTR3	unknown	T;C;-;R;ALU;-;SINE/AluYa8;intergenic;RN7SL354P||SPPL2A;-;-;intergenic;TRPM7||SPPL2A;-;-;intergenic;TRPM7||SPPL2A;-;-;-;3;3;3	Name=AluYa8	TRUE	Alu	UTR3
chr15:51567307:T:C	chr15:51567307:A:G	A:G	DMXL2	intronic	unknown	T;C;-;A||R||D;ALU;-;SINE/AluSx3;intronic;DMXL2;-;-;intronic;DMXL2;-;-;UTR3;DMXL2;-;-;-;5;5;5	Name=AluSx3	TRUE	Alu	intronic
chr15:59198069:A:G	chr15:59198069:T:C	A:G	MYO1E	intronic	unknown	.	Name=AluJr	FALSE	Alu	intronic
chr15:74026725:A:G	chr15:74026725:A:G	A:G	PML	intronic	unknown	A;G;+;A||R;ALU;-;SINE/AluSz6;intronic;PML;-;-;intronic;PML;-;-;UTR3;PML;-;-;-;602;30;42	Name=AluSz6	TRUE	Alu	intronic
chr15:74027453:A:G	chr15:74027453:A:G	A:G	PML	intronic	unknown	A;G;+;A||R||D;ALU;-;SINE/AluJr;intronic;PML;-;-;intronic;PML;-;-;UTR3;PML;-;-;-;794;30;45	Name=AluJr	TRUE	Alu	intronic
chr15:74027472:A:G	chr15:74027472:A:G	A:G	PML	intronic	unknown	A;G;+;A||R||D;ALU;-;SINE/AluJr;intronic;PML;-;-;intronic;PML;-;-;UTR3;PML;-;-;-;793;30;48	Name=AluJr	TRUE	Alu	intronic
chr15:78153239:A:G	chr15:78153239:A:G	A:G	IDH3A	intronic	unknown	A;G;+;A||R||D;ALU;-;SINE/AluJr;intronic;IDH3A;-;-;intronic;IDH3A;-;-;intronic;IDH3A;-;-;-;329;28;41	Name=AluJr	TRUE	Alu	intronic
chr15:88642969:A:G	chr15:88642969:A:G	A:G	ISG20	intronic	unknown	A;G;+;A||R;ALU;-;SINE/AluJo;intronic;ISG20;-;-;intronic;ISG20;-;-;intronic;ISG20;-;-;-;178;21;27	Name=AluJo	TRUE	Alu	intronic
chr15:89899181:T:C	chr15:89899181:A:G	A:G	ARPIN	UTR3	unknown	T;C;-;A||R||D;ALU;-;SINE/AluSz;intronic;C15orf38-AP3S2;-;-;UTR3;ARPIN;-;-;intronic;C15orf38-AP3S2;-;-;-;893;30;54	Name=AluSz	TRUE	Alu	UTR3
chr15:89899322:T:C	chr15:89899322:A:G	A:G	ARPIN	UTR3	unknown	T;C;-;A||R||D;ALU;-;SINE/AluSz;intronic;C15orf38-AP3S2;-;-;UTR3;ARPIN;-;-;intronic;C15orf38-AP3S2;-;-;-;1584;30;54	Name=AluSz	TRUE	Alu	UTR3
chr15:45474009:A:G	chr15:45474009:T:C	A:G	SLC30A4	downstream	unknown	.	Name=AluJb	FALSE	Alu	downstream
chr15:45475496:A:G	chr15:45475496:T:C	A:G	SLC30A4	downstream	unknown	A;G;+;R;ALU;-;SINE/AluSz6;ncRNA_intronic;RP11-519G16.3;-;-;intergenic;C15orf48||SLC30A4;-;-;ncRNA_intronic;AK056686;-;-;-;1;1;1	Name=AluSz6	TRUE	Alu	downstream
chr15:45475498:A:G	chr15:45475498:T:C	A:G	SLC30A4	downstream	unknown	A;G;+;R;ALU;-;SINE/AluSz6;ncRNA_intronic;RP11-519G16.3;-;-;intergenic;C15orf48||SLC30A4;-;-;ncRNA_intronic;AK056686;-;-;-;1;1;1	Name=AluSz6	TRUE	Alu	downstream
chr15:45491038:A:G	chr15:45491038:T:C	A:G	SLC30A4	intronic	unknown	.	Name=AluJb	FALSE	Alu	intronic
chr15:45491794:A:G	chr15:45491794:T:C	A:G	SLC30A4	intronic	unknown	A;G;+;A;ALU;-;SINE/AluJb;ncRNA_intronic;RP11-519G16.3;-;-;intronic;SLC30A4;-;-;intronic;SLC30A4;-;-;-;2;1;1	Name=AluJb	TRUE	Alu	intronic
chr15:45494416:A:G	chr15:45494416:T:C	A:G	SLC30A4	intronic	unknown	.	Name=AluSz6	FALSE	Alu	intronic
chr15:45494423:A:G	chr15:45494423:T:C	A:G	SLC30A4	intronic	unknown	.	Name=AluSz6	FALSE	Alu	intronic
chr15:45494604:A:G	chr15:45494604:T:C	A:G	SLC30A4	intronic	unknown	.	Name=AluSz6	FALSE	Alu	intronic
chr15:45497253:A:G	chr15:45497253:T:C	A:G	SLC30A4	intronic	unknown	A;G;+;A;ALU;-;SINE/AluSx;ncRNA_exonic;RP11-519G16.3;-;-;intronic;SLC30A4;-;-;intronic;SLC30A4;-;-;-;8;4;4	Name=AluSx	TRUE	Alu	intronic
chr15:45497290:A:G	chr15:45497290:T:C	A:G	SLC30A4	intronic	unknown	A;G;+;A;ALU;-;SINE/AluSx;ncRNA_intronic;RP11-519G16.3;-;-;intronic;SLC30A4;-;-;intronic;SLC30A4;-;-;-;7;3;4	Name=AluSx	TRUE	Alu	intronic
chr15:45503505:A:G	chr15:45503505:T:C	A:G	SLC30A4	intronic	unknown	A;G;+;A||R;ALU;-;SINE/AluSg;ncRNA_intronic;RP11-519G16.3;-;-;intronic;SLC30A4;-;-;intronic;SLC30A4;-;-;-;2;1;1	Name=AluSx4	TRUE	Alu	intronic
chr15:45507064:A:G	chr15:45507064:T:C	A:G	SLC30A4	intronic	unknown	.	Name=AluSg	FALSE	Alu	intronic
chr15:45507067:A:G	chr15:45507067:T:C	A:G	SLC30A4	intronic	unknown	.	Name=AluSg	FALSE	Alu	intronic
chr15:45507241:A:G	chr15:45507241:T:C	A:G	SLC30A4	intronic	unknown	.	Name=AluSg	FALSE	Alu	intronic
chr15:45507588:A:G	chr15:45507588:T:C	A:G	SLC30A4	intronic	unknown	.	Name=AluSz	FALSE	Alu	intronic
chr15:45507605:A:G	chr15:45507605:T:C	A:G	SLC30A4	intronic	unknown	.	Name=AluSz	FALSE	Alu	intronic
chr15:45507671:A:G	chr15:45507671:T:C	A:G	SLC30A4	intronic	unknown	.	Name=AluSz	FALSE	Alu	intronic
chr15:45507674:A:G	chr15:45507674:T:C	A:G	SLC30A4	intronic	unknown	.	Name=AluSz	FALSE	Alu	intronic
chr15:45507756:A:G	chr15:45507756:T:C	A:G	SLC30A4	intronic	unknown	.	Name=AluSz	FALSE	Alu	intronic
chr15:45507762:A:G	chr15:45507762:T:C	A:G	SLC30A4	intronic	unknown	.	Name=AluSz	FALSE	Alu	intronic
chr15:45509383:A:G	chr15:45509383:T:C	A:G	SLC30A4	intronic	unknown	.	Name=AluSx	FALSE	Alu	intronic
chr15:45515280:A:G	chr15:45515280:A:G	A:G	HMGN2P46	ncRNA
intronic	unknown	.	Name=FLAM_C	FALSE	Other	ncRNA
chr15:45515532:A:G	chr15:45515532:A:G	A:G	HMGN2P46	ncRNA
intronic	unknown	A;G;+;A||R;ALU;-;SINE/AluY;ncRNA_intronic;HMGN2P46;-;-;ncRNA_intronic;HMGN2P46;-;-;intronic;HMGN2P46||SLC30A4;-;-;-;37;5;6	Name=AluY	TRUE	Alu	ncRNA
chr15:45516749:A:G	chr15:45516749:A:G	A:G	HMGN2P46	ncRNA
intronic	unknown	A;G;+;R;ALU;-;SINE/AluSz;ncRNA_intronic;HMGN2P46;-;-;ncRNA_intronic;HMGN2P46;-;-;intronic;HMGN2P46||SLC30A4;-;-;-;101;9;10	Name=AluSz	TRUE	Alu	ncRNA
chr15:45517483:A:G	chr15:45517483:A:G	A:G	HMGN2P46	ncRNA
intronic	unknown	A;G;+;R;ALU;-;SINE/AluSp;ncRNA_intronic;HMGN2P46;-;-;ncRNA_intronic;HMGN2P46;-;-;intronic;HMGN2P46||SLC30A4;-;-;-;90;11;12	Name=AluSp	TRUE	Alu	ncRNA
chr15:51599469:T:C	chr15:51599469:A:G	A:G	DMXL2	intronic	unknown	.	Name=L1MC4	FALSE	LINE	intronic
chr15:89899180:T:C	chr15:89899180:A:G	A:G	ARPIN	UTR3	unknown	T;C;-;A||R||D;ALU;-;SINE/AluSz;intronic;C15orf38-AP3S2;-;-;UTR3;ARPIN;-;-;intronic;C15orf38-AP3S2;-;-;-;729;29;53	Name=AluSz	TRUE	Alu	UTR3
chr15:89899252:T:C	chr15:89899252:A:G	A:G	ARPIN	UTR3	unknown	T;C;-;A||R;ALU;-;SINE/AluSz;intronic;C15orf38-AP3S2;-;-;UTR3;ARPIN;-;-;intronic;C15orf38-AP3S2;-;-;-;17;6;6	Name=AluSz	TRUE	Alu	UTR3
chr15:89899257:T:C	chr15:89899257:A:G	A:G	ARPIN	UTR3	unknown	T;C;-;A||R;ALU;-;SINE/AluSz;intronic;C15orf38-AP3S2;-;-;UTR3;ARPIN;-;-;intronic;C15orf38-AP3S2;-;-;-;1476;30;54	Name=AluSz	TRUE	Alu	UTR3
chr15:89901422:T:C	chr15:89901422:A:G	A:G	ARPIN	UTR3	unknown	T;C;-;A||R;REP;-;SINE/FLAM_C;UTR3;C15orf38;-;-;UTR3;ARPIN;-;-;UTR3;C15orf38;-;-;-;2039;30;55	Name=FLAM_C	TRUE	Other	UTR3
chr15:89901453:T:C	chr15:89901453:A:G	A:G	ARPIN	UTR3	unknown	T;C;-;A||R||D;REP;-;SINE/FLAM_C;UTR3;C15orf38;-;-;UTR3;ARPIN;-;-;UTR3;C15orf38;-;-;-;1611;30;54	Name=FLAM_C	TRUE	Other	UTR3
chr15:42527614:A:G	chr15:42527614:A:G	A:G	SNAP23	intronic	unknown	A;G;+;A||R||D;ALU;-;SINE/AluSz;intronic;SNAP23;-;-;intronic;SNAP23;-;-;intronic;SNAP23;-;-;-;673;29;48	Name=AluSz	TRUE	Alu	intronic
chr15:45475499:A:G	chr15:45475499:T:C	A:G	SLC30A4	downstream	unknown	.	Name=AluSz6	FALSE	Alu	downstream
chr15:45488446:A:G	chr15:45488446:T:C	A:G	SLC30A4	intronic	unknown	A;G;+;A;ALU;-;SINE/AluSz6;ncRNA_intronic;RP11-519G16.3;-;-;intronic;SLC30A4;-;-;intronic;SLC30A4;-;-;-;2;2;2	Name=AluSz6	TRUE	Alu	intronic
chr15:45488517:A:G	chr15:45488517:T:C	A:G	SLC30A4	intronic	unknown	A;G;+;A;ALU;-;SINE/AluSz6;ncRNA_intronic;RP11-519G16.3;-;-;intronic;SLC30A4;-;-;intronic;SLC30A4;-;-;-;2;2;2	Name=AluSz6	TRUE	Alu	intronic
chr15:45507209:A:G	chr15:45507209:T:C	A:G	SLC30A4	intronic	unknown	.	Name=AluSg	FALSE	Alu	intronic
chr15:45509488:A:G	chr15:45509488:T:C	A:G	SLC30A4	intronic	unknown	.	Name=AluSx	FALSE	Alu	intronic
chr15:45513310:A:G	chr15:45513310:A:G	A:G	HMGN2P46	ncRNA
intronic	unknown	.	Name=AluJr	FALSE	Alu	ncRNA
chr15:45517493:A:G	chr15:45517493:A:G	A:G	HMGN2P46	ncRNA
intronic	unknown	.	Name=AluSp	FALSE	Alu	ncRNA
chr15:45553929:A:G	chr15:45553929:A:G	A:G	HMGN2P46	ncRNA
intronic	unknown	.	Name=AluSx1	FALSE	Alu	ncRNA
chr15:45560433:A:G	chr15:45560433:A:G	A:G	HMGN2P46	downstream	unknown	.	Name=FLAM_C	FALSE	Other	downstream
chr15:85400142:A:G	chr15:85400142:A:G	A:G	AKAP13	intronic	unknown	A;G;+;A||R||D;ALU;-;SINE/AluJr4;intronic;AKAP13;-;-;intronic;AKAP13;-;-;intronic;AKAP13;-;-;-;6;4;4	Name=AluJr4	TRUE	Alu	intronic
chr15:90186472:A:G	chr15:90186472:A:G	A:G	SEMA4B	intronic	unknown	A;G;+;A||R;ALU;-;SINE/AluSq;intronic;SEMA4B;-;-;intronic;SEMA4B;-;-;intronic;SEMA4B;-;-;-;87;22;24	Name=AluSq2	TRUE	Alu	intronic
chr15:28315789:T:C	chr15:28315789:A:G	A:G	HERC2	intronic	unknown	.	.	FALSE	None	intronic
chr15:41305449:A:G	chr15:41305449:A:G	A:G	OIP5-AS1	ncRNA
exonic	unknown	A;G;+;A||R||D;ALU;-;SINE/AluSz6;ncRNA_exonic;OIP5-AS1;-;-;intergenic;OIP5-AS1||OIP5;-;-;ncRNA_exonic;BC067230;-;-;-;2527;30;54	Name=AluSz6	TRUE	Alu	ncRNA
chr15:45515290:A:G	chr15:45515290:A:G	A:G	HMGN2P46	ncRNA
intronic	unknown	.	Name=FLAM_C	FALSE	Other	ncRNA
chr15:45515516:A:G	chr15:45515516:A:G	A:G	HMGN2P46	ncRNA
intronic	unknown	A;G;+;R;ALU;-;SINE/AluY;ncRNA_intronic;HMGN2P46;-;-;ncRNA_intronic;HMGN2P46;-;-;intronic;HMGN2P46||SLC30A4;-;-;-;36;7;8	Name=AluY	TRUE	Alu	ncRNA
chr15:84690579:T:C	chr15:84690579:A:G	A:G	SEC11A	intronic	unknown	T;C;-;A||R;ALU;-;SINE/AluJo;intronic;SEC11A;-;-;intronic;SEC11A;-;-;intronic;SEC11A;-;-;-;38;15;18	Name=FRAM	TRUE	Other	intronic
chr15:90186063:A:G	chr15:90186063:A:G	A:G	SEMA4B	intronic	unknown	A;G;+;A||R;ALU;-;SINE/AluSz;intronic;SEMA4B;-;-;intronic;SEMA4B;-;-;intronic;SEMA4B;-;-;-;29;14;15	Name=AluSz	TRUE	Alu	intronic
chr15:83129082:A:G	chr15:83129082:T:C	A:G	HDGFL3	UTR3	unknown	A;G;+;A||R||D;ALU;-;SINE/AluJr;intronic;TM6SF1;-;-;intronic;TM6SF1;-;-;intronic;TM6SF1;-;-;-;195;22;37	Name=AluJr	TRUE	Alu	UTR3
chr15:83128960:A:G	chr15:83128960:T:C	A:G	HDGFL3	UTR3	unknown	A;G;+;A||R;ALU;-;SINE/AluJr;intronic;TM6SF1;-;-;intronic;TM6SF1;-;-;intronic;TM6SF1;-;-;-;112;19;31	Name=AluJr	TRUE	Alu	UTR3
chr15:40395683:A:G	chr15:40395683:A:G	A:G	KNSTRN	downstream	unknown	A;G;+;A||R||D;ALU;-;SINE/AluSg;intergenic;KNSTRN||IVD;-;-;intergenic;KNSTRN||IVD;-;-;intergenic;KNSTRN||IVD;-;-;-;351;20;35	Name=AluSg	TRUE	Alu	downstream
chr15:40395684:A:G	chr15:40395684:A:G	A:G	KNSTRN	downstream	unknown	A;G;+;A||R;ALU;-;SINE/AluSg;intergenic;KNSTRN||IVD;-;-;intergenic;KNSTRN||IVD;-;-;intergenic;KNSTRN||IVD;-;-;-;318;20;36	Name=AluSg	TRUE	Alu	downstream
chr15:58837462:A:G	chr15:58837462:A:G	A:G	MINDY2	intronic	unknown	A;G;+;A||R||D;ALU;-;SINE/AluJr;intronic;FAM63B;-;-;intronic;FAM63B;-;-;intronic;FAM63B;-;-;-;6;4;5	Name=AluJr	TRUE	Alu	intronic
chr15:65788214:C:T	chr15:65788214:G:A	C:T	DENND4A	intronic	unknown	.	Name=AluY	FALSE	Alu	intronic
chr15:83129012:A:G	chr15:83129012:T:C	A:G	HDGFL3	UTR3	unknown	A;G;+;A||R;ALU;-;SINE/AluJr;intronic;TM6SF1;-;-;intronic;TM6SF1;-;-;intronic;TM6SF1;-;-;-;95;15;27	Name=AluJr	TRUE	Alu	UTR3
chr15:83129013:A:G	chr15:83129013:T:C	A:G	HDGFL3	UTR3	unknown	A;G;+;A||R;ALU;-;SINE/AluJr;intronic;TM6SF1;-;-;intronic;TM6SF1;-;-;intronic;TM6SF1;-;-;-;80;15;27	Name=AluJr	TRUE	Alu	UTR3
chr15:83129014:A:G	chr15:83129014:T:C	A:G	HDGFL3	UTR3	unknown	A;G;+;A||R;ALU;-;SINE/AluJr;intronic;TM6SF1;-;-;intronic;TM6SF1;-;-;intronic;TM6SF1;-;-;-;93;16;27	Name=AluJr	TRUE	Alu	UTR3
chr15:83131012:A:G	chr15:83131012:T:C	A:G	HDGFL3	UTR3	unknown	A;G;+;A||R||D;ALU;-;SINE/AluSz;intronic;TM6SF1;-;-;intronic;TM6SF1;-;-;intronic;TM6SF1;-;-;-;127;19;31	Name=AluSz	TRUE	Alu	UTR3
chr15:90235775:A:G	chr15:90235775:A:G	A:G	GDPGP1	intronic	unknown	A;G;+;A||R;ALU;-;SINE/AluY;intronic;GDPGP1;-;-;intronic;GDPGP1;-;-;intronic;CIB1||GDPGP1;-;-;-;49;19;22	Name=AluYj4	TRUE	Alu	intronic
chr15:65788218:A:G	chr15:65788218:T:C	A:G	DENND4A	intronic	unknown	.	Name=AluY	FALSE	Alu	intronic
chr15:90235707:A:G	chr15:90235707:A:G	A:G	GDPGP1	intronic	unknown	A;G;+;R;ALU;-;SINE/AluY;intronic;GDPGP1;-;-;intronic;GDPGP1;-;-;intronic;CIB1||GDPGP1;-;-;-;19;10;10	Name=AluYj4	TRUE	Alu	intronic
chr15:40395707:A:G	chr15:40395707:A:G	A:G	KNSTRN	downstream	unknown	A;G;+;A||R;ALU;-;SINE/AluSg;intergenic;KNSTRN||IVD;-;-;intergenic;KNSTRN||IVD;-;-;intergenic;KNSTRN||IVD;-;-;-;276;19;31	Name=AluSg	TRUE	Alu	downstream
chr15:77065565:T:C	chr15:77065565:A:G	A:G	TSPAN3	intronic	unknown	T;C;-;A||R;ALU;-;SINE/AluY;intronic;TSPAN3;-;-;intronic;TSPAN3;-;-;intronic;TSPAN3;-;-;-;23;9;9	Name=AluY	TRUE	Alu	intronic
chr15:40394880:A:G	chr15:40394880:A:G	A:G	KNSTRN	downstream	unknown	A;G;+;A||R;ALU;-;SINE/AluSx1;downstream;KNSTRN;-;-;downstream;KNSTRN;-;-;downstream;KNSTRN;-;-;-;70;9;13	Name=AluSx1	TRUE	Alu	downstream
chr15:83129003:A:G	chr15:83129003:T:C	A:G	HDGFL3	UTR3	unknown	A;G;+;A||R;ALU;-;SINE/AluJr;intronic;TM6SF1;-;-;intronic;TM6SF1;-;-;intronic;TM6SF1;-;-;-;88;16;26	Name=AluJr	TRUE	Alu	UTR3
chr15:78935751:C:T	chr15:78935751:G:A	C:T	CTSH	splicing	unknown	.	.	FALSE	None	splicing
chr15:45493705:A:G	chr15:45493705:T:C	A:G	SLC30A4	intronic	unknown	A;G;+;A;ALU;-;SINE/AluSg;ncRNA_intronic;RP11-519G16.3;-;-;intronic;SLC30A4;-;-;intronic;SLC30A4;-;-;-;2;1;1	Name=AluSx4	TRUE	Alu	intronic
chr15:80714224:A:G	chr15:80714224:A:G	A:G	ABHD17C	intronic	unknown	A;G;+;A||R;ALU;-;SINE/AluJb;intronic;ABHD17C;-;-;intronic;ABHD17C;-;-;intronic;ABHD17C;-;-;-;1;1;1	Name=AluJb	TRUE	Alu	intronic
chr15:42985529:T:C	chr15:42985529:A:G	A:G	UBR1	intronic	unknown	T;C;-;A||R||D;ALU;-;SINE/AluSq2;intronic;UBR1;-;-;intronic;UBR1;-;-;intronic;UBR1;-;-;-;4;3;3	Name=AluSq2	TRUE	Alu	intronic
chr15:45475767:A:G	chr15:45475767:T:C	A:G	SLC30A4	downstream	unknown	A;G;+;R;ALU;-;SINE/AluSx;ncRNA_intronic;RP11-519G16.3;-;-;intergenic;C15orf48||SLC30A4;-;-;ncRNA_intronic;AK056686;-;-;-;0;0;0	Name=AluSx	TRUE	Alu	downstream
chr15:45525009:A:G	chr15:45525009:A:G	A:G	HMGN2P46	ncRNA
intronic	unknown	A;G;+;R;ALU;-;SINE/AluSp;ncRNA_intronic;HMGN2P46;-;-;ncRNA_intronic;HMGN2P46;-;-;intronic;HMGN2P46;-;-;-;8;3;3	Name=AluSp	TRUE	Alu	ncRNA
chr15:80482146:A:G	chr15:80482146:A:G	A:G	ARNT2	intronic	unknown	A;G;+;A;ALU;-;SINE/AluJr;intronic;ARNT2;-;-;intronic;ARNT2;-;-;intronic;ARNT2;-;-;-;4;2;3	Name=AluJr	TRUE	Alu	intronic
chr15:92159618:A:G	chr15:92159618:A:G	A:G	SLCO3A1	intronic	unknown	A;G;+;A||R||D;ALU;-;SINE/AluJr;ncRNA_intronic;RP11-152L20.3;-;-;intronic;SLCO3A1;-;-;intronic;SLCO3A1;-;-;-;267;23;39	Name=AluJr	TRUE	Alu	intronic
chr15:45525798:A:G	chr15:45525798:A:G	A:G	HMGN2P46	ncRNA
intronic	unknown	.	Name=AluSx	FALSE	Alu	ncRNA
chr15:45515077:A:G	chr15:45515077:A:G	A:G	HMGN2P46	ncRNA
intronic	unknown	.	Name=AluJr	FALSE	Alu	ncRNA
chr15:91959644:A:G	chr15:91959644:A:G	A:G	SLCO3A1	intronic	unknown	A;G;+;A||R;ALU;-;SINE/AluSx1;intronic;SLCO3A1;-;-;intronic;SLCO3A1;-;-;intronic;SLCO3A1;-;-;-;8;4;6	Name=AluSx1	TRUE	Alu	intronic
chr15:45472093:A:G	chr15:45472093:T:C	A:G	SLC30A4	downstream	unknown	.	Name=AluSq2	FALSE	Alu	downstream
chr15:45525881:A:G	chr15:45525881:A:G	A:G	HMGN2P46	ncRNA
intronic	unknown	A;G;+;R;ALU;-;SINE/AluSx;ncRNA_intronic;HMGN2P46;-;-;ncRNA_intronic;HMGN2P46;-;-;intronic;HMGN2P46;-;-;-;3;1;1	Name=AluSx	TRUE	Alu	ncRNA
chr15:45525951:A:G	chr15:45525951:A:G	A:G	HMGN2P46	ncRNA
intronic	unknown	A;G;+;R;ALU;-;SINE/AluSx;ncRNA_intronic;HMGN2P46;-;-;ncRNA_intronic;HMGN2P46;-;-;intronic;HMGN2P46;-;-;-;3;1;1	Name=AluSx	TRUE	Alu	ncRNA
chr15:45684155:T:C	chr15:45684155:T:C	A:G	SQOR	intronic	unknown	.	Name=AluSq	FALSE	Alu	intronic
chr15:90196044:C:T	chr15:90196044:C:T	C:T	SEMA4B	intronic	unknown	.	Name=AluY	FALSE	Alu	intronic
chr15:38057389:A:G	chr15:38057389:A:G	A:G	LINC02345	ncRNA
intronic	unknown	.	Name=AluJb	FALSE	Alu	ncRNA
chr15:90186073:A:G	chr15:90186073:A:G	A:G	SEMA4B	intronic	unknown	A;G;+;A||R;ALU;-;SINE/AluSz;intronic;SEMA4B;-;-;intronic;SEMA4B;-;-;intronic;SEMA4B;-;-;-;25;11;12	Name=AluSz	TRUE	Alu	intronic
chr15:32834997:T:C	chr15:32834997:A:G	A:G	FMN1	intronic	unknown	T;C;-;A||R||D;NONREP;-;-/-;intronic;FMN1;-;-;intronic;FMN1;-;-;intronic;FMN1;-;-;-;8;6;6	.	TRUE	None	intronic
chr16:10931692:A:G	chr16:10931692:A:G	A:G	CIITA	UTR3	unknown	A;G;+;A||R||D;ALU;-;SINE/AluSx1;intronic;DEXI;-;-;intronic;DEXI;-;-;intronic;DEXI;-;-;-;918;30;52	Name=AluSx1	TRUE	Alu	UTR3
chr16:10931866:A:G	chr16:10931866:A:G	A:G	CIITA	UTR3	unknown	A;G;+;A||R||D;ALU;-;SINE/AluSx1;intronic;DEXI;-;-;intronic;DEXI;-;-;intronic;DEXI;-;-;-;1108;30;53	Name=AluSx1	TRUE	Alu	UTR3
chr16:11580832:T:C	chr16:11580832:A:G	A:G	LITAF	intronic	unknown	T;C;-;A||R||D;ALU;-;SINE/AluJb;intronic;LITAF;-;-;intronic;LITAF;-;-;intronic;LITAF;-;-;-;26;5;5	Name=AluJb	TRUE	Alu	intronic
chr16:11580984:T:C	chr16:11580984:A:G	A:G	LITAF	intronic	unknown	T;C;-;A||R;ALU;-;SINE/AluJb;intronic;LITAF;-;-;intronic;LITAF;-;-;intronic;LITAF;-;-;-;32;7;7	Name=AluJb	TRUE	Alu	intronic
chr16:11581403:T:C	chr16:11581403:A:G	A:G	LITAF	intronic	unknown	T;C;-;A||R||D;ALU;-;SINE/AluJb;intronic;LITAF;-;-;intronic;LITAF;-;-;intronic;LITAF;-;-;-;32;8;8	Name=AluJb	TRUE	Alu	intronic
chr16:21640001:T:C	chr16:21640001:A:G	A:G	IGSF6	UTR3	unknown	T;C;-;A||R;ALU;-;SINE/AluSx3;intronic;METTL9;-;-;intronic;METTL9;-;-;intronic;METTL9;-;-;-;239;16;27	Name=AluSx	TRUE	Alu	UTR3
chr16:21640015:T:C	chr16:21640015:A:G	A:G	IGSF6	UTR3	unknown	T;C;-;A||R;ALU;-;SINE/AluSx3;intronic;METTL9;-;-;intronic;METTL9;-;-;intronic;METTL9;-;-;-;323;21;35	Name=AluSx	TRUE	Alu	UTR3
chr16:21640031:T:C	chr16:21640031:A:G	A:G	IGSF6	UTR3	unknown	T;C;-;A||R;ALU;-;SINE/AluSx3;intronic;METTL9;-;-;intronic;METTL9;-;-;intronic;METTL9;-;-;-;504;24;42	Name=AluSx	TRUE	Alu	UTR3
chr16:21640035:T:C	chr16:21640035:A:G	A:G	IGSF6	UTR3	unknown	T;C;-;A||R;ALU;-;SINE/AluSx3;intronic;METTL9;-;-;intronic;METTL9;-;-;intronic;METTL9;-;-;-;271;22;37	Name=AluSx	TRUE	Alu	UTR3
chr16:21640075:T:C	chr16:21640075:A:G	A:G	IGSF6	UTR3	unknown	T;C;-;A||R;ALU;-;SINE/AluSx3;intronic;METTL9;-;-;intronic;METTL9;-;-;intronic;METTL9;-;-;-;517;26;43	Name=AluSx	TRUE	Alu	UTR3
chr16:21640135:T:C	chr16:21640135:A:G	A:G	IGSF6	UTR3	unknown	T;C;-;A||R;ALU;-;SINE/AluSx3;intronic;METTL9;-;-;intronic;METTL9;-;-;intronic;METTL9;-;-;-;355;24;40	Name=AluSx	TRUE	Alu	UTR3
chr16:21640138:T:C	chr16:21640138:A:G	A:G	IGSF6	UTR3	unknown	T;C;-;A||R;ALU;rs559891156;SINE/AluSx3;intronic;METTL9;-;-;intronic;METTL9;-;-;intronic;METTL9;-;-;-;538;25;44	Name=AluSx	TRUE	Alu	UTR3
chr16:21640143:T:C	chr16:21640143:A:G	A:G	IGSF6	UTR3	unknown	T;C;-;A||R;ALU;-;SINE/AluSx3;intronic;METTL9;-;-;intronic;METTL9;-;-;intronic;METTL9;-;-;-;391;24;42	Name=AluSx	TRUE	Alu	UTR3
chr16:21640210:T:C	chr16:21640210:A:G	A:G	IGSF6	UTR3	unknown	T;C;-;A||R;ALU;-;SINE/AluSx3;intronic;METTL9;-;-;intronic;METTL9;-;-;intronic;METTL9;-;-;-;375;23;39	Name=AluSx	TRUE	Alu	UTR3
chr16:21640211:T:C	chr16:21640211:A:G	A:G	IGSF6	UTR3	unknown	T;C;-;A||R;ALU;-;SINE/AluSx3;intronic;METTL9;-;-;intronic;METTL9;-;-;intronic;METTL9;-;-;-;588;24;43	Name=AluSx	TRUE	Alu	UTR3
chr16:21640219:T:C	chr16:21640219:A:G	A:G	IGSF6	UTR3	unknown	T;C;-;A||R;ALU;-;SINE/AluSx3;intronic;METTL9;-;-;intronic;METTL9;-;-;intronic;METTL9;-;-;-;770;26;46	Name=AluSx	TRUE	Alu	UTR3
chr16:21640494:T:C	chr16:21640494:A:G	A:G	IGSF6	UTR3	unknown	T;C;-;A||R;ALU;-;SINE/AluSx;intronic;METTL9;-;-;intronic;METTL9;-;-;intronic;METTL9;-;-;-;396;21;39	Name=AluSx	TRUE	Alu	UTR3
chr16:21640506:T:C	chr16:21640506:A:G	A:G	IGSF6	UTR3	unknown	T;C;-;A||R;ALU;-;SINE/AluSx;intronic;METTL9;-;-;intronic;METTL9;-;-;intronic;METTL9;-;-;-;403;26;44	Name=AluSx	TRUE	Alu	UTR3
chr16:21640507:T:C	chr16:21640507:A:G	A:G	IGSF6	UTR3	unknown	T;C;-;A||R;ALU;-;SINE/AluSx;intronic;METTL9;-;-;intronic;METTL9;-;-;intronic;METTL9;-;-;-;287;23;40	Name=AluSx	TRUE	Alu	UTR3
chr16:21640568:T:C	chr16:21640568:A:G	A:G	IGSF6	UTR3	unknown	T;C;-;A||R;ALU;-;SINE/AluSx;intronic;METTL9;-;-;intronic;METTL9;-;-;intronic;METTL9;-;-;-;184;16;29	Name=AluSx	TRUE	Alu	UTR3
chr16:21640707:T:C	chr16:21640707:A:G	A:G	IGSF6	UTR3	unknown	T;C;-;A||R;ALU;-;SINE/AluSx;intronic;METTL9;-;-;intronic;METTL9;-;-;intronic;METTL9;-;-;-;272;19;35	Name=AluSx	TRUE	Alu	UTR3
chr16:21640710:T:C	chr16:21640710:A:G	A:G	IGSF6	UTR3	unknown	T;C;-;A||R;ALU;-;SINE/AluSx;intronic;METTL9;-;-;intronic;METTL9;-;-;intronic;METTL9;-;-;-;200;15;27	Name=AluSx	TRUE	Alu	UTR3
chr16:22285539:A:G	chr16:22285539:A:G	A:G	EEF2K	UTR3	unknown	A;G;+;A||R||D;ALU;-;SINE/AluJo;UTR3;EEF2K;-;-;UTR3;EEF2K;-;-;UTR3;EEF2K;-;-;-;2409;30;55	Name=AluJo	TRUE	Alu	UTR3
chr16:29670239:A:G	chr16:29670239:A:G	A:G	SPN	UTR3	unknown	A;G;+;A||R||D;ALU;-;SINE/AluSg;UTR3;SPN;-;-;UTR3;SPN;-;-;UTR3;SPN;-;-;-;572;28;47	Name=AluSg	TRUE	Alu	UTR3
chr16:30283318:T:C	chr16:30283318:A:G	A:G	SMG1P5	downstream	unknown	T;C;-;A||R||D;ALU;-;SINE/AluSz;intergenic;snoU13||RP11-347C12.2;-;-;ncRNA_intronic;SMG1P2||SMG1P5;-;-;ncRNA_intronic;LOC595101;-;-;-;639;26;49	Name=AluSz	TRUE	Alu	downstream
chr16:31364241:A:G	chr16:31364241:A:G	A:G	ITGAX	intronic	unknown	A;G;+;A||R||D;ALU;-;SINE/AluJr;intronic;ITGAX;-;-;intronic;ITGAX;-;-;intronic;ITGAX;-;-;-;261;13;19	Name=AluJr	TRUE	Alu	intronic
chr16:31364307:A:G	chr16:31364307:A:G	A:G	ITGAX	intronic	unknown	A;G;+;A||R||D;ALU;-;SINE/AluJr;intronic;ITGAX;-;-;intronic;ITGAX;-;-;intronic;ITGAX;-;-;-;206;9;13	Name=AluJr	TRUE	Alu	intronic
chr16:31368247:A:G	chr16:31368247:A:G	A:G	ITGAX	intronic	unknown	A;G;+;A||R||D;ALU;-;SINE/AluSx1;intronic;ITGAX;-;-;intronic;ITGAX;-;-;intronic;ITGAX;-;-;-;219;10;17	Name=AluSx1	TRUE	Alu	intronic
chr16:31368293:A:G	chr16:31368293:A:G	A:G	ITGAX	intronic	unknown	A;G;+;A||R;ALU;-;SINE/AluSx1;intronic;ITGAX;-;-;intronic;ITGAX;-;-;intronic;ITGAX;-;-;-;261;12;17	Name=AluSx1	TRUE	Alu	intronic
chr16:31368378:A:G	chr16:31368378:A:G	A:G	ITGAX	intronic	unknown	A;G;+;A||R;ALU;-;SINE/AluSx1;intronic;ITGAX;-;-;intronic;ITGAX;-;-;intronic;ITGAX;-;-;-;151;8;10	Name=AluSx1	TRUE	Alu	intronic
chr16:48354269:A:G	chr16:48354269:A:G	A:G	LONP2	UTR3	unknown	A;G;+;A||R||D;ALU;-;SINE/AluSz;UTR3;LONP2;-;-;ncRNA_intronic;MIR5095||MIR548AE2;-;-;ncRNA_intronic;MIR548AE2;-;-;-;1185;30;54	Name=AluSz	TRUE	Alu	UTR3
chr16:50105572:A:G	chr16:50105572:A:G	A:G	HEATR3	UTR3	unknown	A;G;+;A||R||D;ALU;-;SINE/AluSx1;ncRNA_intronic;RP11-429P3.5;-;-;downstream;HEATR3;-;-;upstream;AF086132;-;-;-;2125;30;55	Name=AluSx1	TRUE	Alu	UTR3
chr16:50105652:A:G	chr16:50105652:A:G	A:G	HEATR3	UTR3	unknown	A;G;+;A||R||D;ALU;-;SINE/AluSx1;ncRNA_intronic;RP11-429P3.5;-;-;downstream;HEATR3;-;-;upstream;AF086132;-;-;-;2105;30;54	Name=AluSx1	TRUE	Alu	UTR3
chr16:53058928:A:G	chr16:53058928:A:G	A:G	CHD9	intronic	unknown	A;G;+;A||R;ALU;rs367651314;SINE/AluJr;intronic;CHD9;-;-;intronic;CHD9;-;-;intronic;CHD9;-;-;-;7;5;6	Name=AluJr	TRUE	Alu	intronic
chr16:70248674:T:C	chr16:70248674:A:G	A:G	EXOSC6	UTR3	unknown	T;C;-;A||R||D;ALU;-;SINE/AluJb;intergenic;snoU13||EXOSC6;-;-;intergenic;SMG1P7||EXOSC6;-;-;intergenic;AK308867||EXOSC6;-;-;-;2132;30;55	Name=AluJb	TRUE	Alu	UTR3
chr16:70248733:T:C	chr16:70248733:A:G	A:G	EXOSC6	UTR3	unknown	T;C;-;A||R;ALU;-;SINE/AluJb;intergenic;snoU13||EXOSC6;-;-;intergenic;SMG1P7||EXOSC6;-;-;intergenic;AK308867||EXOSC6;-;-;-;1633;30;54	Name=AluJb	TRUE	Alu	UTR3
chr16:70249181:T:C	chr16:70249181:A:G	A:G	EXOSC6	UTR3	unknown	T;C;-;A||R;ALU;-;SINE/AluSz;intergenic;snoU13||EXOSC6;-;-;intergenic;SMG1P7||EXOSC6;-;-;intergenic;AK308867||EXOSC6;-;-;-;2117;30;54	Name=AluSz	TRUE	Alu	UTR3
chr16:70249336:T:C	chr16:70249336:A:G	A:G	EXOSC6	UTR3	unknown	T;C;-;A||R||D;ALU;-;SINE/AluSz;downstream;EXOSC6;-;-;downstream;EXOSC6;-;-;downstream;EXOSC6;-;-;-;1742;30;55	Name=AluSz	TRUE	Alu	UTR3
chr16:75348927:T:C	chr16:75348927:A:G	A:G	CFDP1	intronic	unknown	T;C;-;A||R;ALU;-;SINE/AluJr;intronic;CFDP1;-;-;intronic;CFDP1;-;-;intronic;CFDP1;-;-;-;7;4;4	Name=AluJr	TRUE	Alu	intronic
chr16:75445496:T:C	chr16:75445496:A:G	A:G	TMEM170A	UTR3	unknown	T;C;-;A||R||D;ALU;-;SINE/AluJb;UTR3;TMEM170A;-;-;UTR3;TMEM170A;-;-;UTR3;TMEM170A;-;-;-;1919;30;55	Name=AluJb	TRUE	Alu	UTR3
chr16:75445919:T:C	chr16:75445919:A:G	A:G	TMEM170A	UTR3	unknown	T;C;-;A||R||D;ALU;-;SINE/AluSg4;UTR3;TMEM170A;-;-;UTR3;TMEM170A;-;-;UTR3;TMEM170A;-;-;-;1003;30;55	Name=AluSg4	TRUE	Alu	UTR3
chr16:14667684:G:A	chr16:14667684:G:A	C:T	BFAR	exonic	nonsynonymous SNV	.	.	FALSE	None	exonic
chr16:15727240:A:G	chr16:15727240:T:C	A:G	MYH11	intronic	unknown	A;G;+;R||D;ALU;-;SINE/AluSx1;ncRNA_intronic;AF001548.5;-;-;intronic;MYH11;-;-;intronic;MYH11;-;-;-;150;20;28	Name=AluSx1	TRUE	Alu	intronic
chr16:15727275:A:G	chr16:15727275:T:C	A:G	MYH11	intronic	unknown	A;G;+;R;ALU;-;SINE/AluSx1;ncRNA_intronic;AF001548.5;-;-;intronic;MYH11;-;-;intronic;MYH11;-;-;-;159;20;27	Name=AluSx1	TRUE	Alu	intronic
chr16:15727340:A:G	chr16:15727340:T:C	A:G	MYH11	intronic	unknown	A;G;+;R;ALU;-;SINE/AluSx1;ncRNA_intronic;AF001548.5;-;-;intronic;MYH11;-;-;intronic;MYH11;-;-;-;303;23;37	Name=AluSx1	TRUE	Alu	intronic
chr16:15727398:A:G	chr16:15727398:T:C	A:G	MYH11	intronic	unknown	A;G;+;R;ALU;-;SINE/AluSx1;ncRNA_intronic;AF001548.5;-;-;intronic;MYH11;-;-;intronic;MYH11;-;-;-;241;23;29	Name=AluSx1	TRUE	Alu	intronic
chr16:20856196:T:C	chr16:20856196:A:G	A:G	DCUN1D3	UTR3	unknown	T;C;-;A||R;REP;-;DNA/MADE1;UTR3;DCUN1D3;-;-;intergenic;LOC81691||DCUN1D3;-;-;intronic;ERI2;-;-;-;1278;30;53	Name=MADE1	TRUE	Other	UTR3
chr16:21639981:T:C	chr16:21639981:A:G	A:G	IGSF6	UTR3	unknown	T;C;-;A||R;ALU;-;SINE/AluSx3;intronic;METTL9;-;-;intronic;METTL9;-;-;intronic;METTL9;-;-;-;305;21;34	Name=AluSx	TRUE	Alu	UTR3
chr16:21640635:T:C	chr16:21640635:A:G	A:G	IGSF6	UTR3	unknown	T;C;-;A||R;ALU;-;SINE/AluSx;intronic;METTL9;-;-;intronic;METTL9;-;-;intronic;METTL9;-;-;-;54;8;10	Name=AluSx	TRUE	Alu	UTR3
chr16:21640658:T:C	chr16:21640658:A:G	A:G	IGSF6	UTR3	unknown	T;C;-;A||R;ALU;-;SINE/AluSx;intronic;METTL9;-;-;intronic;METTL9;-;-;intronic;METTL9;-;-;-;226;14;26	Name=AluSx	TRUE	Alu	UTR3
chr16:23915476:A:G	chr16:23915476:A:G	A:G	PRKCB	intronic	unknown	A;G;+;A||R||D;ALU;-;SINE/AluJo;intronic;PRKCB;-;-;intronic;PRKCB;-;-;intronic;PRKCB;-;-;-;13;4;5	Name=AluJo	TRUE	Alu	intronic
chr16:29669463:A:G	chr16:29669463:A:G	A:G	SPN	UTR3	unknown	A;G;+;A||R||D;ALU;-;SINE/AluSp;UTR3;SPN;-;-;UTR3;SPN;-;-;UTR3;SPN;-;-;-;244;17;25	Name=AluSp	TRUE	Alu	UTR3
chr16:29670139:A:G	chr16:29670139:A:G	A:G	SPN	UTR3	unknown	A;G;+;A||R||D;ALU;-;SINE/AluJr;UTR3;SPN;-;-;UTR3;SPN;-;-;UTR3;SPN;-;-;-;703;29;49	Name=AluJr	TRUE	Alu	UTR3
chr16:29670289:A:G	chr16:29670289:A:G	A:G	SPN	UTR3	unknown	A;G;+;A||R||D;ALU;-;SINE/AluSg;UTR3;SPN;-;-;UTR3;SPN;-;-;UTR3;SPN;-;-;-;448;24;39	Name=AluSg	TRUE	Alu	UTR3
chr16:29823670:A:G	chr16:29823670:A:G	A:G	MVP	intronic	unknown	A;G;+;A||R;ALU;-;SINE/AluY;intronic;MVP;-;-;intronic;MVP;-;-;intronic;MVP;-;-;-;26;12;13	Name=AluY	TRUE	Alu	intronic
chr16:31359249:A:G	chr16:31359249:A:G	A:G	ITGAX	intronic	unknown	A;G;+;A||R;ALU;-;SINE/AluSc;intronic;ITGAX;-;-;intronic;ITGAX;-;-;intronic;ITGAX;-;-;-;243;19;29	Name=AluSc	TRUE	Alu	intronic
chr16:31363516:A:G	chr16:31363516:A:G	A:G	ITGAX	intronic	unknown	A;G;+;A||R;ALU;-;SINE/AluSx;intronic;ITGAX;-;-;intronic;ITGAX;-;-;intronic;ITGAX;-;-;-;220;8;12	Name=AluSx	TRUE	Alu	intronic
chr16:31363547:A:G	chr16:31363547:A:G	A:G	ITGAX	intronic	unknown	A;G;+;A||R;ALU;-;SINE/AluSx;intronic;ITGAX;-;-;intronic;ITGAX;-;-;intronic;ITGAX;-;-;-;184;8;10	Name=AluSx	TRUE	Alu	intronic
chr16:31366616:A:G	chr16:31366616:A:G	A:G	ITGAX	intronic	unknown	A;G;+;A||R;ALU;-;SINE/AluSz;intronic;ITGAX;-;-;intronic;ITGAX;-;-;intronic;ITGAX;-;-;-;302;14;21	Name=AluSz	TRUE	Alu	intronic
chr16:31366751:A:G	chr16:31366751:A:G	A:G	ITGAX	intronic	unknown	A;G;+;A||R||D;ALU;-;SINE/AluSz;intronic;ITGAX;-;-;intronic;ITGAX;-;-;intronic;ITGAX;-;-;-;222;12;17	Name=AluSz	TRUE	Alu	intronic
chr16:53059069:A:G	chr16:53059069:A:G	A:G	CHD9	intronic	unknown	A;G;+;A||R;ALU;-;SINE/AluJr;intronic;CHD9;-;-;intronic;CHD9;-;-;intronic;CHD9;-;-;-;13;6;7	Name=AluJr	TRUE	Alu	intronic
chr16:57063937:A:G	chr16:57063937:A:G	A:G	NLRC5	intronic	unknown	A;G;+;A||R;ALU;-;SINE/AluY;intronic;NLRC5;-;-;intronic;NLRC5;-;-;intronic;NLRC5;-;-;-;88;11;15	Name=AluY	TRUE	Alu	intronic
chr16:57791147:T:C	chr16:57791147:A:G	A:G	KIFC3	intronic	unknown	T;C;-;A||R;ALU;-;SINE/AluSx;intronic;KIFC3;-;-;intronic;KIFC3;-;-;intronic;KIFC3;-;-;-;50;12;13	Name=AluSx	TRUE	Alu	intronic
chr16:70248678:T:C	chr16:70248678:A:G	A:G	EXOSC6	UTR3	unknown	T;C;-;A||R;ALU;-;SINE/AluJb;intergenic;snoU13||EXOSC6;-;-;intergenic;SMG1P7||EXOSC6;-;-;intergenic;AK308867||EXOSC6;-;-;-;1516;30;53	Name=AluJb	TRUE	Alu	UTR3
chr16:70377014:T:C	chr16:70377014:A:G	A:G	ST3GAL2	UTR3	unknown	T;C;-;A||R;ALU;-;SINE/AluSg7;intergenic;DDX19A||ST3GAL2;-;-;intergenic;DDX19A||ST3GAL2;-;-;intergenic;DDX19A||ST3GAL2;-;-;-;156;20;37	Name=AluSg7	TRUE	Alu	UTR3
chr16:70410057:T:C	chr16:70410057:A:G	A:G	ST3GAL2	intronic	unknown	T;C;-;A||R||D;REP;-;SINE/FLAM_C;intronic;ST3GAL2;-;-;intronic;ST3GAL2;-;-;intronic;ST3GAL2;-;-;-;71;10;22	Name=FLAM_C	TRUE	Other	intronic
chr16:70411911:T:C	chr16:70411911:A:G	A:G	ST3GAL2	intronic	unknown	T;C;-;A||R;ALU;-;SINE/AluSp;intronic;ST3GAL2;-;-;intronic;ST3GAL2;-;-;intronic;ST3GAL2;-;-;-;4;2;2	Name=AluSp	TRUE	Alu	intronic
chr16:70717771:T:C	chr16:70717771:A:G	A:G	VAC14	intronic	unknown	T;C;-;A||R||D;ALU;-;SINE/AluJb;intronic;VAC14;-;-;intronic;VAC14;-;-;intronic;VAC14;-;-;-;43;10;13	Name=AluJb	TRUE	Alu	intronic
chr16:75445426:T:C	chr16:75445426:A:G	A:G	TMEM170A	UTR3	unknown	T;C;-;A||R||D;ALU;-;SINE/AluJb;UTR3;TMEM170A;-;-;UTR3;TMEM170A;-;-;UTR3;TMEM170A;-;-;-;1769;30;55	Name=AluJb	TRUE	Alu	UTR3
chr16:75445433:T:C	chr16:75445433:A:G	A:G	TMEM170A	UTR3	unknown	T;C;-;A||R||D;ALU;-;SINE/AluJb;UTR3;TMEM170A;-;-;UTR3;TMEM170A;-;-;UTR3;TMEM170A;-;-;-;1932;30;55	Name=AluJb	TRUE	Alu	UTR3
chr16:75445523:T:C	chr16:75445523:A:G	A:G	TMEM170A	UTR3	unknown	T;C;-;A||R||D;ALU;-;SINE/AluJb;UTR3;TMEM170A;-;-;UTR3;TMEM170A;-;-;UTR3;TMEM170A;-;-;-;1815;30;55	Name=AluJb	TRUE	Alu	UTR3
chr16:75445569:T:C	chr16:75445569:A:G	A:G	TMEM170A	UTR3	unknown	T;C;-;A||R||D;ALU;-;SINE/AluJb;UTR3;TMEM170A;-;-;UTR3;TMEM170A;-;-;UTR3;TMEM170A;-;-;-;1142;30;55	Name=AluJb	TRUE	Alu	UTR3
chr16:75445570:T:C	chr16:75445570:A:G	A:G	TMEM170A	UTR3	unknown	T;C;-;A||R||D;ALU;-;SINE/AluJb;UTR3;TMEM170A;-;-;UTR3;TMEM170A;-;-;UTR3;TMEM170A;-;-;-;1042;30;55	Name=AluJb	TRUE	Alu	UTR3
chr16:75445576:T:C	chr16:75445576:A:G	A:G	TMEM170A	UTR3	unknown	T;C;-;A||R||D;ALU;-;SINE/AluJb;UTR3;TMEM170A;-;-;UTR3;TMEM170A;-;-;UTR3;TMEM170A;-;-;-;1860;30;54	Name=AluJb	TRUE	Alu	UTR3
chr16:75445586:T:C	chr16:75445586:A:G	A:G	TMEM170A	UTR3	unknown	T;C;-;A||R||D;ALU;-;SINE/AluJb;UTR3;TMEM170A;-;-;UTR3;TMEM170A;-;-;UTR3;TMEM170A;-;-;-;1469;30;55	Name=AluJb	TRUE	Alu	UTR3
chr16:75445933:T:C	chr16:75445933:A:G	A:G	TMEM170A	UTR3	unknown	T;C;-;A||R||D;ALU;-;SINE/AluSg4;UTR3;TMEM170A;-;-;UTR3;TMEM170A;-;-;UTR3;TMEM170A;-;-;-;1217;30;55	Name=AluSg4	TRUE	Alu	UTR3
chr16:75445993:T:C	chr16:75445993:A:G	A:G	TMEM170A	UTR3	unknown	T;C;-;A||R||D;ALU;-;SINE/AluSg4;UTR3;TMEM170A;-;-;UTR3;TMEM170A;-;-;UTR3;TMEM170A;-;-;-;1531;30;54	Name=AluSg4	TRUE	Alu	UTR3
chr16:75446009:T:C	chr16:75446009:A:G	A:G	TMEM170A	UTR3	unknown	T;C;-;A||R||D;ALU;-;SINE/AluSg4;UTR3;TMEM170A;-;-;UTR3;TMEM170A;-;-;UTR3;TMEM170A;-;-;-;1869;30;55	Name=AluSg4	TRUE	Alu	UTR3
chr16:75446112:T:C	chr16:75446112:A:G	A:G	TMEM170A	UTR3	unknown	T;C;-;A||R||D;ALU;-;SINE/AluSg4;UTR3;TMEM170A;-;-;UTR3;TMEM170A;-;-;UTR3;TMEM170A;-;-;-;958;30;55	Name=AluSg4	TRUE	Alu	UTR3
chr16:84588196:T:C	chr16:84588196:A:G	A:G	COTL1	intronic	unknown	T;C;-;A||R;ALU;-;SINE/AluJo;intronic;COTL1;-;-;intronic;COTL1;-;-;intronic;COTL1;-;-;-;10;5;5	Name=AluJo	TRUE	Alu	intronic
chr16:10932791:A:G	chr16:10932791:A:G	A:G	CIITA	UTR3	unknown	A;G;+;A||R||D;ALU;-;SINE/AluSx;intronic;DEXI;-;-;intronic;DEXI;-;-;intronic;DEXI;-;-;-;551;29;50	Name=AluSx	TRUE	Alu	UTR3
chr16:10932817:A:G	chr16:10932817:A:G	A:G	CIITA	UTR3	unknown	A;G;+;A||R||D;ALU;-;SINE/AluSx;intronic;DEXI;-;-;intronic;DEXI;-;-;intronic;DEXI;-;-;-;649;29;51	Name=AluSx	TRUE	Alu	UTR3
chr16:15727264:A:G	chr16:15727264:T:C	A:G	MYH11	intronic	unknown	A;G;+;R;ALU;-;SINE/AluSx1;ncRNA_intronic;AF001548.5;-;-;intronic;MYH11;-;-;intronic;MYH11;-;-;-;175;22;29	Name=AluSx1	TRUE	Alu	intronic
chr16:15727265:A:G	chr16:15727265:T:C	A:G	MYH11	intronic	unknown	A;G;+;R;ALU;-;SINE/AluSx1;ncRNA_intronic;AF001548.5;-;-;intronic;MYH11;-;-;intronic;MYH11;-;-;-;150;22;30	Name=AluSx1	TRUE	Alu	intronic
chr16:15727330:A:G	chr16:15727330:T:C	A:G	MYH11	intronic	unknown	A;G;+;R;ALU;-;SINE/AluSx1;ncRNA_intronic;AF001548.5;-;-;intronic;MYH11;-;-;intronic;MYH11;-;-;-;138;24;30	Name=AluSx1	TRUE	Alu	intronic
chr16:15727705:A:G	chr16:15727705:T:C	A:G	MYH11	intronic	unknown	A;G;+;R||D;ALU;-;SINE/AluJr;ncRNA_intronic;AF001548.5;-;-;intronic;MYH11;-;-;intronic;MYH11;-;-;-;323;25;37	Name=AluJr	TRUE	Alu	intronic
chr16:15728184:A:G	chr16:15728184:T:C	A:G	MYH11	intronic	unknown	A;G;+;R;ALU;-;SINE/AluSz;ncRNA_intronic;AF001548.5;-;-;intronic;MYH11;-;-;intronic;MYH11;-;-;-;227;21;30	Name=AluSz	TRUE	Alu	intronic
chr16:16072859:A:G	chr16:16072859:A:G	A:G	ABCC1	intronic	unknown	A;G;+;A||R||D;ALU;-;SINE/AluSx1;intronic;ABCC1;-;-;intronic;ABCC1;-;-;intronic;ABCC1;-;-;-;2;1;1	Name=AluSx1	TRUE	Alu	intronic
chr16:21640084:T:C	chr16:21640084:A:G	A:G	IGSF6	UTR3	unknown	T;C;-;A||R;ALU;-;SINE/AluSx3;intronic;METTL9;-;-;intronic;METTL9;-;-;intronic;METTL9;-;-;-;503;25;43	Name=AluSx	TRUE	Alu	UTR3
chr16:21640086:T:C	chr16:21640086:A:G	A:G	IGSF6	UTR3	unknown	T;C;-;A||R;ALU;-;SINE/AluSx3;intronic;METTL9;-;-;intronic;METTL9;-;-;intronic;METTL9;-;-;-;558;26;44	Name=AluSx	TRUE	Alu	UTR3
chr16:21640134:T:C	chr16:21640134:A:G	A:G	IGSF6	UTR3	unknown	T;C;-;A||R;ALU;-;SINE/AluSx3;intronic;METTL9;-;-;intronic;METTL9;-;-;intronic;METTL9;-;-;-;301;22;37	Name=AluSx	TRUE	Alu	UTR3
chr16:30550278:T:C	chr16:30550278:A:G	A:G	ZNF764	downstream	unknown	T;C;-;A||R;ALU;-;SINE/AluJr;intronic;AC002310.13;-;-;intergenic;ZNF747||ZNF764;-;-;intergenic;AK056973||ZNF764;-;-;-;787;30;53	Name=AluJr	TRUE	Alu	downstream
chr16:31363540:A:G	chr16:31363540:A:G	A:G	ITGAX	intronic	unknown	A;G;+;A||R;ALU;-;SINE/AluSx;intronic;ITGAX;-;-;intronic;ITGAX;-;-;intronic;ITGAX;-;-;-;187;7;10	Name=AluSx	TRUE	Alu	intronic
chr16:67995771:T:C	chr16:67995771:A:G	A:G	DPEP2	intronic	unknown	T;C;-;R;ALU;-;SINE/AluSx;intronic;DPEP2;-;-;intronic;DPEP2;-;-;intronic;DPEP2;-;-;-;97;8;8	Name=AluSx	TRUE	Alu	intronic
chr16:67995842:T:C	chr16:67995842:A:G	A:G	DPEP2	intronic	unknown	T;C;-;A||R;ALU;-;SINE/AluSx;intronic;DPEP2;-;-;intronic;DPEP2;-;-;intronic;DPEP2;-;-;-;184;12;17	Name=AluSx	TRUE	Alu	intronic
chr16:70247172:T:C	chr16:70247172:A:G	A:G	EXOSC6	UTR3	unknown	T;C;-;A||R||D;ALU;-;SINE/AluSz6;intergenic;snoU13||EXOSC6;-;-;intergenic;SMG1P7||EXOSC6;-;-;intergenic;AK308867||EXOSC6;-;-;-;1502;30;53	Name=AluSz6	TRUE	Alu	UTR3
chr16:70377723:T:C	chr16:70377723:A:G	A:G	ST3GAL2	UTR3	unknown	T;C;-;A||R||D;ALU;-;SINE/AluSg;intergenic;DDX19A||ST3GAL2;-;-;intergenic;DDX19A||ST3GAL2;-;-;intergenic;DDX19A||ST3GAL2;-;-;-;649;30;53	Name=AluSg	TRUE	Alu	UTR3
chr16:70413134:T:C	chr16:70413134:A:G	A:G	ST3GAL2	intronic	unknown	T;C;-;R||D;ALU;-;SINE/AluSq;intronic;ST3GAL2;-;-;intronic;ST3GAL2;-;-;intronic;ST3GAL2;-;-;-;3;3;3	Name=AluSq	TRUE	Alu	intronic
chr16:10931780:A:G	chr16:10931780:A:G	A:G	CIITA	UTR3	unknown	A;G;+;A||R||D;ALU;-;SINE/AluSx1;intronic;DEXI;-;-;intronic;DEXI;-;-;intronic;DEXI;-;-;-;746;29;51	Name=AluSx1	TRUE	Alu	UTR3
chr16:11581402:T:C	chr16:11581402:A:G	A:G	LITAF	intronic	unknown	T;C;-;A||R;ALU;-;SINE/AluJb;intronic;LITAF;-;-;intronic;LITAF;-;-;intronic;LITAF;-;-;-;38;8;8	Name=AluJb	TRUE	Alu	intronic
chr16:15728067:A:G	chr16:15728067:T:C	A:G	MYH11	intronic	unknown	A;G;+;R;ALU;-;SINE/AluSz;ncRNA_intronic;AF001548.5;-;-;intronic;MYH11;-;-;intronic;MYH11;-;-;-;0;0;0	Name=AluSz	TRUE	Alu	intronic
chr16:21640167:T:C	chr16:21640167:A:G	A:G	IGSF6	UTR3	unknown	T;C;-;A||R;ALU;-;SINE/AluSx3;intronic;METTL9;-;-;intronic;METTL9;-;-;intronic;METTL9;-;-;-;644;25;44	Name=AluSx	TRUE	Alu	UTR3
chr16:29410808:T:C	chr16:29410808:A:G	A:G	NPIPB11	upstream	unknown	T;C;-;R;ALU;-;SINE/AluSx;ncRNA_intronic;SNX29P2;-;-;intergenic;NPIPB11||LOC606724;-;-;intergenic;NPIPL1||AK096982;-;-;-;32;15;18	Name=AluSx	TRUE	Alu	upstream
chr16:29670232:A:G	chr16:29670232:A:G	A:G	SPN	UTR3	unknown	A;G;+;A||R||D;ALU;-;SINE/AluSg;UTR3;SPN;-;-;UTR3;SPN;-;-;UTR3;SPN;-;-;-;556;26;42	Name=AluSg	TRUE	Alu	UTR3
chr16:29829227:A:G	chr16:29829227:A:G	A:G	MVP	intronic	unknown	A;G;+;A||R;ALU;-;SINE/AluJr;intronic;MVP;-;-;intronic;MVP;-;-;intronic;MVP;-;-;-;68;17;21	Name=AluJr	TRUE	Alu	intronic
chr16:69915870:A:G	chr16:69915870:A:G	A:G	WWP2	intronic	unknown	A;G;+;A||R;ALU;-;SINE/AluJb;intronic;WWP2;-;-;intronic;WWP2;-;-;intronic;WWP2;-;-;-;16;9;12	Name=AluJb	TRUE	Alu	intronic
chr16:75446012:T:C	chr16:75446012:A:G	A:G	TMEM170A	UTR3	unknown	T;C;-;A||R||D;ALU;-;SINE/AluSg4;UTR3;TMEM170A;-;-;UTR3;TMEM170A;-;-;UTR3;TMEM170A;-;-;-;1656;30;55	Name=AluSg4	TRUE	Alu	UTR3
chr16:78732078:A:G	chr16:78732078:A:G	A:G	WWOX	intronic	unknown	A;G;+;A||R;ALU;rs539697969;SINE/AluJr;intronic;WWOX;-;-;intronic;WWOX;-;-;intronic;WWOX;-;-;-;9;6;8	Name=AluJr	TRUE	Alu	intronic
chr16:84983856:T:C	chr16:84983856:A:G	A:G	ZDHHC7	intronic	unknown	T;C;-;A||R;ALU;-;SINE/AluSg7;intronic;ZDHHC7;-;-;intronic;ZDHHC7;-;-;intronic;ZDHHC7;-;-;-;682;30;50	Name=AluSg7	TRUE	Alu	intronic
chr16:8915479:C:T	chr16:8915479:G:A	C:T	USP7	exonic	nonsynonymous SNV	.	.	FALSE	None	exonic
chr16:89688289:A:G	chr16:89688289:A:G	A:G	CDK10	intronic	unknown	A;G;+;A||R;ALU;-;SINE/AluY;intronic;CDK10;-;-;intronic;CDK10;-;-;intronic;CDK10;-;-;-;1503;30;54	Name=AluY	TRUE	Alu	intronic
chr16:89689021:A:G	chr16:89689021:A:G	A:G	CDK10	intronic	unknown	A;G;+;A||R;ALU;-;SINE/AluSz;intronic;CDK10;-;-;intronic;CDK10;-;-;intronic;CDK10;-;-;-;998;30;53	Name=AluSz	TRUE	Alu	intronic
chr16:89689045:A:G	chr16:89689045:A:G	A:G	CDK10	intronic	unknown	A;G;+;A||R||D;ALU;-;SINE/AluSz;intronic;CDK10;-;-;intronic;CDK10;-;-;intronic;CDK10;-;-;-;1183;30;54	Name=AluSz	TRUE	Alu	intronic
chr16:89689049:A:G	chr16:89689049:A:G	A:G	CDK10	intronic	unknown	A;G;+;A||R||D;ALU;-;SINE/AluSz;intronic;CDK10;-;-;intronic;CDK10;-;-;intronic;CDK10;-;-;-;1584;30;54	Name=AluSz	TRUE	Alu	intronic
chr16:9122100:A:G	chr16:9122100:A:G	A:G	C16orf72	downstream	unknown	A;G;+;A||R;ALU;-;SINE/AluJo;downstream;C16orf72;-;-;intergenic;C16orf72||MIR548X;-;-;intergenic;C16orf72||MIR548X;-;-;-;3;3;3	Name=AluJo	TRUE	Alu	downstream
chr16:11555130:T:C	chr16:11555130:A:G	A:G	LITAF	intronic	unknown	T;C;-;A||R;ALU;-;SINE/AluJr;intronic;LITAF;-;-;intronic;LITAF;-;-;intronic;LITAF;-;-;-;73;15;16	Name=AluJr	TRUE	Alu	intronic
chr16:11555131:T:C	chr16:11555131:A:G	A:G	LITAF	intronic	unknown	T;C;-;A||R;ALU;-;SINE/AluJr;intronic;LITAF;-;-;intronic;LITAF;-;-;intronic;LITAF;-;-;-;72;14;17	Name=AluJr	TRUE	Alu	intronic
chr16:15727436:A:G	chr16:15727436:T:C	A:G	MYH11	intronic	unknown	A;G;+;R;ALU;-;SINE/AluSx1;ncRNA_intronic;AF001548.5;-;-;intronic;MYH11;-;-;intronic;MYH11;-;-;-;232;22;33	Name=AluSx1	TRUE	Alu	intronic
chr16:15999492:A:G	chr16:15999492:A:G	A:G	ABCC1	intronic	unknown	A;G;+;R;ALU;-;SINE/AluSp;intronic;ABCC1;-;-;intronic;ABCC1;-;-;intronic;ABCC1;-;-;-;0;0;0	Name=AluSp	TRUE	Alu	intronic
chr16:67081685:A:G	chr16:67081685:A:G	A:G	CBFB	intronic	unknown	A;G;+;A||R||D;ALU;-;SINE/AluJr;intronic;CBFB;-;-;intronic;CBFB;-;-;intronic;CBFB;-;-;-;833;30;53	Name=AluJr	TRUE	Alu	intronic
chr16:70377318:T:C	chr16:70377318:A:G	A:G	ST3GAL2	UTR3	unknown	T;C;-;A||R;ALU;-;SINE/AluSx;intergenic;DDX19A||ST3GAL2;-;-;intergenic;DDX19A||ST3GAL2;-;-;intergenic;DDX19A||ST3GAL2;-;-;-;363;27;47	Name=AluSx	TRUE	Alu	UTR3
chr16:70377324:T:C	chr16:70377324:A:G	A:G	ST3GAL2	UTR3	unknown	T;C;-;A||R;ALU;-;SINE/AluSx;intergenic;DDX19A||ST3GAL2;-;-;intergenic;DDX19A||ST3GAL2;-;-;intergenic;DDX19A||ST3GAL2;-;-;-;255;22;39	Name=AluSx	TRUE	Alu	UTR3
chr16:74681604:T:C	chr16:74681604:A:G	A:G	MLKL	intronic	unknown	T;C;-;R;ALU;-;SINE/AluY;intronic;MLKL;-;-;intronic;MLKL;-;-;intronic;MLKL;-;-;-;51;16;19	Name=AluY	TRUE	Alu	intronic
chr16:78732100:A:G	chr16:78732100:A:G	A:G	WWOX	intronic	unknown	A;G;+;A||R;ALU;-;SINE/AluJr;intronic;WWOX;-;-;intronic;WWOX;-;-;intronic;WWOX;-;-;-;5;3;4	Name=AluJr	TRUE	Alu	intronic
chr16:10932739:A:G	chr16:10932739:A:G	A:G	CIITA	UTR3	unknown	A;G;+;R;ALU;-;SINE/AluSx;intronic;DEXI;-;-;intronic;DEXI;-;-;intronic;DEXI;-;-;-;244;25;37	Name=AluSx	TRUE	Alu	UTR3
chr16:10932805:A:G	chr16:10932805:A:G	A:G	CIITA	UTR3	unknown	A;G;+;A||R||D;ALU;-;SINE/AluSx;intronic;DEXI;-;-;intronic;DEXI;-;-;intronic;DEXI;-;-;-;464;29;47	Name=AluSx	TRUE	Alu	UTR3
chr16:11304694:G:A	chr16:11304694:C:T	C:T	MIR548H2	downstream	unknown	.	Name=AluY	FALSE	Alu	downstream
chr16:11834989:T:C	chr16:11834989:A:G	A:G	RSL1D1	UTR3	unknown	T;C;-;A||R||D;ALU;-;SINE/AluJb;downstream;RSL1D1;-;-;UTR3;RSL1D1;-;-;UTR3;RSL1D1;-;-;-;2047;30;55	Name=AluJr	TRUE	Alu	UTR3
chr16:14008155:T:C	chr16:14008155:A:G	A:G	LINC02185	downstream	unknown	T;C;-;A||R;REP;-;SINE/FLAM_A;intergenic;CTD-2135D7.3||CTD-2135D7.5;-;-;intergenic;ERCC4||LOC101927311;-;-;intergenic;ERCC4||BC039386;-;-;-;602;25;45	Name=FLAM_A	TRUE	Other	downstream
chr16:28955143:A:G	chr16:28955143:A:G	A:G	NFATC2IP	intronic	unknown	A;G;+;A||R||D;ALU;-;SINE/AluJr;intronic;NFATC2IP;-;-;intronic;NFATC2IP;-;-;intronic;NFATC2IP||NPIPL1;-;-;-;2088;30;54	Name=AluJr	TRUE	Alu	intronic
chr16:28955357:A:G	chr16:28955357:A:G	A:G	NFATC2IP	intronic	unknown	A;G;+;A||R;ALU;-;SINE/AluJb;intronic;NFATC2IP;-;-;intronic;NFATC2IP;-;-;intronic;NFATC2IP||NPIPL1;-;-;-;2148;30;54	Name=AluJb	TRUE	Alu	intronic
chr16:29670137:A:G	chr16:29670137:A:G	A:G	SPN	UTR3	unknown	A;G;+;A||R||D;ALU;-;SINE/AluJr;UTR3;SPN;-;-;UTR3;SPN;-;-;UTR3;SPN;-;-;-;648;29;50	Name=AluJr	TRUE	Alu	UTR3
chr16:29670177:A:G	chr16:29670177:A:G	A:G	SPN	UTR3	unknown	A;G;+;A||R||D;ALU;-;SINE/AluJr;UTR3;SPN;-;-;UTR3;SPN;-;-;UTR3;SPN;-;-;-;467;26;41	Name=AluJr	TRUE	Alu	UTR3
chr16:29670238:A:G	chr16:29670238:A:G	A:G	SPN	UTR3	unknown	A;G;+;A||R||D;ALU;-;SINE/AluSg;UTR3;SPN;-;-;UTR3;SPN;-;-;UTR3;SPN;-;-;-;462;23;41	Name=AluSg	TRUE	Alu	UTR3
chr16:29670378:A:G	chr16:29670378:A:G	A:G	SPN	UTR3	unknown	A;G;+;A||R||D;ALU;-;SINE/AluSg;UTR3;SPN;-;-;UTR3;SPN;-;-;UTR3;SPN;-;-;-;514;28;44	Name=AluSg	TRUE	Alu	UTR3
chr16:30549953:T:C	chr16:30549953:A:G	A:G	ZNF764	downstream	unknown	T;C;-;A||R;ALU;-;SINE/AluJb;intronic;AC002310.13;-;-;intergenic;ZNF747||ZNF764;-;-;intergenic;AK056973||ZNF764;-;-;-;1053;29;52	Name=AluJb	TRUE	Alu	downstream
chr16:30550010:T:C	chr16:30550010:A:G	A:G	ZNF764	downstream	unknown	T;C;-;A||R;ALU;-;SINE/AluJb;intronic;AC002310.13;-;-;intergenic;ZNF747||ZNF764;-;-;intergenic;AK056973||ZNF764;-;-;-;581;29;53	Name=AluJb	TRUE	Alu	downstream
chr16:47072863:A:G	chr16:47072863:T:C	A:G	NETO2	downstream	unknown	.	.	FALSE	None	downstream
chr16:69631712:A:G	chr16:69631712:A:G	A:G	NFAT5	intronic	unknown	A;G;+;A||R;ALU;-;SINE/AluSc;intronic;NFAT5;-;-;intronic;NFAT5;-;-;intronic;NFAT5;-;-;-;11;5;6	Name=AluSc	TRUE	Alu	intronic
chr16:74577134:T:C	chr16:74577134:A:G	A:G	GLG1	intronic	unknown	T;C;-;A||R;ALU;-;SINE/AluJo;intronic;GLG1;-;-;intronic;GLG1;-;-;intronic;GLG1;-;-;-;11;6;7	Name=AluJo	TRUE	Alu	intronic
chr16:78509359:A:G	chr16:78509359:A:G	A:G	WWOX	intronic	unknown	A;G;+;A||R;ALU;-;SINE/AluSx1;intronic;WWOX;-;-;intronic;WWOX;-;-;intronic;WWOX;-;-;-;6;4;4	Name=AluSx1	TRUE	Alu	intronic
chr16:78729114:A:G	chr16:78729114:A:G	A:G	WWOX	intronic	unknown	A;G;+;A||R;ALU;-;SINE/AluJb;intronic;WWOX;-;-;intronic;WWOX;-;-;intronic;WWOX;-;-;-;6;4;4	Name=AluJb	TRUE	Alu	intronic
chr16:15084681:C:T	chr16:15084681:G:A	C:T	RRN3	exonic	nonsynonymous SNV	.	.	FALSE	None	exonic
chr16:3712189:T:C	chr16:3712189:A:G	A:G	TRAP1	intronic	unknown	T;C;-;A||R;ALU;-;SINE/AluSc;intronic;TRAP1;-;-;intronic;TRAP1;-;-;intronic;TRAP1;-;-;-;3;2;2	Name=AluSc	TRUE	Alu	intronic
chr16:3712245:T:C	chr16:3712245:A:G	A:G	TRAP1	intronic	unknown	T;C;-;A||R;ALU;rs555140659;SINE/AluSc;intronic;TRAP1;-;-;intronic;TRAP1;-;-;intronic;TRAP1;-;-;-;4;3;4	Name=AluSc	TRUE	Alu	intronic
chr16:4492155:A:G	chr16:4492155:A:G	A:G	HMOX2	intronic	unknown	A;G;+;A||R;ALU;-;SINE/AluJr;intronic;HMOX2;-;-;intronic;HMOX2;-;-;intronic;HMOX2;-;-;-;4;3;3	Name=AluJr	TRUE	Alu	intronic
chr16:57781073:T:C	chr16:57781073:A:G	A:G	KIFC3	intronic	unknown	T;C;-;A||R;ALU;-;SINE/AluJo;intronic;KIFC3;-;-;intronic;KIFC3;-;-;intronic;KIFC3;-;-;-;186;17;22	Name=AluJo	TRUE	Alu	intronic
chr16:69617603:A:G	chr16:69617603:A:G	A:G	NFAT5	intronic	unknown	A;G;+;A||R||D;ALU;-;SINE/AluJo;intronic;NFAT5;-;-;intronic;NFAT5;-;-;intronic;NFAT5;-;-;-;5;5;5	Name=AluJo	TRUE	Alu	intronic
chr16:69635273:A:G	chr16:69635273:A:G	A:G	NFAT5	intronic	unknown	A;G;+;A||R;ALU;-;SINE/AluSq2;intronic;NFAT5;-;-;intronic;NFAT5;-;-;intronic;NFAT5;-;-;-;11;7;8	Name=AluSq2	TRUE	Alu	intronic
chr16:74677879:T:C	chr16:74677879:A:G	A:G	MLKL	intronic	unknown	T;C;-;R||D;ALU;-;SINE/AluSq2;intronic;MLKL;-;-;intronic;MLKL;-;-;intronic;MLKL;-;-;-;164;21;31	Name=AluSq2	TRUE	Alu	intronic
chr16:74952062:T:C	chr16:74952062:A:G	A:G	WDR59	intronic	unknown	T;C;-;A||R||D;REP;-;SINE/FLAM_C;intronic;WDR59;-;-;intronic;WDR59;-;-;intronic;WDR59;-;-;-;33;15;17	Name=FLAM_C	TRUE	Other	intronic
chr16:11803782:A:G	chr16:11803782:T:C	A:G	ZC3H7A	upstream	unknown	A;G;+;A||R;ALU;-;SINE/AluJb;intergenic;ZC3H7A||BCAR4;-;-;intergenic;ZC3H7A||BCAR4;-;-;intergenic;ZC3H7A||BCAR4;-;-;-;4;3;4	Name=AluJb	TRUE	Alu	upstream
chr16:73004466:T:C	chr16:73004466:A:G	A:G	ZFHX3	intronic	unknown	T;C;-;A||R;ALU;-;SINE/AluSq4;intronic;ZFHX3;-;-;intronic;ZFHX3;-;-;intronic;ZFHX3;-;-;-;33;12;15	Name=AluSq4	TRUE	Alu	intronic
chr16:78732084:A:G	chr16:78732084:A:G	A:G	WWOX	intronic	unknown	A;G;+;A||R;ALU;rs556362981;SINE/AluJr;intronic;WWOX;-;-;intronic;WWOX;-;-;intronic;WWOX;-;-;-;7;5;6	Name=AluJr	TRUE	Alu	intronic
chr16:70576982:A:G	chr16:70576982:A:G	A:G	SF3B3	UTR3	unknown	A;G;+;A||R||D;ALU;-;SINE/AluJo;ncRNA_intronic;RP11-49C24.1;-;-;UTR3;SF3B3;-;-;UTR3;SF3B3;-;-;-;1332;30;54	Name=AluJo	TRUE	Alu	UTR3
chr16:57780345:T:C	chr16:57780345:A:G	A:G	KIFC3	intronic	unknown	T;C;-;A||R;ALU;-;SINE/AluSx;intronic;KIFC3;-;-;intronic;KIFC3;-;-;intronic;KIFC3;-;-;-;105;18;21	Name=AluSx	TRUE	Alu	intronic
chr16:57781115:T:C	chr16:57781115:A:G	A:G	KIFC3	intronic	unknown	T;C;-;A||R;ALU;-;SINE/AluJo;intronic;KIFC3;-;-;intronic;KIFC3;-;-;intronic;KIFC3;-;-;-;161;17;21	Name=AluJo	TRUE	Alu	intronic
chr16:57781133:T:C	chr16:57781133:A:G	A:G	KIFC3	intronic	unknown	T;C;-;A||R;ALU;-;SINE/AluJo;intronic;KIFC3;-;-;intronic;KIFC3;-;-;intronic;KIFC3;-;-;-;220;20;26	Name=AluJo	TRUE	Alu	intronic
chr16:69617994:A:G	chr16:69617994:A:G	A:G	NFAT5	intronic	unknown	A;G;+;A||R||D;ALU;-;SINE/AluSp;intronic;NFAT5;-;-;intronic;NFAT5;-;-;intronic;NFAT5;-;-;-;6;3;3	Name=AluSp	TRUE	Alu	intronic
chr16:11304745:C:T	chr16:11304745:G:A	C:T	MIR548H2	downstream	unknown	.	Name=AluY	FALSE	Alu	downstream
chr16:24601477:A:G	chr16:24601477:A:G	A:G	TNRC6A	upstream	unknown	.	Name=AluSc5	FALSE	Alu	upstream
chr16:29413591:T:C	chr16:29413591:A:G	A:G	NPIPB11	upstream	unknown	T;C;-;R;ALU;-;SINE/AluY;ncRNA_intronic;SNX29P2;-;-;intergenic;NPIPB11||LOC606724;-;-;intergenic;NPIPL1||AK096982;-;-;-;12;7;7	Name=AluY	TRUE	Alu	upstream
chr16:69617727:A:G	chr16:69617727:A:G	A:G	NFAT5	intronic	unknown	A;G;+;A||R;ALU;-;SINE/AluJo;intronic;NFAT5;-;-;intronic;NFAT5;-;-;intronic;NFAT5;-;-;-;9;5;5	Name=AluJo	TRUE	Alu	intronic
chr16:75596301:T:C	chr16:75596301:A:G	A:G	ADAT1	downstream	unknown	T;C;-;A||R;ALU;-;SINE/AluSz6;ncRNA_intronic;RP11-77K12.8;-;-;intergenic;GABARAPL2||ADAT1;-;-;intergenic;GABARAPL2||ADAT1;-;-;-;145;22;42	Name=AluSz6	TRUE	Alu	downstream
chr16:57781083:T:C	chr16:57781083:A:G	A:G	KIFC3	intronic	unknown	T;C;-;A||R;ALU;-;SINE/AluJo;intronic;KIFC3;-;-;intronic;KIFC3;-;-;intronic;KIFC3;-;-;-;173;19;24	Name=AluJo	TRUE	Alu	intronic
chr16:75596232:T:C	chr16:75596232:A:G	A:G	ADAT1	downstream	unknown	T;C;-;A||R;ALU;-;SINE/AluSz6;ncRNA_intronic;RP11-77K12.8;-;-;intergenic;GABARAPL2||ADAT1;-;-;intergenic;GABARAPL2||ADAT1;-;-;-;46;18;26	Name=AluSz6	TRUE	Alu	downstream
chr16:2893731:A:G	chr16:2893731:A:G	A:G	FLYWCH2	intronic	unknown	.	Name=AluY	FALSE	Alu	intronic
chr16:31358481:A:G	chr16:31358481:A:G	A:G	ITGAX	intronic	unknown	A;G;+;A||R||D;ALU;-;SINE/AluJr;intronic;ITGAX;-;-;intronic;ITGAX;-;-;intronic;ITGAX;-;-;-;361;22;32	Name=AluJr	TRUE	Alu	intronic
chr16:29834400:A:G	chr16:29834400:A:G	A:G	MVP	intronic	unknown	A;G;+;A||R||D;ALU;-;SINE/AluJr;intronic;MVP;-;-;intronic;MVP;-;-;intronic;MVP;-;-;-;2234;30;55	Name=AluJr	TRUE	Alu	intronic
chr16:22288377:A:G	chr16:22288377:A:G	A:G	EEF2K	UTR3	unknown	A;G;+;A||R||D;ALU;-;SINE/AluJb;ncRNA_intronic;RP11-141O15.1;-;-;UTR3;EEF2K;-;-;UTR3;EEF2K;-;-;-;2347;30;53	Name=AluJr4	TRUE	Alu	UTR3
chr16:29668580:A:G	chr16:29668580:A:G	A:G	SPN	UTR3	unknown	A;G;+;A||R||D;ALU;-;SINE/AluJo;UTR3;SPN;-;-;UTR3;SPN;-;-;UTR3;SPN;-;-;-;392;21;33	Name=AluJo	TRUE	Alu	UTR3
chr16:89989840:A:G	chr16:89989840:A:G	A:G	AFG3L1P	ncRNA
intronic	unknown	.	Name=AluYi6	FALSE	Alu	ncRNA
chr16:53102985:A:G	chr16:53102985:A:G	A:G	CHD9	intronic	unknown	A;G;+;A||R;ALU;-;SINE/AluY;intronic;CHD9;-;-;intronic;CHD9;-;-;intronic;CHD9;-;-;-;4;3;3	Name=AluY	TRUE	Alu	intronic
chr16:75596210:T:C	chr16:75596210:A:G	A:G	ADAT1	downstream	unknown	T;C;-;R;ALU;-;SINE/AluSz6;ncRNA_intronic;RP11-77K12.8;-;-;intergenic;GABARAPL2||ADAT1;-;-;intergenic;GABARAPL2||ADAT1;-;-;-;31;13;17	Name=AluSz6	TRUE	Alu	downstream
chr16:4268985:T:C	chr16:4268985:A:G	A:G	TFAP4	intronic	unknown	T;C;-;R;ALU;-;SINE/AluJo;intronic;TFAP4;-;-;intronic;TFAP4;-;-;intronic;TFAP4;-;-;-;56;18;25	Name=AluJo	TRUE	Alu	intronic
chr16:73006511:T:C	chr16:73006511:A:G	A:G	ZFHX3	intronic	unknown	T;C;-;A||R;ALU;-;SINE/AluJb;intronic;ZFHX3;-;-;intronic;ZFHX3;-;-;intronic;ZFHX3;-;-;-;6;5;5	Name=AluJb	TRUE	Alu	intronic
chr16:14328910:T:C	chr16:14328910:T:C	A:G	MIR193BHG	downstream	unknown	.	Name=AluY	FALSE	Alu	downstream
chr16:78746377:A:G	chr16:78746377:A:G	A:G	WWOX	intronic	unknown	A;G;+;A||R;ALU;-;SINE/AluJr;intronic;WWOX;-;-;intronic;WWOX;-;-;intronic;WWOX;-;-;-;7;4;4	Name=AluJr	TRUE	Alu	intronic
chr16:78822252:A:G	chr16:78822252:A:G	A:G	WWOX	intronic	unknown	A;G;+;A||R;ALU;-;SINE/AluSx;intronic;WWOX;-;-;intronic;WWOX;-;-;intronic;WWOX;-;-;-;8;5;6	Name=AluSx	TRUE	Alu	intronic
chr16:8688667:A:G	chr16:8688667:A:G	A:G	ABAT	intronic	unknown	A;G;+;A||R;ALU;-;SINE/AluJr;intronic;ABAT;-;-;intronic;ABAT;-;-;intronic;ABAT;-;-;-;4;3;3	Name=AluJr	TRUE	Alu	intronic
chr16:78728165:A:G	chr16:78728165:A:G	A:G	WWOX	intronic	unknown	A;G;+;A||R;ALU;-;SINE/AluJo;intronic;WWOX;-;-;intronic;WWOX;-;-;intronic;WWOX;-;-;-;5;3;3	Name=AluJo	TRUE	Alu	intronic
chr16:30549748:T:C	chr16:30549748:A:G	A:G	ZNF764	downstream	unknown	T;C;-;A||R;ALU;-;SINE/AluSc;intronic;AC002310.13;-;-;intergenic;ZNF747||ZNF764;-;-;intergenic;AK056973||ZNF764;-;-;-;521;29;53	Name=AluSc	TRUE	Alu	downstream
chr16:29668510:A:G	chr16:29668510:A:G	A:G	SPN	UTR3	unknown	A;G;+;A||R||D;ALU;-;SINE/AluJo;UTR3;SPN;-;-;UTR3;SPN;-;-;UTR3;SPN;-;-;-;437;23;37	Name=AluJo	TRUE	Alu	UTR3
chr16:29669001:A:G	chr16:29669001:A:G	A:G	SPN	UTR3	unknown	A;G;+;A||R||D;ALU;-;SINE/AluJo;UTR3;SPN;-;-;UTR3;SPN;-;-;UTR3;SPN;-;-;-;401;21;35	Name=AluJo	TRUE	Alu	UTR3
chr16:27450664:A:G	chr16:27450664:T:C	A:G	IL21R-AS1	ncRNA
intronic	unknown	A;G;+;A||R;ALU;-;SINE/AluSx;ncRNA_intronic;IL21R-AS1;-;-;ncRNA_intronic;IL21R-AS1;-;-;ncRNA_intronic;IL21R-AS1;-;-;-;182;17;25	Name=AluSx	TRUE	Alu	ncRNA
chr16:26032862:T:C	chr16:26032862:T:C	A:G	HS3ST4	intronic	unknown	.	.	FALSE	None	intronic
chr16:29669624:A:G	chr16:29669624:A:G	A:G	SPN	UTR3	unknown	A;G;+;A||R||D;ALU;-;SINE/AluSq2;UTR3;SPN;-;-;UTR3;SPN;-;-;UTR3;SPN;-;-;-;160;9;10	Name=AluSq2	TRUE	Alu	UTR3
chr16:29668317:A:G	chr16:29668317:A:G	A:G	SPN	UTR3	unknown	A;G;+;A||R||D;ALU;-;SINE/AluJb;UTR3;SPN;-;-;UTR3;SPN;-;-;UTR3;SPN;-;-;-;320;17;28	Name=AluJb	TRUE	Alu	UTR3
chr16:90146264:A:G	chr16:90146264:A:G	A:G	FAM157C	ncRNA
intronic	unknown	.	Name=AluJo	FALSE	Alu	ncRNA
chr16:11248635:T:C	chr16:11248635:A:G	A:G	SOCS1	downstream	unknown	T;C;-;R;ALU;-;SINE/AluJb;intergenic;RP11-396B14.2||RMI2;-;-;intergenic;CLEC16A||SOCS1;-;-;intergenic;CLEC16A||SOCS1;-;-;-;1;1;1	Name=AluJr	TRUE	Alu	downstream
chr16:11248823:T:C	chr16:11248823:A:G	A:G	SOCS1	downstream	unknown	T;C;-;R;ALU;-;SINE/AluSz;upstream;RMI2;-;-;intergenic;CLEC16A||SOCS1;-;-;intergenic;CLEC16A||SOCS1;-;-;-;2;2;2	Name=AluSz	TRUE	Alu	downstream
chr16:20888715:T:C	chr16:20888715:A:G	A:G	DCUN1D3	intronic	unknown	T;C;-;A||R;ALU;-;SINE/AluJb;intronic;DCUN1D3||ERI2;-;-;intronic;DCUN1D3;-;-;intronic;DCUN1D3||ERI2;-;-;-;8;5;5	Name=AluJb	TRUE	Alu	intronic
chr16:74678776:T:C	chr16:74678776:A:G	A:G	MLKL	intronic	unknown	T;C;-;A||R||D;ALU;-;SINE/AluSz;intronic;MLKL;-;-;intronic;MLKL;-;-;intronic;MLKL;-;-;-;277;25;39	Name=AluSz	TRUE	Alu	intronic
chr16:57110354:A:G	chr16:57110354:A:G	A:G	CPNE2	intronic	unknown	A;G;+;A||R;ALU;-;SINE/AluJr;intronic;CPNE2;-;-;intronic;CPNE2;-;-;intronic;CPNE2;-;-;-;8;3;5	Name=AluJr	TRUE	Alu	intronic
chr17:10158149:T:C	chr17:10158149:A:G	A:G	GAS7	intronic	unknown	T;C;-;A;ALU;-;SINE/AluY;intronic;GAS7;-;-;intronic;GAS7;-;-;intronic;GAS7;-;-;-;2;1;1	Name=AluY	TRUE	Alu	intronic
chr17:10158286:T:C	chr17:10158286:A:G	A:G	GAS7	intronic	unknown	.	Name=AluY	FALSE	Alu	intronic
chr17:1175967:T:C	chr17:1175967:A:G	A:G	ABR	intronic	unknown	.	Name=AluYk3	FALSE	Alu	intronic
chr17:1572928:T:C	chr17:1572928:A:G	A:G	SLC43A2	UTR3	unknown	T;C;-;A||R;ALU;-;SINE/AluJo;UTR3;SLC43A2;-;-;UTR3;SLC43A2;-;-;intergenic;PITPNA||SLC43A2;-;-;-;354;24;42	Name=AluJo	TRUE	Alu	UTR3
chr17:1573051:T:C	chr17:1573051:A:G	A:G	SLC43A2	UTR3	unknown	T;C;-;A||R;ALU;-;SINE/AluJo;UTR3;SLC43A2;-;-;UTR3;SLC43A2;-;-;intergenic;PITPNA||SLC43A2;-;-;-;313;19;37	Name=AluJo	TRUE	Alu	UTR3
chr17:2644380:A:G	chr17:2644380:A:G	A:G	PAFAH1B1	intronic	unknown	A;G;+;A||R;ALU;-;SINE/AluSq2;intronic;PAFAH1B1;-;-;intronic;PAFAH1B1;-;-;intronic;PAFAH1B1;-;-;-;5;3;3	Name=AluSq2	TRUE	Alu	intronic
chr17:29402495:A:G	chr17:29402495:A:G	A:G	TAOK1	intronic	unknown	A;G;+;A||R;ALU;-;SINE/AluJb;ncRNA_intronic;RP11-296K13.4;-;-;intronic;TAOK1;-;-;intronic;TAOK1;-;-;-;11;6;6	Name=AluJb	TRUE	Alu	intronic
chr17:29402515:A:G	chr17:29402515:A:G	A:G	TAOK1	intronic	unknown	A;G;+;A||R;ALU;-;SINE/AluJb;ncRNA_intronic;RP11-296K13.4;-;-;intronic;TAOK1;-;-;intronic;TAOK1;-;-;-;10;7;8	Name=AluJb	TRUE	Alu	intronic
chr17:30973529:A:G	chr17:30973529:A:G	A:G	RNF135	intronic	unknown	A;G;+;A||R;ALU;-;SINE/AluSx1;intronic;RNF135;-;-;intronic;RNF135;-;-;intronic;RNF135;-;-;-;249;27;43	Name=AluSx1	TRUE	Alu	intronic
chr17:39256199:T:C	chr17:39256199:A:G	A:G	FBXL20	UTR3	unknown	T;C;-;A||R||D;ALU;-;SINE/AluSx1;intergenic;RP11-690G19.3||FBXL20;-;-;UTR3;FBXL20;-;-;UTR3;FBXL20;-;-;-;865;30;52	Name=AluSx1	TRUE	Alu	UTR3
chr17:43218441:A:G	chr17:43218441:A:G	A:G	TMEM106A	UTR3	unknown	A;G;+;A||R||D;ALU;-;SINE/AluSq4;ncRNA_intronic;LINC00854;-;-;UTR3;TMEM106A;-;-;UTR3;TMEM106A;-;-;-;1025;30;51	Name=AluSz	TRUE	Alu	UTR3
chr17:50671851:A:G	chr17:50671851:A:G	A:G	ABCC3	intronic	unknown	A;G;+;R;ALU;-;SINE/AluSz;intronic;ABCC3;-;-;intronic;ABCC3;-;-;intronic;ABCC3;-;-;-;62;10;12	Name=AluSz	TRUE	Alu	intronic
chr17:67338609:T:C	chr17:67338609:A:G	A:G	PSMD12	UTR3	unknown	T;C;-;A||R;ALU;-;SINE/AluSq;UTR3;PSMD12;-;-;UTR3;PSMD12;-;-;intergenic;HELZ||PSMD12;-;-;-;2194;30;55	Name=AluSq	TRUE	Alu	UTR3
chr17:67338610:T:C	chr17:67338610:A:G	A:G	PSMD12	UTR3	unknown	T;C;-;A||R;ALU;-;SINE/AluSq;UTR3;PSMD12;-;-;UTR3;PSMD12;-;-;intergenic;HELZ||PSMD12;-;-;-;1736;30;55	Name=AluSq	TRUE	Alu	UTR3
chr17:67338637:T:C	chr17:67338637:A:G	A:G	PSMD12	UTR3	unknown	T;C;-;A||R||D;ALU;-;SINE/AluSq;UTR3;PSMD12;-;-;UTR3;PSMD12;-;-;intergenic;HELZ||PSMD12;-;-;-;2410;30;55	Name=AluSq	TRUE	Alu	UTR3
chr17:67338651:T:C	chr17:67338651:A:G	A:G	PSMD12	UTR3	unknown	T;C;-;A||R||D;ALU;-;SINE/AluSq;UTR3;PSMD12;-;-;UTR3;PSMD12;-;-;intergenic;HELZ||PSMD12;-;-;-;2245;30;55	Name=AluSq	TRUE	Alu	UTR3
chr17:67338770:T:C	chr17:67338770:A:G	A:G	PSMD12	UTR3	unknown	T;C;-;A||R||D;ALU;-;SINE/AluSq;UTR3;PSMD12;-;-;UTR3;PSMD12;-;-;intergenic;HELZ||PSMD12;-;-;-;1898;30;55	Name=AluSq	TRUE	Alu	UTR3
chr17:67339343:T:C	chr17:67339343:A:G	A:G	PSMD12	UTR3	unknown	T;C;-;A||R||D;ALU;-;SINE/AluSx;UTR3;PSMD12;-;-;UTR3;PSMD12;-;-;intergenic;HELZ||PSMD12;-;-;-;2181;30;55	Name=AluSx	TRUE	Alu	UTR3
chr17:75356106:T:C	chr17:75356106:A:G	A:G	GRB2	intronic	unknown	T;C;-;R;ALU;-;SINE/AluSx;ncRNA_intronic;RP11-16C1.3;-;-;intronic;GRB2;-;-;intronic;GRB2;-;-;-;8;3;3	Name=AluSx	TRUE	Alu	intronic
chr17:75356400:T:C	chr17:75356400:A:G	A:G	GRB2	intronic	unknown	T;C;-;A||R||D;ALU;-;SINE/AluJb;ncRNA_intronic;RP11-16C1.3;-;-;intronic;GRB2;-;-;intronic;GRB2;-;-;-;16;6;8	Name=AluJb	TRUE	Alu	intronic
chr17:78754594:T:C	chr17:78754594:A:G	A:G	CYTH1	intronic	unknown	T;C;-;A||R;ALU;-;SINE/AluJb;intronic;CYTH1;-;-;intronic;CYTH1;-;-;intronic;CYTH1;-;-;-;6;4;4	Name=AluJb	TRUE	Alu	intronic
chr17:10158285:T:C	chr17:10158285:A:G	A:G	GAS7	intronic	unknown	.	Name=AluY	FALSE	Alu	intronic
chr17:1602563:T:C	chr17:1602563:A:G	A:G	SLC43A2	intronic	unknown	T;C;-;A||R;ALU;-;SINE/AluSx1;intronic;SLC43A2;-;-;intronic;SLC43A2;-;-;intronic;SLC43A2;-;-;-;3;3;3	Name=AluSx1	TRUE	Alu	intronic
chr17:28608574:T:C	chr17:28608574:T:C	A:G	SPAG5-AS1	ncRNA
intronic	unknown	T;C;-;A||R||D;ALU;-;SINE/AluSx;ncRNA_intronic;RP11-192H23.6||SPAG5-AS1;-;-;ncRNA_intronic;SPAG5-AS1;-;-;ncRNA_intronic;SPAG5-AS1;-;-;-;1552;30;54	Name=AluSx	TRUE	Alu	ncRNA
chr17:28666616:A:G	chr17:28666616:A:G	A:G	SUPT6H	intronic	unknown	A;G;+;A||R||D;ALU;-;SINE/AluSz;intronic;SUPT6H;-;-;intronic;SUPT6H;-;-;intronic;SUPT6H;-;-;-;26;14;17	Name=AluSz	TRUE	Alu	intronic
chr17:28666691:A:G	chr17:28666691:A:G	A:G	SUPT6H	intronic	unknown	A;G;+;A||R||D;ALU;-;SINE/AluSz;intronic;SUPT6H;-;-;intronic;SUPT6H;-;-;intronic;SUPT6H;-;-;-;22;12;14	Name=AluSz	TRUE	Alu	intronic
chr17:28667186:A:G	chr17:28667186:A:G	A:G	SUPT6H	intronic	unknown	A;G;+;R;ALU;-;SINE/AluY;intronic;SUPT6H;-;-;intronic;SUPT6H;-;-;intronic;SUPT6H;-;-;-;5;5;5	Name=AluYj4	TRUE	Alu	intronic
chr17:28672744:A:G	chr17:28672744:A:G	A:G	SUPT6H	intronic	unknown	A;G;+;A||R||D;ALU;-;SINE/AluSc;ncRNA_exonic;AC010761.13;-;-;intronic;SUPT6H;-;-;intronic;SUPT6H;-;-;-;447;29;45	Name=AluSc	TRUE	Alu	intronic
chr17:28894129:T:C	chr17:28894129:A:G	A:G	FLOT2	intronic	unknown	T;C;-;A||R||D;ALU;-;SINE/AluJb;intronic;FLOT2;-;-;intronic;FLOT2;-;-;intronic;FLOT2;-;-;-;297;28;44	Name=AluJr	TRUE	Alu	intronic
chr17:28894252:T:C	chr17:28894252:A:G	A:G	FLOT2	intronic	unknown	T;C;-;A||R;ALU;-;SINE/AluJb;intronic;FLOT2;-;-;intronic;FLOT2;-;-;intronic;FLOT2;-;-;-;195;22;32	Name=AluJr	TRUE	Alu	intronic
chr17:30781514:A:G	chr17:30781514:A:G	A:G	SUZ12P1	ncRNA
intronic	unknown	A;G;+;A||R;ALU;-;SINE/AluSq2;ncRNA_exonic;CTD-2349P21.10;-;-;intergenic;SUZ12P1||CRLF3;-;-;intergenic;SUZ12P1||CRLF3;-;-;-;350;29;51	Name=AluSq2	TRUE	Alu	ncRNA
chr17:30781633:A:G	chr17:30781633:A:G	A:G	SUZ12P1	ncRNA
intronic	unknown	A;G;+;A||R||D;ALU;-;SINE/AluSq2;ncRNA_intronic;CTD-2349P21.10;-;-;intergenic;SUZ12P1||CRLF3;-;-;intergenic;SUZ12P1||CRLF3;-;-;378;46;178;26;43	Name=AluSq2	TRUE	Alu	ncRNA
chr17:30785675:A:G	chr17:30785675:A:G	A:G	SUZ12P1	ncRNA
intronic	unknown	A;G;+;A||R||D;ALU;-;SINE/AluJr;intronic;CRLF3;-;-;intronic;CRLF3;-;-;intronic;CRLF3;-;-;-;211;28;44	Name=AluJr	TRUE	Alu	ncRNA
chr17:35263758:A:G	chr17:35263758:A:G	A:G	SLFN5	intronic	unknown	A;G;+;R;ALU;-;SINE/AluSz;intronic;SLFN5;-;-;intronic;SLFN5;-;-;intronic;SLFN5;-;-;-;17;6;6	Name=AluSz	TRUE	Alu	intronic
chr17:39255801:T:C	chr17:39255801:A:G	A:G	FBXL20	UTR3	unknown	T;C;-;A||R;ALU;-;SINE/AluSp;intergenic;RP11-690G19.3||FBXL20;-;-;UTR3;FBXL20;-;-;UTR3;FBXL20;-;-;-;1198;30;54	Name=AluSp	TRUE	Alu	UTR3
chr17:39478691:A:G	chr17:39478691:A:G	A:G	CDK12	intronic	unknown	A;G;+;R;ALU;-;SINE/AluJo;intronic;CDK12;-;-;intronic;CDK12;-;-;intronic;CDK12;-;-;-;0;0;0	Name=AluJo	TRUE	Alu	intronic
chr17:42318412:T:C	chr17:42318412:A:G	A:G	STAT3	intronic	unknown	T;C;-;A||R||D;ALU;-;SINE/AluSx1;intronic;STAT3;-;-;intronic;STAT3;-;-;intronic;STAT3;-;-;-;1716;30;54	Name=AluSx1	TRUE	Alu	intronic
chr17:43218405:A:G	chr17:43218405:A:G	A:G	TMEM106A	UTR3	unknown	A;G;+;A||R||D;ALU;-;SINE/AluSq4;ncRNA_intronic;LINC00854;-;-;UTR3;TMEM106A;-;-;UTR3;TMEM106A;-;-;-;745;30;48	Name=AluSz	TRUE	Alu	UTR3
chr17:43219478:A:G	chr17:43219478:A:G	A:G	TMEM106A	UTR3	unknown	A;G;+;A||R||D;ALU;-;SINE/AluSz6;ncRNA_intronic;LINC00854;-;-;UTR3;TMEM106A;-;-;UTR3;TMEM106A;-;-;-;782;30;52	Name=AluSz6	TRUE	Alu	UTR3
chr17:50645789:A:G	chr17:50645789:A:G	A:G	ABCC3	intronic	unknown	A;G;+;A||R||D;ALU;-;SINE/AluJr;intronic;ABCC3;-;-;intronic;ABCC3;-;-;intronic;ABCC3;-;-;-;177;17;22	Name=AluJr	TRUE	Alu	intronic
chr17:50671849:A:G	chr17:50671849:A:G	A:G	ABCC3	intronic	unknown	.	Name=AluSz	FALSE	Alu	intronic
chr17:51098631:T:C	chr17:51098631:A:G	A:G	SPAG9	intronic	unknown	T;C;-;A||R;ALU;-;SINE/AluSq;intronic;SPAG9;-;-;intronic;SPAG9;-;-;intronic;SPAG9;-;-;-;12;8;8	Name=AluSq	TRUE	Alu	intronic
chr17:51116718:T:C	chr17:51116718:A:G	A:G	SPAG9	intronic	unknown	T;C;-;A||R;ALU;-;SINE/AluJo;intronic;SPAG9;-;-;intronic;SPAG9;-;-;intronic;SPAG9;-;-;-;13;6;6	Name=AluJo	TRUE	Alu	intronic
chr17:59203698:A:G	chr17:59203698:A:G	A:G	PRR11	UTR3	unknown	A;G;+;A||R||D;ALU;-;SINE/AluSz;ncRNA_intronic;CTD-2510F5.4;-;-;UTR3;PRR11;-;-;UTR3;PRR11;-;-;-;2;2;2	Name=AluSz	TRUE	Alu	UTR3
chr17:64340035:T:C	chr17:64340035:A:G	A:G	PECAM1	intronic	unknown	.	Name=AluJb	FALSE	Alu	intronic
chr17:64490063:T:C	chr17:64490063:A:G	A:G	POLG2	intronic	unknown	T;C;-;A||R||D;ALU;rs782253186;SINE/AluSc;intronic;POLG2;-;-;intronic;POLG2;-;-;intronic;POLG2;-;-;-;442;30;43	Name=AluSc	TRUE	Alu	intronic
chr17:64490065:T:C	chr17:64490065:A:G	A:G	POLG2	intronic	unknown	T;C;-;A||R||D;ALU;-;SINE/AluSc;intronic;POLG2;-;-;intronic;POLG2;-;-;intronic;POLG2;-;-;-;383;28;42	Name=AluSc	TRUE	Alu	intronic
chr17:67338740:T:C	chr17:67338740:A:G	A:G	PSMD12	UTR3	unknown	T;C;-;A||R||D;ALU;-;SINE/AluSq;UTR3;PSMD12;-;-;UTR3;PSMD12;-;-;intergenic;HELZ||PSMD12;-;-;-;2315;30;55	Name=AluSq	TRUE	Alu	UTR3
chr17:67339338:T:C	chr17:67339338:A:G	A:G	PSMD12	UTR3	unknown	T;C;-;A||R||D;ALU;rs569866149;SINE/AluSx;UTR3;PSMD12;-;-;UTR3;PSMD12;-;-;intergenic;HELZ||PSMD12;-;-;-;1979;30;55	Name=AluSx	TRUE	Alu	UTR3
chr17:67339361:T:C	chr17:67339361:A:G	A:G	PSMD12	UTR3	unknown	T;C;-;A||R||D;ALU;-;SINE/AluSx;UTR3;PSMD12;-;-;UTR3;PSMD12;-;-;intergenic;HELZ||PSMD12;-;-;-;2016;30;55	Name=AluSx	TRUE	Alu	UTR3
chr17:67355246:T:C	chr17:67355246:A:G	A:G	PSMD12	intronic	unknown	T;C;-;A||R||D;ALU;-;SINE/AluSx1;intronic;PSMD12;-;-;intronic;PSMD12;-;-;intronic;PSMD12;-;-;-;5;4;4	Name=AluSx1	TRUE	Alu	intronic
chr17:72725124:T:C	chr17:72725124:A:G	A:G	SLC39A11	intronic	unknown	T;C;-;A||R||D;NONREP;-;-/-;intronic;SLC39A11;-;-;intronic;SLC39A11;-;-;intronic;SLC39A11;-;-;-;23;10;11	.	TRUE	None	intronic
chr17:75356107:T:C	chr17:75356107:A:G	A:G	GRB2	intronic	unknown	T;C;-;A||R;ALU;-;SINE/AluSx;ncRNA_intronic;RP11-16C1.3;-;-;intronic;GRB2;-;-;intronic;GRB2;-;-;-;10;5;5	Name=AluSx	TRUE	Alu	intronic
chr17:8943226:T:C	chr17:8943226:A:G	A:G	PIK3R5	intronic	unknown	T;C;-;A||R||D;ALU;-;SINE/AluJr;intronic;PIK3R5;-;-;intronic;PIK3R5;-;-;intronic;PIK3R5;-;-;-;12;3;3	Name=AluJr	TRUE	Alu	intronic
chr17:8943370:T:C	chr17:8943370:A:G	A:G	PIK3R5	intronic	unknown	T;C;-;A||R||D;ALU;-;SINE/AluJr;intronic;PIK3R5;-;-;intronic;PIK3R5;-;-;intronic;PIK3R5;-;-;-;14;4;4	Name=AluJr	TRUE	Alu	intronic
chr17:8943726:T:C	chr17:8943726:A:G	A:G	PIK3R5	intronic	unknown	T;C;-;R;ALU;-;SINE/AluSg;intronic;PIK3R5;-;-;intronic;PIK3R5;-;-;intronic;PIK3R5;-;-;-;3;1;1	Name=AluSx4	TRUE	Alu	intronic
chr17:8964226:T:C	chr17:8964226:A:G	A:G	PIK3R5	intronic	unknown	T;C;-;A||R;ALU;rs568459351;SINE/AluJo;intronic;PIK3R5;-;-;intronic;PIK3R5;-;-;intronic;PIK3R5;-;-;-;35;5;7	Name=AluJo	TRUE	Alu	intronic
chr17:10161875:T:C	chr17:10161875:A:G	A:G	GAS7	intronic	unknown	T;C;-;R||D;ALU;-;SINE/AluY;intronic;GAS7;-;-;intronic;GAS7;-;-;intronic;GAS7;-;-;-;0;0;0	Name=AluY	TRUE	Alu	intronic
chr17:10186500:T:C	chr17:10186500:A:G	A:G	GAS7	intronic	unknown	T;C;-;A;ALU;-;SINE/AluSx;intronic;GAS7;-;-;intronic;GAS7;-;-;intronic;GAS7;-;-;-;2;2;2	Name=AluSx	TRUE	Alu	intronic
chr17:28666591:A:G	chr17:28666591:A:G	A:G	SUPT6H	intronic	unknown	A;G;+;A||R||D;ALU;-;SINE/AluSz;intronic;SUPT6H;-;-;intronic;SUPT6H;-;-;intronic;SUPT6H;-;-;-;12;10;10	Name=AluSz	TRUE	Alu	intronic
chr17:28666613:A:G	chr17:28666613:A:G	A:G	SUPT6H	intronic	unknown	A;G;+;A||R;ALU;-;SINE/AluSz;intronic;SUPT6H;-;-;intronic;SUPT6H;-;-;intronic;SUPT6H;-;-;-;23;13;16	Name=AluSz	TRUE	Alu	intronic
chr17:28669789:A:G	chr17:28669789:A:G	A:G	SUPT6H	intronic	unknown	A;G;+;A||R||D;ALU;-;SINE/AluSz6;intronic;SUPT6H;-;-;intronic;SUPT6H;-;-;intronic;SUPT6H;-;-;-;232;26;35	Name=AluSz6	TRUE	Alu	intronic
chr17:30918945:T:C	chr17:30918945:T:C	A:G	ADAP2	upstream	unknown	.	Name=AluJr	FALSE	Alu	upstream
chr17:30960190:A:G	chr17:30960190:A:G	A:G	ADAP2	downstream	unknown	A;G;+;A;ALU;-;SINE/AluSc;downstream;ADAP2||RN7SL138P;-;-;downstream;ADAP2;-;-;downstream;ADAP2;-;-;-;19;9;9	Name=AluSc	TRUE	Alu	downstream
chr17:30960930:A:G	chr17:30960930:A:G	A:G	ADAP2	downstream	unknown	A;G;+;R;ALU;-;SINE/AluY;intergenic;RN7SL138P||RP11-848P1.3;-;-;intergenic;ADAP2||RNF135;-;-;intergenic;ADAP2||RNF135;-;-;-;7;5;6	Name=AluY	TRUE	Alu	downstream
chr17:30975238:A:G	chr17:30975238:A:G	A:G	RNF135	intronic	unknown	A;G;+;A||R||D;ALU;-;SINE/AluJb;intronic;RNF135;-;-;intronic;RNF135;-;-;intronic;RNF135;-;-;-;162;23;32	Name=AluJb	TRUE	Alu	intronic
chr17:5027229:A:G	chr17:5027229:A:G	A:G	KIF1C	UTR3	unknown	A;G;+;A||R||D;ALU;-;SINE/AluSx1;UTR3;KIF1C;-;-;UTR3;KIF1C;-;-;UTR3;KIF1C;-;-;-;1933;30;55	Name=AluSx1	TRUE	Alu	UTR3
chr17:50641926:A:G	chr17:50641926:A:G	A:G	ABCC3	intronic	unknown	A;G;+;R;ALU;-;SINE/AluJb;intronic;ABCC3;-;-;intronic;ABCC3;-;-;intronic;ABCC3;-;-;-;31;9;9	Name=AluJb	TRUE	Alu	intronic
chr17:50650977:A:G	chr17:50650977:A:G	A:G	ABCC3	intronic	unknown	A;G;+;R;ALU;-;SINE/AluSx1;intronic;ABCC3;-;-;intronic;ABCC3;-;-;intronic;ABCC3;-;-;-;21;7;7	Name=AluSx1	TRUE	Alu	intronic
chr17:50651657:A:G	chr17:50651657:A:G	A:G	ABCC3	intronic	unknown	A;G;+;R;ALU;-;SINE/AluJb;intronic;ABCC3;-;-;intronic;ABCC3;-;-;intronic;ABCC3;-;-;-;109;15;20	Name=AluJb	TRUE	Alu	intronic
chr17:75944039:T:C	chr17:75944039:A:G	A:G	ACOX1	UTR3	unknown	T;C;-;A||R||D;ALU;-;SINE/AluJb;ncRNA_intronic;RP11-552F3.13;-;-;UTR3;ACOX1;-;-;UTR3;ACOX1;-;-;-;2462;30;55	Name=AluJb	TRUE	Alu	UTR3
chr17:75944112:T:C	chr17:75944112:A:G	A:G	ACOX1	UTR3	unknown	T;C;-;A||R||D;ALU;-;SINE/AluJb;ncRNA_intronic;RP11-552F3.13;-;-;UTR3;ACOX1;-;-;UTR3;ACOX1;-;-;-;2133;30;55	Name=AluJb	TRUE	Alu	UTR3
chr17:75944122:T:C	chr17:75944122:A:G	A:G	ACOX1	UTR3	unknown	T;C;-;A||R;ALU;-;SINE/AluJb;ncRNA_intronic;RP11-552F3.13;-;-;UTR3;ACOX1;-;-;UTR3;ACOX1;-;-;-;2360;30;55	Name=AluJb	TRUE	Alu	UTR3
chr17:10128822:T:C	chr17:10128822:A:G	A:G	GAS7	intronic	unknown	T;C;-;A;ALU;-;SINE/AluY;intronic;GAS7;-;-;intronic;GAS7;-;-;intronic;GAS7;-;-;-;1;1;1	Name=AluYk2	TRUE	Alu	intronic
chr17:10129440:T:C	chr17:10129440:A:G	A:G	GAS7	intronic	unknown	T;C;-;A||R;ALU;-;SINE/AluJr;intronic;GAS7;-;-;intronic;GAS7;-;-;intronic;GAS7;-;-;-;2;2;2	Name=AluJr	TRUE	Alu	intronic
chr17:10148429:T:C	chr17:10148429:A:G	A:G	GAS7	intronic	unknown	.	Name=AluSx3	FALSE	Alu	intronic
chr17:10158962:T:C	chr17:10158962:A:G	A:G	GAS7	intronic	unknown	T;C;-;A;ALU;-;SINE/AluJb;intronic;GAS7;-;-;intronic;GAS7;-;-;intronic;GAS7;-;-;-;1;1;1	Name=AluJb	TRUE	Alu	intronic
chr17:10161980:T:C	chr17:10161980:A:G	A:G	GAS7	intronic	unknown	T;C;-;A||R||D;ALU;-;SINE/AluY;intronic;GAS7;-;-;intronic;GAS7;-;-;intronic;GAS7;-;-;-;1;1;1	Name=AluY	TRUE	Alu	intronic
chr17:10186501:T:C	chr17:10186501:A:G	A:G	GAS7	intronic	unknown	.	Name=AluSx	FALSE	Alu	intronic
chr17:10186778:T:C	chr17:10186778:A:G	A:G	GAS7	intronic	unknown	T;C;-;A;ALU;-;SINE/AluSx;intronic;GAS7;-;-;intronic;GAS7;-;-;intronic;GAS7;-;-;-;3;3;3	Name=AluSz	TRUE	Alu	intronic
chr17:10188763:T:C	chr17:10188763:A:G	A:G	GAS7	intronic	unknown	T;C;-;A||R;ALU;-;SINE/AluJb;intronic;GAS7;-;-;intronic;GAS7;-;-;intronic;GAS7;-;-;-;2;2;2	Name=AluJb	TRUE	Alu	intronic
chr17:10188863:T:C	chr17:10188863:A:G	A:G	GAS7	intronic	unknown	T;C;-;A||R;ALU;-;SINE/AluJb;intronic;GAS7;-;-;intronic;GAS7;-;-;intronic;GAS7;-;-;-;4;3;3	Name=AluJb	TRUE	Alu	intronic
chr17:1175971:G:A	chr17:1175971:C:T	C:T	ABR	intronic	unknown	.	Name=AluYk3	FALSE	Alu	intronic
chr17:15972716:T:C	chr17:15972716:T:C	A:G	ADORA2B	intronic	unknown	T;C;-;A||R;REP;-;LINE/L2c;intronic;ADORA2B;-;-;intronic;ADORA2B;-;-;intronic;ADORA2B;-;-;-;356;29;51	Name=L2c	TRUE	Other	intronic
chr17:21553795:T:C	chr17:21553795:A:G	A:G	LINC02693	upstream	unknown	.	Name=AluYm1	FALSE	Alu	upstream
chr17:21553799:G:A	chr17:21553799:C:T	C:T	LINC02693	upstream	unknown	.	Name=AluYm1	FALSE	Alu	upstream
chr17:32147568:A:G	chr17:32147568:A:G	A:G	RHOT1	intronic	unknown	A;G;+;A||R;ALU;-;SINE/AluSg;intronic;RHOT1;-;-;intronic;RHOT1;-;-;intronic;RHOT1;-;-;-;4;3;3	Name=AluSg	TRUE	Alu	intronic
chr17:39254175:T:C	chr17:39254175:A:G	A:G	FBXL20	UTR3	unknown	T;C;-;A||R;ALU;-;SINE/AluSg;ncRNA_exonic;RP11-690G19.3;-;-;UTR3;FBXL20;-;-;UTR3;FBXL20;-;-;-;757;29;51	Name=AluSg	TRUE	Alu	UTR3
chr17:46553608:T:C	chr17:46553608:A:G	A:G	ARL17A	UTR3	unknown	T;C;-;R;ALU;-;SINE/AluSp;intronic;ARL17A||LRRC37A2;-;-;UTR3;ARL17A;-;-;UTR3;ARL17A;-;-;-;10;6;6	Name=AluSp	TRUE	Alu	UTR3
chr17:50706219:T:C	chr17:50706219:A:G	A:G	ANKRD40	intronic	unknown	T;C;-;A||R;ALU;-;SINE/AluSc;intronic;ANKRD40;-;-;intronic;ANKRD40;-;-;intronic;ANKRD40;-;-;-;6;5;5	Name=AluSc	TRUE	Alu	intronic
chr17:51098630:T:C	chr17:51098630:A:G	A:G	SPAG9	intronic	unknown	T;C;-;A||R;ALU;-;SINE/AluSq;intronic;SPAG9;-;-;intronic;SPAG9;-;-;intronic;SPAG9;-;-;-;9;6;6	Name=AluSq	TRUE	Alu	intronic
chr17:7480596:T:C	chr17:7480596:A:G	A:G	ZBTB4	intronic	unknown	.	Name=AluY	FALSE	Alu	intronic
chr17:7480600:G:A	chr17:7480600:C:T	C:T	ZBTB4	intronic	unknown	.	Name=AluY	FALSE	Alu	intronic
chr17:77152491:A:G	chr17:77152491:A:G	A:G	SEC14L1	intronic	unknown	A;G;+;A||R;ALU;-;SINE/AluSx1;intronic;SEC14L1;-;-;intronic;SEC14L1;-;-;intronic;SEC14L1;-;-;-;219;25;39	Name=AluSx1	TRUE	Alu	intronic
chr17:78730806:A:G	chr17:78730806:T:C	A:G	CYTH1	intronic	unknown	.	Name=AluY	FALSE	Alu	intronic
chr17:28669425:A:G	chr17:28669425:A:G	A:G	SUPT6H	intronic	unknown	A;G;+;A||R||D;ALU;-;SINE/AluSx;intronic;SUPT6H;-;-;intronic;SUPT6H;-;-;intronic;SUPT6H;-;-;-;142;22;29	Name=AluSx1	TRUE	Alu	intronic
chr17:28669605:A:G	chr17:28669605:A:G	A:G	SUPT6H	intronic	unknown	A;G;+;R||D;ALU;-;SINE/AluSz;intronic;SUPT6H;-;-;intronic;SUPT6H;-;-;intronic;SUPT6H;-;-;-;142;24;31	Name=AluSz	TRUE	Alu	intronic
chr17:30960216:A:G	chr17:30960216:A:G	A:G	ADAP2	downstream	unknown	A;G;+;R;ALU;-;SINE/AluSc;downstream;ADAP2||RN7SL138P;-;-;intergenic;ADAP2||RNF135;-;-;intergenic;ADAP2||RNF135;-;-;-;16;11;11	Name=AluSc	TRUE	Alu	downstream
chr17:32449176:A:G	chr17:32449176:A:G	A:G	PSMD11	intronic	unknown	A;G;+;A||R||D;ALU;-;SINE/AluJo;intronic;PSMD11;-;-;intronic;PSMD11;-;-;intronic;PSMD11;-;-;-;225;23;31	Name=AluJo	TRUE	Alu	intronic
chr17:35263200:A:G	chr17:35263200:A:G	A:G	SLFN5	intronic	unknown	A;G;+;A||R;ALU;-;SINE/AluSz6;intronic;SLFN5;-;-;intronic;SLFN5;-;-;intronic;SLFN5;-;-;-;67;15;17	Name=AluSz6	TRUE	Alu	intronic
chr17:35263624:A:G	chr17:35263624:A:G	A:G	SLFN5	intronic	unknown	A;G;+;A||R;ALU;-;SINE/AluSz;intronic;SLFN5;-;-;intronic;SLFN5;-;-;intronic;SLFN5;-;-;-;17;9;9	Name=AluSz	TRUE	Alu	intronic
chr17:39760294:T:C	chr17:39760294:A:G	A:G	IKZF3	UTR3	unknown	T;C;-;A||R||D;ALU;-;SINE/AluSx;ncRNA_exonic;RP11-94L15.2;-;-;UTR3;IKZF3;-;-;UTR3;IKZF3;-;-;-;237;18;25	Name=AluSx	TRUE	Alu	UTR3
chr17:39760933:T:C	chr17:39760933:A:G	A:G	IKZF3	UTR3	unknown	T;C;-;A||R||D;ALU;-;SINE/AluJo;ncRNA_exonic;RP11-94L15.2;-;-;UTR3;IKZF3;-;-;UTR3;IKZF3;-;-;-;317;20;26	Name=AluJo	TRUE	Alu	UTR3
chr17:47629484:T:C	chr17:47629484:T:C	A:G	NPEPPS	downstream	unknown	T;C;-;A;ALU;-;SINE/AluJb;ncRNA_intronic;RP11-580I16.2;-;-;intergenic;NPEPPS||KPNB1;-;-;intergenic;NPEPPS||KPNB1;-;-;-;14;8;9	Name=AluJb	TRUE	Alu	downstream
chr17:60369361:T:C	chr17:60369361:A:G	A:G	USP32	intronic	unknown	T;C;-;R;REP;-;SINE/FLAM_A;intronic;USP32;-;-;intronic;USP32;-;-;intronic;USP32;-;-;-;0;0;0	Name=FLAM_A	TRUE	Other	intronic
chr17:64488931:T:C	chr17:64488931:A:G	A:G	POLG2	intronic	unknown	T;C;-;R||D;ALU;-;SINE/AluSx4;intronic;POLG2;-;-;intronic;POLG2;-;-;intronic;POLG2;-;-;-;490;28;42	Name=AluSx4	TRUE	Alu	intronic
chr17:67339278:T:C	chr17:67339278:A:G	A:G	PSMD12	UTR3	unknown	T;C;-;A||R||D;ALU;-;SINE/AluSx;UTR3;PSMD12;-;-;UTR3;PSMD12;-;-;intergenic;HELZ||PSMD12;-;-;-;6;3;3	Name=AluSx	TRUE	Alu	UTR3
chr17:78423002:A:G	chr17:78423002:A:G	A:G	PGS1	intronic	unknown	A;G;+;A||R;ALU;-;SINE/AluSq2;intronic;PGS1;-;-;intronic;PGS1;-;-;intronic;PGS1;-;-;-;2153;30;54	Name=AluSq2	TRUE	Alu	intronic
chr17:80199510:T:C	chr17:80199510:T:C	A:G	CARD14	intronic	unknown	T;C;-;R;ALU;-;SINE/AluSx1;intronic;CARD14;-;-;intronic;CARD14;-;-;intronic;CARD14;-;-;-;5;4;4	Name=AluSx1	TRUE	Alu	intronic
chr17:10188777:T:C	chr17:10188777:A:G	A:G	GAS7	intronic	unknown	T;C;-;A||R;ALU;-;SINE/AluJb;intronic;GAS7;-;-;intronic;GAS7;-;-;intronic;GAS7;-;-;-;1;1;1	Name=AluJb	TRUE	Alu	intronic
chr17:10673142:T:C	chr17:10673142:A:G	A:G	SCO1	UTR3	unknown	T;C;-;A||R||D;ALU;-;SINE/AluSc;ncRNA_exonic;CTC-297N7.8;-;-;intergenic;MYH3||SCO1;-;-;intergenic;MYH3||SCO1;-;-;-;1378;30;54	Name=AluSc	TRUE	Alu	UTR3
chr17:16616462:C:T	chr17:16616462:G:A	C:T	ZNF624	downstream	unknown	.	.	FALSE	None	downstream
chr17:20317579:A:G	chr17:20317579:A:G	A:G	SPECC1	UTR3	unknown	A;G;+;A||R;ALU;-;SINE/AluJb;ncRNA_intronic;AC004702.2;-;-;intergenic;SPECC1||CCDC144CP;-;-;intergenic;SPECC1||CCDC144CP;-;-;-;552;27;49	Name=AluJo	TRUE	Alu	UTR3
chr17:30770810:A:G	chr17:30770810:A:G	A:G	SUZ12P1	ncRNA
intronic	unknown	A;G;+;A||R;ALU;-;SINE/AluSc8;downstream;SUZ12P;-;-;downstream;SUZ12P1;-;-;downstream;SUZ12P1;-;-;-;60;17;28	Name=AluSc8	TRUE	Alu	ncRNA
chr17:44243516:T:C	chr17:44243516:A:G	A:G	SLC4A1	downstream	unknown	.	Name=AluY	FALSE	Alu	downstream
chr17:44243528:T:C	chr17:44243528:A:G	A:G	SLC4A1	downstream	unknown	.	Name=AluY	FALSE	Alu	downstream
chr17:44243536:T:C	chr17:44243536:A:G	A:G	SLC4A1	downstream	unknown	.	Name=AluY	FALSE	Alu	downstream
chr17:64322223:T:C	chr17:64322223:A:G	A:G	PECAM1	UTR3	unknown	T;C;-;A||R;ALU;-;SINE/AluSq;intergenic;TEX2||MILR1;-;-;UTR3;PECAM1;-;-;ncRNA_exonic;PECAM1;-;-;-;982;29;48	Name=AluSq	TRUE	Alu	UTR3
chr17:64322237:T:C	chr17:64322237:A:G	A:G	PECAM1	UTR3	unknown	T;C;-;A||R;ALU;-;SINE/AluSq;intergenic;TEX2||MILR1;-;-;UTR3;PECAM1;-;-;ncRNA_exonic;PECAM1;-;-;-;760;29;47	Name=AluSq	TRUE	Alu	UTR3
chr17:64322238:T:C	chr17:64322238:A:G	A:G	PECAM1	UTR3	unknown	T;C;-;A||R;ALU;-;SINE/AluSq;intergenic;TEX2||MILR1;-;-;UTR3;PECAM1;-;-;ncRNA_exonic;PECAM1;-;-;-;763;29;49	Name=AluSq	TRUE	Alu	UTR3
chr17:68323013:T:C	chr17:68323013:T:C	A:G	ARSG	intronic	unknown	.	Name=AluJr	FALSE	Alu	intronic
chr17:68323016:T:C	chr17:68323016:T:C	A:G	ARSG	intronic	unknown	.	Name=AluJr	FALSE	Alu	intronic
chr17:7480494:C:T	chr17:7480494:G:A	C:T	ZBTB4	intronic	unknown	.	Name=AluY	FALSE	Alu	intronic
chr17:10163280:T:C	chr17:10163280:A:G	A:G	GAS7	intronic	unknown	.	Name=AluSz	FALSE	Alu	intronic
chr17:39760596:T:C	chr17:39760596:A:G	A:G	IKZF3	UTR3	unknown	T;C;-;A||R||D;ALU;-;SINE/AluSp;ncRNA_exonic;RP11-94L15.2;-;-;UTR3;IKZF3;-;-;UTR3;IKZF3;-;-;-;319;21;28	Name=AluSp	TRUE	Alu	UTR3
chr17:39760930:T:C	chr17:39760930:A:G	A:G	IKZF3	UTR3	unknown	T;C;-;A||R||D;ALU;-;SINE/AluJo;ncRNA_exonic;RP11-94L15.2;-;-;UTR3;IKZF3;-;-;UTR3;IKZF3;-;-;-;246;17;22	Name=AluJo	TRUE	Alu	UTR3
chr17:45282319:T:C	chr17:45282319:A:G	A:G	MAP3K14	intronic	unknown	T;C;-;A||R||D;ALU;-;SINE/AluJb;ncRNA_intronic;MAP3K14;-;-;intronic;MAP3K14;-;-;intronic;MAP3K14;-;-;-;105;19;31	Name=AluJb	TRUE	Alu	intronic
chr17:63720518:T:C	chr17:63720518:A:G	A:G	STRADA	intronic	unknown	T;C;-;A||R;ALU;-;SINE/AluY;intronic;RP11-51F16.8||STRADA;-;-;intronic;STRADA;-;-;intronic;STRADA;-;-;-;11;7;8	Name=AluY	TRUE	Alu	intronic
chr17:64483415:T:C	chr17:64483415:A:G	A:G	POLG2	intronic	unknown	T;C;-;A||R||D;ALU;-;SINE/AluJb;intronic;POLG2;-;-;intronic;POLG2;-;-;intronic;POLG2;-;-;-;1728;30;55	Name=AluJb	TRUE	Alu	intronic
chr17:64566610:T:C	chr17:64566610:A:G	A:G	SMURF2	intronic	unknown	.	Name=AluSg4	FALSE	Alu	intronic
chr17:72723681:T:C	chr17:72723681:A:G	A:G	SLC39A11	intronic	unknown	T;C;-;A||R||D;NONREP;-;-/-;intronic;SLC39A11;-;-;intronic;SLC39A11;-;-;intronic;SLC39A11;-;-;-;28;11;13	.	TRUE	None	intronic
chr17:29908019:T:C	chr17:29908019:A:G	A:G	SSH2	intronic	unknown	T;C;-;A||R;ALU;-;SINE/AluJr;intronic;SSH2;-;-;intronic;SSH2;-;-;intronic;SSH2;-;-;-;6;4;4	Name=AluJr	TRUE	Alu	intronic
chr17:37516972:T:C	chr17:37516972:A:G	A:G	SYNRG	UTR3	unknown	T;C;-;A||R||D;ALU;-;SINE/AluSp;UTR3;SYNRG;-;-;UTR3;SYNRG;-;-;UTR3;SYNRG;-;-;-;1712;30;55	Name=AluSp	TRUE	Alu	UTR3
chr17:39760916:T:C	chr17:39760916:A:G	A:G	IKZF3	UTR3	unknown	T;C;-;A||R||D;ALU;-;SINE/AluJo;ncRNA_exonic;RP11-94L15.2;-;-;UTR3;IKZF3;-;-;UTR3;IKZF3;-;-;-;345;18;23	Name=AluJo	TRUE	Alu	UTR3
chr17:39760948:T:C	chr17:39760948:A:G	A:G	IKZF3	UTR3	unknown	T;C;-;A||R||D;ALU;-;SINE/AluJo;ncRNA_exonic;RP11-94L15.2;-;-;UTR3;IKZF3;-;-;UTR3;IKZF3;-;-;-;278;18;24	Name=AluJo	TRUE	Alu	UTR3
chr17:39761978:T:C	chr17:39761978:A:G	A:G	IKZF3	UTR3	unknown	T;C;-;A||R||D;ALU;-;SINE/AluSp;ncRNA_exonic;RP11-94L15.2;-;-;UTR3;IKZF3;-;-;UTR3;IKZF3;-;-;-;257;19;25	Name=AluSp	TRUE	Alu	UTR3
chr17:68323445:T:C	chr17:68323445:T:C	A:G	ARSG	intronic	unknown	.	Name=AluJo	FALSE	Alu	intronic
chr17:68323449:T:C	chr17:68323449:T:C	A:G	ARSG	intronic	unknown	.	Name=AluJo	FALSE	Alu	intronic
chr17:68323505:T:C	chr17:68323505:T:C	A:G	ARSG	intronic	unknown	.	Name=AluJo	FALSE	Alu	intronic
chr17:68323525:T:C	chr17:68323525:T:C	A:G	ARSG	intronic	unknown	.	Name=AluJo	FALSE	Alu	intronic
chr17:68323529:T:C	chr17:68323529:T:C	A:G	ARSG	intronic	unknown	.	Name=AluJo	FALSE	Alu	intronic
chr17:78409929:A:G	chr17:78409929:A:G	A:G	PGS1	intronic	unknown	A;G;+;A||R;ALU;-;SINE/AluSx;intronic;PGS1;-;-;intronic;PGS1;-;-;intronic;PGS1;-;-;-;78;10;11	Name=AluSx	TRUE	Alu	intronic
chr17:81560595:T:C	chr17:81560595:A:G	A:G	NPLOC4	intronic	unknown	T;C;-;A||R||D;ALU;-;SINE/AluSc;intronic;NPLOC4;-;-;intronic;NPLOC4;-;-;intronic;NPLOC4;-;-;-;2383;30;54	Name=AluSc	TRUE	Alu	intronic
chr17:1114129:T:C	chr17:1114129:A:G	A:G	ABR	intronic	unknown	T;C;-;A||R;ALU;-;SINE/AluJo;intronic;ABR;-;-;intronic;ABR;-;-;intronic;ABR;-;-;-;2;2;2	Name=AluJo	TRUE	Alu	intronic
chr17:16106955:T:C	chr17:16106955:A:G	A:G	NCOR1	intronic	unknown	.	Name=AluY	FALSE	Alu	intronic
chr17:16106956:G:A	chr17:16106956:C:T	C:T	NCOR1	intronic	unknown	.	Name=AluY	FALSE	Alu	intronic
chr17:59203694:A:G	chr17:59203694:A:G	A:G	PRR11	UTR3	unknown	A;G;+;A||R||D;ALU;-;SINE/AluSz;ncRNA_intronic;CTD-2510F5.4;-;-;UTR3;PRR11;-;-;UTR3;PRR11;-;-;-;366;24;41	Name=AluSz	TRUE	Alu	UTR3
chr17:64399006:T:C	chr17:64399006:A:G	A:G	PECAM1	upstream	unknown	.	Name=AluJr	FALSE	Alu	upstream
chr17:1602443:T:C	chr17:1602443:A:G	A:G	SLC43A2	intronic	unknown	T;C;-;R;ALU;-;SINE/AluSx1;intronic;SLC43A2;-;-;intronic;SLC43A2;-;-;intronic;SLC43A2;-;-;-;0;0;0	Name=AluSx1	TRUE	Alu	intronic
chr17:39761951:T:C	chr17:39761951:A:G	A:G	IKZF3	UTR3	unknown	T;C;-;A||R||D;ALU;-;SINE/AluSp;ncRNA_exonic;RP11-94L15.2;-;-;UTR3;IKZF3;-;-;UTR3;IKZF3;-;-;-;306;20;26	Name=AluSp	TRUE	Alu	UTR3
chr17:68323024:T:C	chr17:68323024:T:C	A:G	ARSG	intronic	unknown	.	.	FALSE	None	intronic
chr17:81563345:T:C	chr17:81563345:A:G	A:G	NPLOC4	intronic	unknown	T;C;-;A||R||D;ALU;-;SINE/AluSc;UTR3;NPLOC4;-;-;intronic;NPLOC4;-;-;intronic;NPLOC4;-;-;-;876;30;49	Name=AluSc	TRUE	Alu	intronic
chr17:30787738:A:G	chr17:30787738:A:G	A:G	SUZ12P1	ncRNA
intronic	unknown	A;G;+;A||R||D;ALU;-;SINE/AluSx;intronic;CRLF3;-;-;intronic;CRLF3;-;-;intronic;CRLF3;-;-;-;168;22;41	Name=AluSx	TRUE	Alu	ncRNA
chr17:30787867:A:G	chr17:30787867:A:G	A:G	SUZ12P1	ncRNA
intronic	unknown	A;G;+;A||R||D;ALU;-;SINE/AluSx;intronic;CRLF3;-;-;intronic;CRLF3;-;-;intronic;CRLF3;-;-;-;255;26;45	Name=AluSx	TRUE	Alu	ncRNA
chr17:5027262:A:G	chr17:5027262:A:G	A:G	KIF1C	UTR3	unknown	A;G;+;A||R||D;ALU;-;SINE/AluSx1;UTR3;KIF1C;-;-;UTR3;KIF1C;-;-;UTR3;KIF1C;-;-;-;1901;30;55	Name=AluSx1	TRUE	Alu	UTR3
chr17:50641881:A:G	chr17:50641881:A:G	A:G	ABCC3	intronic	unknown	A;G;+;A||R;ALU;-;SINE/AluJb;intronic;ABCC3;-;-;intronic;ABCC3;-;-;intronic;ABCC3;-;-;-;25;8;9	Name=AluJb	TRUE	Alu	intronic
chr17:10078364:T:C	chr17:10078364:A:G	A:G	GAS7	intronic	unknown	.	Name=AluJb	FALSE	Alu	intronic
chr17:5027209:A:G	chr17:5027209:A:G	A:G	KIF1C	UTR3	unknown	A;G;+;A||R||D;ALU;-;SINE/AluSx1;UTR3;KIF1C;-;-;UTR3;KIF1C;-;-;UTR3;KIF1C;-;-;-;1268;30;55	Name=AluSx1	TRUE	Alu	UTR3
chr17:7072931:T:C	chr17:7072931:A:G	A:G	CLEC10A	downstream	unknown	.	Name=AluJo	FALSE	Alu	downstream
chr17:5026488:A:G	chr17:5026488:A:G	A:G	KIF1C	UTR3	unknown	A;G;+;A||R||D;ALU;-;SINE/AluJb;UTR3;KIF1C;-;-;UTR3;KIF1C;-;-;UTR3;KIF1C;-;-;-;1955;30;55	Name=AluJb	TRUE	Alu	UTR3
chr17:59201903:A:G	chr17:59201903:A:G	A:G	PRR11	UTR3	unknown	A;G;+;A||R||D;ALU;-;SINE/AluSq2;UTR3;PRR11;-;-;UTR3;PRR11;-;-;UTR3;PRR11;-;-;-;209;17;26	Name=AluSq2	TRUE	Alu	UTR3
chr17:59201921:A:G	chr17:59201921:A:G	A:G	PRR11	UTR3	unknown	A;G;+;A||R||D;ALU;-;SINE/AluSq2;UTR3;PRR11;-;-;UTR3;PRR11;-;-;UTR3;PRR11;-;-;-;246;18;33	Name=AluSq2	TRUE	Alu	UTR3
chr17:63720444:T:C	chr17:63720444:A:G	A:G	STRADA	intronic	unknown	T;C;-;R||D;ALU;-;SINE/AluJr;intronic;RP11-51F16.8||STRADA;-;-;intronic;STRADA;-;-;intronic;STRADA;-;-;-;4;3;3	Name=AluJr	TRUE	Alu	intronic
chr17:80320942:A:G	chr17:80320942:A:G	A:G	RNF213	UTR3	unknown	A;G;+;A||R||D;ALU;-;SINE/AluJo;UTR3;RNF213;-;-;UTR3;RNF213;-;-;UTR3;RNF213;-;-;-;1049;30;54	Name=AluJr	TRUE	Alu	UTR3
chr17:82401281:C:T	chr17:82401281:G:A	C:T	OGFOD3	intronic	unknown	.	Name=AluY	FALSE	Alu	intronic
chr17:82401285:A:G	chr17:82401285:T:C	A:G	OGFOD3	intronic	unknown	.	Name=AluY	FALSE	Alu	intronic
chr17:21284735:G:A	chr17:21284735:G:A	C:T	MAP2K3	UTR5	unknown	.	.	FALSE	None	UTR5
chr17:27472976:A:G	chr17:27472976:A:G	A:G	KSR1	intronic	unknown	A;G;+;A||R;ALU;-;SINE/AluJb;intronic;KSR1;-;-;intronic;KSR1;-;-;intronic;KSR1;-;-;-;8;5;5	Name=AluJb	TRUE	Alu	intronic
chr17:29681320:T:C	chr17:29681320:A:G	A:G	SSH2	intronic	unknown	.	Name=AluSc	FALSE	Alu	intronic
chr17:78632370:C:T	chr17:78632370:G:A	C:T	SCAT1	upstream	unknown	.	Name=AluY	FALSE	Alu	upstream
chr17:32164604:A:G	chr17:32164604:A:G	A:G	RHOT1	intronic	unknown	A;G;+;A||R;ALU;-;SINE/AluJb;intronic;RHOT1;-;-;intronic;RHOT1;-;-;intronic;RHOT1;-;-;-;7;4;5	Name=AluJb	TRUE	Alu	intronic
chr17:78632374:A:G	chr17:78632374:T:C	A:G	SCAT1	upstream	unknown	.	Name=AluY	FALSE	Alu	upstream
chr17:35511627:T:C	chr17:35511627:A:G	A:G	SLFN12L	intronic	unknown	T;C;-;A||R;ALU;-;SINE/AluJb;intronic;SLFN12L;-;-;intergenic;SLFN12L||SLFN14;-;-;intronic;SLFN12L;-;-;-;135;12;14	Name=AluJo	TRUE	Alu	intronic
chr17:39760954:T:C	chr17:39760954:A:G	A:G	IKZF3	UTR3	unknown	T;C;-;A||R||D;ALU;-;SINE/AluJo;ncRNA_exonic;RP11-94L15.2;-;-;UTR3;IKZF3;-;-;UTR3;IKZF3;-;-;-;298;17;22	Name=AluJo	TRUE	Alu	UTR3
chr17:39761077:T:C	chr17:39761077:A:G	A:G	IKZF3	UTR3	unknown	T;C;-;A||R||D;ALU;-;SINE/AluJo;ncRNA_exonic;RP11-94L15.2;-;-;UTR3;IKZF3;-;-;UTR3;IKZF3;-;-;284;19;402;26;34	Name=AluJo	TRUE	Alu	UTR3
chr17:39761991:T:C	chr17:39761991:A:G	A:G	IKZF3	UTR3	unknown	T;C;-;A||R||D;ALU;-;SINE/AluSp;ncRNA_exonic;RP11-94L15.2;-;-;UTR3;IKZF3;-;-;UTR3;IKZF3;-;-;-;281;16;22	Name=AluSp	TRUE	Alu	UTR3
chr17:73175569:A:G	chr17:73175569:A:G	A:G	SSTR2	UTR3	unknown	A;G;+;A||R;ALU;-;SINE/AluSx;ncRNA_exonic;RP11-143K11.1;-;-;intergenic;SSTR2||COG1;-;-;intergenic;SSTR2||COG1;-;-;-;509;24;41	Name=AluSx	TRUE	Alu	UTR3
chr17:39760561:T:C	chr17:39760561:A:G	A:G	IKZF3	UTR3	unknown	T;C;-;A||R||D;ALU;-;SINE/AluSp;ncRNA_exonic;RP11-94L15.2;-;-;UTR3;IKZF3;-;-;UTR3;IKZF3;-;-;-;251;19;24	Name=AluSp	TRUE	Alu	UTR3
chr17:73175434:A:G	chr17:73175434:A:G	A:G	SSTR2	UTR3	unknown	A;G;+;A||R;ALU;-;SINE/AluSx;ncRNA_intronic;RP11-143K11.5;-;-;intergenic;SSTR2||COG1;-;-;intergenic;SSTR2||COG1;-;-;-;213;16;28	Name=AluSx	TRUE	Alu	UTR3
chr17:73175557:A:G	chr17:73175557:A:G	A:G	SSTR2	UTR3	unknown	A;G;+;A||R;ALU;-;SINE/AluSx;ncRNA_exonic;RP11-143K11.1;-;-;intergenic;SSTR2||COG1;-;-;intergenic;SSTR2||COG1;-;-;-;391;23;41	Name=AluSx	TRUE	Alu	UTR3
chr17:80322455:A:G	chr17:80322455:A:G	A:G	RNF213	intronic	unknown	A;G;+;A||R;ALU;-;SINE/AluSc8;intronic;RNF213;-;-;intronic;RNF213;-;-;intronic;RNF213;-;-;548;225;20;8;9	Name=AluSc8	TRUE	Alu	intronic
chr17:81563212:T:C	chr17:81563212:A:G	A:G	NPLOC4	intronic	unknown	T;C;-;A||R||D;ALU;-;SINE/AluSc;UTR3;NPLOC4;-;-;intronic;NPLOC4;-;-;intronic;NPLOC4;-;-;-;734;29;44	Name=AluSc	TRUE	Alu	intronic
chr17:81563213:T:C	chr17:81563213:A:G	A:G	NPLOC4	intronic	unknown	T;C;-;A||R||D;ALU;-;SINE/AluSc;UTR3;NPLOC4;-;-;intronic;NPLOC4;-;-;intronic;NPLOC4;-;-;-;813;29;45	Name=AluSc	TRUE	Alu	intronic
chr17:60218195:T:C	chr17:60218195:A:G	A:G	USP32	intronic	unknown	T;C;-;A||R||D;ALU;-;SINE/AluY;intronic;USP32;-;-;intronic;USP32;-;-;intronic;USP32;-;-;-;200;23;30	Name=AluYj4	TRUE	Alu	intronic
chr17:81562487:T:C	chr17:81562487:A:G	A:G	NPLOC4	intronic	unknown	T;C;-;A||R||D;ALU;-;SINE/AluSx1;UTR3;NPLOC4;-;-;intronic;NPLOC4;-;-;intronic;NPLOC4;-;-;-;1885;30;54	Name=AluSx1	TRUE	Alu	intronic
chr17:39761886:T:C	chr17:39761886:A:G	A:G	IKZF3	UTR3	unknown	T;C;-;A||R||D;ALU;-;SINE/AluSp;ncRNA_exonic;RP11-94L15.2;-;-;UTR3;IKZF3;-;-;UTR3;IKZF3;-;-;-;182;15;19	Name=AluSp	TRUE	Alu	UTR3
chr17:10149201:T:C	chr17:10149201:A:G	A:G	GAS7	intronic	unknown	T;C;-;A||R;ALU;-;SINE/AluSx1;intronic;GAS7;-;-;intronic;GAS7;-;-;intronic;GAS7;-;-;-;1;1;1	Name=AluSx1	TRUE	Alu	intronic
chr17:29529174:A:G	chr17:29529174:A:G	A:G	TAOK1	intronic	unknown	A;G;+;A||R||D;ALU;-;SINE/AluJr4;intronic;TAOK1;-;-;intronic;TAOK1;-;-;intronic;TAOK1;-;-;-;8;8;8	Name=AluJr4	TRUE	Alu	intronic
chr18:46018548:T:C	chr18:46018548:A:G	A:G	PSTPIP2	intronic	unknown	T;C;-;R;ALU;-;SINE/AluSx1;intronic;PSTPIP2;-;-;intronic;PSTPIP2;-;-;intronic;PSTPIP2;-;-;-;0;0;0	Name=AluSx1	TRUE	Alu	intronic
chr18:50951621:A:G	chr18:50951621:A:G	A:G	ME2	UTR3	unknown	A;G;+;A||R;ALU;-;SINE/AluY;intergenic;ME2||Y_RNA;-;-;intergenic;ME2||ELAC1;-;-;intergenic;ME2||ELAC1;-;-;-;3;3;3	Name=AluY	TRUE	Alu	UTR3
chr18:691474:T:C	chr18:691474:A:G	A:G	ENOSF1	intronic	unknown	T;C;-;A||R||D;ALU;-;SINE/AluJr;intronic;ENOSF1;-;-;intronic;ENOSF1;-;-;intronic;ENOSF1;-;-;340;32;1813;30;54	Name=AluJr	TRUE	Alu	intronic
chr18:2923220:A:G	chr18:2923220:T:C	A:G	LPIN2	intronic	unknown	A;G;+;R;ALU;-;SINE/AluSq2;intronic;LPIN2;-;-;intronic;LPIN2;-;-;intronic;LPIN2;-;-;-;165;21;30	Name=AluSq2	TRUE	Alu	intronic
chr18:35247932:A:G	chr18:35247932:A:G	A:G	ZNF397	UTR3	unknown	A;G;+;A||R||D;ALU;-;SINE/AluSp;intronic;ZNF397;-;-;intronic;ZNF397;-;-;intronic;ZNF397;-;-;-;900;30;53	Name=AluSp	TRUE	Alu	UTR3
chr18:691490:T:C	chr18:691490:A:G	A:G	ENOSF1	intronic	unknown	T;C;-;A||R||D;ALU;-;SINE/AluJr;intronic;ENOSF1;-;-;intronic;ENOSF1;-;-;intronic;ENOSF1;-;-;340;32;1662;30;54	Name=AluJr	TRUE	Alu	intronic
chr18:692496:T:C	chr18:692496:A:G	A:G	ENOSF1	intronic	unknown	T;C;-;A||R||D;ALU;-;SINE/AluSq;intronic;ENOSF1;-;-;intronic;ENOSF1;-;-;intronic;ENOSF1;-;-;-;1694;30;55	Name=AluSq	TRUE	Alu	intronic
chr18:76808321:T:C	chr18:76808321:A:G	A:G	ZNF236-DT	ncRNA
intronic	unknown	T;C;-;A||R;ALU;-;SINE/AluJb;intronic;RP11-162A12.2;-;-;ncRNA_intronic;LOC100131655;-;-;ncRNA_intronic;LOC100131655;-;-;-;231;27;47	Name=AluJb	TRUE	Alu	ncRNA
chr18:79118530:A:G	chr18:79118530:A:G	A:G	ATP9B	intronic	unknown	A;G;+;A||R;ALU;-;SINE/AluY;intronic;ATP9B;-;-;intronic;ATP9B;-;-;intronic;ATP9B;-;-;-;8;5;5	Name=AluY	TRUE	Alu	intronic
chr18:79118567:A:G	chr18:79118567:A:G	A:G	ATP9B	intronic	unknown	A;G;+;A||R;ALU;-;SINE/AluY;intronic;ATP9B;-;-;intronic;ATP9B;-;-;intronic;ATP9B;-;-;-;1;1;1	Name=AluY	TRUE	Alu	intronic
chr18:2923166:A:G	chr18:2923166:T:C	A:G	LPIN2	intronic	unknown	.	Name=AluSq2	FALSE	Alu	intronic
chr18:2923219:A:G	chr18:2923219:T:C	A:G	LPIN2	intronic	unknown	A;G;+;R;ALU;-;SINE/AluSq2;intronic;LPIN2;-;-;intronic;LPIN2;-;-;intronic;LPIN2;-;-;-;102;17;21	Name=AluSq2	TRUE	Alu	intronic
chr18:32070966:A:G	chr18:32070966:A:G	A:G	RNF125	UTR3	unknown	A;G;+;A||R||D;ALU;-;SINE/AluSp;ncRNA_intronic;RP11-53I6.2;-;-;UTR3;RNF125;-;-;UTR3;RNF125;-;-;-;830;30;52	Name=AluSp	TRUE	Alu	UTR3
chr18:32072156:A:G	chr18:32072156:A:G	A:G	RNF125	UTR3	unknown	A;G;+;A||R||D;ALU;-;SINE/AluJb;ncRNA_intronic;RP11-53I6.2;-;-;UTR3;RNF125;-;-;UTR3;RNF125;-;-;-;1500;30;53	Name=AluJo	TRUE	Alu	UTR3
chr18:46019679:T:C	chr18:46019679:A:G	A:G	PSTPIP2	intronic	unknown	T;C;-;R;ALU;-;SINE/AluSz;intronic;PSTPIP2;-;-;intronic;PSTPIP2;-;-;intronic;PSTPIP2;-;-;-;229;20;25	Name=AluSz	TRUE	Alu	intronic
chr18:691478:T:C	chr18:691478:A:G	A:G	ENOSF1	intronic	unknown	T;C;-;A||R||D;ALU;-;SINE/AluJr;intronic;ENOSF1;-;-;intronic;ENOSF1;-;-;intronic;ENOSF1;-;-;340;32;1864;30;54	Name=AluJr	TRUE	Alu	intronic
chr18:79118582:A:G	chr18:79118582:A:G	A:G	ATP9B	intronic	unknown	A;G;+;A||R;ALU;-;SINE/AluY;intronic;ATP9B;-;-;intronic;ATP9B;-;-;intronic;ATP9B;-;-;-;4;4;4	Name=AluY	TRUE	Alu	intronic
chr18:79118884:A:G	chr18:79118884:A:G	A:G	ATP9B	intronic	unknown	A;G;+;A||R;ALU;rs531983576;SINE/AluJb;intronic;ATP9B;-;-;intronic;ATP9B;-;-;intronic;ATP9B;-;-;-;13;9;10	Name=AluJb	TRUE	Alu	intronic
chr18:24347366:T:C	chr18:24347366:A:G	A:G	OSBPL1A	intronic	unknown	T;C;-;R;ALU;-;SINE/AluSx1;intronic;OSBPL1A;-;-;intronic;OSBPL1A;-;-;intronic;OSBPL1A;-;-;-;14;7;8	Name=AluSx1	TRUE	Alu	intronic
chr18:24347657:T:C	chr18:24347657:A:G	A:G	OSBPL1A	intronic	unknown	T;C;-;R;ALU;-;SINE/AluSg;intronic;OSBPL1A;-;-;intronic;OSBPL1A;-;-;intronic;OSBPL1A;-;-;-;12;7;8	Name=AluSg	TRUE	Alu	intronic
chr18:36166566:A:G	chr18:36166566:A:G	A:G	ELP2	intronic	unknown	A;G;+;A||R||D;ALU;-;SINE/AluSq;intronic;ELP2;-;-;intronic;ELP2;-;-;intronic;ELP2;-;-;-;618;30;51	Name=AluSq	TRUE	Alu	intronic
chr18:47096439:T:C	chr18:47096439:T:C	A:G	KATNAL2	intronic	unknown	T;C;-;A||R;ALU;-;SINE/AluJb;intronic;KATNAL2;-;-;intronic;KATNAL2;-;-;intronic;KATNAL2;-;-;-;16;10;11	Name=AluJb	TRUE	Alu	intronic
chr18:76808309:T:C	chr18:76808309:A:G	A:G	ZNF236-DT	ncRNA
intronic	unknown	T;C;-;A||R;ALU;-;SINE/AluJb;intronic;RP11-162A12.2;-;-;ncRNA_intronic;LOC100131655;-;-;ncRNA_intronic;LOC100131655;-;-;-;266;25;46	Name=AluJb	TRUE	Alu	ncRNA
chr18:76808348:T:C	chr18:76808348:A:G	A:G	ZNF236-DT	ncRNA
intronic	unknown	T;C;-;A||R;ALU;-;SINE/AluJb;intronic;RP11-162A12.2;-;-;ncRNA_intronic;LOC100131655;-;-;ncRNA_intronic;LOC100131655;-;-;-;397;30;51	Name=AluJb	TRUE	Alu	ncRNA
chr18:79118585:A:G	chr18:79118585:A:G	A:G	ATP9B	intronic	unknown	A;G;+;R;ALU;-;SINE/AluY;intronic;ATP9B;-;-;intronic;ATP9B;-;-;intronic;ATP9B;-;-;-;0;0;0	Name=AluY	TRUE	Alu	intronic
chr18:79119006:A:G	chr18:79119006:A:G	A:G	ATP9B	intronic	unknown	A;G;+;A||R;ALU;-;SINE/AluJb;intronic;ATP9B;-;-;intronic;ATP9B;-;-;intronic;ATP9B;-;-;-;16;7;9	Name=AluJb	TRUE	Alu	intronic
chr18:46023795:T:C	chr18:46023795:A:G	A:G	PSTPIP2	intronic	unknown	T;C;-;R;NONREP;-;-/-;intronic;PSTPIP2;-;-;intronic;PSTPIP2;-;-;intronic;PSTPIP2;-;-;-;44;11;12	.	TRUE	None	intronic
chr18:46023830:T:C	chr18:46023830:A:G	A:G	PSTPIP2	intronic	unknown	T;C;-;R;NONREP;-;-/-;intronic;PSTPIP2;-;-;intronic;PSTPIP2;-;-;intronic;PSTPIP2;-;-;-;7;3;4	.	TRUE	None	intronic
chr18:58372183:A:G	chr18:58372183:A:G	A:G	NEDD4L	intronic	unknown	A;G;+;A||R;ALU;-;SINE/AluJr;ncRNA_exonic;RP11-845C23.2;-;-;intronic;NEDD4L;-;-;intronic;NEDD4L;-;-;-;47;15;16	Name=AluJr	TRUE	Alu	intronic
chr18:69922536:T:C	chr18:69922536:A:G	A:G	CD226	intronic	unknown	T;C;-;R||D;ALU;-;SINE/AluJo;intronic;CD226;-;-;intronic;CD226;-;-;intronic;CD226;-;-;-;0;0;0	Name=AluJo	TRUE	Alu	intronic
chr18:11891929:T:C	chr18:11891929:A:G	A:G	MPPE1	intronic	unknown	T;C;-;A||R||D;ALU;-;SINE/AluJb;intronic;MPPE1;-;-;intronic;MPPE1;-;-;intronic;MPPE1;-;-;-;341;27;38	Name=AluJb	TRUE	Alu	intronic
chr18:11892257:T:C	chr18:11892257:A:G	A:G	MPPE1	intronic	unknown	T;C;-;A||R;ALU;-;SINE/AluSx;intronic;MPPE1;-;-;intronic;MPPE1;-;-;intronic;MPPE1;-;-;-;195;28;43	Name=AluSx	TRUE	Alu	intronic
chr18:21652542:T:C	chr18:21652542:A:G	A:G	ABHD3	intronic	unknown	T;C;-;R;ALU;-;SINE/AluSc;intronic;ABHD3;-;-;intronic;ABHD3;-;-;intronic;ABHD3;-;-;-;112;15;23	Name=AluSc	TRUE	Alu	intronic
chr18:32068979:A:G	chr18:32068979:A:G	A:G	RNF125	UTR3	unknown	A;G;+;A||R||D;ALU;-;SINE/AluSg;ncRNA_intronic;RP11-53I6.2;-;-;UTR3;RNF125;-;-;UTR3;RNF125;-;-;-;779;29;52	Name=AluSg	TRUE	Alu	UTR3
chr18:32070141:A:G	chr18:32070141:A:G	A:G	RNF125	UTR3	unknown	A;G;+;A||R||D;ALU;-;SINE/AluSz;ncRNA_intronic;RP11-53I6.2;-;-;UTR3;RNF125;-;-;UTR3;RNF125;-;-;-;646;28;50	Name=AluSz	TRUE	Alu	UTR3
chr18:32070805:A:G	chr18:32070805:A:G	A:G	RNF125	UTR3	unknown	A;G;+;A||R;ALU;-;SINE/AluSp;ncRNA_intronic;RP11-53I6.2;-;-;UTR3;RNF125;-;-;UTR3;RNF125;-;-;-;481;26;49	Name=AluSp	TRUE	Alu	UTR3
chr18:50951757:A:G	chr18:50951757:A:G	A:G	ME2	UTR3	unknown	A;G;+;A||R;ALU;-;SINE/AluY;intergenic;ME2||Y_RNA;-;-;intergenic;ME2||ELAC1;-;-;intergenic;ME2||ELAC1;-;-;-;3;2;3	Name=AluY	TRUE	Alu	UTR3
chr18:57547835:T:C	chr18:57547835:A:G	A:G	FECH	UTR3	unknown	T;C;-;A||R;ALU;-;SINE/AluJr;downstream;FECH;-;-;UTR3;FECH;-;-;UTR3;FECH;-;-;-;75;18;28	Name=AluJr	TRUE	Alu	UTR3
chr18:57676553:A:G	chr18:57676553:T:C	A:G	ATP8B1	intronic	unknown	.	Name=AluSc8	FALSE	Alu	intronic
chr18:74359901:T:C	chr18:74359901:T:C	A:G	C18orf63	downstream	unknown	.	Name=AluSc5	FALSE	Alu	downstream
chr18:80040415:A:G	chr18:80040415:A:G	A:G	RBFA	intronic	unknown	A;G;+;A||R||D;ALU;-;SINE/AluJo;intronic;RBFA||RP11-795F19.5;-;-;intronic;RBFA;-;-;intronic;RBFA;-;-;-;328;25;44	Name=AluJo	TRUE	Alu	intronic
chr18:11892017:T:C	chr18:11892017:A:G	A:G	MPPE1	intronic	unknown	T;C;-;A||R;ALU;-;SINE/AluJb;intronic;MPPE1;-;-;intronic;MPPE1;-;-;intronic;MPPE1;-;-;-;78;17;22	Name=AluJb	TRUE	Alu	intronic
chr18:74359902:T:C	chr18:74359902:T:C	A:G	C18orf63	downstream	unknown	.	Name=AluSc5	FALSE	Alu	downstream
chr18:11890492:T:C	chr18:11890492:A:G	A:G	MPPE1	intronic	unknown	T;C;-;A||R||D;ALU;-;SINE/AluSz6;intronic;MPPE1;-;-;intronic;MPPE1;-;-;intronic;MPPE1;-;-;-;206;22;34	Name=AluSz6	TRUE	Alu	intronic
chr18:24185503:T:C	chr18:24185503:A:G	A:G	OSBPL1A	intronic	unknown	T;C;-;A||R;ALU;-;SINE/AluSx3;intronic;OSBPL1A;-;-;intronic;OSBPL1A;-;-;intronic;OSBPL1A;-;-;-;1;1;1	Name=AluSx3	TRUE	Alu	intronic
chr18:58372709:A:G	chr18:58372709:A:G	A:G	NEDD4L	intronic	unknown	A;G;+;A||R;ALU;-;SINE/AluSq2;intronic;NEDD4L;-;-;intronic;NEDD4L;-;-;intronic;NEDD4L;-;-;-;46;13;14	Name=AluSq2	TRUE	Alu	intronic
chr18:58372717:A:G	chr18:58372717:A:G	A:G	NEDD4L	intronic	unknown	A;G;+;A||R;ALU;-;SINE/AluSq2;intronic;NEDD4L;-;-;intronic;NEDD4L;-;-;intronic;NEDD4L;-;-;-;45;14;15	Name=AluSq2	TRUE	Alu	intronic
chr18:11892023:T:C	chr18:11892023:A:G	A:G	MPPE1	intronic	unknown	T;C;-;A||R;ALU;-;SINE/AluJb;intronic;MPPE1;-;-;intronic;MPPE1;-;-;intronic;MPPE1;-;-;-;106;19;24	Name=AluJb	TRUE	Alu	intronic
chr18:23559609:T:C	chr18:23559609:A:G	A:G	NPC1	intronic	unknown	T;C;-;R;REP;-;SINE/FLAM_C;intronic;NPC1;-;-;intronic;NPC1;-;-;intronic;NPC1;-;-;-;2;2;2	Name=FLAM_C	TRUE	Other	intronic
chr18:3668412:A:G	chr18:3668412:T:C	A:G	DLGAP1	intronic	unknown	.	Name=AluJr	FALSE	Alu	intronic
chr19:10275837:A:G	chr19:10275837:A:G	A:G	ICAM1	intronic	unknown	A;G;+;A;ALU;-;SINE/AluY;ncRNA_intronic;CTD-2369P2.5;-;-;intronic;ICAM1;-;-;intronic;ICAM1;-;-;-;3;1;1	Name=AluY	TRUE	Alu	intronic
chr19:10279689:A:G	chr19:10279689:A:G	A:G	ICAM1	intronic	unknown	A;G;+;A||R||D;ALU;-;SINE/AluSx1;ncRNA_intronic;CTD-2369P2.5;-;-;intronic;ICAM1;-;-;intronic;ICAM1;-;-;-;83;13;17	Name=AluSx1	TRUE	Alu	intronic
chr19:11824109:A:G	chr19:11824109:A:G	A:G	ZNF440	intronic	unknown	A;G;+;A||R||D;ALU;-;SINE/AluJo;intronic;ZNF440;-;-;intronic;ZNF440;-;-;intronic;ZNF440;-;-;-;49;11;17	Name=AluJo	TRUE	Alu	intronic
chr19:13773532:A:G	chr19:13773532:A:G	A:G	MRI1	UTR3	unknown	A;G;+;A||R||D;ALU;-;SINE/AluJr;ncRNA_exonic;CTB-5E10.3;-;-;UTR3;MRI1;-;-;UTR3;MRI1;-;-;-;2473;30;55	Name=AluJr	TRUE	Alu	UTR3
chr19:13773711:A:G	chr19:13773711:A:G	A:G	MRI1	UTR3	unknown	A;G;+;A||R||D;ALU;-;SINE/AluSx1;ncRNA_intronic;CTB-5E10.3;-;-;UTR3;MRI1;-;-;UTR3;MRI1;-;-;-;1974;30;54	Name=AluSx1	TRUE	Alu	UTR3
chr19:16634542:T:C	chr19:16634542:A:G	A:G	MED26	upstream	unknown	T;C;-;A||R;ALU;-;SINE/AluSx1;ncRNA_exonic;CTC-429P9.3;-;-;intergenic;MED26||SMIM7;-;-;intergenic;MED26||SMIM7;-;-;-;2342;30;54	Name=AluSx1	TRUE	Alu	upstream
chr19:16634574:T:C	chr19:16634574:A:G	A:G	MED26	upstream	unknown	T;C;-;A||R||D;ALU;-;SINE/AluSx1;ncRNA_exonic;CTC-429P9.3;-;-;intergenic;MED26||SMIM7;-;-;intergenic;MED26||SMIM7;-;-;-;2053;30;55	Name=AluSx1	TRUE	Alu	upstream
chr19:18181658:A:G	chr19:18181658:A:G	A:G	IFI30	downstream	unknown	.	Name=AluSz6	FALSE	Alu	downstream
chr19:18181915:A:G	chr19:18181915:A:G	A:G	IFI30	downstream	unknown	A;G;+;R;ALU;-;SINE/AluSg;intergenic;PIK3R2||MPV17L2;-;-;intergenic;IFI30||MPV17L2;-;-;intergenic;IFI30||MPV17L2;-;-;-;1;1;1	Name=AluSg	TRUE	Alu	downstream
chr19:18181918:A:G	chr19:18181918:A:G	A:G	IFI30	downstream	unknown	A;G;+;R;ALU;-;SINE/AluSg;intergenic;PIK3R2||MPV17L2;-;-;intergenic;IFI30||MPV17L2;-;-;intergenic;IFI30||MPV17L2;-;-;-;1;1;1	Name=AluSg	TRUE	Alu	downstream
chr19:18181928:A:G	chr19:18181928:A:G	A:G	IFI30	downstream	unknown	A;G;+;R;ALU;-;SINE/AluSg;intergenic;PIK3R2||MPV17L2;-;-;intergenic;IFI30||MPV17L2;-;-;intergenic;IFI30||MPV17L2;-;-;-;1;1;1	Name=AluSg	TRUE	Alu	downstream
chr19:18366519:A:G	chr19:18366519:A:G	A:G	PGPEP1	UTR3	unknown	A;G;+;A||R||D;ALU;-;SINE/AluSx1;UTR3;PGPEP1;-;-;UTR3;PGPEP1;-;-;UTR3;PGPEP1;-;-;-;2201;30;55	Name=AluSx1	TRUE	Alu	UTR3
chr19:29699224:T:C	chr19:29699224:A:G	A:G	C19orf12	UTR3	unknown	T;C;-;A||R;ALU;-;SINE/AluY;intergenic;PLEKHF1||C19orf12;-;-;UTR3;C19orf12;-;-;UTR3;C19orf12;-;-;-;529;28;51	Name=AluY	TRUE	Alu	UTR3
chr19:3195053:A:G	chr19:3195053:A:G	A:G	NCLN	intronic	unknown	A;G;+;A||R||D;ALU;-;SINE/AluJr;intronic;NCLN;-;-;intronic;NCLN;-;-;intronic;NCLN;-;-;-;1599;30;55	Name=AluJr	TRUE	Alu	intronic
chr19:38406548:A:G	chr19:38406548:A:G	A:G	FAM98C	intronic	unknown	A;G;+;A||R||D;ALU;-;SINE/AluJo;intronic;FAM98C;-;-;intronic;FAM98C;-;-;intronic;FAM98C;-;-;-;1738;30;53	Name=AluJo	TRUE	Alu	intronic
chr19:38868388:T:C	chr19:38868388:A:G	A:G	RINL	UTR3	unknown	T;C;-;A||R||D;ALU;-;SINE/AluJr;UTR3;RINL;-;-;UTR3;RINL;-;-;UTR3;RINL;-;-;-;1727;30;55	Name=AluJr	TRUE	Alu	UTR3
chr19:45442129:T:C	chr19:45442129:A:G	A:G	ERCC1	intronic	unknown	T;C;-;R;ALU;-;SINE/AluJb;intronic;ERCC1;-;-;intergenic;MIR6088||FOSB;-;-;intronic;ERCC1;-;-;-;1;1;1	Name=AluJb	TRUE	Alu	intronic
chr19:4897677:T:C	chr19:4897677:A:G	A:G	ARRDC5	intronic	unknown	T;C;-;R;ALU;-;SINE/AluJr;intronic;ARRDC5;-;-;intronic;ARRDC5;-;-;intronic;ARRDC5;-;-;-;12;4;4	Name=AluJr	TRUE	Alu	intronic
chr19:4897681:T:C	chr19:4897681:A:G	A:G	ARRDC5	intronic	unknown	T;C;-;R;ALU;-;SINE/AluJr;intronic;ARRDC5;-;-;intronic;ARRDC5;-;-;intronic;ARRDC5;-;-;-;12;4;5	Name=AluJr	TRUE	Alu	intronic
chr19:51133363:A:G	chr19:51133363:A:G	A:G	SIGLEC9	intronic	unknown	A;G;+;A||R;ALU;-;SINE/AluSx1;intronic;SIGLEC9;-;-;intronic;SIGLEC9;-;-;intronic;SIGLEC9;-;-;-;217;15;22	Name=AluSx1	TRUE	Alu	intronic
chr19:52702219:T:C	chr19:52702219:A:G	A:G	ZNF611	downstream	unknown	T;C;-;A||R;ALU;-;SINE/AluSq2;downstream;ZNF611;-;-;downstream;ZNF611;-;-;downstream;ZNF611;-;-;-;1030;30;55	Name=AluSq2	TRUE	Alu	downstream
chr19:54237215:T:C	chr19:54237215:A:G	A:G	LILRA6	downstream	unknown	T;C;-;A||R;ALU;-;SINE/AluSx;intronic;LILRA6||LILRB3;-;-;intronic;LILRB3;-;-;UTR3;LILRA6;-;-;-;438;25;32	Name=AluSx	TRUE	Alu	downstream
chr19:54237223:T:C	chr19:54237223:A:G	A:G	LILRA6	downstream	unknown	T;C;-;A||R;ALU;-;SINE/AluSx;intronic;LILRA6||LILRB3;-;-;intronic;LILRB3;-;-;UTR3;LILRA6;-;-;-;449;25;32	Name=AluSx	TRUE	Alu	downstream
chr19:54237247:T:C	chr19:54237247:A:G	A:G	LILRA6	downstream	unknown	T;C;-;A||R;ALU;-;SINE/AluSx;intronic;LILRA6||LILRB3;-;-;intronic;LILRB3;-;-;UTR3;LILRA6;-;-;-;681;28;40	Name=AluSx	TRUE	Alu	downstream
chr19:54237277:T:C	chr19:54237277:A:G	A:G	LILRA6	downstream	unknown	T;C;-;A||R;ALU;-;SINE/AluSx;intronic;LILRA6||LILRB3;-;-;intronic;LILRB3;-;-;UTR3;LILRA6;-;-;-;660;28;40	Name=AluSx	TRUE	Alu	downstream
chr19:54237280:T:C	chr19:54237280:A:G	A:G	LILRA6	downstream	unknown	T;C;-;A||R;ALU;-;SINE/AluSx;intronic;LILRA6||LILRB3;-;-;intronic;LILRB3;-;-;UTR3;LILRA6;-;-;-;548;27;37	Name=AluSx	TRUE	Alu	downstream
chr19:54237281:T:C	chr19:54237281:A:G	A:G	LILRA6	downstream	unknown	T;C;-;A||R;ALU;-;SINE/AluSx;intronic;LILRA6||LILRB3;-;-;intronic;LILRB3;-;-;UTR3;LILRA6;-;-;-;543;27;38	Name=AluSx	TRUE	Alu	downstream
chr19:54238175:T:C	chr19:54238175:A:G	A:G	LILRA6	downstream	unknown	T;C;-;R;ALU;-;SINE/AluSx3;intronic;LILRA6||LILRB3;-;-;intronic;LILRB3;-;-;UTR3;LILRA6;-;-;-;335;16;23	Name=AluSx3	TRUE	Alu	downstream
chr19:54238242:T:C	chr19:54238242:A:G	A:G	LILRA6	downstream	unknown	T;C;-;A||R;ALU;-;SINE/AluSx3;intronic;LILRA6||LILRB3;-;-;intronic;LILRB3;-;-;UTR3;LILRA6;-;-;-;200;17;21	Name=AluSx3	TRUE	Alu	downstream
chr19:54238262:T:C	chr19:54238262:A:G	A:G	LILRA6	downstream	unknown	T;C;-;A||R;ALU;-;SINE/AluSx3;intronic;LILRA6||LILRB3;-;-;intronic;LILRB3;-;-;UTR3;LILRA6;-;-;-;242;13;17	Name=AluSx3	TRUE	Alu	downstream
chr19:7682393:T:C	chr19:7682393:T:C	A:G	TRAPPC5	exonic	nonsynonymous SNV	.	.	FALSE	None	exonic
chr19:8492538:T:C	chr19:8492538:A:G	A:G	PRAM1	intronic	unknown	T;C;-;A||R;ALU;-;SINE/AluSq;intronic;PRAM1;-;-;intronic;PRAM1;-;-;intronic;PRAM1;-;-;-;618;28;47	Name=AluSq2	TRUE	Alu	intronic
chr19:8492921:T:C	chr19:8492921:A:G	A:G	PRAM1	intronic	unknown	T;C;-;A;ALU;rs199906588;SINE/AluSx1;intronic;PRAM1;-;-;intronic;PRAM1;-;-;intronic;PRAM1;-;-;-;547;28;47	Name=AluSx1	TRUE	Alu	intronic
chr19:8492991:T:C	chr19:8492991:A:G	A:G	PRAM1	intronic	unknown	T;C;-;A||R;ALU;-;SINE/AluSx1;intronic;PRAM1;-;-;intronic;PRAM1;-;-;intronic;PRAM1;-;-;-;449;28;47	Name=AluSx1	TRUE	Alu	intronic
chr19:8495526:T:C	chr19:8495526:A:G	A:G	PRAM1	intronic	unknown	T;C;-;A||R;ALU;-;SINE/AluSx;intronic;PRAM1;-;-;intronic;PRAM1;-;-;intronic;PRAM1;-;-;-;407;23;39	Name=AluSz6	TRUE	Alu	intronic
chr19:8497289:T:C	chr19:8497289:A:G	A:G	PRAM1	intronic	unknown	T;C;-;A||R;ALU;-;SINE/AluJo;intronic;PRAM1;-;-;intronic;PRAM1;-;-;intronic;PRAM1;-;-;-;391;23;40	Name=AluJo	TRUE	Alu	intronic
chr19:8554082:T:C	chr19:8554082:A:G	A:G	MYO1F	intronic	unknown	T;C;-;A||R;ALU;-;SINE/AluJr;intronic;MYO1F;-;-;intronic;MYO1F;-;-;intronic;MYO1F;-;-;-;96;6;6	Name=AluJr	TRUE	Alu	intronic
chr19:9812055:T:C	chr19:9812055:A:G	A:G	FBXL12	intronic	unknown	T;C;-;A||R||D;ALU;-;SINE/AluJo;intronic;FBXL12;-;-;intronic;FBXL12;-;-;intronic;FBXL12;-;-;-;853;30;54	Name=AluJo	TRUE	Alu	intronic
chr19:10279804:A:G	chr19:10279804:A:G	A:G	ICAM1	intronic	unknown	A;G;+;A||R||D;ALU;-;SINE/AluJb;ncRNA_intronic;CTD-2369P2.5;-;-;intronic;ICAM1;-;-;intronic;ICAM1;-;-;-;61;10;14	Name=AluJr4	TRUE	Alu	intronic
chr19:10442965:A:G	chr19:10442965:A:G	A:G	PDE4A	intronic	unknown	.	.	FALSE	None	intronic
chr19:10443464:A:G	chr19:10443464:A:G	A:G	PDE4A	intronic	unknown	A;G;+;A||R;ALU;-;SINE/AluJb;intronic;PDE4A;-;-;intronic;PDE4A;-;-;intronic;PDE4A;-;-;-;3;3;3	Name=AluJb	TRUE	Alu	intronic
chr19:10448226:A:G	chr19:10448226:A:G	A:G	PDE4A	intronic	unknown	A;G;+;R;ALU;-;SINE/AluSc;intronic;PDE4A;-;-;intronic;PDE4A;-;-;intronic;PDE4A;-;-;-;5;1;1	Name=AluSc	TRUE	Alu	intronic
chr19:11450409:A:G	chr19:11450409:A:G	A:G	PRKCSH	intronic	unknown	A;G;+;A||R||D;ALU;-;SINE/AluSx1;intronic;PRKCSH;-;-;intronic;PRKCSH;-;-;intronic;PRKCSH;-;-;-;2264;30;55	Name=AluSx1	TRUE	Alu	intronic
chr19:11927269:A:G	chr19:11927269:A:G	A:G	ZNF700	intronic	unknown	A;G;+;A||R||D;ALU;-;SINE/AluSz;intronic;ZNF700||ZNF763;-;-;intronic;ZNF700;-;-;intronic;ZNF700||ZNF763;-;-;-;168;24;31	Name=AluSz	TRUE	Alu	intronic
chr19:13760012:A:G	chr19:13760012:A:G	A:G	CCDC130	intronic	unknown	A;G;+;A||R||D;ALU;-;SINE/AluSp;intronic;CCDC130;-;-;intronic;CCDC130;-;-;intronic;CCDC130;-;-;-;2160;30;53	Name=AluSp	TRUE	Alu	intronic
chr19:13760054:A:G	chr19:13760054:A:G	A:G	CCDC130	intronic	unknown	A;G;+;A||R||D;ALU;-;SINE/AluSp;intronic;CCDC130;-;-;intronic;CCDC130;-;-;intronic;CCDC130;-;-;-;2103;30;54	Name=AluSp	TRUE	Alu	intronic
chr19:13773445:A:G	chr19:13773445:A:G	A:G	MRI1	UTR3	unknown	A;G;+;A||R||D;ALU;-;SINE/AluJr;ncRNA_exonic;CTB-5E10.3;-;-;UTR3;MRI1;-;-;UTR3;MRI1;-;-;-;2476;30;55	Name=AluJr	TRUE	Alu	UTR3
chr19:16550474:T:C	chr19:16550474:A:G	A:G	SLC35E1	UTR3	unknown	T;C;-;A||R;ALU;-;SINE/AluSz;UTR3;SLC35E1;-;-;UTR3;SLC35E1;-;-;UTR3;SLC35E1;-;-;-;1887;30;54	Name=AluSz	TRUE	Alu	UTR3
chr19:16640767:T:C	chr19:16640767:A:G	A:G	SMIM7	downstream	unknown	T;C;-;A||R||D;ALU;-;SINE/AluSx1;ncRNA_intronic;CTC-429P9.1;-;-;intergenic;MED26||SMIM7;-;-;intergenic;MED26||SMIM7;-;-;-;646;30;53	Name=AluSx1	TRUE	Alu	downstream
chr19:17177485:A:G	chr19:17177485:A:G	A:G	MYO9B	intronic	unknown	A;G;+;A||R;ALU;-;SINE/AluJr;intronic;MYO9B;-;-;intronic;MYO9B;-;-;intronic;MYO9B;-;-;-;10;6;8	Name=AluJr	TRUE	Alu	intronic
chr19:17179757:A:G	chr19:17179757:A:G	A:G	MYO9B	intronic	unknown	A;G;+;A||R;ALU;-;SINE/AluSx;intronic;MYO9B;-;-;intronic;MYO9B;-;-;intronic;MYO9B;-;-;-;45;12;17	Name=AluSx	TRUE	Alu	intronic
chr19:17417350:A:G	chr19:17417350:A:G	A:G	MVB12A	intronic	unknown	A;G;+;A||R;ALU;-;SINE/AluSx;ncRNA_intronic;CTD-2521M24.6;-;-;intronic;MVB12A;-;-;intergenic;AK311380||MVB12A;-;-;603;376;26;7;8	Name=AluSx	TRUE	Alu	intronic
chr19:17417377:A:G	chr19:17417377:A:G	A:G	MVB12A	intronic	unknown	A;G;+;A||R;ALU;-;SINE/AluSx;ncRNA_intronic;CTD-2521M24.6;-;-;intronic;MVB12A;-;-;intergenic;AK311380||MVB12A;-;-;603;376;36;10;11	Name=AluSx	TRUE	Alu	intronic
chr19:19682971:A:G	chr19:19682971:A:G	A:G	ZNF101	UTR3	unknown	A;G;+;A||R||D;ALU;-;SINE/AluSc8;UTR3;ZNF101;-;-;UTR3;ZNF101;-;-;intergenic;ZNF101||ZNF14;-;-;-;1415;30;54	Name=AluSc8	TRUE	Alu	UTR3
chr19:19683067:A:G	chr19:19683067:A:G	A:G	ZNF101	UTR3	unknown	A;G;+;A||R||D;ALU;-;SINE/AluSc8;UTR3;ZNF101;-;-;UTR3;ZNF101;-;-;intergenic;ZNF101||ZNF14;-;-;-;1620;30;54	Name=AluSc8	TRUE	Alu	UTR3
chr19:34193230:A:G	chr19:34193230:A:G	A:G	LSM14A	intronic	unknown	A;G;+;A||R;ALU;-;SINE/AluJb;intronic;LSM14A;-;-;intronic;LSM14A;-;-;intronic;LSM14A;-;-;-;34;15;20	Name=AluJb	TRUE	Alu	intronic
chr19:34193946:A:G	chr19:34193946:A:G	A:G	LSM14A	intronic	unknown	A;G;+;A||R;ALU;-;SINE/AluJb;intronic;LSM14A;-;-;intronic;LSM14A;-;-;intronic;LSM14A;-;-;-;41;16;20	Name=AluJb	TRUE	Alu	intronic
chr19:36951905:A:G	chr19:36951905:A:G	A:G	ZNF568	UTR3	unknown	A;G;+;A||R;ALU;-;SINE/AluSx;UTR3;ZNF568;-;-;UTR3;ZNF568;-;-;UTR3;ZNF568;-;-;-;325;30;51	Name=AluSz	TRUE	Alu	UTR3
chr19:36952261:A:G	chr19:36952261:A:G	A:G	ZNF568	UTR3	unknown	A;G;+;A||R||D;REP;-;SINE/FLAM_A;UTR3;ZNF568;-;-;UTR3;ZNF568;-;-;UTR3;ZNF568;-;-;-;768;29;52	Name=FLAM_A	TRUE	Other	UTR3
chr19:41366679:A:G	chr19:41366679:A:G	A:G	TMEM91	intronic	unknown	A;G;+;A||R;ALU;-;SINE/AluSx;intronic;TMEM91;-;-;intronic;TMEM91;-;-;intronic;TMEM91;-;-;-;57;21;23	Name=AluSx	TRUE	Alu	intronic
chr19:43648206:T:C	chr19:43648206:A:G	A:G	PLAUR	intronic	unknown	T;C;-;R;ALU;-;SINE/AluY;intronic;PLAUR;-;-;intronic;PLAUR;-;-;intronic;PLAUR;-;-;-;104;12;16	Name=AluYh3	TRUE	Alu	intronic
chr19:43663252:T:C	chr19:43663252:A:G	A:G	PLAUR	intronic	unknown	T;C;-;R||D;REP;-;DNA/MADE1;ncRNA_exonic;AC006953.1;-;-;intronic;PLAUR;-;-;intronic;PLAUR;-;-;-;31;8;9	Name=MADE1	TRUE	Other	intronic
chr19:44860769:A:G	chr19:44860769:A:G	A:G	NECTIN2	intronic	unknown	A;G;+;A||R;ALU;-;SINE/AluSz;intronic;PVRL2;-;-;intronic;PVRL2;-;-;intronic;PVRL2;-;-;-;24;10;12	Name=AluSz	TRUE	Alu	intronic
chr19:4654532:A:G	chr19:4654532:A:G	A:G	TNFAIP8L1	UTR3	unknown	A;G;+;A||R||D;ALU;rs571750715;SINE/AluJb;UTR3;TNFAIP8L1;-;-;UTR3;TNFAIP8L1;-;-;UTR3;TNFAIP8L1;-;-;-;1873;30;54	Name=AluJb	TRUE	Alu	UTR3
chr19:4654589:A:G	chr19:4654589:A:G	A:G	TNFAIP8L1	UTR3	unknown	A;G;+;A||R||D;ALU;-;SINE/AluJb;UTR3;TNFAIP8L1;-;-;UTR3;TNFAIP8L1;-;-;UTR3;TNFAIP8L1;-;-;-;1862;30;54	Name=AluJb	TRUE	Alu	UTR3
chr19:48068119:T:C	chr19:48068119:A:G	A:G	PLA2G4C	intronic	unknown	T;C;-;A||R;ALU;rs371035971;SINE/AluSc;intronic;PLA2G4C;-;-;intronic;PLA2G4C;-;-;intronic;PLA2G4C;-;-;-;172;22;39	Name=AluSc	TRUE	Alu	intronic
chr19:48068610:T:C	chr19:48068610:A:G	A:G	PLA2G4C	intronic	unknown	T;C;-;R;ALU;-;SINE/AluJo;intronic;PLA2G4C;-;-;intronic;PLA2G4C;-;-;intronic;PLA2G4C;-;-;-;161;18;34	Name=AluJo	TRUE	Alu	intronic
chr19:4890250:T:C	chr19:4890250:A:G	A:G	ARRDC5	downstream	unknown	.	Name=AluY	FALSE	Alu	downstream
chr19:4906178:T:C	chr19:4906178:T:C	A:G	UHRF1	intronic	unknown	T;C;-;R;ALU;-;SINE/AluJo;ncRNA_intronic;UHRF1;-;-;intronic;UHRF1;-;-;intergenic;ARRDC5||C19orf31;-;-;-;17;5;6	Name=AluJo	TRUE	Alu	intronic
chr19:49885369:T:C	chr19:49885369:T:C	A:G	TBC1D17	intronic	unknown	.	Name=AluSp	FALSE	Alu	intronic
chr19:50318454:T:C	chr19:50318454:A:G	A:G	KCNC3	intronic	unknown	T;C;-;A||R||D;ALU;-;SINE/AluSq;intronic;KCNC3;-;-;intronic;KCNC3;-;-;intronic;KCNC3;-;-;-;388;25;41	Name=AluSx1	TRUE	Alu	intronic
chr19:50318885:T:C	chr19:50318885:A:G	A:G	KCNC3	intronic	unknown	T;C;-;A||R||D;ALU;-;SINE/AluSz6;intronic;KCNC3;-;-;intronic;KCNC3;-;-;intronic;KCNC3;-;-;-;456;26;42	Name=AluSz6	TRUE	Alu	intronic
chr19:51133466:A:G	chr19:51133466:A:G	A:G	SIGLEC9	intronic	unknown	A;G;+;A||R;ALU;-;SINE/AluSx1;intronic;SIGLEC9;-;-;intronic;SIGLEC9;-;-;intronic;SIGLEC9;-;-;-;155;14;22	Name=AluSx1	TRUE	Alu	intronic
chr19:51133504:A:G	chr19:51133504:A:G	A:G	SIGLEC9	intronic	unknown	A;G;+;A||R;ALU;-;SINE/AluSx1;intronic;SIGLEC9;-;-;intronic;SIGLEC9;-;-;intronic;SIGLEC9;-;-;-;211;17;27	Name=AluSx1	TRUE	Alu	intronic
chr19:51134179:A:G	chr19:51134179:A:G	A:G	SIGLEC9	intronic	unknown	A;G;+;A||R;ALU;-;SINE/AluSc;intronic;SIGLEC9;-;-;intronic;SIGLEC9;-;-;intronic;SIGLEC9;-;-;-;77;7;8	Name=AluSc	TRUE	Alu	intronic
chr19:52839008:T:C	chr19:52839008:A:G	A:G	ZNF468	UTR3	unknown	T;C;-;A||R;ALU;-;SINE/AluSc8;UTR3;ZNF468;-;-;UTR3;ZNF468;-;-;UTR3;ZNF468;-;-;272;17;1300;30;54	Name=AluSc8	TRUE	Alu	UTR3
chr19:53411554:A:G	chr19:53411554:A:G	A:G	ZNF765	UTR3	unknown	A;G;+;A||R||D;ALU;-;SINE/AluSp;UTR3;ZNF765;-;-;UTR3;ZNF765;-;-;UTR3;ZNF765;-;-;571;278;1004;30;54	Name=AluSp	TRUE	Alu	UTR3
chr19:54098602:T:C	chr19:54098602:A:G	A:G	OSCAR	intronic	unknown	T;C;-;A||R;REP;-;SINE/FRAM;intronic;OSCAR;-;-;intronic;OSCAR;-;-;intronic;OSCAR;-;-;-;392;21;34	Name=FRAM	TRUE	Other	intronic
chr19:54237180:T:C	chr19:54237180:A:G	A:G	LILRA6	downstream	unknown	T;C;-;A||R;ALU;-;SINE/AluSx;intronic;LILRA6||LILRB3;-;-;intronic;LILRB3;-;-;UTR3;LILRA6;-;-;-;998;29;48	Name=AluSx	TRUE	Alu	downstream
chr19:54237241:T:C	chr19:54237241:A:G	A:G	LILRA6	downstream	unknown	T;C;-;A||R;ALU;-;SINE/AluSx;intronic;LILRA6||LILRB3;-;-;intronic;LILRB3;-;-;UTR3;LILRA6;-;-;-;465;25;33	Name=AluSx	TRUE	Alu	downstream
chr19:54237251:T:C	chr19:54237251:A:G	A:G	LILRA6	downstream	unknown	T;C;-;A||R;ALU;-;SINE/AluSx;intronic;LILRA6||LILRB3;-;-;intronic;LILRB3;-;-;UTR3;LILRA6;-;-;-;552;25;35	Name=AluSx	TRUE	Alu	downstream
chr19:54238053:T:C	chr19:54238053:A:G	A:G	LILRA6	downstream	unknown	T;C;-;A||R;ALU;-;SINE/AluSx3;intronic;LILRA6||LILRB3;-;-;intronic;LILRB3;-;-;UTR3;LILRA6;-;-;-;301;19;24	Name=AluSx3	TRUE	Alu	downstream
chr19:54238176:T:C	chr19:54238176:A:G	A:G	LILRA6	downstream	unknown	T;C;-;A||R;ALU;rs564193531;SINE/AluSx3;intronic;LILRA6||LILRB3;-;-;intronic;LILRB3;-;-;UTR3;LILRA6;-;-;-;323;16;22	Name=AluSx3	TRUE	Alu	downstream
chr19:54238240:T:C	chr19:54238240:A:G	A:G	LILRA6	downstream	unknown	T;C;-;A||R;ALU;-;SINE/AluSx3;intronic;LILRA6||LILRB3;-;-;intronic;LILRB3;-;-;UTR3;LILRA6;-;-;-;283;17;24	Name=AluSx3	TRUE	Alu	downstream
chr19:6951115:T:C	chr19:6951115:A:G	A:G	ADGRE4P	downstream	unknown	T;C;-;A||R||D;ALU;-;SINE/AluJr;intergenic;EMR1||EMR4P;-;-;intergenic;ADGRE1||ADGRE4P;-;-;intergenic;EMR1||EMR4P;-;-;-;91;10;13	Name=AluJr	TRUE	Alu	downstream
chr19:6951218:T:C	chr19:6951218:A:G	A:G	ADGRE4P	downstream	unknown	T;C;-;A||R||D;ALU;-;SINE/AluJr;intergenic;EMR1||EMR4P;-;-;intergenic;ADGRE1||ADGRE4P;-;-;intergenic;EMR1||EMR4P;-;-;-;170;16;24	Name=AluJr	TRUE	Alu	downstream
chr19:6951264:T:C	chr19:6951264:A:G	A:G	ADGRE4P	downstream	unknown	T;C;-;A||R||D;ALU;-;SINE/AluJr;intergenic;EMR1||EMR4P;-;-;intergenic;ADGRE1||ADGRE4P;-;-;intergenic;EMR1||EMR4P;-;-;-;172;17;23	Name=AluJr	TRUE	Alu	downstream
chr19:6951662:T:C	chr19:6951662:A:G	A:G	ADGRE4P	downstream	unknown	T;C;-;A||R;ALU;-;SINE/AluSq;downstream;EMR4P;-;-;downstream;ADGRE4P;-;-;downstream;EMR4P;-;-;-;212;20;31	Name=AluSq	TRUE	Alu	downstream
chr19:6951690:T:C	chr19:6951690:A:G	A:G	ADGRE4P	downstream	unknown	T;C;-;A||R;ALU;rs777498878;SINE/AluSq;downstream;EMR4P;-;-;downstream;ADGRE4P;-;-;downstream;EMR4P;-;-;-;216;19;29	Name=AluSq	TRUE	Alu	downstream
chr19:6951744:T:C	chr19:6951744:A:G	A:G	ADGRE4P	downstream	unknown	T;C;-;A||R||D;ALU;-;SINE/AluSq;downstream;EMR4P;-;-;downstream;ADGRE4P;-;-;downstream;EMR4P;-;-;-;253;23;37	Name=AluSq	TRUE	Alu	downstream
chr19:6951874:T:C	chr19:6951874:A:G	A:G	ADGRE4P	downstream	unknown	T;C;-;A||R;ALU;-;SINE/AluSq;downstream;EMR4P;-;-;downstream;ADGRE4P;-;-;downstream;EMR4P;-;-;-;112;15;21	Name=AluSq	TRUE	Alu	downstream
chr19:8415627:A:G	chr19:8415627:A:G	A:G	MARCHF2	intronic	unknown	A;G;+;A||R||D;ALU;-;SINE/AluSq;intronic;MARCH2;-;-;intronic;MARCH2;-;-;intronic;MARCH2;-;-;-;638;29;52	Name=AluSq2	TRUE	Alu	intronic
chr19:8492831:T:C	chr19:8492831:A:G	A:G	PRAM1	intronic	unknown	T;C;-;R;ALU;-;SINE/AluSx1;intronic;PRAM1;-;-;intronic;PRAM1;-;-;intronic;PRAM1;-;-;-;294;18;26	Name=AluSx1	TRUE	Alu	intronic
chr19:8492834:T:C	chr19:8492834:A:G	A:G	PRAM1	intronic	unknown	T;C;-;R;ALU;-;SINE/AluSx1;intronic;PRAM1;-;-;intronic;PRAM1;-;-;intronic;PRAM1;-;-;-;294;18;29	Name=AluSx1	TRUE	Alu	intronic
chr19:8494832:T:C	chr19:8494832:A:G	A:G	PRAM1	intronic	unknown	T;C;-;R;ALU;-;SINE/AluSx1;intronic;PRAM1;-;-;intronic;PRAM1;-;-;intronic;PRAM1;-;-;-;217;16;22	Name=AluSx1	TRUE	Alu	intronic
chr19:8495220:T:C	chr19:8495220:A:G	A:G	PRAM1	intronic	unknown	T;C;-;A||R;ALU;-;SINE/AluSx;intronic;PRAM1;-;-;intronic;PRAM1;-;-;intronic;PRAM1;-;-;-;375;24;39	Name=AluSx	TRUE	Alu	intronic
chr19:8553750:T:C	chr19:8553750:A:G	A:G	MYO1F	intronic	unknown	T;C;-;A||R;ALU;-;SINE/AluSx1;intronic;MYO1F;-;-;intronic;MYO1F;-;-;intronic;MYO1F;-;-;-;38;3;3	Name=AluSx1	TRUE	Alu	intronic
chr19:8554098:T:C	chr19:8554098:A:G	A:G	MYO1F	intronic	unknown	T;C;-;R;ALU;-;SINE/AluJr;intronic;MYO1F;-;-;intronic;MYO1F;-;-;intronic;MYO1F;-;-;-;81;6;6	Name=AluJr	TRUE	Alu	intronic
chr19:11581567:A:G	chr19:11581567:T:C	A:G	ACP5	upstream	unknown	A;G;+;A;ALU;-;SINE/AluSz;intergenic;ACP5||ZNF627;-;-;intergenic;ACP5||ZNF627;-;-;intergenic;ACP5||ZNF627;-;-;-;15;12;12	Name=AluSz	TRUE	Alu	upstream
chr19:14734257:T:C	chr19:14734257:A:G	A:G	ADGRE2	UTR3	unknown	T;C;-;A||R||D;ALU;-;SINE/AluJb;UTR3;EMR2;-;-;UTR3;ADGRE2;-;-;UTR3;EMR2;-;-;-;560;27;49	Name=AluJb	TRUE	Alu	UTR3
chr19:14734269:T:C	chr19:14734269:A:G	A:G	ADGRE2	UTR3	unknown	T;C;-;A||R||D;ALU;-;SINE/AluJb;UTR3;EMR2;-;-;UTR3;ADGRE2;-;-;UTR3;EMR2;-;-;-;440;25;41	Name=AluJb	TRUE	Alu	UTR3
chr19:14734324:T:C	chr19:14734324:A:G	A:G	ADGRE2	UTR3	unknown	T;C;-;A||R||D;ALU;-;SINE/AluJb;UTR3;EMR2;-;-;UTR3;ADGRE2;-;-;UTR3;EMR2;-;-;-;469;26;45	Name=AluJb	TRUE	Alu	UTR3
chr19:14734660:T:C	chr19:14734660:A:G	A:G	ADGRE2	UTR3	unknown	T;C;-;A||R;ALU;-;SINE/AluSx;UTR3;EMR2;-;-;UTR3;ADGRE2;-;-;UTR3;EMR2;-;-;-;325;21;35	Name=AluSx	TRUE	Alu	UTR3
chr19:14734664:T:C	chr19:14734664:A:G	A:G	ADGRE2	UTR3	unknown	T;C;-;A||R;ALU;-;SINE/AluSx;UTR3;EMR2;-;-;UTR3;ADGRE2;-;-;UTR3;EMR2;-;-;-;308;22;34	Name=AluSx	TRUE	Alu	UTR3
chr19:14734669:T:C	chr19:14734669:A:G	A:G	ADGRE2	UTR3	unknown	T;C;-;A||R;ALU;-;SINE/AluSx;UTR3;EMR2;-;-;UTR3;ADGRE2;-;-;UTR3;EMR2;-;-;-;411;23;37	Name=AluSx	TRUE	Alu	UTR3
chr19:14734700:T:C	chr19:14734700:A:G	A:G	ADGRE2	UTR3	unknown	T;C;-;A||R;ALU;-;SINE/AluSx;UTR3;EMR2;-;-;UTR3;ADGRE2;-;-;UTR3;EMR2;-;-;-;340;20;33	Name=AluSx	TRUE	Alu	UTR3
chr19:16643499:T:C	chr19:16643499:A:G	A:G	SMIM7	downstream	unknown	T;C;-;A||R||D;ALU;-;SINE/AluSx4;ncRNA_intronic;CTC-429P9.1;-;-;intergenic;MED26||SMIM7;-;-;intergenic;MED26||SMIM7;-;-;-;1068;30;55	Name=AluSz	TRUE	Alu	downstream
chr19:19683066:A:G	chr19:19683066:A:G	A:G	ZNF101	UTR3	unknown	A;G;+;A||R||D;ALU;-;SINE/AluSc8;UTR3;ZNF101;-;-;UTR3;ZNF101;-;-;intergenic;ZNF101||ZNF14;-;-;-;1056;30;54	Name=AluSc8	TRUE	Alu	UTR3
chr19:2292590:A:G	chr19:2292590:T:C	A:G	LINGO3	intronic	unknown	A;G;+;R;ALU;-;SINE/AluSx1;intronic;LINGO3;-;-;intronic;LINGO3;-;-;intronic;LINGO3||SPPL2B;-;-;-;159;12;16	Name=AluSx1	TRUE	Alu	intronic
chr19:2293942:A:G	chr19:2293942:T:C	A:G	LINGO3	intronic	unknown	A;G;+;A||R;ALU;-;SINE/AluJr;intronic;LINGO3;-;-;intronic;LINGO3;-;-;intronic;LINGO3||SPPL2B;-;-;-;561;28;44	Name=AluJr	TRUE	Alu	intronic
chr19:3540386:T:C	chr19:3540386:T:C	A:G	C19orf71	intronic	unknown	T;C;-;A||R||D;ALU;-;SINE/AluSc5;intronic;C19orf71||MFSD12;-;-;intronic;C19orf71;-;-;intronic;C19orf71||MFSD12;-;-;-;736;30;53	Name=AluSc5	TRUE	Alu	intronic
chr19:43658006:T:C	chr19:43658006:A:G	A:G	PLAUR	intronic	unknown	T;C;-;A||R;REP;-;SINE/FLAM_C;intronic;PLAUR;-;-;intronic;PLAUR;-;-;intronic;PLAUR;-;-;-;115;13;14	Name=FLAM_C	TRUE	Other	intronic
chr19:43658011:T:C	chr19:43658011:A:G	A:G	PLAUR	intronic	unknown	T;C;-;R;REP;-;SINE/FLAM_C;intronic;PLAUR;-;-;intronic;PLAUR;-;-;intronic;PLAUR;-;-;-;94;9;10	Name=FLAM_C	TRUE	Other	intronic
chr19:44901823:A:G	chr19:44901823:A:G	A:G	TOMM40	intronic	unknown	A;G;+;A||R||D;ALU;-;SINE/AluSz;UTR3;TOMM40;-;-;intronic;TOMM40;-;-;UTR3;TOMM40;-;-;-;1267;30;54	Name=AluSz	TRUE	Alu	intronic
chr19:45021674:A:G	chr19:45021674:A:G	A:G	RELB	intronic	unknown	A;G;+;R;ALU;-;SINE/AluSx;intronic;RELB;-;-;intronic;RELB;-;-;intronic;RELB;-;-;-;47;12;16	Name=AluSx	TRUE	Alu	intronic
chr19:45021775:A:G	chr19:45021775:A:G	A:G	RELB	intronic	unknown	A;G;+;R||D;ALU;-;SINE/AluSx;intronic;RELB;-;-;intronic;RELB;-;-;intronic;RELB;-;-;-;70;13;18	Name=AluSx	TRUE	Alu	intronic
chr19:4897763:T:C	chr19:4897763:A:G	A:G	ARRDC5	intronic	unknown	T;C;-;A||R||D;ALU;-;SINE/AluJr;intronic;ARRDC5;-;-;intronic;ARRDC5;-;-;intronic;ARRDC5;-;-;-;13;4;5	Name=AluJr	TRUE	Alu	intronic
chr19:49521763:A:G	chr19:49521763:A:G	A:G	FCGRT	intronic	unknown	A;G;+;A||R;ALU;-;SINE/AluJb;intronic;FCGRT;-;-;intronic;FCGRT;-;-;intronic;FCGRT;-;-;-;1278;30;53	Name=AluJb	TRUE	Alu	intronic
chr19:49521764:A:G	chr19:49521764:A:G	A:G	FCGRT	intronic	unknown	A;G;+;A||R;ALU;-;SINE/AluJb;intronic;FCGRT;-;-;intronic;FCGRT;-;-;intronic;FCGRT;-;-;-;1355;30;54	Name=AluJb	TRUE	Alu	intronic
chr19:50318313:T:C	chr19:50318313:A:G	A:G	KCNC3	intronic	unknown	T;C;-;A||R||D;ALU;-;SINE/AluSq;intronic;KCNC3;-;-;intronic;KCNC3;-;-;intronic;KCNC3;-;-;-;409;27;44	Name=AluSx1	TRUE	Alu	intronic
chr19:52568299:A:G	chr19:52568299:A:G	A:G	ZNF701	upstream	unknown	A;G;+;A||R||D;ALU;-;SINE/AluSx;intergenic;ZNF808||ZNF701;-;-;intergenic;ZNF808||ZNF701;-;-;intergenic;ZNF808||ZNF701;-;-;-;2137;30;54	Name=AluSx	TRUE	Alu	upstream
chr19:52643649:T:C	chr19:52643649:A:G	A:G	ZNF83	intronic	unknown	T;C;-;A||R;ALU;-;SINE/AluSc8;intronic;ZNF83;-;-;intronic;ZNF83;-;-;intronic;ZNF83;-;-;-;184;24;36	Name=AluSc8	TRUE	Alu	intronic
chr19:8417880:A:G	chr19:8417880:A:G	A:G	MARCHF2	intronic	unknown	A;G;+;R;ALU;-;SINE/AluSp;intronic;MARCH2;-;-;intronic;MARCH2;-;-;intronic;MARCH2;-;-;-;184;23;34	Name=AluSp	TRUE	Alu	intronic
chr19:8418026:A:G	chr19:8418026:A:G	A:G	MARCHF2	intronic	unknown	A;G;+;R;ALU;-;SINE/AluSp;intronic;MARCH2;-;-;intronic;MARCH2;-;-;intronic;MARCH2;-;-;-;626;28;49	Name=AluSp	TRUE	Alu	intronic
chr19:8418038:A:G	chr19:8418038:A:G	A:G	MARCHF2	intronic	unknown	A;G;+;A||R;ALU;-;SINE/AluSp;intronic;MARCH2;-;-;intronic;MARCH2;-;-;intronic;MARCH2;-;-;-;628;28;48	Name=AluSp	TRUE	Alu	intronic
chr19:10862620:A:G	chr19:10862620:A:G	A:G	C19orf38	intronic	unknown	A;G;+;A;ALU;-;SINE/AluSz;intronic;C19orf38;-;-;intronic;C19orf38;-;-;intronic;C19orf38;-;-;-;33;3;3	Name=AluSz	TRUE	Alu	intronic
chr19:13768010:A:G	chr19:13768010:A:G	A:G	MRI1	intronic	unknown	A;G;+;A||R||D;ALU;-;SINE/AluY;intronic;MRI1;-;-;intronic;MRI1;-;-;intronic;MRI1;-;-;-;52;16;23	Name=AluY	TRUE	Alu	intronic
chr19:14734297:T:C	chr19:14734297:A:G	A:G	ADGRE2	UTR3	unknown	T;C;-;A||R;ALU;-;SINE/AluJb;UTR3;EMR2;-;-;UTR3;ADGRE2;-;-;UTR3;EMR2;-;-;-;356;21;34	Name=AluJb	TRUE	Alu	UTR3
chr19:14734699:T:C	chr19:14734699:A:G	A:G	ADGRE2	UTR3	unknown	T;C;-;A||R;ALU;-;SINE/AluSx;UTR3;EMR2;-;-;UTR3;ADGRE2;-;-;UTR3;EMR2;-;-;-;278;18;28	Name=AluSx	TRUE	Alu	UTR3
chr19:16091533:A:G	chr19:16091533:A:G	A:G	TPM4	intronic	unknown	A;G;+;A||R||D;ALU;-;SINE/AluSz;intronic;TPM4;-;-;intronic;TPM4;-;-;intronic;TPM4;-;-;-;704;29;45	Name=AluSz	TRUE	Alu	intronic
chr19:16400171:T:C	chr19:16400171:A:G	A:G	EPS15L1	intronic	unknown	T;C;-;A||R;ALU;-;SINE/AluSx;intronic;EPS15L1;-;-;intronic;EPS15L1;-;-;intronic;EPS15L1;-;-;-;18;12;13	Name=AluSx	TRUE	Alu	intronic
chr19:16642819:T:C	chr19:16642819:A:G	A:G	SMIM7	downstream	unknown	T;C;-;A||R;ALU;-;SINE/AluSg;ncRNA_intronic;CTC-429P9.1;-;-;intergenic;MED26||SMIM7;-;-;intergenic;MED26||SMIM7;-;-;-;71;16;28	Name=AluSg	TRUE	Alu	downstream
chr19:34193939:A:G	chr19:34193939:A:G	A:G	LSM14A	intronic	unknown	A;G;+;A||R;ALU;-;SINE/AluJb;intronic;LSM14A;-;-;intronic;LSM14A;-;-;intronic;LSM14A;-;-;-;45;14;19	Name=AluJb	TRUE	Alu	intronic
chr19:34194026:A:G	chr19:34194026:A:G	A:G	LSM14A	intronic	unknown	A;G;+;A||R||D;ALU;-;SINE/AluJb;intronic;LSM14A;-;-;intronic;LSM14A;-;-;intronic;LSM14A;-;-;-;36;16;21	Name=AluJb	TRUE	Alu	intronic
chr19:3962138:T:C	chr19:3962138:A:G	A:G	DAPK3	intronic	unknown	T;C;-;A||R||D;ALU;-;SINE/AluY;intronic;DAPK3;-;-;ncRNA_intronic;MIR1268A;-;-;intronic;DAPK3;-;-;-;2147;30;53	Name=AluY	TRUE	Alu	intronic
chr19:44901969:A:G	chr19:44901969:A:G	A:G	TOMM40	intronic	unknown	A;G;+;A||R||D;ALU;-;SINE/AluSz;UTR3;TOMM40;-;-;intronic;TOMM40;-;-;UTR3;TOMM40;-;-;-;1528;30;53	Name=AluSz	TRUE	Alu	intronic
chr19:48080552:T:C	chr19:48080552:A:G	A:G	PLA2G4C	intronic	unknown	T;C;-;A||R;ALU;-;SINE/AluSz;intronic;PLA2G4C;-;-;intronic;PLA2G4C;-;-;intronic;PLA2G4C;-;-;-;208;21;36	Name=AluSz	TRUE	Alu	intronic
chr19:4897716:T:C	chr19:4897716:A:G	A:G	ARRDC5	intronic	unknown	T;C;-;A||R;ALU;rs548886620;SINE/AluJr;intronic;ARRDC5;-;-;intronic;ARRDC5;-;-;intronic;ARRDC5;-;-;-;9;3;4	Name=AluJr	TRUE	Alu	intronic
chr19:52566371:A:G	chr19:52566371:A:G	A:G	ZNF701	upstream	unknown	A;G;+;A||R||D;ALU;-;SINE/AluSq2;intergenic;ZNF808||ZNF701;-;-;intergenic;ZNF808||ZNF701;-;-;intergenic;ZNF808||ZNF701;-;-;-;1000;30;54	Name=AluSq2	TRUE	Alu	upstream
chr19:52642392:T:C	chr19:52642392:A:G	A:G	ZNF83	intronic	unknown	T;C;-;A;ALU;rs201187697;SINE/AluSp;intronic;ZNF83;-;-;intronic;ZNF83;-;-;intronic;ZNF83;-;-;-;55;14;20	Name=AluSp	TRUE	Alu	intronic
chr19:52642393:T:C	chr19:52642393:A:G	A:G	ZNF83	intronic	unknown	T;C;-;A||R;ALU;-;SINE/AluSp;intronic;ZNF83;-;-;intronic;ZNF83;-;-;intronic;ZNF83;-;-;-;40;15;19	Name=AluSp	TRUE	Alu	intronic
chr19:53439151:A:G	chr19:53439151:A:G	A:G	TPM3P9	ncRNA
intronic	unknown	A;G;+;A||R;ALU;-;SINE/AluSg7;ncRNA_intronic;TPM3P9||ZNF761;-;-;ncRNA_intronic;TPM3P9;-;-;ncRNA_intronic;TPM3P9;-;-;-;212;26;37	Name=AluSg7	TRUE	Alu	ncRNA
chr19:54098864:T:C	chr19:54098864:A:G	A:G	OSCAR	intronic	unknown	T;C;-;R;ALU;-;SINE/AluSx;intronic;OSCAR;-;-;intronic;OSCAR;-;-;intronic;OSCAR;-;-;-;198;11;12	Name=AluSx	TRUE	Alu	intronic
chr19:54306544:T:C	chr19:54306544:A:G	A:G	LILRA5	downstream	unknown	T;C;-;R;ALU;-;SINE/AluSc8;downstream;LILRA5;-;-;downstream;LILRA5;-;-;downstream;LILRA5;-;-;-;22;1;1	Name=AluSc8	TRUE	Alu	downstream
chr19:6384921:T:C	chr19:6384921:A:G	A:G	GTF2F1	intronic	unknown	T;C;-;R;ALU;-;SINE/AluSg;intronic;GTF2F1;-;-;intronic;GTF2F1;-;-;intronic;GTF2F1;-;-;-;53;16;20	Name=AluSx	TRUE	Alu	intronic
chr19:6905090:A:G	chr19:6905090:A:G	A:G	ADGRE1	intronic	unknown	A;G;+;A||R;ALU;-;SINE/AluJr;intronic;EMR1;-;-;intronic;ADGRE1;-;-;intronic;EMR1;-;-;-;71;5;6	Name=AluJr	TRUE	Alu	intronic
chr19:6905433:A:G	chr19:6905433:A:G	A:G	ADGRE1	intronic	unknown	.	Name=AluSg	FALSE	Alu	intronic
chr19:6905470:A:G	chr19:6905470:A:G	A:G	ADGRE1	intronic	unknown	.	Name=AluSg	FALSE	Alu	intronic
chr19:8430148:A:G	chr19:8430148:A:G	A:G	MARCHF2	intronic	unknown	A;G;+;R;ALU;-;SINE/AluSz;intronic;MARCH2;-;-;intronic;MARCH2;-;-;intronic;MARCH2;-;-;-;24;7;7	Name=AluSz	TRUE	Alu	intronic
chr19:9656322:A:G	chr19:9656322:T:C	A:G	ZNF562	intronic	unknown	A;G;+;A;ALU;-;SINE/AluSc5;intronic;ZNF562;-;-;intronic;ZNF562;-;-;intronic;ZNF562;-;-;-;3;3;3	Name=AluSc5	TRUE	Alu	intronic
chr19:10447978:A:G	chr19:10447978:A:G	A:G	PDE4A	intronic	unknown	A;G;+;R;ALU;-;SINE/AluJo;intronic;PDE4A;-;-;intronic;PDE4A;-;-;intronic;PDE4A;-;-;-;20;10;12	Name=AluJo	TRUE	Alu	intronic
chr19:13772567:A:G	chr19:13772567:A:G	A:G	MRI1	UTR3	unknown	A;G;+;A||R||D;ALU;-;SINE/AluY;ncRNA_exonic;CTB-5E10.3;-;-;UTR3;MRI1;-;-;UTR3;MRI1;-;-;-;2176;30;55	Name=AluY	TRUE	Alu	UTR3
chr19:16085168:A:G	chr19:16085168:A:G	A:G	TPM4	intronic	unknown	A;G;+;A||R||D;ALU;-;SINE/AluJr;intronic;TPM4;-;-;intronic;TPM4;-;-;intronic;TPM4;-;-;-;247;26;35	Name=AluJr	TRUE	Alu	intronic
chr19:40361080:A:G	chr19:40361080:A:G	A:G	PLD3	intronic	unknown	A;G;+;A||R||D;REP;-;SINE/FLAM_C;intronic;PLD3;-;-;intronic;PLD3;-;-;intronic;PLD3;-;-;-;400;26;46	Name=FLAM_C	TRUE	Other	intronic
chr19:43662253:T:C	chr19:43662253:A:G	A:G	PLAUR	intronic	unknown	T;C;-;A;ALU;-;SINE/AluSq2;intronic;PLAUR;-;-;intronic;PLAUR;-;-;intronic;PLAUR;-;-;-;99;16;21	Name=AluSq2	TRUE	Alu	intronic
chr19:43662389:T:C	chr19:43662389:A:G	A:G	PLAUR	intronic	unknown	T;C;-;A||R;ALU;-;SINE/AluSq2;intronic;PLAUR;-;-;intronic;PLAUR;-;-;intronic;PLAUR;-;-;-;60;12;13	Name=AluSq2	TRUE	Alu	intronic
chr19:44656883:A:G	chr19:44656883:A:G	A:G	PVR	intronic	unknown	A;G;+;A||R;ALU;-;SINE/AluSz6;ncRNA_intronic;CTB-171A8.1;-;-;intronic;PVR;-;-;intronic;PVR;-;-;-;625;29;47	Name=AluSz6	TRUE	Alu	intronic
chr19:44656955:A:G	chr19:44656955:A:G	A:G	PVR	intronic	unknown	A;G;+;A||R;ALU;-;SINE/AluSz6;ncRNA_intronic;CTB-171A8.1;-;-;intronic;PVR;-;-;intronic;PVR;-;-;-;439;28;43	Name=AluSz6	TRUE	Alu	intronic
chr19:45010038:A:G	chr19:45010038:A:G	A:G	RELB	intronic	unknown	A;G;+;R||D;ALU;-;SINE/AluJr;intronic;RELB;-;-;intronic;RELB;-;-;intronic;RELB;-;-;-;19;7;8	Name=AluJr	TRUE	Alu	intronic
chr19:45021758:A:G	chr19:45021758:A:G	A:G	RELB	intronic	unknown	A;G;+;R;ALU;-;SINE/AluSx;intronic;RELB;-;-;intronic;RELB;-;-;intronic;RELB;-;-;-;43;12;14	Name=AluSx	TRUE	Alu	intronic
chr19:47270022:A:G	chr19:47270022:A:G	A:G	CCDC9	intronic	unknown	A;G;+;A||R||D;ALU;-;SINE/AluJb;intronic;CCDC9;-;-;intronic;CCDC9;-;-;intronic;CCDC9;-;-;-;459;26;43	Name=AluJb	TRUE	Alu	intronic
chr19:52617574:T:C	chr19:52617574:A:G	A:G	ZNF83	intronic	unknown	T;C;-;A||R||D;ALU;-;SINE/AluSx;UTR5;ZNF83;-;-;intronic;ZNF83;-;-;UTR5;ZNF83;-;-;-;1634;30;54	Name=AluSx	TRUE	Alu	intronic
chr19:54336984:T:C	chr19:54336984:A:G	A:G	LILRA4	exonic	nonsynonymous SNV	.	.	FALSE	None	exonic
chr19:54336985:A:G	chr19:54336985:T:C	A:G	LILRA4	exonic	nonsynonymous SNV	.	.	FALSE	None	exonic
chr19:58194825:A:G	chr19:58194825:A:G	A:G	ZNF274	intronic	unknown	A;G;+;R;ALU;-;SINE/AluY;intronic;ZNF274;-;-;intronic;ZNF274;-;-;intronic;ZNF274;-;-;-;0;0;0	Name=AluYk3	TRUE	Alu	intronic
chr19:6702710:T:C	chr19:6702710:A:G	A:G	C3	intronic	unknown	T;C;-;A||R;ALU;-;SINE/AluSz;intronic;C3;-;-;intronic;C3;-;-;intronic;C3;-;-;-;603;28;48	Name=AluSz	TRUE	Alu	intronic
chr19:6905241:A:G	chr19:6905241:A:G	A:G	ADGRE1	intronic	unknown	A;G;+;A||R;ALU;-;SINE/AluJr;intronic;EMR1;-;-;intronic;ADGRE1;-;-;intronic;EMR1;-;-;-;23;3;3	Name=AluJr	TRUE	Alu	intronic
chr19:11582066:A:G	chr19:11582066:T:C	A:G	ACP5	upstream	unknown	A;G;+;R;ALU;-;SINE/AluJb;intergenic;ACP5||ZNF627;-;-;intergenic;ACP5||ZNF627;-;-;intergenic;ACP5||ZNF627;-;-;-;23;8;8	Name=AluJb	TRUE	Alu	upstream
chr19:13772665:A:G	chr19:13772665:A:G	A:G	MRI1	UTR3	unknown	A;G;+;A||R||D;ALU;-;SINE/AluY;ncRNA_intronic;CTB-5E10.3;-;-;UTR3;MRI1;-;-;UTR3;MRI1;-;-;-;2;2;2	Name=AluY	TRUE	Alu	UTR3
chr19:13772707:A:G	chr19:13772707:A:G	A:G	MRI1	UTR3	unknown	A;G;+;A||R||D;ALU;-;SINE/AluY;ncRNA_intronic;CTB-5E10.3;-;-;UTR3;MRI1;-;-;UTR3;MRI1;-;-;-;2021;30;54	Name=AluY	TRUE	Alu	UTR3
chr19:13800940:A:G	chr19:13800940:A:G	A:G	ZSWIM4	intronic	unknown	A;G;+;A||R||D;ALU;-;SINE/AluJr;intronic;ZSWIM4;-;-;intronic;ZSWIM4;-;-;intronic;ZSWIM4;-;-;-;38;11;14	Name=AluJr	TRUE	Alu	intronic
chr19:14409186:T:C	chr19:14409186:A:G	A:G	DDX39A	splicing	unknown	.	.	FALSE	None	splicing
chr19:19789944:T:C	chr19:19789944:T:C	A:G	ZNF56	intronic	unknown	T;C;-;A||R||D;ALU;-;SINE/AluSx;ncRNA_intronic;CTC-559E9.4||CTC-559E9.5||CTC-559E9.6;-;-;intergenic;LINC00663||ZNF506;-;-;intergenic;LINC00663||ZNF506;-;-;-;1817;30;54	Name=AluSx	TRUE	Alu	intronic
chr19:3540017:T:C	chr19:3540017:T:C	A:G	C19orf71	intronic	unknown	T;C;-;A||R;ALU;-;SINE/AluJb;intronic;C19orf71||MFSD12;-;-;intronic;C19orf71;-;-;ncRNA_exonic;BC052241;-;-;-;2139;30;54	Name=AluJo	TRUE	Alu	intronic
chr19:45019116:A:G	chr19:45019116:A:G	A:G	RELB	intronic	unknown	A;G;+;A||R||D;ALU;-;SINE/AluJo;intronic;RELB;-;-;intronic;RELB;-;-;intronic;RELB;-;-;529;189;49;14;18	Name=AluJo	TRUE	Alu	intronic
chr19:45066544:A:G	chr19:45066544:A:G	A:G	CLASRP	intronic	unknown	A;G;+;A||R||D;ALU;-;SINE/AluSx;intronic;CLASRP;-;-;intronic;CLASRP;-;-;intronic;CLASRP;-;-;-;807;30;53	Name=AluSx	TRUE	Alu	intronic
chr19:4904603:T:C	chr19:4904603:T:C	A:G	UHRF1	intronic	unknown	T;C;-;R;ALU;-;SINE/AluSx;ncRNA_intronic;UHRF1;-;-;intronic;UHRF1;-;-;intergenic;ARRDC5||C19orf31;-;-;-;12;5;5	Name=AluSg4	TRUE	Alu	intronic
chr19:52568227:A:G	chr19:52568227:A:G	A:G	ZNF701	upstream	unknown	A;G;+;A||R||D;ALU;-;SINE/AluSx;intergenic;ZNF808||ZNF701;-;-;intergenic;ZNF808||ZNF701;-;-;intergenic;ZNF808||ZNF701;-;-;-;1975;30;54	Name=AluSx	TRUE	Alu	upstream
chr19:57220747:A:G	chr19:57220747:A:G	A:G	ZNF264	UTR3	unknown	A;G;+;A||R||D;ALU;-;SINE/AluSx;intergenic;ZNF264||AURKC;-;-;UTR3;ZNF264;-;-;UTR3;ZNF264;-;-;-;1561;30;55	Name=AluSx	TRUE	Alu	UTR3
chr19:6951656:T:C	chr19:6951656:A:G	A:G	ADGRE4P	downstream	unknown	T;C;-;A||R;ALU;-;SINE/AluSq;downstream;EMR4P;-;-;downstream;ADGRE4P;-;-;downstream;EMR4P;-;-;-;194;19;29	Name=AluSq	TRUE	Alu	downstream
chr19:8496270:T:C	chr19:8496270:A:G	A:G	PRAM1	intronic	unknown	T;C;-;R;ALU;-;SINE/AluSg;intronic;PRAM1;-;-;intronic;PRAM1;-;-;intronic;PRAM1;-;-;-;147;9;13	Name=AluSg	TRUE	Alu	intronic
chr19:17176946:A:G	chr19:17176946:A:G	A:G	MYO9B	intronic	unknown	A;G;+;A||R;ALU;-;SINE/AluSz;intronic;MYO9B;-;-;intronic;MYO9B;-;-;intronic;MYO9B;-;-;-;36;11;17	Name=AluSz	TRUE	Alu	intronic
chr19:48079721:T:C	chr19:48079721:A:G	A:G	PLA2G4C	intronic	unknown	T;C;-;A||R;ALU;-;SINE/AluSx1;intronic;PLA2G4C;-;-;intronic;PLA2G4C;-;-;intronic;PLA2G4C;-;-;-;317;24;41	Name=AluSx1	TRUE	Alu	intronic
chr19:4893261:T:C	chr19:4893261:A:G	A:G	ARRDC5	intronic	unknown	.	Name=AluSx	FALSE	Alu	intronic
chr19:4897085:T:C	chr19:4897085:A:G	A:G	ARRDC5	intronic	unknown	.	Name=AluSz6	FALSE	Alu	intronic
chr19:4906497:T:C	chr19:4906497:T:C	A:G	UHRF1	intronic	unknown	T;C;-;A||R;ALU;-;SINE/AluSx4;ncRNA_intronic;UHRF1;-;-;intronic;UHRF1;-;-;intergenic;ARRDC5||C19orf31;-;-;-;18;5;5	Name=AluSx	TRUE	Alu	intronic
chr19:4906571:T:C	chr19:4906571:T:C	A:G	UHRF1	intronic	unknown	T;C;-;R;ALU;-;SINE/AluSx4;ncRNA_intronic;UHRF1;-;-;intronic;UHRF1;-;-;intergenic;ARRDC5||C19orf31;-;-;-;5;4;4	Name=AluSx	TRUE	Alu	intronic
chr19:49532648:A:G	chr19:49532648:A:G	A:G	RCN3	intronic	unknown	.	Name=AluSx1	FALSE	Alu	intronic
chr19:10862709:A:G	chr19:10862709:A:G	A:G	C19orf38	intronic	unknown	.	Name=AluSz	FALSE	Alu	intronic
chr19:34218265:A:G	chr19:34218265:A:G	A:G	LSM14A	intronic	unknown	A;G;+;R;ALU;-;SINE/AluSx3;intronic;LSM14A;-;-;intronic;LSM14A;-;-;intronic;LSM14A;-;-;-;29;13;14	Name=AluSx3	TRUE	Alu	intronic
chr19:43646909:T:C	chr19:43646909:A:G	A:G	PLAUR	intronic	unknown	.	Name=AluSx1	FALSE	Alu	intronic
chr19:43647753:T:C	chr19:43647753:A:G	A:G	PLAUR	intronic	unknown	.	Name=AluSp	FALSE	Alu	intronic
chr19:54656837:A:G	chr19:54656837:A:G	A:G	LILRB4	upstream	unknown	.	Name=L1MA4	FALSE	LINE	upstream
chr19:54891602:A:G	chr19:54891602:A:G	A:G	FCAR	downstream	unknown	A;G;+;R;ALU;-;SINE/AluY;downstream;CTB-61M7.2;-;-;downstream;FCAR;-;-;intergenic;FCAR||NCR1;-;-;-;176;6;6	Name=AluYh3	TRUE	Alu	downstream
chr19:55050377:A:G	chr19:55050377:T:C	A:G	RDH13	intronic	unknown	A;G;+;A||R;ALU;-;SINE/AluSq2;ncRNA_intronic;CTC-550B14.6;-;-;intronic;RDH13;-;-;intronic;RDH13;-;-;-;198;24;31	Name=AluSx3	TRUE	Alu	intronic
chr19:2293906:A:G	chr19:2293906:T:C	A:G	LINGO3	intronic	unknown	A;G;+;A||R;ALU;-;SINE/AluJr;intronic;LINGO3;-;-;intronic;LINGO3;-;-;intronic;LINGO3||SPPL2B;-;-;-;441;23;42	Name=AluJr	TRUE	Alu	intronic
chr19:52567052:A:G	chr19:52567052:A:G	A:G	ZNF701	upstream	unknown	A;G;+;A||R||D;ALU;-;SINE/AluSq2;intergenic;ZNF808||ZNF701;-;-;intergenic;ZNF808||ZNF701;-;-;intergenic;ZNF808||ZNF701;-;-;-;1114;30;55	Name=AluSq2	TRUE	Alu	upstream
chr19:4356398:A:G	chr19:4356398:A:G	A:G	MPND	intronic	unknown	A;G;+;A||R;ALU;-;SINE/AluJo;intronic;MPND;-;-;intronic;MPND;-;-;intronic;MPND;-;-;-;162;23;39	Name=AluJo	TRUE	Alu	intronic
chr19:52642397:T:C	chr19:52642397:A:G	A:G	ZNF83	intronic	unknown	T;C;-;A||R;ALU;-;SINE/AluSp;intronic;ZNF83;-;-;intronic;ZNF83;-;-;intronic;ZNF83;-;-;-;39;16;20	Name=AluSp	TRUE	Alu	intronic
chr19:9655863:A:G	chr19:9655863:T:C	A:G	ZNF562	intronic	unknown	.	Name=AluSx1	FALSE	Alu	intronic
chr19:9656394:A:G	chr19:9656394:T:C	A:G	ZNF562	intronic	unknown	A;G;+;A||R;ALU;-;SINE/AluSc5;intronic;ZNF562;-;-;intronic;ZNF562;-;-;intronic;ZNF562;-;-;-;3;3;3	Name=AluSc5	TRUE	Alu	intronic
chr19:17829431:T:C	chr19:17829431:A:G	A:G	JAK3	intronic	unknown	T;C;-;A||R;ALU;-;SINE/AluSx;intronic;JAK3;-;-;intronic;JAK3;-;-;intronic;JAK3;-;-;-;28;7;8	Name=AluSx1	TRUE	Alu	intronic
chr19:55050367:A:G	chr19:55050367:T:C	A:G	RDH13	intronic	unknown	A;G;+;A||R;ALU;-;SINE/AluSq2;ncRNA_intronic;CTC-550B14.6;-;-;intronic;RDH13;-;-;intronic;RDH13;-;-;-;190;23;29	Name=AluSx3	TRUE	Alu	intronic
chr19:55052288:A:G	chr19:55052288:T:C	A:G	RDH13	intronic	unknown	A;G;+;R;ALU;-;SINE/AluSp;ncRNA_intronic;CTC-550B14.6;-;-;intronic;RDH13;-;-;intronic;RDH13;-;-;-;96;14;17	Name=AluSp	TRUE	Alu	intronic
chr19:1587104:T:C	chr19:1587104:A:G	A:G	MBD3	intronic	unknown	T;C;-;A||R||D;ALU;-;SINE/AluY;intronic;MBD3||UQCR11;-;-;intronic;MBD3;-;-;intronic;MBD3;-;-;-;1038;30;54	Name=AluYh3	TRUE	Alu	intronic
chr19:16642386:T:C	chr19:16642386:A:G	A:G	SMIM7	downstream	unknown	T;C;-;A||R||D;ALU;-;SINE/AluSx1;ncRNA_intronic;CTC-429P9.1;-;-;intergenic;MED26||SMIM7;-;-;intergenic;MED26||SMIM7;-;-;-;1108;30;54	Name=AluSx1	TRUE	Alu	downstream
chr19:41366882:A:G	chr19:41366882:A:G	A:G	TMEM91	intronic	unknown	A;G;+;A||R||D;ALU;-;SINE/AluSx;intronic;TMEM91;-;-;intronic;TMEM91;-;-;intronic;TMEM91;-;-;-;119;25;37	Name=AluSx	TRUE	Alu	intronic
chr19:41367377:A:G	chr19:41367377:A:G	A:G	TMEM91	intronic	unknown	A;G;+;A||R;ALU;-;SINE/AluSq2;intronic;TMEM91;-;-;intronic;TMEM91;-;-;intronic;TMEM91;-;-;-;76;23;30	Name=AluSq2	TRUE	Alu	intronic
chr19:41367769:A:G	chr19:41367769:A:G	A:G	TMEM91	intronic	unknown	A;G;+;A||R||D;ALU;-;SINE/AluJo;intronic;TMEM91;-;-;intronic;TMEM91;-;-;intronic;TMEM91;-;-;-;81;21;27	Name=AluJo	TRUE	Alu	intronic
chr19:43670694:T:C	chr19:43670694:A:G	A:G	PLAUR	upstream	unknown	.	Name=L2a	FALSE	Other	upstream
chr19:9624329:T:C	chr19:9624329:T:C	A:G	ZNF561-AS1	ncRNA
intronic	unknown	T;C;-;A||R;ALU;-;SINE/AluSx;intronic;C19orf82;-;-;ncRNA_intronic;ZNF561-AS1;-;-;intronic;LOC284385;-;-;-;19;11;14	Name=AluSx	TRUE	Alu	ncRNA
chr19:9624332:T:C	chr19:9624332:T:C	A:G	ZNF561-AS1	ncRNA
intronic	unknown	T;C;-;A||R;ALU;-;SINE/AluSx;intronic;C19orf82;-;-;ncRNA_intronic;ZNF561-AS1;-;-;intronic;LOC284385;-;-;-;20;11;14	Name=AluSx	TRUE	Alu	ncRNA
chr19:9655833:A:G	chr19:9655833:T:C	A:G	ZNF562	intronic	unknown	A;G;+;R;ALU;-;SINE/AluSx1;intronic;ZNF562;-;-;intronic;ZNF562;-;-;intronic;ZNF562;-;-;-;2;2;2	Name=AluSx1	TRUE	Alu	intronic
chr19:9656398:A:G	chr19:9656398:T:C	A:G	ZNF562	intronic	unknown	A;G;+;R;ALU;-;SINE/AluSc5;intronic;ZNF562;-;-;intronic;ZNF562;-;-;intronic;ZNF562;-;-;-;2;2;2	Name=AluSc5	TRUE	Alu	intronic
chr19:45006802:A:G	chr19:45006802:A:G	A:G	RELB	intronic	unknown	A;G;+;R;ALU;-;SINE/AluSp;intronic;RELB;-;-;intronic;RELB;-;-;intronic;RELB;-;-;-;0;0;0	Name=AluSq2	TRUE	Alu	intronic
chr19:51741406:T:C	chr19:51741406:A:G	A:G	FPR1	downstream	unknown	T;C;-;A||R;ALU;-;SINE/AluJb;intergenic;HAS1||FPR1;-;-;intergenic;HAS1||FPR1;-;-;intergenic;HAS1||FPR1;-;-;-;122;6;6	Name=AluJr	TRUE	Alu	downstream
chr19:7241276:T:C	chr19:7241276:A:G	A:G	INSR	intronic	unknown	T;C;-;A||R;ALU;-;SINE/AluJr;intronic;INSR;-;-;intronic;INSR;-;-;intronic;INSR;-;-;-;9;6;7	Name=AluJr	TRUE	Alu	intronic
chr19:37913839:A:G	chr19:37913839:A:G	A:G	SIPA1L3	intronic	unknown	A;G;+;R;ALU;-;SINE/AluY;intronic;SIPA1L3;-;-;intronic;SIPA1L3;-;-;intronic;SIPA1L3;-;-;-;0;0;0	Name=AluY	TRUE	Alu	intronic
chr19:12081017:A:G	chr19:12081017:A:G	A:G	ZNF844	UTR3	unknown	A;G;+;A||R;ALU;-;SINE/AluSz;UTR3;ZNF844;-;-;intergenic;ZNF844||ZNF788;-;-;intergenic;ZNF844||ZNF788;-;-;-;1040;30;54	Name=AluSz	TRUE	Alu	UTR3
chr19:43670732:T:C	chr19:43670732:A:G	A:G	PLAUR	upstream	unknown	.	.	FALSE	None	upstream
chr19:38306058:T:C	chr19:38306058:A:G	A:G	YIF1B	intronic	unknown	.	Name=AluSc	FALSE	Alu	intronic
chr19:37957640:A:G	chr19:37957640:A:G	A:G	SIPA1L3	intronic	unknown	A;G;+;A||R;ALU;-;SINE/AluJr;intronic;SIPA1L3;-;-;intronic;SIPA1L3;-;-;intronic;SIPA1L3;-;-;-;11;5;5	Name=AluJr	TRUE	Alu	intronic
chr19:9642485:T:C	chr19:9642485:A:G	A:G	ZNF562	UTR3	unknown	T;C;-;A||R;ALU;-;SINE/AluJo;intronic;C19orf82;-;-;intergenic;ZNF561-AS1||ZNF562;-;-;intergenic;LOC284385||ZNF562;-;-;-;62;16;25	Name=AluJr	TRUE	Alu	UTR3
chr19:19171459:T:C	chr19:19171459:A:G	A:G	BORCS8-MEF2B	intronic	unknown	T;C;-;R;ALU;-;SINE/AluJo;intronic;MEF2B||MEF2BNB-MEF2B;-;-;intronic;MEF2BNB-MEF2B;-;-;intronic;MEF2BNB-MEF2B;-;-;-;49;13;14	Name=AluJo	TRUE	Alu	intronic
chr19:38128113:A:G	chr19:38128113:A:G	A:G	SIPA1L3	intronic	unknown	A;G;+;A||R;ALU;-;SINE/AluSx;intronic;SIPA1L3;-;-;intronic;SIPA1L3;-;-;intronic;SIPA1L3;-;-;-;2;2;2	Name=AluSx	TRUE	Alu	intronic
chr19:38128118:G:A	chr19:38128118:G:A	C:T	SIPA1L3	intronic	unknown	.	Name=AluSx	FALSE	Alu	intronic
chr19:11577319:T:C	chr19:11577319:A:G	A:G	ACP5	splicing	unknown	.	.	FALSE	None	splicing
chr19:11577320:G:A	chr19:11577320:C:T	C:T	ACP5	intronic	unknown	.	.	FALSE	None	intronic
chr19:56379264:A:G	chr19:56379264:A:G	A:G	ZNF542P	ncRNA
exonic	unknown	A;G;+;A||R||D;ALU;-;SINE/AluJr;ncRNA_exonic;ZNF542;-;-;ncRNA_exonic;ZNF542P;-;-;UTR3;ZNF542;-;-;-;1979;30;55	Name=AluJr	TRUE	Alu	ncRNA
chr19:41506269:T:C	chr19:41506269:A:G	A:G	PCAT19	upstream	unknown	.	.	FALSE	None	upstream
chr19:48956416:C:T	chr19:48956416:C:T	C:T	BAX	intronic	unknown	.	.	FALSE	None	intronic
chr19:10862574:A:G	chr19:10862574:A:G	A:G	C19orf38	intronic	unknown	.	Name=AluSz	FALSE	Alu	intronic
chr19:6905492:A:G	chr19:6905492:A:G	A:G	ADGRE1	intronic	unknown	.	Name=AluSg	FALSE	Alu	intronic
chr19:6905514:A:G	chr19:6905514:A:G	A:G	ADGRE1	intronic	unknown	.	Name=AluSg	FALSE	Alu	intronic
chr19:54098903:T:C	chr19:54098903:A:G	A:G	OSCAR	intronic	unknown	T;C;-;A||R;ALU;-;SINE/AluSx;intronic;OSCAR;-;-;intronic;OSCAR;-;-;intronic;OSCAR;-;-;-;202;12;15	Name=AluSx	TRUE	Alu	intronic
chr19:6905533:A:G	chr19:6905533:A:G	A:G	ADGRE1	intronic	unknown	.	Name=AluSg	FALSE	Alu	intronic
chr19:6905550:A:G	chr19:6905550:A:G	A:G	ADGRE1	intronic	unknown	.	Name=AluSg	FALSE	Alu	intronic
chr19:43647044:T:C	chr19:43647044:A:G	A:G	PLAUR	intronic	unknown	T;C;-;A;ALU;-;SINE/AluSx1;intronic;PLAUR;-;-;intronic;PLAUR;-;-;intronic;PLAUR;-;-;-;22;7;7	Name=AluSx1	TRUE	Alu	intronic
chr19:54675640:A:G	chr19:54675640:A:G	A:G	LILRB4	downstream	unknown	.	Name=AluY	FALSE	Alu	downstream
chr19:6904691:A:G	chr19:6904691:A:G	A:G	ADGRE1	intronic	unknown	.	Name=AluY	FALSE	Alu	intronic
chr19:6905083:A:G	chr19:6905083:A:G	A:G	ADGRE1	intronic	unknown	A;G;+;R;ALU;-;SINE/AluJr;intronic;EMR1;-;-;intronic;ADGRE1;-;-;intronic;EMR1;-;-;-;68;4;5	Name=AluJr	TRUE	Alu	intronic
chr19:6905089:A:G	chr19:6905089:A:G	A:G	ADGRE1	intronic	unknown	A;G;+;A;ALU;-;SINE/AluJr;intronic;EMR1;-;-;intronic;ADGRE1;-;-;intronic;EMR1;-;-;-;66;5;6	Name=AluJr	TRUE	Alu	intronic
chr19:6905181:A:G	chr19:6905181:A:G	A:G	ADGRE1	intronic	unknown	A;G;+;A||R;ALU;-;SINE/AluJr;intronic;EMR1;-;-;intronic;ADGRE1;-;-;intronic;EMR1;-;-;-;1;1;1	Name=AluJr	TRUE	Alu	intronic
chr19:6905227:A:G	chr19:6905227:A:G	A:G	ADGRE1	intronic	unknown	A;G;+;R;ALU;-;SINE/AluJr;intronic;EMR1;-;-;intronic;ADGRE1;-;-;intronic;EMR1;-;-;-;24;3;3	Name=AluJr	TRUE	Alu	intronic
chr19:6905233:A:G	chr19:6905233:A:G	A:G	ADGRE1	intronic	unknown	A;G;+;A;ALU;-;SINE/AluJr;intronic;EMR1;-;-;intronic;ADGRE1;-;-;intronic;EMR1;-;-;-;23;3;3	Name=AluJr	TRUE	Alu	intronic
chr19:6905268:A:G	chr19:6905268:A:G	A:G	ADGRE1	intronic	unknown	A;G;+;R;ALU;-;SINE/AluJr;intronic;EMR1;-;-;intronic;ADGRE1;-;-;intronic;EMR1;-;-;-;26;3;3	Name=AluJr	TRUE	Alu	intronic
chr19:43647053:T:C	chr19:43647053:A:G	A:G	PLAUR	intronic	unknown	T;C;-;A;ALU;-;SINE/AluSx1;intronic;PLAUR;-;-;intronic;PLAUR;-;-;intronic;PLAUR;-;-;-;22;10;10	Name=AluSx1	TRUE	Alu	intronic
chr19:48090905:T:C	chr19:48090905:A:G	A:G	PLA2G4C	intronic	unknown	T;C;-;A||R;ALU;-;SINE/AluJo;intronic;PLA2G4C;-;-;intronic;PLA2G4C;-;-;intronic;PLA2G4C;-;-;-;65;13;24	Name=AluJo	TRUE	Alu	intronic
chr19:54712920:T:C	chr19:54712920:T:C	A:G	LILRP2	ncRNA
exonic	unknown	.	.	FALSE	None	ncRNA
chr19:6747113:T:C	chr19:6747113:T:C	A:G	TRIP10	intronic	unknown	T;C;-;A||R;ALU;-;SINE/AluJb;intronic;TRIP10;-;-;intronic;TRIP10;-;-;intronic;TRIP10;-;-;-;486;28;38	Name=AluJb	TRUE	Alu	intronic
chr19:6905137:A:G	chr19:6905137:A:G	A:G	ADGRE1	intronic	unknown	A;G;+;A||R;ALU;-;SINE/AluJr;intronic;EMR1;-;-;intronic;ADGRE1;-;-;intronic;EMR1;-;-;-;45;4;4	Name=AluJr	TRUE	Alu	intronic
chr19:6905211:A:G	chr19:6905211:A:G	A:G	ADGRE1	intronic	unknown	.	Name=AluJr	FALSE	Alu	intronic
chr19:6915208:A:G	chr19:6915208:A:G	A:G	ADGRE1	intronic	unknown	A;G;+;R;ALU;-;SINE/AluJo;intronic;EMR1;-;-;intronic;ADGRE1;-;-;intronic;EMR1;-;-;-;3;1;1	Name=AluJo	TRUE	Alu	intronic
chr19:55049535:A:G	chr19:55049535:T:C	A:G	RDH13	intronic	unknown	A;G;+;R;ALU;-;SINE/AluSp;ncRNA_intronic;CTC-550B14.6;-;-;intronic;RDH13;-;-;intronic;RDH13;-;-;-;85;17;19	Name=AluSp	TRUE	Alu	intronic
chr19:55052277:A:G	chr19:55052277:T:C	A:G	RDH13	intronic	unknown	A;G;+;R;ALU;-;SINE/AluSp;ncRNA_intronic;CTC-550B14.6;-;-;intronic;RDH13;-;-;intronic;RDH13;-;-;-;137;18;20	Name=AluSp	TRUE	Alu	intronic
chr19:45021262:A:G	chr19:45021262:A:G	A:G	RELB	intronic	unknown	A;G;+;A||R;ALU;-;SINE/AluY;intronic;RELB;-;-;intronic;RELB;-;-;intronic;RELB;-;-;464;103;4;3;3	Name=AluY	TRUE	Alu	intronic
chr19:55023954:G:A	chr19:55023954:C:T	C:T	GP6	intronic	unknown	.	Name=L1MD2	FALSE	LINE	intronic
chr19:10862687:A:G	chr19:10862687:A:G	A:G	C19orf38	intronic	unknown	.	Name=AluSz	FALSE	Alu	intronic
chr19:6757451:A:G	chr19:6757451:T:C	A:G	SH2D3A	intronic	unknown	A;G;+;A||R;ALU;-;SINE/AluJb;intronic;SH2D3A;-;-;intronic;SH2D3A;-;-;intronic;SH2D3A;-;-;482;121;658;29;41	Name=AluJb	TRUE	Alu	intronic
chr19:6757689:A:G	chr19:6757689:T:C	A:G	SH2D3A	intronic	unknown	.	Name=AluSp	FALSE	Alu	intronic
chr19:6757822:A:G	chr19:6757822:T:C	A:G	SH2D3A	intronic	unknown	A;G;+;A||R;ALU;-;SINE/AluSp;intronic;SH2D3A;-;-;intronic;SH2D3A;-;-;intronic;SH2D3A;-;-;-;66;18;24	Name=AluSp	TRUE	Alu	intronic
chr19:17284825:A:G	chr19:17284825:A:G	A:G	ANKLE1	intronic	unknown	A;G;+;R;ALU;-;SINE/AluSz;intronic;ANKLE1;-;-;intronic;ANKLE1;-;-;intronic;ANKLE1;-;-;-;8;4;4	Name=AluSz	TRUE	Alu	intronic
chr19:19590606:T:C	chr19:19590606:A:G	A:G	PBX4	intronic	unknown	T;C;-;R;ALU;-;SINE/AluSz;intronic;PBX4;-;-;intronic;PBX4;-;-;intronic;PBX4;-;-;-;2;2;2	Name=AluSz	TRUE	Alu	intronic
chr19:34987580:A:G	chr19:34987580:A:G	A:G	GRAMD1A	upstream	unknown	.	Name=AluSx	FALSE	Alu	upstream
chr19:35036957:A:G	chr19:35036957:A:G	A:G	SCN1B	UTR3	unknown	A;G;+;A||R;ALU;-;SINE/AluSz;ncRNA_exonic;CTD-2527I21.9;-;-;intronic;SCN1B;-;-;intronic;SCN1B;-;-;-;386;25;44	Name=AluSz	TRUE	Alu	UTR3
chr19:35037884:A:G	chr19:35037884:A:G	A:G	SCN1B	intronic	unknown	A;G;+;A||R;ALU;-;SINE/AluJr;intronic;SCN1B;-;-;intronic;SCN1B;-;-;intronic;SCN1B;-;-;-;551;27;48	Name=AluJr	TRUE	Alu	intronic
chr19:54712944:A:G	chr19:54712944:A:G	A:G	LILRP2	ncRNA
exonic	unknown	.	.	FALSE	None	ncRNA
chr19:6757374:A:G	chr19:6757374:T:C	A:G	SH2D3A	intronic	unknown	A;G;+;R;ALU;-;SINE/AluJb;intronic;SH2D3A;-;-;intronic;SH2D3A;-;-;intronic;SH2D3A;-;-;482;121;273;27;36	Name=AluJb	TRUE	Alu	intronic
chr19:6890479:A:G	chr19:6890479:A:G	A:G	ADGRE1	splicing	unknown	.	.	FALSE	None	splicing
chr19:6906049:A:G	chr19:6906049:A:G	A:G	ADGRE1	intronic	unknown	.	Name=L1ME3F	FALSE	LINE	intronic
chr19:43647563:T:C	chr19:43647563:A:G	A:G	PLAUR	intronic	unknown	T;C;-;A;ALU;-;SINE/AluSx;intronic;PLAUR;-;-;intronic;PLAUR;-;-;intronic;PLAUR;-;-;-;8;3;3	Name=AluSp	TRUE	Alu	intronic
chr19:55049669:A:G	chr19:55049669:T:C	A:G	RDH13	intronic	unknown	A;G;+;R;ALU;-;SINE/AluSp;ncRNA_intronic;CTC-550B14.6;-;-;intronic;RDH13;-;-;intronic;RDH13;-;-;-;70;13;16	Name=AluSp	TRUE	Alu	intronic
chr19:43647590:T:C	chr19:43647590:A:G	A:G	PLAUR	intronic	unknown	T;C;-;A;ALU;-;SINE/AluSx;intronic;PLAUR;-;-;intronic;PLAUR;-;-;intronic;PLAUR;-;-;-;8;5;5	Name=AluSp	TRUE	Alu	intronic
chr19:54598101:A:G	chr19:54598101:A:G	A:G	LILRA1	intronic	unknown	A;G;+;R;NONREP;-;-/-;intronic;LILRA1||LILRB1;-;-;intronic;LILRA1;-;-;intronic;LILRA1;-;-;-;142;6;8	.	TRUE	None	intronic
chr19:54598066:A:G	chr19:54598066:A:G	A:G	LILRA1	intronic	unknown	A;G;+;R;NONREP;-;-/-;intronic;LILRA1||LILRB1;-;-;intronic;LILRA1;-;-;intronic;LILRA1;-;-;-;123;8;12	.	TRUE	None	intronic
chr19:54598067:A:G	chr19:54598067:A:G	A:G	LILRA1	intronic	unknown	A;G;+;R;NONREP;-;-/-;intronic;LILRA1||LILRB1;-;-;intronic;LILRA1;-;-;intronic;LILRA1;-;-;-;147;7;11	.	TRUE	None	intronic
chr19:54176482:T:C	chr19:54176482:A:G	A:G	MBOAT7	intronic	unknown	T;C;-;A||R||D;ALU;-;SINE/AluSx;intronic;MBOAT7;-;-;intronic;MBOAT7;-;-;intronic;MBOAT7;-;-;-;1156;30;54	Name=AluSx	TRUE	Alu	intronic
chr19:6683724:T:C	chr19:6683724:A:G	A:G	C3	intronic	unknown	T;C;-;A||R;ALU;-;SINE/AluY;intronic;C3;-;-;intronic;C3;-;-;intronic;C3;-;-;-;238;27;38	Name=AluY	TRUE	Alu	intronic
chr20:3412993:T:C	chr20:3412993:A:G	A:G	C20orf194	upstream	unknown	.	Name=AluSq2	FALSE	Alu	upstream
chr20:35713269:T:C	chr20:35713269:A:G	A:G	RBM39	intronic	unknown	T;C;-;A||R||D;ALU;-;SINE/AluJb;intronic;RBM39;-;-;intronic;RBM39;-;-;intronic;RBM39;-;-;-;2375;30;55	Name=AluJb	TRUE	Alu	intronic
chr20:45079198:A:G	chr20:45079198:A:G	A:G	STK4	UTR3	unknown	A;G;+;A||R||D;ALU;-;SINE/AluJb;UTR3;STK4;-;-;UTR3;STK4;-;-;ncRNA_exonic;AB209315;-;-;-;2042;30;55	Name=AluJb	TRUE	Alu	UTR3
chr20:49707973:T:C	chr20:49707973:A:G	A:G	B4GALT5	intronic	unknown	T;C;-;A||R;ALU;-;SINE/AluSx1;intronic;B4GALT5;-;-;intronic;B4GALT5;-;-;intronic;B4GALT5;-;-;-;11;5;6	Name=AluSx1	TRUE	Alu	intronic
chr20:32080872:A:G	chr20:32080872:A:G	A:G	HCK	intronic	unknown	A;G;+;A||R;ALU;-;SINE/AluJo;intronic;HCK;-;-;intronic;HCK;-;-;intronic;HCK;-;-;-;189;11;13	Name=AluJo	TRUE	Alu	intronic
chr20:32081052:A:G	chr20:32081052:A:G	A:G	HCK	intronic	unknown	A;G;+;A||R;ALU;-;SINE/AluJo;intronic;HCK;-;-;intronic;HCK;-;-;intronic;HCK;-;-;-;233;12;14	Name=AluJo	TRUE	Alu	intronic
chr20:33646654:A:G	chr20:33646654:A:G	A:G	CBFA2T2	UTR3	unknown	A;G;+;A||R||D;ALU;-;SINE/AluSz;UTR3;CBFA2T2;-;-;UTR3;CBFA2T2;-;-;UTR3;CBFA2T2;-;-;-;1255;30;54	Name=AluSz	TRUE	Alu	UTR3
chr20:3413094:T:C	chr20:3413094:A:G	A:G	C20orf194	upstream	unknown	.	Name=AluSq2	FALSE	Alu	upstream
chr20:34903262:A:G	chr20:34903262:A:G	A:G	ACSS2	intronic	unknown	A;G;+;A||R||D;ALU;-;SINE/AluSz;intronic;ACSS2;-;-;intronic;ACSS2;-;-;intronic;ACSS2;-;-;-;22;9;10	Name=AluSz	TRUE	Alu	intronic
chr20:34903263:A:G	chr20:34903263:A:G	A:G	ACSS2	intronic	unknown	A;G;+;A||R||D;ALU;-;SINE/AluSz;intronic;ACSS2;-;-;intronic;ACSS2;-;-;intronic;ACSS2;-;-;-;12;7;7	Name=AluSz	TRUE	Alu	intronic
chr20:34903286:A:G	chr20:34903286:A:G	A:G	ACSS2	intronic	unknown	A;G;+;A||R||D;ALU;-;SINE/AluSz;intronic;ACSS2;-;-;intronic;ACSS2;-;-;intronic;ACSS2;-;-;-;17;7;8	Name=AluSz	TRUE	Alu	intronic
chr20:35713270:T:C	chr20:35713270:A:G	A:G	RBM39	intronic	unknown	T;C;-;A||R||D;ALU;-;SINE/AluJb;intronic;RBM39;-;-;intronic;RBM39;-;-;intronic;RBM39;-;-;-;1968;30;55	Name=AluJb	TRUE	Alu	intronic
chr20:36913421:T:C	chr20:36913421:A:G	A:G	SAMHD1	intronic	unknown	T;C;-;R;ALU;-;SINE/AluSx1;intronic;SAMHD1;-;-;intronic;SAMHD1;-;-;intronic;SAMHD1;-;-;-;16;6;6	Name=AluSx1	TRUE	Alu	intronic
chr20:36913491:T:C	chr20:36913491:A:G	A:G	SAMHD1	intronic	unknown	T;C;-;R||D;ALU;-;SINE/AluSx1;intronic;SAMHD1;-;-;intronic;SAMHD1;-;-;intronic;SAMHD1;-;-;-;90;15;20	Name=AluSx1	TRUE	Alu	intronic
chr20:3700527:T:C	chr20:3700527:A:G	A:G	SIGLEC1	intronic	unknown	T;C;-;A||R;ALU;-;SINE/AluJb;intronic;SIGLEC1;-;-;intronic;SIGLEC1;-;-;intronic;SIGLEC1;-;-;-;60;12;15	Name=AluJr	TRUE	Alu	intronic
chr20:3700797:T:C	chr20:3700797:A:G	A:G	SIGLEC1	intronic	unknown	T;C;-;R;ALU;-;SINE/AluSc;intronic;SIGLEC1;-;-;intronic;SIGLEC1;-;-;intronic;SIGLEC1;-;-;-;11;5;7	Name=AluSc	TRUE	Alu	intronic
chr20:37391598:A:G	chr20:37391598:A:G	A:G	SRC	intronic	unknown	A;G;+;R;ALU;-;SINE/AluSz;intronic;SRC;-;-;intronic;SRC;-;-;intronic;SRC;-;-;-;446;25;44	Name=AluSz	TRUE	Alu	intronic
chr20:3869867:A:G	chr20:3869867:A:G	A:G	MAVS	UTR3	unknown	A;G;+;A||R||D;ALU;-;SINE/AluSx1;intergenic;MAVS||RP11-119B16.2;-;-;UTR3;MAVS;-;-;UTR3;MAVS;-;-;-;2304;30;55	Name=AluSx1	TRUE	Alu	UTR3
chr20:3947085:C:T	chr20:3947085:G:A	C:T	RNF24	intronic	unknown	.	Name=AluSc	FALSE	Alu	intronic
chr20:3988658:T:C	chr20:3988658:A:G	A:G	RNF24	intronic	unknown	T;C;-;A||R;ALU;-;SINE/AluJo;intronic;RNF24;-;-;intronic;RNF24;-;-;intronic;RNF24;-;-;-;16;5;6	Name=AluJo	TRUE	Alu	intronic
chr20:45079068:A:G	chr20:45079068:A:G	A:G	STK4	UTR3	unknown	A;G;+;A||R||D;ALU;-;SINE/AluJb;UTR3;STK4;-;-;UTR3;STK4;-;-;ncRNA_exonic;AB209315;-;-;-;2227;30;55	Name=AluJb	TRUE	Alu	UTR3
chr20:17583974:A:G	chr20:17583974:A:G	A:G	DSTN	intronic	unknown	A;G;+;A||R;ALU;-;SINE/AluJr;intronic;DSTN;-;-;intronic;DSTN;-;-;intronic;DSTN;-;-;-;14;8;9	Name=AluJr	TRUE	Alu	intronic
chr20:3870544:A:G	chr20:3870544:A:G	A:G	MAVS	UTR3	unknown	A;G;+;A||R||D;REP;-;SINE/FLAM_C;intergenic;MAVS||RP11-119B16.2;-;-;UTR3;MAVS;-;-;UTR3;MAVS;-;-;-;1616;30;54	Name=FLAM_C	TRUE	Other	UTR3
chr20:49143481:T:C	chr20:49143481:A:G	A:G	STAU1	intronic	unknown	T;C;-;A||R;ALU;-;SINE/AluJb;intronic;STAU1;-;-;intronic;STAU1;-;-;intronic;STAU1;-;-;-;18;8;10	Name=AluJb	TRUE	Alu	intronic
chr20:5587516:T:C	chr20:5587516:A:G	A:G	GPCPD1	intronic	unknown	T;C;-;A||R||D;ALU;-;SINE/AluSg;intronic;GPCPD1;-;-;intronic;GPCPD1;-;-;intronic;GPCPD1;-;-;-;182;21;26	Name=AluSg	TRUE	Alu	intronic
chr20:25366338:T:C	chr20:25366338:A:G	A:G	ABHD12	intronic	unknown	T;C;-;A||R;ALU;-;SINE/AluSp;intronic;ABHD12;-;-;intronic;ABHD12;-;-;intronic;ABHD12;-;-;-;4;3;3	Name=AluSp	TRUE	Alu	intronic
chr20:37368633:A:G	chr20:37368633:A:G	A:G	SRC	intronic	unknown	.	Name=AluYa8	FALSE	Alu	intronic
chr20:3997487:T:C	chr20:3997487:A:G	A:G	RNF24	intronic	unknown	T;C;-;A||R;ALU;-;SINE/AluJb;intronic;RNF24;-;-;intronic;RNF24;-;-;intronic;RNF24;-;-;-;3;3;3	Name=AluJb	TRUE	Alu	intronic
chr20:50545165:A:G	chr20:50545165:A:G	A:G	PTPN1	intronic	unknown	A;G;+;A||R;REP;-;SINE/FLAM_C;intronic;PTPN1;-;-;intronic;PTPN1;-;-;intronic;PTPN1;-;-;-;11;5;5	Name=AluJo	TRUE	Alu	intronic
chr20:63867163:A:G	chr20:63867163:A:G	A:G	TPD52L2	intronic	unknown	.	Name=AluSp	FALSE	Alu	intronic
chr20:63867164:A:G	chr20:63867164:A:G	A:G	TPD52L2	intronic	unknown	.	Name=AluSp	FALSE	Alu	intronic
chr20:3108730:T:C	chr20:3108730:T:C	A:G	UBOX5-AS1	ncRNA
intronic	unknown	T;C;-;R;ALU;-;SINE/AluJo;ncRNA_intronic;UBOX5-AS1;-;-;ncRNA_intronic;UBOX5-AS1;-;-;ncRNA_intronic;UBOX5-AS1;-;-;-;1380;30;53	Name=AluJo	TRUE	Alu	ncRNA
chr20:32080568:A:G	chr20:32080568:A:G	A:G	HCK	intronic	unknown	A;G;+;R;ALU;-;SINE/AluJb;intronic;HCK;-;-;intronic;HCK;-;-;intronic;HCK;-;-;-;169;7;9	Name=AluSz6	TRUE	Alu	intronic
chr20:32554197:T:C	chr20:32554197:A:G	A:G	NOL4L	intronic	unknown	T;C;-;A||R;ALU;-;SINE/AluY;intronic;C20orf112;-;-;intronic;NOL4L;-;-;intronic;C20orf112;-;-;-;2;2;2	Name=AluY	TRUE	Alu	intronic
chr20:37368682:A:G	chr20:37368682:A:G	A:G	SRC	intronic	unknown	.	Name=AluYa8	FALSE	Alu	intronic
chr20:37368692:A:G	chr20:37368692:A:G	A:G	SRC	intronic	unknown	.	Name=AluYa8	FALSE	Alu	intronic
chr20:49707813:T:C	chr20:49707813:A:G	A:G	B4GALT5	intronic	unknown	T;C;-;A||R;ALU;-;SINE/AluJb;intronic;B4GALT5;-;-;intronic;B4GALT5;-;-;intronic;B4GALT5;-;-;-;12;7;7	Name=AluJb	TRUE	Alu	intronic
chr20:57254295:T:C	chr20:57254295:A:G	A:G	BMP7	intronic	unknown	.	Name=AluSx	FALSE	Alu	intronic
chr20:62189224:A:G	chr20:62189224:A:G	A:G	MTG2	intronic	unknown	A;G;+;A||R||D;ALU;-;SINE/AluJo;intronic;MTG2;-;-;intronic;MTG2;-;-;intronic;MTG2;-;-;-;155;24;37	Name=AluJo	TRUE	Alu	intronic
chr20:63867034:A:G	chr20:63867034:A:G	A:G	TPD52L2	intronic	unknown	.	Name=AluSp	FALSE	Alu	intronic
chr20:63867216:A:G	chr20:63867216:A:G	A:G	TPD52L2	intronic	unknown	.	Name=AluSp	FALSE	Alu	intronic
chr20:63867317:A:G	chr20:63867317:A:G	A:G	TPD52L2	intronic	unknown	.	Name=AluSz	FALSE	Alu	intronic
chr20:63867119:A:G	chr20:63867119:A:G	A:G	TPD52L2	intronic	unknown	.	Name=AluSp	FALSE	Alu	intronic
chr20:63867120:A:G	chr20:63867120:A:G	A:G	TPD52L2	intronic	unknown	.	Name=AluSp	FALSE	Alu	intronic
chr20:63867554:A:G	chr20:63867554:A:G	A:G	TPD52L2	intronic	unknown	.	Name=AluSz	FALSE	Alu	intronic
chr20:32080574:A:G	chr20:32080574:A:G	A:G	HCK	intronic	unknown	A;G;+;R;ALU;-;SINE/AluJb;intronic;HCK;-;-;intronic;HCK;-;-;intronic;HCK;-;-;-;149;6;7	Name=AluSz6	TRUE	Alu	intronic
chr20:32288422:A:G	chr20:32288422:A:G	A:G	KIF3B	intronic	unknown	A;G;+;A||R;ALU;-;SINE/AluJr;intronic;KIF3B;-;-;intronic;KIF3B;-;-;intronic;KIF3B;-;-;-;3;3;3	Name=AluJr	TRUE	Alu	intronic
chr20:32489431:T:C	chr20:32489431:A:G	A:G	NOL4L	intronic	unknown	.	Name=AluJb	FALSE	Alu	intronic
chr20:32552921:T:C	chr20:32552921:A:G	A:G	NOL4L	intronic	unknown	T;C;-;R||D;ALU;-;SINE/AluSx;intronic;C20orf112;-;-;intronic;NOL4L;-;-;intronic;C20orf112;-;-;-;6;4;4	Name=AluSx	TRUE	Alu	intronic
chr20:32554199:T:C	chr20:32554199:A:G	A:G	NOL4L	intronic	unknown	T;C;-;A||R;ALU;-;SINE/AluY;intronic;C20orf112;-;-;intronic;NOL4L;-;-;intronic;C20orf112;-;-;-;1;1;1	Name=AluY	TRUE	Alu	intronic
chr20:38003085:T:C	chr20:38003085:A:G	A:G	TTI1	intronic	unknown	T;C;-;A||R||D;ALU;-;SINE/AluJr4;intronic;TTI1;-;-;intronic;TTI1;-;-;intronic;TTI1;-;-;-;129;24;31	Name=AluJr4	TRUE	Alu	intronic
chr20:3868514:A:G	chr20:3868514:A:G	A:G	MAVS	UTR3	unknown	A;G;+;A||R||D;ALU;-;SINE/AluSx1;UTR3;MAVS;-;-;UTR3;MAVS;-;-;UTR3;MAVS;-;-;-;1574;30;54	Name=AluSx1	TRUE	Alu	UTR3
chr20:3960976:T:C	chr20:3960976:A:G	A:G	RNF24	intronic	unknown	T;C;-;A;ALU;rs552937884;SINE/AluSz;intronic;RNF24;-;-;intronic;RNF24;-;-;intronic;RNF24;-;-;-;10;5;5	Name=AluSz	TRUE	Alu	intronic
chr20:57254290:T:C	chr20:57254290:A:G	A:G	BMP7	intronic	unknown	T;C;-;R;ALU;-;SINE/AluSx;intronic;BMP7;-;-;intronic;BMP7;-;-;intronic;BMP7;-;-;-;2;2;2	Name=AluSx	TRUE	Alu	intronic
chr20:35032977:T:C	chr20:35032977:A:G	A:G	TRPC4AP	intronic	unknown	T;C;-;A||R;ALU;-;SINE/AluSx;intronic;TRPC4AP;-;-;intronic;TRPC4AP;-;-;intronic;TRPC4AP;-;-;-;24;13;15	Name=AluSx	TRUE	Alu	intronic
chr20:37368736:A:G	chr20:37368736:A:G	A:G	SRC	intronic	unknown	.	Name=AluYa8	FALSE	Alu	intronic
chr20:32288143:A:G	chr20:32288143:A:G	A:G	KIF3B	intronic	unknown	A;G;+;R;ALU;-;SINE/AluSg;intronic;KIF3B;-;-;intronic;KIF3B;-;-;intronic;KIF3B;-;-;-;0;0;0	Name=AluSg	TRUE	Alu	intronic
chr20:31941148:C:T	chr20:31941148:C:T	C:T	TTLL9	intronic	unknown	.	Name=AluY	FALSE	Alu	intronic
chr20:25386397:T:C	chr20:25386397:A:G	A:G	ABHD12	intronic	unknown	T;C;-;R;ALU;-;SINE/AluY;intronic;ABHD12;-;-;intronic;ABHD12;-;-;intronic;ABHD12;-;-;-;0;0;0	Name=AluY	TRUE	Alu	intronic
chr20:3832875:A:G	chr20:3832875:A:G	A:G	AP5S1	downstream	unknown	A;G;+;A||R;ALU;-;SINE/AluSz;intergenic;AP5S1||MAVS;-;-;intergenic;AP5S1||MAVS;-;-;intergenic;AP5S1||MAVS;-;-;-;295;29;49	Name=AluSz	TRUE	Alu	downstream
chr20:53411647:A:G	chr20:53411647:A:G	A:G	TSHZ2	intronic	unknown	A;G;+;A||R;ALU;-;SINE/AluJr;ncRNA_intronic;RP4-669H2.1||RP4-678D15.1;-;-;intronic;TSHZ2;-;-;ncRNA_intronic;AK056432;-;-;-;3;2;2	Name=AluJr	TRUE	Alu	intronic
chr20:63867445:A:G	chr20:63867445:A:G	A:G	TPD52L2	intronic	unknown	A;G;+;A;ALU;-;SINE/AluSz;intronic;TPD52L2;-;-;intronic;TPD52L2;-;-;intronic;TPD52L2;-;-;-;1;1;1	Name=AluSz	TRUE	Alu	intronic
chr20:63867375:A:G	chr20:63867375:A:G	A:G	TPD52L2	intronic	unknown	A;G;+;A||R;ALU;-;SINE/AluSz;intronic;TPD52L2;-;-;intronic;TPD52L2;-;-;intronic;TPD52L2;-;-;-;3;3;3	Name=AluSz	TRUE	Alu	intronic
chr20:63867455:A:G	chr20:63867455:A:G	A:G	TPD52L2	intronic	unknown	.	Name=AluSz	FALSE	Alu	intronic
chr20:32552068:T:C	chr20:32552068:A:G	A:G	NOL4L	intronic	unknown	T;C;-;A||R||D;ALU;-;SINE/AluJr;intronic;C20orf112;-;-;intronic;NOL4L;-;-;intronic;C20orf112;-;-;-;4;3;3	Name=AluJr	TRUE	Alu	intronic
chr20:32551989:T:C	chr20:32551989:A:G	A:G	NOL4L	intronic	unknown	T;C;-;R;ALU;-;SINE/AluJr;intronic;C20orf112;-;-;intronic;NOL4L;-;-;intronic;C20orf112;-;-;-;1;1;1	Name=AluJr	TRUE	Alu	intronic
chr21:33263955:A:G	chr21:33263955:A:G	A:G	IFNAR2	UTR3	unknown	A;G;+;A||R||D;ALU;-;SINE/AluSx1;ncRNA_exonic;IL10RB-AS1;-;-;UTR3;IFNAR2;-;-;UTR3;IFNAR2;-;-;-;1402;30;54	Name=AluSx1	TRUE	Alu	UTR3
chr21:33263988:A:G	chr21:33263988:A:G	A:G	IFNAR2	UTR3	unknown	A;G;+;A||R||D;ALU;-;SINE/AluSx1;ncRNA_exonic;IL10RB-AS1;-;-;UTR3;IFNAR2;-;-;UTR3;IFNAR2;-;-;-;1865;30;55	Name=AluSx1	TRUE	Alu	UTR3
chr21:33263998:A:G	chr21:33263998:A:G	A:G	IFNAR2	UTR3	unknown	A;G;+;A||R||D;ALU;-;SINE/AluSx1;ncRNA_exonic;IL10RB-AS1;-;-;UTR3;IFNAR2;-;-;UTR3;IFNAR2;-;-;-;1652;30;55	Name=AluSx1	TRUE	Alu	UTR3
chr21:33361738:A:G	chr21:33361738:A:G	A:G	IFNAR1	downstream	unknown	A;G;+;A||R;ALU;-;SINE/AluSq2;intergenic;IFNAR1||IFNGR2;-;-;intergenic;IFNAR1||IFNGR2;-;-;intergenic;IFNAR1||IFNGR2;-;-;-;1078;30;55	Name=AluSq2	TRUE	Alu	downstream
chr21:33264844:A:G	chr21:33264844:A:G	A:G	IFNAR2	UTR3	unknown	A;G;+;A||R||D;ALU;-;SINE/AluSz6;ncRNA_exonic;IL10RB-AS1;-;-;downstream;IFNAR2||IL10RB-AS1;-;-;intronic;IL10RB;-;-;-;2175;30;55	Name=AluSz6	TRUE	Alu	UTR3
chr21:33357628:A:G	chr21:33357628:A:G	A:G	IFNAR1	UTR3	unknown	A;G;+;A||R||D;ALU;-;SINE/AluSg7;UTR3;IFNAR1;-;-;UTR3;IFNAR1;-;-;UTR3;IFNAR1;-;-;-;1353;29;52	Name=AluSg7	TRUE	Alu	UTR3
chr21:33357789:A:G	chr21:33357789:A:G	A:G	IFNAR1	UTR3	unknown	A;G;+;A||R||D;ALU;-;SINE/AluSg7;UTR3;IFNAR1;-;-;UTR3;IFNAR1;-;-;UTR3;IFNAR1;-;-;-;1310;30;53	Name=AluSg7	TRUE	Alu	UTR3
chr21:33357790:A:G	chr21:33357790:A:G	A:G	IFNAR1	UTR3	unknown	A;G;+;A||R||D;ALU;-;SINE/AluSg7;UTR3;IFNAR1;-;-;UTR3;IFNAR1;-;-;UTR3;IFNAR1;-;-;-;1905;30;55	Name=AluSg7	TRUE	Alu	UTR3
chr21:33357802:A:G	chr21:33357802:A:G	A:G	IFNAR1	UTR3	unknown	A;G;+;A||R||D;ALU;-;SINE/AluSg7;UTR3;IFNAR1;-;-;UTR3;IFNAR1;-;-;UTR3;IFNAR1;-;-;-;1840;30;54	Name=AluSg7	TRUE	Alu	UTR3
chr21:36149228:T:C	chr21:36149228:A:G	A:G	CBR3-AS1	ncRNA
intronic	unknown	T;C;-;A;ALU;-;SINE/AluJr;ncRNA_intronic;CBR3-AS1;-;-;ncRNA_intronic;CBR3-AS1;-;-;ncRNA_intronic;CBR3-AS1;-;-;-;74;15;17	Name=AluJr	TRUE	Alu	ncRNA
chr21:41447981:A:G	chr21:41447981:A:G	A:G	MX1	intronic	unknown	A;G;+;A||R||D;ALU;-;SINE/AluSx1;intronic;MX1;-;-;intronic;MX1;-;-;intronic;MX1;-;-;-;577;29;43	Name=AluSx1	TRUE	Alu	intronic
chr21:41448003:A:G	chr21:41448003:A:G	A:G	MX1	intronic	unknown	A;G;+;A||R||D;ALU;-;SINE/AluSx1;intronic;MX1;-;-;intronic;MX1;-;-;intronic;MX1;-;-;-;547;29;43	Name=AluSx1	TRUE	Alu	intronic
chr21:44388176:A:G	chr21:44388176:A:G	A:G	TRPM2	intronic	unknown	A;G;+;R||D;REP;-;LINE/L1MB3;intronic;TRPM2;-;-;intronic;TRPM2;-;-;intronic;TRPM2;-;-;-;6;2;4	Name=L1MB3	TRUE	LINE	intronic
chr21:33264941:A:G	chr21:33264941:A:G	A:G	IFNAR2	UTR3	unknown	A;G;+;A||R;ALU;-;SINE/AluSz6;ncRNA_exonic;IL10RB-AS1;-;-;downstream;IFNAR2||IL10RB-AS1;-;-;intronic;IL10RB;-;-;-;2225;30;55	Name=AluSz6	TRUE	Alu	UTR3
chr21:33357771:A:G	chr21:33357771:A:G	A:G	IFNAR1	UTR3	unknown	A;G;+;A||R||D;ALU;-;SINE/AluSg7;UTR3;IFNAR1;-;-;UTR3;IFNAR1;-;-;UTR3;IFNAR1;-;-;-;1370;30;54	Name=AluSg7	TRUE	Alu	UTR3
chr21:33363850:A:G	chr21:33363850:A:G	A:G	IFNAR1	downstream	unknown	A;G;+;A||R;REP;-;SINE/FLAM_A;intergenic;IFNAR1||IFNGR2;-;-;intergenic;IFNAR1||IFNGR2;-;-;intergenic;IFNAR1||IFNGR2;-;-;-;58;12;21	Name=FLAM_A	TRUE	Other	downstream
chr21:36151045:T:C	chr21:36151045:A:G	A:G	CBR3-AS1	ncRNA
intronic	unknown	T;C;-;A||R||D;ALU;-;SINE/AluJb;ncRNA_intronic;CBR3-AS1;-;-;ncRNA_intronic;CBR3-AS1;-;-;ncRNA_intronic;CBR3-AS1;-;-;-;57;16;17	Name=AluJb	TRUE	Alu	ncRNA
chr21:14510015:T:C	chr21:14510015:A:G	A:G	SAMSN1	intronic	unknown	.	Name=AluY	FALSE	Alu	intronic
chr21:33357625:A:G	chr21:33357625:A:G	A:G	IFNAR1	UTR3	unknown	A;G;+;A||R||D;ALU;-;SINE/AluSg7;UTR3;IFNAR1;-;-;UTR3;IFNAR1;-;-;UTR3;IFNAR1;-;-;-;1455;30;54	Name=AluSg7	TRUE	Alu	UTR3
chr21:33357713:A:G	chr21:33357713:A:G	A:G	IFNAR1	UTR3	unknown	A;G;+;A||R||D;ALU;-;SINE/AluSg7;UTR3;IFNAR1;-;-;UTR3;IFNAR1;-;-;UTR3;IFNAR1;-;-;-;1729;30;55	Name=AluSg7	TRUE	Alu	UTR3
chr21:33357727:A:G	chr21:33357727:A:G	A:G	IFNAR1	UTR3	unknown	A;G;+;A||R||D;ALU;-;SINE/AluSg7;UTR3;IFNAR1;-;-;UTR3;IFNAR1;-;-;UTR3;IFNAR1;-;-;-;1586;30;55	Name=AluSg7	TRUE	Alu	UTR3
chr21:41447767:A:G	chr21:41447767:A:G	A:G	MX1	intronic	unknown	A;G;+;R||D;ALU;-;SINE/AluSx1;intronic;MX1;-;-;intronic;MX1;-;-;intronic;MX1;-;-;-;412;29;43	Name=AluSx1	TRUE	Alu	intronic
chr21:41447829:A:G	chr21:41447829:A:G	A:G	MX1	intronic	unknown	A;G;+;R||D;ALU;-;SINE/AluSx1;intronic;MX1;-;-;intronic;MX1;-;-;intronic;MX1;-;-;-;591;29;43	Name=AluSx1	TRUE	Alu	intronic
chr21:41447840:A:G	chr21:41447840:A:G	A:G	MX1	intronic	unknown	A;G;+;R||D;ALU;-;SINE/AluSx1;intronic;MX1;-;-;intronic;MX1;-;-;intronic;MX1;-;-;-;360;28;38	Name=AluSx1	TRUE	Alu	intronic
chr21:25950032:A:G	chr21:25950032:T:C	A:G	APP	intronic	unknown	.	Name=MER91A	FALSE	Other	intronic
chr21:33231876:A:G	chr21:33231876:A:G	A:G	IFNAR2	intronic	unknown	A;G;+;A||R||D;ALU;-;SINE/AluSz;intronic;IFNAR2;-;-;intronic;IFNAR2;-;-;intronic;IFNAR2;-;-;-;104;14;17	Name=AluSz	TRUE	Alu	intronic
chr21:34853905:T:C	chr21:34853905:A:G	A:G	RUNX1	intronic	unknown	T;C;-;A||R;ALU;-;SINE/AluSz;intronic;RUNX1;-;-;intronic;RUNX1;-;-;intronic;RUNX1;-;-;-;7;3;3	Name=AluSz	TRUE	Alu	intronic
chr21:34924787:T:C	chr21:34924787:A:G	A:G	RUNX1	intronic	unknown	T;C;-;A||R||D;REP;-;LTR/MLT1A0;intronic;RUNX1;-;-;intronic;RUNX1;-;-;intronic;RUNX1;-;-;-;3;2;2	Name=MLT1A0	TRUE	Other	intronic
chr21:41456891:A:G	chr21:41456891:A:G	A:G	MX1	intronic	unknown	A;G;+;A||R||D;ALU;-;SINE/AluSg;intronic;MX1;-;-;intronic;MX1;-;-;intronic;MX1;-;-;-;99;14;18	Name=AluSx4	TRUE	Alu	intronic
chr21:43746647:A:G	chr21:43746647:A:G	A:G	PDXK	intronic	unknown	A;G;+;A||R||D;ALU;-;SINE/AluSz6;intronic;PDXK;-;-;intronic;PDXK;-;-;intronic;PDXK;-;-;-;698;29;53	Name=AluSz6	TRUE	Alu	intronic
chr21:31164266:T:C	chr21:31164266:A:G	A:G	TIAM1	intronic	unknown	.	Name=AluY	FALSE	Alu	intronic
chr21:31164270:G:A	chr21:31164270:C:T	C:T	TIAM1	intronic	unknown	.	Name=AluY	FALSE	Alu	intronic
chr21:32752716:T:C	chr21:32752716:A:G	A:G	PAXBP1	intronic	unknown	T;C;-;A||R||D;ALU;-;SINE/AluSq2;intronic;PAXBP1;-;-;intronic;PAXBP1;-;-;intronic;PAXBP1;-;-;-;796;30;53	Name=AluSq2	TRUE	Alu	intronic
chr21:36148281:T:C	chr21:36148281:A:G	A:G	CBR3-AS1	ncRNA
intronic	unknown	T;C;-;A||R;ALU;-;SINE/AluJb;ncRNA_intronic;CBR3-AS1;-;-;ncRNA_intronic;CBR3-AS1;-;-;ncRNA_intronic;CBR3-AS1;-;-;-;79;14;16	Name=AluJb	TRUE	Alu	ncRNA
chr21:42911096:A:G	chr21:42911096:A:G	A:G	NDUFV3	UTR3	unknown	A;G;+;A||R;ALU;-;SINE/AluSz;UTR3;NDUFV3;-;-;intergenic;NDUFV3||ERVH48-1;-;-;intergenic;NDUFV3||HERV-Fb1;-;-;-;1658;30;54	Name=AluSz	TRUE	Alu	UTR3
chr21:25946415:T:C	chr21:25946415:A:G	A:G	APP	intronic	unknown	T;C;-;A||R;ALU;-;SINE/AluSz6;intronic;APP;-;-;intronic;APP;-;-;intronic;APP;-;-;-;13;8;9	Name=AluSz6	TRUE	Alu	intronic
chr21:33286812:T:C	chr21:33286812:T:C	A:G	IL10RB	intronic	unknown	.	Name=AluJr	FALSE	Alu	intronic
chr21:33342308:A:G	chr21:33342308:A:G	A:G	IFNAR1	intronic	unknown	A;G;+;A||R;ALU;-;SINE/AluJr;intronic;IFNAR1;-;-;intronic;IFNAR1;-;-;intronic;IFNAR1;-;-;-;32;10;11	Name=AluJr	TRUE	Alu	intronic
chr21:29242812:A:G	chr21:29242812:A:G	A:G	LINC00189	ncRNA
intronic	unknown	A;G;+;A||R;ALU;-;SINE/AluSq2;ncRNA_intronic;LINC00189;-;-;ncRNA_intronic;LINC00189;-;-;ncRNA_intronic;LINC00189;-;-;-;1;1;1	Name=AluSq2	TRUE	Alu	ncRNA
chr21:42910143:A:G	chr21:42910143:A:G	A:G	NDUFV3	UTR3	unknown	A;G;+;A||D;ALU;rs13046098;SINE/AluSq2;UTR3;NDUFV3;-;-;downstream;NDUFV3;-;-;downstream;NDUFV3;-;-;-;1568;30;55	Name=AluSq2	TRUE	Alu	UTR3
chr21:42910191:A:G	chr21:42910191:A:G	A:G	NDUFV3	UTR3	unknown	A;G;+;A||R;ALU;-;SINE/AluSq2;UTR3;NDUFV3;-;-;downstream;NDUFV3;-;-;downstream;NDUFV3;-;-;-;1492;30;55	Name=AluSq2	TRUE	Alu	UTR3
chr21:46467386:A:G	chr21:46467386:A:G	A:G	DIP2A-IT1	ncRNA
intronic	unknown	A;G;+;R;ALU;-;SINE/AluJo;ncRNA_intronic;DIP2A-IT1;-;-;ncRNA_intronic;DIP2A-IT1;-;-;ncRNA_intronic;DIP2A-IT1;-;-;-;5;4;4	Name=AluJo	TRUE	Alu	ncRNA
chr21:33592940:T:C	chr21:33592940:A:G	A:G	CRYZL1	intronic	unknown	T;C;-;A||R;ALU;-;SINE/AluSx;intronic;AP000304.12||CRYZL1;-;-;intronic;CRYZL1;-;-;intronic;CRYZL1||DONSON;-;-;-;441;30;50	Name=AluSx	TRUE	Alu	intronic
chr21:36368830:C:T	chr21:36368830:C:T	C:T	MORC3	intronic	unknown	.	Name=AluSx1	FALSE	Alu	intronic
chr21:36368831:T:C	chr21:36368831:T:C	A:G	MORC3	intronic	unknown	.	Name=AluSx1	FALSE	Alu	intronic
chr21:36368846:T:C	chr21:36368846:T:C	A:G	MORC3	intronic	unknown	.	Name=AluSx1	FALSE	Alu	intronic
chr21:36368746:G:A	chr21:36368746:G:A	C:T	MORC3	intronic	unknown	.	Name=AluSx1	FALSE	Alu	intronic
chr21:36368748:G:A	chr21:36368748:G:A	C:T	MORC3	intronic	unknown	.	Name=AluSx1	FALSE	Alu	intronic
chr21:36368749:T:C	chr21:36368749:T:C	A:G	MORC3	intronic	unknown	.	Name=AluSx1	FALSE	Alu	intronic
chr22:17113247:A:G	chr22:17113247:A:G	A:G	IL17RA	UTR3	unknown	A;G;+;A||R||D;ALU;-;SINE/AluJb;UTR3;IL17RA;-;-;UTR3;IL17RA;-;-;UTR3;IL17RA;-;-;-;1007;27;49	Name=AluJb	TRUE	Alu	UTR3
chr22:17113258:A:G	chr22:17113258:A:G	A:G	IL17RA	UTR3	unknown	A;G;+;A||R||D;ALU;-;SINE/AluJb;UTR3;IL17RA;-;-;UTR3;IL17RA;-;-;UTR3;IL17RA;-;-;-;661;27;49	Name=AluJb	TRUE	Alu	UTR3
chr22:17113459:A:G	chr22:17113459:A:G	A:G	IL17RA	UTR3	unknown	A;G;+;A||R||D;ALU;-;SINE/AluJb;UTR3;IL17RA;-;-;UTR3;IL17RA;-;-;UTR3;IL17RA;-;-;-;993;29;52	Name=AluJb	TRUE	Alu	UTR3
chr22:17177139:T:C	chr22:17177139:A:G	A:G	ADA2	downstream	unknown	T;C;-;A||R;ALU;-;SINE/AluJr;intergenic;CECR5-AS1||CECR1;-;-;intergenic;CECR5-AS1||CECR1;-;-;intergenic;CECR5-AS1||CECR1;-;-;-;9;6;6	Name=AluJr	TRUE	Alu	downstream
chr22:17177156:T:C	chr22:17177156:A:G	A:G	ADA2	downstream	unknown	.	Name=AluJr	FALSE	Alu	downstream
chr22:17177966:T:C	chr22:17177966:A:G	A:G	ADA2	downstream	unknown	T;C;-;A;ALU;-;SINE/AluJo;intergenic;CECR5-AS1||CECR1;-;-;downstream;CECR1;-;-;intergenic;CECR5-AS1||CECR1;-;-;-;3;3;3	Name=AluJo	TRUE	Alu	downstream
chr22:17187413:T:C	chr22:17187413:A:G	A:G	ADA2	intronic	unknown	T;C;-;R||D;ALU;-;SINE/AluJb;intronic;CECR1;-;-;intronic;CECR1;-;-;intronic;CECR1;-;-;-;6;3;4	Name=AluJb	TRUE	Alu	intronic
chr22:17189154:T:C	chr22:17189154:A:G	A:G	ADA2	intronic	unknown	T;C;-;A||R||D;ALU;-;SINE/AluSx;intronic;CECR1;-;-;intronic;CECR1;-;-;intronic;CECR1;-;-;-;264;24;38	Name=AluSx	TRUE	Alu	intronic
chr22:17212103:T:C	chr22:17212103:A:G	A:G	ADA2	intronic	unknown	T;C;-;A||R;ALU;-;SINE/AluSq2;intronic;CECR1;-;-;intronic;CECR1;-;-;intronic;CECR1;-;-;-;24;4;5	Name=AluSq2	TRUE	Alu	intronic
chr22:20572663:A:G	chr22:20572663:A:G	A:G	MED15	intronic	unknown	A;G;+;A||R||D;ALU;-;SINE/AluJr;intronic;MED15;-;-;intronic;MED15;-;-;intronic;MED15;-;-;-;904;29;49	Name=AluJr	TRUE	Alu	intronic
chr22:31269591:A:G	chr22:31269591:A:G	A:G	LIMK2	intronic	unknown	A;G;+;A||R;ALU;-;SINE/AluSz;intronic;LIMK2;-;-;intronic;LIMK2;-;-;intronic;LIMK2;-;-;-;160;20;27	Name=AluSz	TRUE	Alu	intronic
chr22:31269694:A:G	chr22:31269694:A:G	A:G	LIMK2	intronic	unknown	A;G;+;A||R||D;ALU;-;SINE/AluSz;intronic;LIMK2;-;-;intronic;LIMK2;-;-;intronic;LIMK2;-;-;-;128;22;24	Name=AluSz	TRUE	Alu	intronic
chr22:35660445:A:G	chr22:35660445:A:G	A:G	APOL6	UTR3	unknown	A;G;+;A||R||D;REP;-;LTR/MLT1B;UTR3;APOL6;-;-;UTR3;APOL6;-;-;UTR3;APOL6;-;-;-;1096;30;54	Name=MLT1B	TRUE	Other	UTR3
chr22:35661178:A:G	chr22:35661178:A:G	A:G	APOL6	UTR3	unknown	A;G;+;A||R||D;ALU;-;SINE/AluSx1;UTR3;APOL6;-;-;UTR3;APOL6;-;-;UTR3;APOL6;-;-;-;552;30;50	Name=AluSx1	TRUE	Alu	UTR3
chr22:37945858:A:G	chr22:37945858:T:C	A:G	C22orf23	intronic	unknown	A;G;+;A||R;ALU;-;SINE/AluSx;intronic;C22orf23;-;-;intronic;C22orf23;-;-;intronic;C22orf23;-;-;-;634;28;50	Name=AluSx3	TRUE	Alu	intronic
chr22:39018767:A:G	chr22:39018767:A:G	A:G	APOBEC3C	UTR3	unknown	A;G;+;A||R||D;ALU;-;SINE/AluJb;UTR3;APOBEC3C;-;-;UTR3;APOBEC3C;-;-;UTR3;APOBEC3C;-;-;-;1474;30;52	Name=AluJb	TRUE	Alu	UTR3
chr22:39018907:A:G	chr22:39018907:A:G	A:G	APOBEC3C	UTR3	unknown	A;G;+;A||R||D;ALU;-;SINE/AluJb;UTR3;APOBEC3C;-;-;downstream;APOBEC3C;-;-;downstream;APOBEC3C;-;-;-;1731;30;52	Name=AluJb	TRUE	Alu	UTR3
chr22:39019867:A:G	chr22:39019867:A:G	A:G	APOBEC3C	UTR3	unknown	A;G;+;A||R||D;ALU;-;SINE/AluSq2;UTR3;APOBEC3C;-;-;intergenic;APOBEC3C||APOBEC3D;-;-;intergenic;APOBEC3C||APOBEC3D;-;-;-;1300;30;54	Name=AluSq2	TRUE	Alu	UTR3
chr22:39019905:A:G	chr22:39019905:A:G	A:G	APOBEC3C	UTR3	unknown	A;G;+;A||R||D;ALU;-;SINE/AluSq2;UTR3;APOBEC3C;-;-;intergenic;APOBEC3C||APOBEC3D;-;-;intergenic;APOBEC3C||APOBEC3D;-;-;-;1364;30;53	Name=AluSq2	TRUE	Alu	UTR3
chr22:39019906:A:G	chr22:39019906:A:G	A:G	APOBEC3C	UTR3	unknown	A;G;+;A||R||D;ALU;-;SINE/AluSq2;UTR3;APOBEC3C;-;-;intergenic;APOBEC3C||APOBEC3D;-;-;intergenic;APOBEC3C||APOBEC3D;-;-;-;1379;30;54	Name=AluSq2	TRUE	Alu	UTR3
chr22:39020076:A:G	chr22:39020076:A:G	A:G	APOBEC3C	UTR3	unknown	A;G;+;A||D;ALU;rs112668427;SINE/AluSq2;UTR3;APOBEC3C;-;-;intergenic;APOBEC3C||APOBEC3D;-;-;intergenic;APOBEC3C||APOBEC3D;-;-;-;2150;30;53	Name=AluSq2	TRUE	Alu	UTR3
chr22:42383533:T:C	chr22:42383533:A:G	A:G	NFAM1	UTR3	unknown	T;C;-;A||R||D;NONREP;-;-/-;UTR3;NFAM1;-;-;UTR3;NFAM1;-;-;UTR3;NFAM1;-;-;-;338;21;32	.	TRUE	None	UTR3
chr22:42383631:T:C	chr22:42383631:A:G	A:G	NFAM1	UTR3	unknown	T;C;-;A||R||D;NONREP;-;-/-;UTR3;NFAM1;-;-;UTR3;NFAM1;-;-;UTR3;NFAM1;-;-;-;741;27;47	.	TRUE	None	UTR3
chr22:50376277:A:G	chr22:50376277:A:G	A:G	PPP6R2	intronic	unknown	A;G;+;A||R;ALU;-;SINE/AluJo;intronic;PPP6R2;-;-;intronic;PPP6R2;-;-;intronic;PPP6R2;-;-;-;22;9;10	Name=AluJo	TRUE	Alu	intronic
chr22:20067344:A:G	chr22:20067344:A:G	A:G	TANGO2	downstream	unknown	A;G;+;A||R;ALU;-;SINE/AluSz;ncRNA_intronic;AC006547.13;-;-;intergenic;TANGO2||DGCR8;-;-;intergenic;TANGO2||DGCR8;-;-;-;2033;30;55	Name=AluJb	TRUE	Alu	downstream
chr22:20067351:A:G	chr22:20067351:A:G	A:G	TANGO2	downstream	unknown	A;G;+;A||R;ALU;-;SINE/AluSz;ncRNA_intronic;AC006547.13;-;-;intergenic;TANGO2||DGCR8;-;-;intergenic;TANGO2||DGCR8;-;-;-;1967;29;54	Name=AluJb	TRUE	Alu	downstream
chr22:20572664:A:G	chr22:20572664:A:G	A:G	MED15	intronic	unknown	A;G;+;A||R||D;ALU;-;SINE/AluJr;intronic;MED15;-;-;intronic;MED15;-;-;intronic;MED15;-;-;-;822;29;48	Name=AluJr	TRUE	Alu	intronic
chr22:20572681:A:G	chr22:20572681:A:G	A:G	MED15	intronic	unknown	A;G;+;A||R||D;ALU;-;SINE/AluJr;intronic;MED15;-;-;intronic;MED15;-;-;intronic;MED15;-;-;-;898;29;47	Name=AluJr	TRUE	Alu	intronic
chr22:20573242:A:G	chr22:20573242:A:G	A:G	MED15	intronic	unknown	A;G;+;A||R||D;ALU;-;SINE/AluSz6;intronic;MED15;-;-;intronic;MED15;-;-;intronic;MED15;-;-;-;1508;30;54	Name=AluSz6	TRUE	Alu	intronic
chr22:26523856:T:C	chr22:26523856:A:G	A:G	TPST2	UTR3	unknown	T;C;-;A||D;ALU;rs184190163;SINE/AluSx;ncRNA_exonic;CTA-445C9.15;-;-;intergenic;TFIP11||TPST2;-;-;intergenic;TFIP11||TPST2;-;-;-;1066;30;55	Name=AluSx	TRUE	Alu	UTR3
chr22:31269688:A:G	chr22:31269688:A:G	A:G	LIMK2	intronic	unknown	A;G;+;A||R;ALU;-;SINE/AluSz;intronic;LIMK2;-;-;intronic;LIMK2;-;-;intronic;LIMK2;-;-;-;152;22;24	Name=AluSz	TRUE	Alu	intronic
chr22:31607361:A:G	chr22:31607361:A:G	A:G	SFI1	intronic	unknown	A;G;+;A||R||D;ALU;-;SINE/AluSz;intronic;SFI1;-;-;intronic;SFI1;-;-;intronic;SFI1;-;-;-;1466;30;54	Name=AluSz	TRUE	Alu	intronic
chr22:35659869:A:G	chr22:35659869:A:G	A:G	APOL6	UTR3	unknown	A;G;+;A||R||D;ALU;-;SINE/AluSz;UTR3;APOL6;-;-;UTR3;APOL6;-;-;UTR3;APOL6;-;-;-;837;29;48	Name=AluSz	TRUE	Alu	UTR3
chr22:35659927:A:G	chr22:35659927:A:G	A:G	APOL6	UTR3	unknown	A;G;+;A||R||D;ALU;-;SINE/AluSz;UTR3;APOL6;-;-;UTR3;APOL6;-;-;UTR3;APOL6;-;-;-;700;29;49	Name=AluSz	TRUE	Alu	UTR3
chr22:35660551:A:G	chr22:35660551:A:G	A:G	APOL6	UTR3	unknown	A;G;+;A||R||D;REP;-;LTR/MLT1A0;UTR3;APOL6;-;-;UTR3;APOL6;-;-;UTR3;APOL6;-;-;-;1491;30;54	Name=MLT1A0	TRUE	Other	UTR3
chr22:35660685:A:G	chr22:35660685:A:G	A:G	APOL6	UTR3	unknown	A;G;+;A||R||D;REP;-;LTR/MLT1A0;UTR3;APOL6;-;-;UTR3;APOL6;-;-;UTR3;APOL6;-;-;-;1377;30;53	Name=MLT1A0	TRUE	Other	UTR3
chr22:35661247:A:G	chr22:35661247:A:G	A:G	APOL6	UTR3	unknown	A;G;+;A||R||D;ALU;-;SINE/AluSx1;UTR3;APOL6;-;-;UTR3;APOL6;-;-;UTR3;APOL6;-;-;-;390;27;44	Name=AluSx1	TRUE	Alu	UTR3
chr22:36266650:A:G	chr22:36266650:A:G	A:G	APOL1	UTR3	unknown	A;G;+;A||R||D;ALU;-;SINE/AluY;UTR3;APOL1;-;-;UTR3;APOL1;-;-;UTR3;APOL1;-;-;-;1585;30;53	Name=AluY	TRUE	Alu	UTR3
chr22:36266651:A:G	chr22:36266651:A:G	A:G	APOL1	UTR3	unknown	A;G;+;A||R||D;ALU;-;SINE/AluY;UTR3;APOL1;-;-;UTR3;APOL1;-;-;UTR3;APOL1;-;-;-;1391;30;53	Name=AluY	TRUE	Alu	UTR3
chr22:36266758:A:G	chr22:36266758:A:G	A:G	APOL1	UTR3	unknown	A;G;+;A||R||D;ALU;-;SINE/AluY;UTR3;APOL1;-;-;UTR3;APOL1;-;-;UTR3;APOL1;-;-;-;1649;30;52	Name=AluY	TRUE	Alu	UTR3
chr22:36266825:A:G	chr22:36266825:A:G	A:G	APOL1	UTR3	unknown	A;G;+;A||R||D;ALU;-;SINE/AluY;UTR3;APOL1;-;-;UTR3;APOL1;-;-;UTR3;APOL1;-;-;-;1445;30;55	Name=AluY	TRUE	Alu	UTR3
chr22:36266826:A:G	chr22:36266826:A:G	A:G	APOL1	UTR3	unknown	A;G;+;A||R||D;ALU;-;SINE/AluY;UTR3;APOL1;-;-;UTR3;APOL1;-;-;UTR3;APOL1;-;-;-;1199;30;54	Name=AluY	TRUE	Alu	UTR3
chr22:36266855:A:G	chr22:36266855:A:G	A:G	APOL1	UTR3	unknown	A;G;+;A||R||D;ALU;-;SINE/AluY;UTR3;APOL1;-;-;UTR3;APOL1;-;-;UTR3;APOL1;-;-;-;1790;30;53	Name=AluY	TRUE	Alu	UTR3
chr22:36487944:T:C	chr22:36487944:A:G	A:G	FOXRED2	UTR3	unknown	T;C;-;A||R;ALU;-;SINE/AluSq2;UTR3;FOXRED2;-;-;UTR3;FOXRED2;-;-;UTR3;FOXRED2;-;-;-;232;25;43	Name=AluSq2	TRUE	Alu	UTR3
chr22:36487992:T:C	chr22:36487992:A:G	A:G	FOXRED2	UTR3	unknown	T;C;-;A||R||D;ALU;-;SINE/AluSq2;UTR3;FOXRED2;-;-;UTR3;FOXRED2;-;-;UTR3;FOXRED2;-;-;-;577;27;49	Name=AluSq2	TRUE	Alu	UTR3
chr22:36488008:T:C	chr22:36488008:A:G	A:G	FOXRED2	UTR3	unknown	T;C;-;A||R||D;ALU;-;SINE/AluSq2;UTR3;FOXRED2;-;-;UTR3;FOXRED2;-;-;UTR3;FOXRED2;-;-;-;624;29;54	Name=AluSq2	TRUE	Alu	UTR3
chr22:36488009:T:C	chr22:36488009:A:G	A:G	FOXRED2	UTR3	unknown	T;C;-;A||R;ALU;-;SINE/AluSq2;UTR3;FOXRED2;-;-;UTR3;FOXRED2;-;-;UTR3;FOXRED2;-;-;-;592;29;52	Name=AluSq2	TRUE	Alu	UTR3
chr22:37945606:A:G	chr22:37945606:T:C	A:G	C22orf23	intronic	unknown	A;G;+;A||R;ALU;-;SINE/AluJb;intronic;C22orf23;-;-;intronic;C22orf23;-;-;intronic;C22orf23;-;-;-;621;28;49	Name=AluJb	TRUE	Alu	intronic
chr22:37945706:A:G	chr22:37945706:T:C	A:G	C22orf23	intronic	unknown	A;G;+;A||R;ALU;-;SINE/AluJb;intronic;C22orf23;-;-;intronic;C22orf23;-;-;intronic;C22orf23;-;-;-;601;27;49	Name=AluJb	TRUE	Alu	intronic
chr22:37945852:A:G	chr22:37945852:T:C	A:G	C22orf23	intronic	unknown	A;G;+;R;ALU;-;SINE/AluSx;intronic;C22orf23;-;-;intronic;C22orf23;-;-;intronic;C22orf23;-;-;-;285;27;45	Name=AluSx3	TRUE	Alu	intronic
chr22:39019886:A:G	chr22:39019886:A:G	A:G	APOBEC3C	UTR3	unknown	A;G;+;A||R||D;ALU;-;SINE/AluSq2;UTR3;APOBEC3C;-;-;intergenic;APOBEC3C||APOBEC3D;-;-;intergenic;APOBEC3C||APOBEC3D;-;-;-;1095;30;52	Name=AluSq2	TRUE	Alu	UTR3
chr22:40517169:T:C	chr22:40517169:A:G	A:G	MRTFA	intronic	unknown	T;C;-;A||R;ALU;-;SINE/AluJo;intronic;MKL1;-;-;intronic;MKL1;-;-;intronic;MKL1;-;-;-;18;11;13	Name=AluJo	TRUE	Alu	intronic
chr22:42383534:T:C	chr22:42383534:A:G	A:G	NFAM1	UTR3	unknown	T;C;-;A||R||D;NONREP;-;-/-;UTR3;NFAM1;-;-;UTR3;NFAM1;-;-;UTR3;NFAM1;-;-;-;432;24;36	.	TRUE	None	UTR3
chr22:20067340:A:G	chr22:20067340:A:G	A:G	TANGO2	downstream	unknown	A;G;+;A||R;ALU;-;SINE/AluSz;ncRNA_intronic;AC006547.13;-;-;intergenic;TANGO2||DGCR8;-;-;intergenic;TANGO2||DGCR8;-;-;-;1086;30;53	Name=AluJb	TRUE	Alu	downstream
chr22:20573108:A:G	chr22:20573108:A:G	A:G	MED15	intronic	unknown	A;G;+;A||R;ALU;-;SINE/AluSz6;intronic;MED15;-;-;intronic;MED15;-;-;intronic;MED15;-;-;-;856;30;49	Name=AluSz6	TRUE	Alu	intronic
chr22:24573814:A:G	chr22:24573814:A:G	A:G	SNRPD3	UTR3	unknown	A;G;+;A||R||D;ALU;-;SINE/AluJo;intronic;SNRPD3;-;-;UTR3;SNRPD3;-;-;intronic;SNRPD3;-;-;-;2223;30;55	Name=AluJo	TRUE	Alu	UTR3
chr22:24574641:A:G	chr22:24574641:A:G	A:G	SNRPD3	UTR3	unknown	A;G;+;A||R||D;ALU;-;SINE/AluJb;intronic;SNRPD3;-;-;UTR3;SNRPD3;-;-;intronic;SNRPD3;-;-;-;2472;30;55	Name=AluJb	TRUE	Alu	UTR3
chr22:24574707:A:G	chr22:24574707:A:G	A:G	SNRPD3	UTR3	unknown	A;G;+;A||R||D;ALU;-;SINE/AluJb;intronic;SNRPD3;-;-;UTR3;SNRPD3;-;-;intronic;SNRPD3;-;-;-;2062;30;55	Name=AluJb	TRUE	Alu	UTR3
chr22:26523682:T:C	chr22:26523682:A:G	A:G	TPST2	UTR3	unknown	T;C;-;A||R||D;ALU;-;SINE/AluSx;ncRNA_exonic;CTA-445C9.15;-;-;intergenic;TFIP11||TPST2;-;-;intergenic;TFIP11||TPST2;-;-;-;622;29;51	Name=AluSx	TRUE	Alu	UTR3
chr22:29826974:T:C	chr22:29826974:A:G	A:G	ASCC2	intronic	unknown	T;C;-;A||R;ALU;-;SINE/AluY;intronic;ASCC2;-;-;intronic;ASCC2;-;-;intronic;ASCC2;-;-;-;43;17;21	Name=AluY	TRUE	Alu	intronic
chr22:29826976:T:C	chr22:29826976:A:G	A:G	ASCC2	intronic	unknown	T;C;-;A||R;ALU;-;SINE/AluY;intronic;ASCC2;-;-;intronic;ASCC2;-;-;intronic;ASCC2;-;-;-;33;15;19	Name=AluY	TRUE	Alu	intronic
chr22:35331326:A:G	chr22:35331326:A:G	A:G	TOM1	intronic	unknown	A;G;+;A||R;ALU;-;SINE/AluJr;exonic;TOM1;synonymous	Name=AluJr	TRUE	Alu	intronic
chr22:36487926:T:C	chr22:36487926:A:G	A:G	FOXRED2	UTR3	unknown	T;C;-;A||R;ALU;-;SINE/AluSq2;UTR3;FOXRED2;-;-;UTR3;FOXRED2;-;-;UTR3;FOXRED2;-;-;-;216;23;42	Name=AluSq2	TRUE	Alu	UTR3
chr22:36487967:T:C	chr22:36487967:A:G	A:G	FOXRED2	UTR3	unknown	T;C;-;A||R;ALU;-;SINE/AluSq2;UTR3;FOXRED2;-;-;UTR3;FOXRED2;-;-;UTR3;FOXRED2;-;-;-;511;29;50	Name=AluSq2	TRUE	Alu	UTR3
chr22:39053230:A:G	chr22:39053230:A:G	A:G	APOBEC3F	UTR3	unknown	A;G;+;A||R||D;ALU;-;SINE/AluSx1;UTR3;APOBEC3F;-;-;UTR3;APOBEC3F;-;-;UTR3;APOBEC3F;-;-;-;589;28;40	Name=AluSx1	TRUE	Alu	UTR3
chr22:40930269:A:G	chr22:40930269:A:G	A:G	XPNPEP3	UTR3	unknown	A;G;+;A||R;ALU;-;SINE/AluSc8;UTR3;XPNPEP3;-;-;UTR3;XPNPEP3;-;-;UTR3;XPNPEP3;-;-;-;391;28;49	Name=AluSc8	TRUE	Alu	UTR3
chr22:42381099:T:C	chr22:42381099:A:G	A:G	NFAM1	UTR3	unknown	T;C;-;A||R||D;NONREP;-;-/-;UTR3;NFAM1;-;-;UTR3;NFAM1;-;-;UTR3;NFAM1;-;-;-;425;20;35	.	TRUE	None	UTR3
chr22:42381152:T:C	chr22:42381152:A:G	A:G	NFAM1	UTR3	unknown	T;C;-;A||R||D;NONREP;-;-/-;UTR3;NFAM1;-;-;UTR3;NFAM1;-;-;UTR3;NFAM1;-;-;-;232;14;19	.	TRUE	None	UTR3
chr22:42381180:T:C	chr22:42381180:A:G	A:G	NFAM1	UTR3	unknown	T;C;-;R||D;NONREP;-;-/-;UTR3;NFAM1;-;-;UTR3;NFAM1;-;-;UTR3;NFAM1;-;-;-;192;12;15	.	TRUE	None	UTR3
chr22:42381188:T:C	chr22:42381188:A:G	A:G	NFAM1	UTR3	unknown	T;C;-;A||R||D;NONREP;-;-/-;UTR3;NFAM1;-;-;UTR3;NFAM1;-;-;UTR3;NFAM1;-;-;-;170;9;15	.	TRUE	None	UTR3
chr22:42383501:T:C	chr22:42383501:A:G	A:G	NFAM1	UTR3	unknown	T;C;-;R||D;NONREP;-;-/-;UTR3;NFAM1;-;-;UTR3;NFAM1;-;-;UTR3;NFAM1;-;-;-;467;24;39	.	TRUE	None	UTR3
chr22:42383505:T:C	chr22:42383505:A:G	A:G	NFAM1	UTR3	unknown	T;C;-;A||R||D;NONREP;-;-/-;UTR3;NFAM1;-;-;UTR3;NFAM1;-;-;UTR3;NFAM1;-;-;-;533;29;44	.	TRUE	None	UTR3
chr22:42420148:T:C	chr22:42420148:A:G	A:G	NFAM1	intronic	unknown	T;C;-;R;ALU;-;SINE/AluSq2;intronic;NFAM1;-;-;intronic;NFAM1;-;-;intronic;NFAM1;-;-;-;5;1;1	Name=AluSq2	TRUE	Alu	intronic
chr22:17178657:T:C	chr22:17178657:A:G	A:G	ADA2	downstream	unknown	T;C;-;A;ALU;-;SINE/AluSq;downstream;CECR1;-;-;downstream;CECR1;-;-;downstream;CECR1;-;-;-;1;1;1	Name=AluSq	TRUE	Alu	downstream
chr22:21606413:A:G	chr22:21606413:A:G	A:G	UBE2L3	intronic	unknown	.	Name=AluSx3	FALSE	Alu	intronic
chr22:31269695:A:G	chr22:31269695:A:G	A:G	LIMK2	intronic	unknown	A;G;+;A||R;ALU;-;SINE/AluSz;intronic;LIMK2;-;-;intronic;LIMK2;-;-;intronic;LIMK2;-;-;-;114;21;23	Name=AluSz	TRUE	Alu	intronic
chr22:36266694:A:G	chr22:36266694:A:G	A:G	APOL1	UTR3	unknown	A;G;+;R||D;ALU;-;SINE/AluY;UTR3;APOL1;-;-;UTR3;APOL1;-;-;UTR3;APOL1;-;-;-;776;30;45	Name=AluY	TRUE	Alu	UTR3
chr22:36487935:T:C	chr22:36487935:A:G	A:G	FOXRED2	UTR3	unknown	T;C;-;A||R;ALU;-;SINE/AluSq2;UTR3;FOXRED2;-;-;UTR3;FOXRED2;-;-;UTR3;FOXRED2;-;-;-;246;23;42	Name=AluSq2	TRUE	Alu	UTR3
chr22:39053205:A:G	chr22:39053205:A:G	A:G	APOBEC3F	UTR3	unknown	A;G;+;A||R||D;ALU;-;SINE/AluSx1;UTR3;APOBEC3F;-;-;UTR3;APOBEC3F;-;-;UTR3;APOBEC3F;-;-;-;394;27;37	Name=AluSx1	TRUE	Alu	UTR3
chr22:40527095:T:C	chr22:40527095:A:G	A:G	MRTFA	intronic	unknown	T;C;-;A||R;ALU;-;SINE/AluJo;intronic;MKL1;-;-;intronic;MKL1;-;-;intronic;MKL1;-;-;-;18;10;11	Name=AluJo	TRUE	Alu	intronic
chr22:40930589:A:G	chr22:40930589:A:G	A:G	XPNPEP3	UTR3	unknown	A;G;+;A||R||D;ALU;-;SINE/AluSg7;UTR3;XPNPEP3;-;-;UTR3;XPNPEP3;-;-;UTR3;XPNPEP3;-;-;-;676;30;55	Name=AluSg7	TRUE	Alu	UTR3
chr22:41612716:T:C	chr22:41612716:A:G	A:G	DESI1	intronic	unknown	T;C;-;A||R||D;ALU;-;SINE/AluJb;intronic;DESI1;-;-;intronic;DESI1;-;-;intronic;DESI1;-;-;-;24;8;9	Name=AluJb	TRUE	Alu	intronic
chr22:42420149:T:C	chr22:42420149:A:G	A:G	NFAM1	intronic	unknown	.	Name=AluSq2	FALSE	Alu	intronic
chr22:42420360:T:C	chr22:42420360:A:G	A:G	NFAM1	intronic	unknown	.	Name=AluJo	FALSE	Alu	intronic
chr22:42827443:T:C	chr22:42827443:A:G	A:G	ARFGAP3	intronic	unknown	T;C;-;A||R;ALU;-;SINE/AluSp;intronic;ARFGAP3;-;-;intronic;ARFGAP3;-;-;intronic;ARFGAP3;-;-;-;751;28;46	Name=AluSp	TRUE	Alu	intronic
chr22:20573086:A:G	chr22:20573086:A:G	A:G	MED15	intronic	unknown	A;G;+;A||R||D;ALU;-;SINE/AluSz6;intronic;MED15;-;-;intronic;MED15;-;-;intronic;MED15;-;-;-;1083;30;51	Name=AluSz6	TRUE	Alu	intronic
chr22:25725802:A:G	chr22:25725802:A:G	A:G	GRK3	UTR3	unknown	A;G;+;A||R||D;ALU;-;SINE/AluY;UTR3;ADRBK2;-;-;UTR3;ADRBK2;-;-;UTR3;ADRBK2;-;-;-;842;28;51	Name=AluY	TRUE	Alu	UTR3
chr22:29929719:A:G	chr22:29929719:A:G	A:G	MTMR3	intronic	unknown	A;G;+;A||R;ALU;-;SINE/AluSc8;intronic;MTMR3;-;-;intronic;MTMR3;-;-;intronic;MTMR3;-;-;-;4;3;3	Name=AluSc8	TRUE	Alu	intronic
chr22:31245332:A:G	chr22:31245332:A:G	A:G	LIMK2	intronic	unknown	A;G;+;R;ALU;-;SINE/AluSp;intronic;LIMK2;-;-;intronic;LIMK2;-;-;intronic;LIMK2;-;-;-;27;5;6	Name=AluSp	TRUE	Alu	intronic
chr22:31245516:A:G	chr22:31245516:A:G	A:G	LIMK2	intronic	unknown	A;G;+;R;ALU;-;SINE/AluSp;intronic;LIMK2;-;-;intronic;LIMK2;-;-;intronic;LIMK2;-;-;-;15;3;3	Name=AluSp	TRUE	Alu	intronic
chr22:36266351:A:G	chr22:36266351:A:G	A:G	APOL1	UTR3	unknown	A;G;+;A||R||D;ALU;-;SINE/AluSc;UTR3;APOL1;-;-;UTR3;APOL1;-;-;UTR3;APOL1;-;-;-;1276;30;50	Name=AluSc	TRUE	Alu	UTR3
chr22:41599256:T:C	chr22:41599256:A:G	A:G	DESI1	UTR3	unknown	T;C;-;A||R||D;NONREP;-;-/-;UTR3;DESI1;-;-;UTR3;DESI1;-;-;UTR3;DESI1;-;-;-;2235;30;54	.	TRUE	None	UTR3
chr22:41796317:A:G	chr22:41796317:A:G	A:G	MEI1	intronic	unknown	A;G;+;R||D;ALU;-;SINE/AluSx3;intronic;MEI1;-;-;intronic;MEI1;-;-;intronic;MEI1||bK250D10.C22.8;-;-;-;17;4;4	Name=AluSx3	TRUE	Alu	intronic
chr22:17204550:T:C	chr22:17204550:A:G	A:G	ADA2	intronic	unknown	T;C;-;A||R;ALU;-;SINE/AluSz;intronic;CECR1;-;-;intronic;CECR1;-;-;intronic;CECR1;-;-;-;1;1;1	Name=AluSz	TRUE	Alu	intronic
chr22:17212162:T:C	chr22:17212162:A:G	A:G	ADA2	intronic	unknown	T;C;-;R||D;ALU;-;SINE/AluSq2;intronic;CECR1;-;-;intronic;CECR1;-;-;intronic;CECR1;-;-;-;8;4;4	Name=AluSq2	TRUE	Alu	intronic
chr22:17212189:T:C	chr22:17212189:A:G	A:G	ADA2	intronic	unknown	T;C;-;R;ALU;-;SINE/AluSq2;intronic;CECR1;-;-;intronic;CECR1;-;-;intronic;CECR1;-;-;-;15;4;5	Name=AluSq2	TRUE	Alu	intronic
chr22:19952038:A:G	chr22:19952038:A:G	A:G	COMT	intronic	unknown	A;G;+;A||R;ALU;-;SINE/AluJr4;intronic;COMT;-;-;intronic;COMT;-;-;intronic;COMT;-;-;-;201;26;37	Name=AluJr4	TRUE	Alu	intronic
chr22:24574671:A:G	chr22:24574671:A:G	A:G	SNRPD3	UTR3	unknown	A;G;+;A||R||D;ALU;-;SINE/AluJb;intronic;SNRPD3;-;-;UTR3;SNRPD3;-;-;intronic;SNRPD3;-;-;-;2443;30;55	Name=AluJb	TRUE	Alu	UTR3
chr22:35331809:A:G	chr22:35331809:A:G	A:G	TOM1	intronic	unknown	A;G;+;A||R;ALU;-;SINE/AluSx1;intronic;TOM1;-;-;intronic;TOM1;-;-;intronic;TOM1;-;-;-;7;5;5	Name=AluSx1	TRUE	Alu	intronic
chr22:36487991:T:C	chr22:36487991:A:G	A:G	FOXRED2	UTR3	unknown	T;C;-;A||R;ALU;-;SINE/AluSq2;UTR3;FOXRED2;-;-;UTR3;FOXRED2;-;-;UTR3;FOXRED2;-;-;-;369;27;49	Name=AluSq2	TRUE	Alu	UTR3
chr22:38224252:C:T	chr22:38224252:G:A	C:T	TMEM184B	intronic	unknown	.	Name=AluY	FALSE	Alu	intronic
chr22:38224256:A:G	chr22:38224256:T:C	A:G	TMEM184B	intronic	unknown	.	Name=AluY	FALSE	Alu	intronic
chr22:38350040:C:T	chr22:38350040:G:A	C:T	TPTEP2	ncRNA
intronic	unknown	.	Name=AluY	FALSE	Alu	ncRNA
chr22:40929325:A:G	chr22:40929325:A:G	A:G	XPNPEP3	UTR3	unknown	A;G;+;A||R;ALU;-;SINE/AluSx3;UTR3;XPNPEP3;-;-;UTR3;XPNPEP3;-;-;UTR3;XPNPEP3;-;-;-;667;30;54	Name=AluSx3	TRUE	Alu	UTR3
chr22:42517105:T:C	chr22:42517105:A:G	A:G	RRP7A	intronic	unknown	T;C;-;A||R;ALU;-;SINE/AluSx;intronic;RRP7A;-;-;intronic;RRP7A;-;-;intronic;RRP7A;-;-;-;144;24;40	Name=AluSx1	TRUE	Alu	intronic
chr22:43009955:T:C	chr22:43009955:A:G	A:G	PACSIN2	intronic	unknown	T;C;-;A||R;ALU;-;SINE/AluSz;intronic;PACSIN2;-;-;intronic;PACSIN2;-;-;intronic;PACSIN2;-;-;-;6;5;5	Name=AluSz	TRUE	Alu	intronic
chr22:24573661:A:G	chr22:24573661:A:G	A:G	SNRPD3	UTR3	unknown	A;G;+;A||R||D;ALU;-;SINE/AluJo;intronic;SNRPD3;-;-;UTR3;SNRPD3;-;-;intronic;SNRPD3;-;-;-;1907;30;55	Name=AluJo	TRUE	Alu	UTR3
chr22:28738199:T:C	chr22:28738199:A:G	A:G	CHEK2	intronic	unknown	T;C;-;A||R||D;ALU;-;SINE/AluJb;intronic;CHEK2;-;-;intronic;CHEK2;-;-;intronic;CHEK2;-;-;-;31;12;12	Name=AluJb	TRUE	Alu	intronic
chr22:36266350:A:G	chr22:36266350:A:G	A:G	APOL1	UTR3	unknown	A;G;+;A||R||D;ALU;-;SINE/AluSc;UTR3;APOL1;-;-;UTR3;APOL1;-;-;UTR3;APOL1;-;-;-;622;29;47	Name=AluSc	TRUE	Alu	UTR3
chr22:37946004:A:G	chr22:37946004:T:C	A:G	C22orf23	intronic	unknown	A;G;+;A||R;ALU;-;SINE/AluY;intronic;C22orf23;-;-;intronic;C22orf23;-;-;intronic;C22orf23;-;-;-;798;30;53	Name=AluY	TRUE	Alu	intronic
chr22:41796327:A:G	chr22:41796327:A:G	A:G	MEI1	intronic	unknown	A;G;+;R||D;ALU;-;SINE/AluSx3;intronic;MEI1;-;-;intronic;MEI1;-;-;intronic;MEI1||bK250D10.C22.8;-;-;-;11;5;6	Name=AluSx3	TRUE	Alu	intronic
chr22:41797411:A:G	chr22:41797411:A:G	A:G	MEI1	intronic	unknown	A;G;+;R;ALU;-;SINE/AluSx;intronic;MEI1;-;-;intronic;MEI1;-;-;intronic;MEI1||bK250D10.C22.8;-;-;-;79;8;10	Name=AluSx	TRUE	Alu	intronic
chr22:43010007:T:C	chr22:43010007:A:G	A:G	PACSIN2	intronic	unknown	T;C;-;A||R;ALU;-;SINE/AluSz;intronic;PACSIN2;-;-;intronic;PACSIN2;-;-;intronic;PACSIN2;-;-;-;6;5;5	Name=AluSz	TRUE	Alu	intronic
chr22:19948874:A:G	chr22:19948874:A:G	A:G	COMT	intronic	unknown	A;G;+;A||R||D;ALU;-;SINE/AluSx;intronic;COMT;-;-;intronic;COMT;-;-;intronic;COMT;-;-;-;36;13;19	Name=AluSx	TRUE	Alu	intronic
chr22:36488048:T:C	chr22:36488048:A:G	A:G	FOXRED2	UTR3	unknown	T;C;-;A||R||D;ALU;-;SINE/AluSq2;UTR3;FOXRED2;-;-;UTR3;FOXRED2;-;-;UTR3;FOXRED2;-;-;-;805;29;54	Name=AluSq2	TRUE	Alu	UTR3
chr22:38091187:A:G	chr22:38091187:T:C	A:G	BAIAP2L2	intronic	unknown	A;G;+;A||R;ALU;-;SINE/AluSx4;ncRNA_exonic;CTA-228A9.3;-;-;intronic;BAIAP2L2;-;-;intronic;BAIAP2L2;-;-;-;1208;30;52	Name=AluSx4	TRUE	Alu	intronic
chr22:41120904:A:G	chr22:41120904:A:G	A:G	EP300	intronic	unknown	A;G;+;A||R;ALU;-;SINE/AluJr;intronic;EP300;-;-;intronic;EP300;-;-;intronic;EP300;-;-;-;34;13;14	Name=AluJr	TRUE	Alu	intronic
chr22:17150751:T:C	chr22:17150751:A:G	A:G	HDHD5	intronic	unknown	T;C;-;A||R||D;ALU;-;SINE/AluSx;intronic;CECR5;-;-;intronic;CECR5;-;-;intronic;CECR5;-;-;-;91;21;32	Name=AluSx	TRUE	Alu	intronic
chr22:17151581:T:C	chr22:17151581:A:G	A:G	HDHD5	intronic	unknown	T;C;-;A||R;ALU;-;SINE/AluSx1;intronic;CECR5;-;-;intronic;CECR5;-;-;intronic;CECR5;-;-;-;42;14;20	Name=AluSx1	TRUE	Alu	intronic
chr22:17206291:T:C	chr22:17206291:A:G	A:G	ADA2	intronic	unknown	.	Name=AluSx	FALSE	Alu	intronic
chr22:37946165:A:G	chr22:37946165:T:C	A:G	C22orf23	intronic	unknown	A;G;+;A||R;ALU;-;SINE/AluY;intronic;C22orf23;-;-;intronic;C22orf23;-;-;intronic;C22orf23;-;-;-;917;29;52	Name=AluY	TRUE	Alu	intronic
chr22:17183731:T:C	chr22:17183731:A:G	A:G	ADA2	intronic	unknown	T;C;-;R;ALU;-;SINE/AluSx1;intronic;CECR1;-;-;intronic;CECR1;-;-;intronic;CECR1;-;-;-;24;7;14	Name=AluSx1	TRUE	Alu	intronic
chr22:28697698:T:C	chr22:28697698:A:G	A:G	CHEK2	intronic	unknown	T;C;-;A||R;ALU;-;SINE/AluJo;intronic;CHEK2;-;-;intronic;CHEK2;-;-;intronic;CHEK2;-;-;-;103;17;23	Name=AluJo	TRUE	Alu	intronic
chr22:43010010:T:C	chr22:43010010:A:G	A:G	PACSIN2	intronic	unknown	T;C;-;A||R;ALU;-;SINE/AluSz;intronic;PACSIN2;-;-;intronic;PACSIN2;-;-;intronic;PACSIN2;-;-;-;5;4;4	Name=AluSz	TRUE	Alu	intronic
chr22:37945921:A:G	chr22:37945921:T:C	A:G	C22orf23	intronic	unknown	A;G;+;A||R;ALU;-;SINE/AluSx;intronic;C22orf23;-;-;intronic;C22orf23;-;-;intronic;C22orf23;-;-;-;1344;28;51	Name=AluSx3	TRUE	Alu	intronic
chr22:37946813:A:G	chr22:37946813:T:C	A:G	C22orf23	intronic	unknown	A;G;+;A||R;ALU;-;SINE/AluSz6;intronic;C22orf23;-;-;intronic;C22orf23;-;-;intronic;C22orf23;-;-;-;892;30;54	Name=AluSx1	TRUE	Alu	intronic
chr22:20754288:T:C	chr22:20754288:A:G	A:G	PI4KA	intronic	unknown	T;C;-;A||R||D;ALU;-;SINE/AluJo;intronic;PI4KA;-;-;intronic;PI4KA;-;-;intronic;PI4KA;-;-;-;252;25;43	Name=AluJo	TRUE	Alu	intronic
chr22:36266291:A:G	chr22:36266291:A:G	A:G	APOL1	UTR3	unknown	A;G;+;A||R||D;ALU;-;SINE/AluSc;UTR3;APOL1;-;-;UTR3;APOL1;-;-;UTR3;APOL1;-;-;-;375;29;39	Name=AluSc	TRUE	Alu	UTR3
chr22:29601331:C:T	chr22:29601331:C:T	C:T	NF2	upstream	unknown	.	Name=AluY	FALSE	Alu	upstream
chr22:42828068:T:C	chr22:42828068:A:G	A:G	ARFGAP3	intronic	unknown	T;C;-;A;ALU;rs13057482;SINE/AluSz;intronic;ARFGAP3;-;-;intronic;ARFGAP3;-;-;intronic;ARFGAP3;-;-;-;91;19;23	Name=AluSz	TRUE	Alu	intronic
chr22:31246080:A:G	chr22:31246080:A:G	A:G	LIMK2	intronic	unknown	A;G;+;A||R||D;ALU;-;SINE/AluSx;intronic;LIMK2;-;-;intronic;LIMK2;-;-;intronic;LIMK2;-;-;-;29;5;6	Name=AluSx	TRUE	Alu	intronic
chr22:36158630:T:C	chr22:36158630:A:G	A:G	APOL3	intronic	unknown	T;C;-;A||R;ALU;-;SINE/AluSc8;intronic;APOL3;-;-;intronic;APOL3;-;-;intronic;APOL3;-;-;-;135;21;29	Name=AluSc8	TRUE	Alu	intronic
chr22:24240720:T:C	chr22:24240720:A:G	A:G	GGT5	intronic	unknown	T;C;-;A||R;ALU;-;SINE/AluJb;intronic;GGT5;-;-;intronic;GGT5;-;-;intronic;GGT5;-;-;-;88;14;19	Name=AluJb	TRUE	Alu	intronic
chr22:31243157:A:G	chr22:31243157:A:G	A:G	LIMK2	intronic	unknown	A;G;+;R;ALU;-;SINE/AluSz;intronic;LIMK2;-;-;intronic;LIMK2;-;-;intronic;LIMK2;-;-;-;17;5;5	Name=AluSz	TRUE	Alu	intronic
chr22:31243174:A:G	chr22:31243174:A:G	A:G	LIMK2	intronic	unknown	A;G;+;A||R;ALU;-;SINE/AluSz;intronic;LIMK2;-;-;intronic;LIMK2;-;-;intronic;LIMK2;-;-;-;24;4;5	Name=AluSz	TRUE	Alu	intronic
chr22:31245476:A:G	chr22:31245476:A:G	A:G	LIMK2	intronic	unknown	A;G;+;A||R;ALU;-;SINE/AluSp;intronic;LIMK2;-;-;intronic;LIMK2;-;-;intronic;LIMK2;-;-;-;12;4;4	Name=AluSp	TRUE	Alu	intronic
chr22:41797209:A:G	chr22:41797209:A:G	A:G	MEI1	intronic	unknown	A;G;+;R;ALU;-;SINE/AluJb;intronic;MEI1;-;-;intronic;MEI1;-;-;intronic;MEI1||bK250D10.C22.8;-;-;-;106;9;11	Name=AluJb	TRUE	Alu	intronic
chr22:31234116:A:G	chr22:31234116:A:G	A:G	LIMK2	intronic	unknown	A;G;+;R;ALU;-;SINE/AluSx1;intronic;LIMK2;-;-;intronic;LIMK2;-;-;intronic;LIMK2;-;-;-;7;2;2	Name=AluSx1	TRUE	Alu	intronic
chr22:31243168:T:C	chr22:31243168:T:C	A:G	LIMK2	intronic	unknown	.	Name=AluSz	FALSE	Alu	intronic
chr22:31234636:A:G	chr22:31234636:A:G	A:G	LIMK2	intronic	unknown	A;G;+;A||R;ALU;-;SINE/AluSc;intronic;LIMK2;-;-;intronic;LIMK2;-;-;intronic;LIMK2;-;-;-;21;2;2	Name=AluSc	TRUE	Alu	intronic
chr22:31240674:A:G	chr22:31240674:A:G	A:G	LIMK2	intronic	unknown	A;G;+;A||R;ALU;-;SINE/AluSc;intronic;LIMK2;-;-;intronic;LIMK2;-;-;intronic;LIMK2;-;-;-;19;6;6	Name=AluSc	TRUE	Alu	intronic
chr22:41796826:A:G	chr22:41796826:A:G	A:G	MEI1	intronic	unknown	A;G;+;R||D;ALU;-;SINE/AluSz6;intronic;MEI1;-;-;intronic;MEI1;-;-;intronic;MEI1||bK250D10.C22.8;-;-;-;191;18;20	Name=AluSz6	TRUE	Alu	intronic
chr22:21875447:A:G	chr22:21875447:T:C	A:G	MAPK1	upstream	unknown	.	Name=AluSx3	FALSE	Alu	upstream
chr22:37946148:A:G	chr22:37946148:T:C	A:G	C22orf23	intronic	unknown	A;G;+;A||R;ALU;-;SINE/AluY;intronic;C22orf23;-;-;intronic;C22orf23;-;-;intronic;C22orf23;-;-;-;553;29;49	Name=AluY	TRUE	Alu	intronic
chr22:24237196:T:C	chr22:24237196:A:G	A:G	GGT5	intronic	unknown	T;C;-;R;ALU;-;SINE/AluJo;intronic;GGT5;-;-;intronic;GGT5;-;-;intronic;GGT5;-;-;-;144;20;26	Name=AluJo	TRUE	Alu	intronic
chr22:41797223:A:G	chr22:41797223:A:G	A:G	MEI1	intronic	unknown	A;G;+;R;ALU;-;SINE/AluJb;intronic;MEI1;-;-;intronic;MEI1;-;-;intronic;MEI1||bK250D10.C22.8;-;-;-;84;8;10	Name=AluJb	TRUE	Alu	intronic
chr22:37920011:A:G	chr22:37920011:A:G	A:G	MICALL1	intronic	unknown	A;G;+;A||R;REP;-;SINE/FLAM_A;intronic;MICALL1;-;-;intronic;MICALL1;-;-;intronic;MICALL1;-;-;-;11;6;7	Name=FLAM_A	TRUE	Other	intronic
chrX:10770982:T:C	chrX:10770982:A:G	A:G	MID1	intronic	unknown	T;C;-;R;ALU;-;SINE/AluY;intronic;MID1;-;-;intronic;MID1;-;-;intronic;MID1;-;-;-;26;5;5	Name=AluY	TRUE	Alu	intronic
chrX:10771037:C:T	chrX:10771037:G:A	C:T	MID1	intronic	unknown	.	Name=AluY	FALSE	Alu	intronic
chrX:119415923:A:G	chrX:119415923:A:G	A:G	SLC25A43	intronic	unknown	A;G;+;R;ALU;-;SINE/AluJb;intronic;SLC25A43;-;-;intronic;SLC25A43;-;-;intronic;SLC25A43;-;-;-;2;2;2	Name=AluJb	TRUE	Alu	intronic
chrX:23701829:T:C	chrX:23701829:A:G	A:G	ACOT9	UTR3	unknown	T;C;-;A||R;ALU;-;SINE/AluSx1;downstream;ACOT9;-;-;intergenic;PRDX4||ACOT9;-;-;intergenic;PRDX4||ACOT9;-;-;-;1708;30;54	Name=AluSx1	TRUE	Alu	UTR3
chrX:23701830:T:C	chrX:23701830:A:G	A:G	ACOT9	UTR3	unknown	T;C;-;A||R;ALU;-;SINE/AluSx1;downstream;ACOT9;-;-;intergenic;PRDX4||ACOT9;-;-;intergenic;PRDX4||ACOT9;-;-;-;1205;30;54	Name=AluSx1	TRUE	Alu	UTR3
chrX:54560992:A:G	chrX:54560992:A:G	A:G	GNL3L	UTR3	unknown	A;G;+;A||R||D;ALU;-;SINE/AluSq2;UTR3;GNL3L;-;-;UTR3;GNL3L;-;-;UTR3;GNL3L;-;-;-;578;30;52	Name=AluSq2	TRUE	Alu	UTR3
chrX:54564588:A:G	chrX:54564588:A:G	A:G	GNL3L	UTR3	unknown	A;G;+;A||R||D;ALU;-;SINE/AluSg4;intergenic;GNL3L||ITIH6;-;-;UTR3;GNL3L;-;-;UTR3;GNL3L;-;-;-;1161;30;54	Name=AluSg4	TRUE	Alu	UTR3
chrX:74208349:T:C	chrX:74208349:A:G	A:G	FTX	ncRNA
intronic	unknown	T;C;-;A||R||D;ALU;-;SINE/AluJr;ncRNA_intronic;RP3-368A4.5;-;-;ncRNA_intronic;FTX;-;-;ncRNA_intronic;AK125301||FTX;-;-;-;709;30;46	Name=AluJr	TRUE	Alu	ncRNA
chrX:77827510:T:C	chrX:77827510:A:G	A:G	MAGT1	UTR3	unknown	T;C;-;R||D;ALU;-;SINE/AluSg;UTR3;MAGT1;-;-;UTR3;MAGT1;-;-;UTR3;MAGT1;-;-;-;1006;30;53	Name=AluSg	TRUE	Alu	UTR3
chrX:77827544:T:C	chrX:77827544:A:G	A:G	MAGT1	UTR3	unknown	T;C;-;A||R||D;ALU;-;SINE/AluSg;UTR3;MAGT1;-;-;UTR3;MAGT1;-;-;UTR3;MAGT1;-;-;-;1330;30;55	Name=AluSg	TRUE	Alu	UTR3
chrX:77827621:T:C	chrX:77827621:A:G	A:G	MAGT1	UTR3	unknown	T;C;-;R||D;ALU;-;SINE/AluSg;UTR3;MAGT1;-;-;UTR3;MAGT1;-;-;UTR3;MAGT1;-;-;-;0;0;0	Name=AluSg	TRUE	Alu	UTR3
chrX:111706561:A:G	chrX:111706561:A:G	A:G	ALG13	intronic	unknown	A;G;+;A||R||D;ALU;-;SINE/AluJo;intronic;ALG13;-;-;intronic;ALG13;-;-;intronic;ALG13;-;-;-;172;27;36	Name=AluJo	TRUE	Alu	intronic
chrX:111706600:A:G	chrX:111706600:A:G	A:G	ALG13	intronic	unknown	A;G;+;A||R||D;ALU;-;SINE/AluJo;intronic;ALG13;-;-;intronic;ALG13;-;-;intronic;ALG13;-;-;-;48;20;24	Name=AluJo	TRUE	Alu	intronic
chrX:123913320:A:G	chrX:123913320:A:G	A:G	XIAP	UTR3	unknown	A;G;+;A||D;ALU;rs189931965;SINE/AluSx;UTR3;XIAP;-;-;UTR3;XIAP;-;-;UTR3;XIAP;-;-;-;3;3;3	Name=AluSx	TRUE	Alu	UTR3
chrX:123913323:A:G	chrX:123913323:A:G	A:G	XIAP	UTR3	unknown	A;G;+;A||R||D;ALU;rs765199563;SINE/AluSx;UTR3;XIAP;-;-;UTR3;XIAP;-;-;UTR3;XIAP;-;-;-;2084;30;54	Name=AluSx	TRUE	Alu	UTR3
chrX:123913445:A:G	chrX:123913445:A:G	A:G	XIAP	UTR3	unknown	A;G;+;A||D;ALU;rs182574700;SINE/AluSx;UTR3;XIAP;-;-;UTR3;XIAP;-;-;UTR3;XIAP;-;-;-;2291;30;55	Name=AluSx	TRUE	Alu	UTR3
chrX:23701671:T:C	chrX:23701671:A:G	A:G	ACOT9	UTR3	unknown	T;C;-;A||R||D;ALU;-;SINE/AluJr;downstream;ACOT9;-;-;intergenic;PRDX4||ACOT9;-;-;intergenic;PRDX4||ACOT9;-;-;-;2171;30;55	Name=AluJr	TRUE	Alu	UTR3
chrX:2906198:T:C	chrX:2906198:A:G	A:G	ARSD	UTR3	unknown	T;C;-;A||R||D;ALU;-;SINE/AluJb;UTR3;ARSD;-;-;UTR3;ARSD;-;-;UTR3;ARSD;-;-;-;859;30;52	Name=AluJb	TRUE	Alu	UTR3
chrX:46604518:T:C	chrX:46604518:A:G	A:G	SLC9A7	UTR3	unknown	T;C;-;A||R||D;ALU;-;SINE/AluJb;downstream;SLC9A7;-;-;UTR3;SLC9A7;-;-;UTR3;SLC9A7;-;-;-;387;21;39	Name=AluJb	TRUE	Alu	UTR3
chrX:46604614:T:C	chrX:46604614:A:G	A:G	SLC9A7	UTR3	unknown	T;C;-;A||R||D;ALU;-;SINE/AluJb;downstream;SLC9A7;-;-;UTR3;SLC9A7;-;-;UTR3;SLC9A7;-;-;-;229;20;33	Name=AluJb	TRUE	Alu	UTR3
chrX:54562750:A:G	chrX:54562750:A:G	A:G	GNL3L	UTR3	unknown	A;G;+;R||D;ALU;-;SINE/AluSx;intergenic;GNL3L||ITIH6;-;-;UTR3;GNL3L;-;-;UTR3;GNL3L;-;-;-;680;29;52	Name=AluSx	TRUE	Alu	UTR3
chrX:54563529:A:G	chrX:54563529:A:G	A:G	GNL3L	UTR3	unknown	A;G;+;A||R||D;ALU;-;SINE/AluJb;intergenic;GNL3L||ITIH6;-;-;UTR3;GNL3L;-;-;UTR3;GNL3L;-;-;-;1565;30;55	Name=AluJb	TRUE	Alu	UTR3
chrX:74208404:T:C	chrX:74208404:A:G	A:G	FTX	ncRNA
intronic	unknown	T;C;-;A||R;ALU;-;SINE/AluJr;ncRNA_intronic;RP3-368A4.5;-;-;ncRNA_intronic;FTX;-;-;ncRNA_intronic;AK125301||FTX;-;-;-;87;19;28	Name=AluJr	TRUE	Alu	ncRNA
chrX:74208696:T:C	chrX:74208696:A:G	A:G	FTX	ncRNA
intronic	unknown	T;C;-;A||R||D;ALU;-;SINE/AluJb;ncRNA_intronic;RP3-368A4.5;-;-;ncRNA_intronic;FTX;-;-;ncRNA_intronic;AK125301||FTX;-;-;-;584;30;45	Name=AluJb	TRUE	Alu	ncRNA
chrX:74266317:T:C	chrX:74266317:A:G	A:G	FTX	ncRNA
intronic	unknown	T;C;-;A||R;ALU;-;SINE/AluJo;intergenic;RN7SL648P||FTX;-;-;ncRNA_intronic;FTX;-;-;ncRNA_intronic;FTX;-;-;-;486;30;51	Name=AluJo	TRUE	Alu	ncRNA
chrX:74266318:T:C	chrX:74266318:A:G	A:G	FTX	ncRNA
intronic	unknown	T;C;-;A||R||D;ALU;-;SINE/AluJo;intergenic;RN7SL648P||FTX;-;-;ncRNA_intronic;FTX;-;-;ncRNA_intronic;FTX;-;-;-;486;30;52	Name=AluJo	TRUE	Alu	ncRNA
chrX:74278422:T:C	chrX:74278422:A:G	A:G	FTX	ncRNA
intronic	unknown	T;C;-;A||R||D;ALU;-;SINE/AluSc;ncRNA_exonic;FTX;-;-;ncRNA_intronic;FTX;-;-;ncRNA_exonic;FTX;-;-;-;214;27;39	Name=AluSc	TRUE	Alu	ncRNA
chrX:77649123:T:C	chrX:77649123:A:G	A:G	ATRX	intronic	unknown	T;C;-;A||R;ALU;-;SINE/AluJr;intronic;ATRX;-;-;intronic;ATRX;-;-;intronic;ATRX;-;-;-;1;1;1	Name=AluJr	TRUE	Alu	intronic
chrX:77827509:T:C	chrX:77827509:A:G	A:G	MAGT1	UTR3	unknown	T;C;-;R||D;ALU;-;SINE/AluSg;UTR3;MAGT1;-;-;UTR3;MAGT1;-;-;UTR3;MAGT1;-;-;-;1182;30;53	Name=AluSg	TRUE	Alu	UTR3
chrX:111706577:A:G	chrX:111706577:A:G	A:G	ALG13	intronic	unknown	A;G;+;A||R||D;ALU;-;SINE/AluJo;intronic;ALG13;-;-;intronic;ALG13;-;-;intronic;ALG13;-;-;-;46;16;19	Name=AluJo	TRUE	Alu	intronic
chrX:24788872:C:T	chrX:24788872:C:T	C:T	POLA1	intronic	unknown	.	.	FALSE	None	intronic
chrX:46579716:A:G	chrX:46579716:A:G	A:G	CHST7	intronic	unknown	A;G;+;R||D;ALU;-;SINE/AluJr;intronic;CHST7;-;-;intronic;CHST7;-;-;intronic;CHST7;-;-;-;1;1;1	Name=AluJr	TRUE	Alu	intronic
chrX:46603770:T:C	chrX:46603770:A:G	A:G	SLC9A7	UTR3	unknown	T;C;-;A||R||D;ALU;-;SINE/AluSc8;intergenic;CHST7||SLC9A7;-;-;UTR3;SLC9A7;-;-;UTR3;SLC9A7;-;-;-;239;18;33	Name=AluSc8	TRUE	Alu	UTR3
chrX:46605079:T:C	chrX:46605079:A:G	A:G	SLC9A7	UTR3	unknown	T;C;-;A||R;ALU;-;SINE/AluSx3;downstream;SLC9A7;-;-;UTR3;SLC9A7;-;-;UTR3;SLC9A7;-;-;-;282;21;38	Name=AluSx3	TRUE	Alu	UTR3
chrX:47208899:A:G	chrX:47208899:A:G	A:G	UBA1	intronic	unknown	A;G;+;A||R||D;ALU;-;SINE/AluJb;UTR5;UBA1;-;-;intronic;UBA1;-;-;UTR5;UBA1;-;-;-;1752;30;54	Name=AluJb	TRUE	Alu	intronic
chrX:54561004:A:G	chrX:54561004:A:G	A:G	GNL3L	UTR3	unknown	A;G;+;A||R||D;ALU;-;SINE/AluSq2;UTR3;GNL3L;-;-;UTR3;GNL3L;-;-;UTR3;GNL3L;-;-;-;636;30;49	Name=AluSq2	TRUE	Alu	UTR3
chrX:54568654:A:G	chrX:54568654:A:G	A:G	GNL3L	downstream	unknown	A;G;+;A||R;ALU;-;SINE/AluSx3;intergenic;GNL3L||ITIH6;-;-;intergenic;GNL3L||ITIH6;-;-;intergenic;GNL3L||ITIH6;-;-;-;245;26;46	Name=AluSg	TRUE	Alu	downstream
chrX:54568683:A:G	chrX:54568683:A:G	A:G	GNL3L	downstream	unknown	A;G;+;A||R;ALU;-;SINE/AluSx3;intergenic;GNL3L||ITIH6;-;-;intergenic;GNL3L||ITIH6;-;-;intergenic;GNL3L||ITIH6;-;-;-;272;27;50	Name=AluSg	TRUE	Alu	downstream
chrX:74278427:T:C	chrX:74278427:A:G	A:G	FTX	ncRNA
intronic	unknown	T;C;-;A||R||D;ALU;-;SINE/AluSc;ncRNA_exonic;FTX;-;-;ncRNA_intronic;FTX;-;-;ncRNA_exonic;FTX;-;-;-;173;26;37	Name=AluSc	TRUE	Alu	ncRNA
chrX:118778006:A:G	chrX:118778006:A:G	A:G	IL13RA1	intronic	unknown	A;G;+;R;REP;-;SINE/MIR;intronic;IL13RA1;-;-;intronic;IL13RA1;-;-;intronic;IL13RA1;-;-;-;1;1;1	Name=MIR	TRUE	Other	intronic
chrX:123913015:A:G	chrX:123913015:A:G	A:G	XIAP	UTR3	unknown	A;G;+;A||R||D;ALU;-;SINE/AluSx;UTR3;XIAP;-;-;UTR3;XIAP;-;-;UTR3;XIAP;-;-;-;2006;30;55	Name=AluSx	TRUE	Alu	UTR3
chrX:23727524:T:C	chrX:23727524:A:G	A:G	ACOT9	intronic	unknown	T;C;-;R||D;ALU;-;SINE/AluJr;intronic;ACOT9;-;-;intronic;ACOT9;-;-;intronic;ACOT9;-;-;-;10;6;7	Name=AluJr	TRUE	Alu	intronic
chrX:23774299:T:C	chrX:23774299:T:C	A:G	SAT1	upstream	unknown	T;C;-;A||R||D;ALU;-;SINE/AluSz6;ncRNA_intronic;RP13-314C10.5;-;-;intergenic;ACOT9||SAT1;-;-;intergenic;ACOT9||Y_RNA;-;-;-;1;1;1	Name=AluSz6	TRUE	Alu	upstream
chrX:2906433:T:C	chrX:2906433:A:G	A:G	ARSD	UTR3	unknown	T;C;-;A;ALU;rs111953376;SINE/AluJb;UTR3;ARSD;-;-;UTR3;ARSD;-;-;UTR3;ARSD;-;-;-;1350;30;55	Name=AluJb	TRUE	Alu	UTR3
chrX:2907073:T:C	chrX:2907073:A:G	A:G	ARSD	UTR3	unknown	T;C;-;A||R||D;ALU;-;SINE/AluSz;UTR3;ARSD;-;-;UTR3;ARSD;-;-;UTR3;ARSD;-;-;-;999;30;54	Name=AluSz	TRUE	Alu	UTR3
chrX:30699446:A:G	chrX:30699446:A:G	A:G	GK	intronic	unknown	A;G;+;R;ALU;-;SINE/AluSx1;ncRNA_intronic;RP11-242C19.2;-;-;intronic;GK;-;-;intronic;GK;-;-;-;11;4;4	Name=AluSx1	TRUE	Alu	intronic
chrX:30699477:A:G	chrX:30699477:A:G	A:G	GK	intronic	unknown	A;G;+;A||R;ALU;-;SINE/AluSx1;ncRNA_intronic;RP11-242C19.2;-;-;intronic;GK;-;-;intronic;GK;-;-;-;28;7;7	Name=AluSx1	TRUE	Alu	intronic
chrX:30699482:A:G	chrX:30699482:A:G	A:G	GK	intronic	unknown	A;G;+;A||R;ALU;-;SINE/AluSx1;ncRNA_intronic;RP11-242C19.2;-;-;intronic;GK;-;-;intronic;GK;-;-;-;41;10;10	Name=AluSx1	TRUE	Alu	intronic
chrX:46604524:T:C	chrX:46604524:A:G	A:G	SLC9A7	UTR3	unknown	T;C;-;A||R;ALU;-;SINE/AluJb;downstream;SLC9A7;-;-;UTR3;SLC9A7;-;-;UTR3;SLC9A7;-;-;-;272;21;36	Name=AluJb	TRUE	Alu	UTR3
chrX:46604571:T:C	chrX:46604571:A:G	A:G	SLC9A7	UTR3	unknown	T;C;-;A||R||D;ALU;-;SINE/AluJb;downstream;SLC9A7;-;-;UTR3;SLC9A7;-;-;UTR3;SLC9A7;-;-;-;364;22;37	Name=AluJb	TRUE	Alu	UTR3
chrX:46604606:T:C	chrX:46604606:A:G	A:G	SLC9A7	UTR3	unknown	T;C;-;A||R||D;ALU;-;SINE/AluJb;downstream;SLC9A7;-;-;UTR3;SLC9A7;-;-;UTR3;SLC9A7;-;-;-;325;23;39	Name=AluJb	TRUE	Alu	UTR3
chrX:46604705:T:C	chrX:46604705:A:G	A:G	SLC9A7	UTR3	unknown	T;C;-;A||R;ALU;-;SINE/AluJb;downstream;SLC9A7;-;-;UTR3;SLC9A7;-;-;UTR3;SLC9A7;-;-;-;228;20;35	Name=AluJb	TRUE	Alu	UTR3
chrX:46605128:T:C	chrX:46605128:A:G	A:G	SLC9A7	UTR3	unknown	T;C;-;A||R;ALU;-;SINE/AluSx3;downstream;SLC9A7;-;-;UTR3;SLC9A7;-;-;UTR3;SLC9A7;-;-;-;77;14;23	Name=AluSx3	TRUE	Alu	UTR3
chrX:47458881:T:C	chrX:47458881:A:G	A:G	ZNF41	intronic	unknown	T;C;-;A||R;ALU;-;SINE/AluJb;intronic;ZNF41;-;-;intronic;ZNF41;-;-;intronic;ZNF41;-;-;-;5;5;5	Name=AluJb	TRUE	Alu	intronic
chrX:54567391:A:G	chrX:54567391:A:G	A:G	GNL3L	downstream	unknown	A;G;+;A||R;ALU;-;SINE/AluSp;intergenic;GNL3L||ITIH6;-;-;downstream;GNL3L;-;-;downstream;GNL3L;-;-;-;611;30;52	Name=AluSp	TRUE	Alu	downstream
chrX:54567525:A:G	chrX:54567525:A:G	A:G	GNL3L	downstream	unknown	A;G;+;A||R||D;ALU;-;SINE/AluSp;intergenic;GNL3L||ITIH6;-;-;downstream;GNL3L;-;-;downstream;GNL3L;-;-;-;183;27;44	Name=AluSp	TRUE	Alu	downstream
chrX:73986399:A:G	chrX:73986399:A:G	A:G	JPX	ncRNA
intronic	unknown	A;G;+;R;ALU;-;SINE/AluSp;ncRNA_intronic;JPX;-;-;ncRNA_intronic;JPX;-;-;ncRNA_intronic;JPX;-;-;-;1;1;1	Name=AluSp	TRUE	Alu	ncRNA
chrX:74011065:A:G	chrX:74011065:A:G	A:G	JPX	ncRNA
intronic	unknown	A;G;+;R;ALU;-;SINE/AluSx1;ncRNA_intronic;RP13-36G14.4;-;-;ncRNA_intronic;JPX;-;-;ncRNA_intronic;JPX;-;-;-;286;28;49	Name=AluSx1	TRUE	Alu	ncRNA
chrX:85090879:A:G	chrX:85090879:A:G	A:G	APOOL	UTR3	unknown	A;G;+;A||R||D;REP;-;SINE/FLAM_A;intergenic;APOOL||SATL1;-;-;UTR3;APOOL;-;-;UTR3;APOOL;-;-;-;1373;30;55	Name=FLAM_C	TRUE	Other	UTR3
chrX:119018944:A:G	chrX:119018944:A:G	A:G	LONRF3	downstream	unknown	A;G;+;A||R||D;ALU;-;SINE/AluSz;downstream;LONRF3;-;-;downstream;LONRF3;-;-;downstream;LONRF3;-;-;-;125;21;30	Name=AluSz	TRUE	Alu	downstream
chrX:123870209:A:G	chrX:123870209:A:G	A:G	XIAP	intronic	unknown	A;G;+;R;ALU;-;SINE/AluSz6;intronic;XIAP;-;-;intronic;XIAP;-;-;intronic;XIAP;-;-;-;1;1;1	Name=AluSz6	TRUE	Alu	intronic
chrX:123912929:A:G	chrX:123912929:A:G	A:G	XIAP	UTR3	unknown	A;G;+;A||R;ALU;-;SINE/AluSz;UTR3;XIAP;-;-;UTR3;XIAP;-;-;UTR3;XIAP;-;-;-;1479;30;54	Name=AluSz	TRUE	Alu	UTR3
chrX:154069128:T:C	chrX:154069128:A:G	A:G	MECP2	intronic	unknown	T;C;-;A||R;ALU;-;SINE/AluSz;intronic;MECP2;-;-;intronic;MECP2;-;-;intronic;MECP2;-;-;-;17;7;8	Name=AluSz	TRUE	Alu	intronic
chrX:23774763:T:C	chrX:23774763:T:C	A:G	SAT1	upstream	unknown	T;C;-;R||D;ALU;-;SINE/AluJb;ncRNA_intronic;RP13-314C10.5;-;-;intergenic;ACOT9||SAT1;-;-;intergenic;ACOT9||Y_RNA;-;-;-;0;0;0	Name=AluJo	TRUE	Alu	upstream
chrX:23775210:T:C	chrX:23775210:T:C	A:G	SAT1	upstream	unknown	T;C;-;R;ALU;-;SINE/AluJb;ncRNA_intronic;RP13-314C10.5;-;-;intergenic;ACOT9||SAT1;-;-;intergenic;ACOT9||Y_RNA;-;-;-;0;0;0	Name=AluJo	TRUE	Alu	upstream
chrX:30685340:A:G	chrX:30685340:A:G	A:G	GK	intronic	unknown	A;G;+;A||R;ALU;-;SINE/AluY;intronic;GK;-;-;intronic;GK;-;-;intronic;GK;-;-;-;6;4;4	Name=AluYm1	TRUE	Alu	intronic
chrX:30723671:A:G	chrX:30723671:A:G	A:G	GK	intronic	unknown	A;G;+;A||R||D;ALU;-;SINE/AluJb;ncRNA_intronic;GK-AS1;-;-;intronic;GK;-;-;intronic;GK;-;-;-;296;20;30	Name=AluJb	TRUE	Alu	intronic
chrX:101009638:T:C	chrX:101009638:A:G	A:G	TRMT2B	UTR3	unknown	T;C;-;A||R||D;ALU;-;SINE/AluSx1;UTR3;TRMT2B;-;-;UTR3;TRMT2B;-;-;UTR3;TRMT2B;-;-;-;859;30;55	Name=AluSx1	TRUE	Alu	UTR3
chrX:10770888:G:A	chrX:10770888:C:T	C:T	MID1	intronic	unknown	.	Name=AluY	FALSE	Alu	intronic
chrX:123912836:A:G	chrX:123912836:A:G	A:G	XIAP	UTR3	unknown	A;G;+;A||R||D;ALU;-;SINE/AluSz;UTR3;XIAP;-;-;UTR3;XIAP;-;-;UTR3;XIAP;-;-;-;1721;30;54	Name=AluSz	TRUE	Alu	UTR3
chrX:30699459:A:G	chrX:30699459:A:G	A:G	GK	intronic	unknown	A;G;+;A||R||D;ALU;-;SINE/AluSx1;ncRNA_intronic;RP11-242C19.2;-;-;intronic;GK;-;-;intronic;GK;-;-;-;26;6;6	Name=AluSx1	TRUE	Alu	intronic
chrX:109724378:T:C	chrX:109724378:A:G	A:G	ACSL4	intronic	unknown	T;C;-;A||R;ALU;-;SINE/AluJb;intronic;ACSL4;-;-;intronic;ACSL4;-;-;intronic;ACSL4;-;-;-;4;3;3	Name=AluJb	TRUE	Alu	intronic
chrX:111706597:A:G	chrX:111706597:A:G	A:G	ALG13	intronic	unknown	A;G;+;A||R;ALU;-;SINE/AluJo;intronic;ALG13;-;-;intronic;ALG13;-;-;intronic;ALG13;-;-;-;35;14;18	Name=AluJo	TRUE	Alu	intronic
chrX:119018945:A:G	chrX:119018945:A:G	A:G	LONRF3	downstream	unknown	A;G;+;A||R||D;ALU;-;SINE/AluSz;downstream;LONRF3;-;-;downstream;LONRF3;-;-;downstream;LONRF3;-;-;-;93;19;26	Name=AluSz	TRUE	Alu	downstream
chrX:30671104:A:G	chrX:30671104:A:G	A:G	GK	intronic	unknown	A;G;+;A||R;ALU;-;SINE/AluSq2;intronic;GK;-;-;intronic;GK;-;-;intronic;GK;-;-;-;14;2;2	Name=AluSq2	TRUE	Alu	intronic
chrX:104124702:T:C	chrX:104124702:A:G	A:G	SLC25A53	intronic	unknown	T;C;-;A||R||D;ALU;-;SINE/AluJr;intronic;SLC25A53;-;-;intronic;SLC25A53;-;-;intronic;SLC25A53;-;-;-;429;29;52	Name=AluJr	TRUE	Alu	intronic
chrX:54560917:A:G	chrX:54560917:A:G	A:G	GNL3L	UTR3	unknown	A;G;+;A||R||D;ALU;-;SINE/AluSq2;UTR3;GNL3L;-;-;UTR3;GNL3L;-;-;UTR3;GNL3L;-;-;-;767;30;47	Name=AluSq2	TRUE	Alu	UTR3
chrX:72239652:G:A	chrX:72239652:G:A	C:T	PIN4	intronic	unknown	.	Name=AluSx3	FALSE	Alu	intronic
chrX:101008587:T:C	chrX:101008587:A:G	A:G	TRMT2B	downstream	unknown	T;C;-;R||D;ALU;-;SINE/AluSx1;downstream;TRMT2B;-;-;downstream;TRMT2B;-;-;downstream;TRMT2B;-;-;-;564;29;44	Name=AluSx1	TRUE	Alu	downstream
chrX:92113791:A:G	chrX:92113791:A:G	A:G	PCDH11X	intronic	unknown	.	.	FALSE	None	intronic
chrX:23075672:A:G	chrX:23075672:T:C	A:G	PTCHD1-AS	ncRNA
intronic	unknown	.	.	FALSE	None	ncRNA
chrX:119416426:A:G	chrX:119416426:A:G	A:G	SLC25A43	intronic	unknown	A;G;+;R;ALU;-;SINE/AluSx3;intronic;SLC25A43;-;-;intronic;SLC25A43;-;-;intronic;SLC25A43;-;-;-;0;0;0	Name=AluSx3	TRUE	Alu	intronic
chrX:18953927:A:G	chrX:18953927:T:C	A:G	PHKA2	intronic	unknown	.	Name=AluSx1	FALSE	Alu	intronic
chrX:131746629:T:C	chrX:131746629:A:G	A:G	FIRRE	ncRNA
intronic	unknown	T;C;-;R;NONREP;-;-/-;ncRNA_intronic;RP11-453F18__B.1;-;-;ncRNA_intronic;FIRRE;-;-;ncRNA_intronic;LOC286467;-;-;-;0;0;0	.	TRUE	None	ncRNA
chrX:23727962:T:C	chrX:23727962:A:G	A:G	ACOT9	intronic	unknown	T;C;-;A||R;ALU;-;SINE/AluSq;intronic;ACOT9;-;-;intronic;ACOT9;-;-;intronic;ACOT9;-;-;-;3;3;3	Name=AluSq	TRUE	Alu	intronic
chrX:41912581:T:C	chrX:41912581:A:G	A:G	CASK	intronic	unknown	T;C;-;R;ALU;-;SINE/AluSq;intronic;CASK;-;-;intronic;CASK;-;-;intronic;CASK;-;-;-;1;1;1	Name=AluSq	TRUE	Alu	intronic
chrX:74274999:T:C	chrX:74274999:A:G	A:G	FTX	ncRNA
intronic	unknown	T;C;-;A||R||D;REP;-;DNA/MER58A;intergenic;RN7SL648P||FTX;-;-;ncRNA_intronic;FTX;-;-;ncRNA_intronic;FTX;-;-;-;612;30;47	Name=MER58A	TRUE	Other	ncRNA
chrX:3004284:T:C	chrX:3004284:T:C	A:G	ARSH	upstream	unknown	T;C;-;R;ALU;-;SINE/AluY;intergenic;ARSE||ARSH;-;-;intergenic;ARSE||ARSH;-;-;intergenic;ARSE||ARSH;-;-;-;0;0;0	Name=AluY	TRUE	Alu	upstream
chrX:30698583:A:G	chrX:30698583:A:G	A:G	GK	intronic	unknown	A;G;+;R;ALU;-;SINE/AluY;ncRNA_intronic;RP11-242C19.2;-;-;intronic;GK;-;-;intronic;GK;-;-;-;26;6;6	Name=AluY	TRUE	Alu	intronic
chrX:74277892:T:C	chrX:74277892:A:G	A:G	FTX	ncRNA
intronic	unknown	T;C;-;A||R||D;ALU;-;SINE/AluJb;downstream;FTX;-;-;ncRNA_intronic;FTX;-;-;ncRNA_intronic;FTX;-;-;-;171;28;37	Name=AluJb	TRUE	Alu	ncRNA
chrY:13246153:T:C	chrY:13246153:A:G	A:G	UTY	downstream	unknown	T;C;-;A||R||D;ALU;-;SINE/AluSx;intergenic;TAB3P1||UTY;-;-;intergenic;DDX3Y||UTY;-;-;intronic;UTY;-;-;-;97;19;29	Name=AluSx	TRUE	Alu	downstream
chrY:13246229:T:C	chrY:13246229:A:G	A:G	UTY	downstream	unknown	T;C;-;A||R||D;ALU;-;SINE/AluSx;intergenic;TAB3P1||UTY;-;-;intergenic;DDX3Y||UTY;-;-;intronic;UTY;-;-;-;69;21;31	Name=AluSx	TRUE	Alu	downstream
chrY:13287386:T:C	chrY:13287386:A:G	A:G	UTY	intronic	unknown	.	.	FALSE	None	intronic
chrY:13287351:T:C	chrY:13287351:A:G	A:G	UTY	intronic	unknown	.	.	FALSE	None	intronic
